"Code","Name","LA_code","LA_name","All","X0to15","X16to29","X30to44","X45to64","X65plus"
"E01031342","Adur 008B","E07000223","Adur",0.010688836,0.004484305,0.009345794,0.012658228,0.019125683,0.007763975
