"Code","Name","LA_code","LA_name","All","X0to15","X16to29","X30to44","X45to64","X65plus"
"E01031366","Adur 004C","E07000223","Adur",-0.00069735,-0.003484321,0.01793722,-0.02238806,0,0.007462687
