"Code","Name","LA_code","LA_name","All","X0to15","X16to29","X30to44","X45to64","X65plus"
"E01031355","Adur 003D","E07000223","Adur",0.019498607,0.041884817,0.056910569,-0.0302267,0.068720379,-0.034482759
