"Code","Name","LA_code","LA_name","All","X0to15","X16to29","X30to44","X45to64","X65plus"
"E01031375","Adur 004G","E07000223","Adur",-0.018881119,0.010309278,-0.03,-0.017094017,-0.011876485,-0.036745407
