"Code","Name","LA_code","LA_name","All","X0to15","X16to29","X30to44","X45to64","X65plus"
"E01031369","Adur 005E","E07000223","Adur",0.033358043,0.029411765,0.160305344,0.024489796,0.073529412,-0.03030303
