"Code","Name","LA_code","LA_name","All","X0to15","X16to29","X30to44","X45to64","X65plus"
"E01031353","Adur 003B","E07000223","Adur",0.006437768,0.008163265,0.021943574,0.033149171,0.013850416,-0.037671233
