"Code","Name","LA_code","LA_name","All","X0to15","X16to29","X30to44","X45to64","X65plus"
"E01031339","Adur 002B","E07000223","Adur",0.014505119,0.008810573,-0.015873016,0.010909091,0.019543974,0.033755274
