"Code","Name","LA_code","LA_name","All","X0to15","X16to29","X30to44","X45to64","X65plus"
"E01031371","Adur 004D","E07000223","Adur",0.049962714,-0.007722008,0.123809524,0.046025105,0.04,0.06360424
