"Code","Name","LA_code","LA_name","All","X0to15","X16to29","X30to44","X45to64","X65plus"
"E01031338","Adur 002A","E07000223","Adur",-0.004142502,0.057971014,0.008849558,0.004310345,0.034267913,-0.089820359
