"Code","Name","LA_code","LA_name","All","X0to15","X16to29","X30to44","X45to64","X65plus"
"E01031352","Adur 001D","E07000223","Adur",0.000648088,0.03875969,-0.045918367,-0.003968254,0.013636364,-0.012594458
