"Code","Name","LA_code","LA_name","All","X0to15","X16to29","X30to44","X45to64","X65plus"
"E01031349","Adur 001A","E07000223","Adur",0.009237875,-0.014150943,-0.018181818,0.050458716,0.016172507,0.003003003
