"Code","Name","LA_code","LA_name","All","X0to15","X16to29","X30to44","X45to64","X65plus"
"E01031354","Adur 003C","E07000223","Adur",0.010054138,0.020408163,0.013333333,0.005102041,0.040431267,-0.023684211
