"Code","Name","LA_code","LA_name","All","X0to15","X16to29","X30to44","X45to64","X65plus"
"E01031368","Adur 005D","E07000223","Adur",0.014297061,0.040178571,-0.02173913,-0.019323671,0.019390582,0.027355623
