"Code","Name","LA_code","LA_name","All","X0to15","X16to29","X30to44","X45to64","X65plus"
"E01031357","Adur 005B","E07000223","Adur",-0.0225,-0.020366599,-0.032786885,-0.043564356,-0.010558069,-0.01146789
