"Code","Name","LA_code","LA_name","All","X0to15","X16to29","X30to44","X45to64","X65plus"
"E01019084","Allerdale 006A","E07000026","Allerdale",0.000615764,-0.034375,0.0456621,0.045016077,-0.018518519,-0.010416667
