"Code","Name","LA_code","LA_name","All","X0to15","X16to29","X30to44","X45to64","X65plus"
"E01019083","Allerdale 002A","E07000026","Allerdale",-0.008009153,-0.023474178,0.014018692,-0.008658009,-0.015517241,-0.001960784
