"Code","Name","LA_code","LA_name","All","X0to15","X16to29","X30to44","X45to64","X65plus"
"E01019115","Allerdale 004E","E07000026","Allerdale",0.011699507,0.00952381,-0.048672566,0.010600707,0.017130621,0.038812785
