"Code","Name","LA_code","LA_name","All","X0to15","X16to29","X30to44","X45to64","X65plus"
"E01019093","Allerdale 004A","E07000026","Allerdale",0.030955585,0.03187251,0.08490566,0.019157088,0,0.044510386
