"Code","Name","LA_code","LA_name","All","X0to15","X16to29","X30to44","X45to64","X65plus"
"E01019078","Allerdale 007A","E07000026","Allerdale",-0.024730501,0.015037594,-0.005813953,0.009345794,-0.036199095,-0.057971014
