"Code","Name","LA_code","LA_name","All","X0to15","X16to29","X30to44","X45to64","X65plus"
"E01019125","Allerdale 008F","E07000026","Allerdale",0.000657462,-0.049180328,0.022727273,-0.016194332,0.01910828,0.010443864
