"Code","Name","LA_code","LA_name","All","X0to15","X16to29","X30to44","X45to64","X65plus"
"E01019091","Allerdale 006E","E07000026","Allerdale",0.014500837,0.042105263,0,0.025316456,0.001592357,0.016431925
