"Code","Name","LA_code","LA_name","All","X0to15","X16to29","X30to44","X45to64","X65plus"
"E01019092","Allerdale 012A","E07000026","Allerdale",0.008301405,-0.009950249,0.04368932,-0.00462963,0.012295082,0.002197802
