"Code","Name","LA_code","LA_name","All","X0to15","X16to29","X30to44","X45to64","X65plus"
"E01019127","Allerdale 001B","E07000026","Allerdale",-0.03930131,-0.06875,-0.062200957,-0.034013605,-0.039256198,-0.024875622
