"Code","Name","LA_code","LA_name","All","X0to15","X16to29","X30to44","X45to64","X65plus"
"E01019114","Allerdale 004D","E07000026","Allerdale",-0.007508532,-0.013333333,-0.030973451,-0.028455285,0.024038462,-0.011363636
