"Code","Name","LA_code","LA_name","All","X0to15","X16to29","X30to44","X45to64","X65plus"
"E01019105","Allerdale 012D","E07000026","Allerdale",0.028625954,0.051546392,0.047337278,-0.018181818,0.044510386,0.026666667
