"Code","Name","LA_code","LA_name","All","X0to15","X16to29","X30to44","X45to64","X65plus"
"E01019427","Amber Valley 016C","E07000032","Amber Valley",0.010598834,0.007058824,0.044354839,-0.015748031,0.019469027,-0.002531646
