"Code","Name","LA_code","LA_name","All","X0to15","X16to29","X30to44","X45to64","X65plus"
"E01019443","Amber Valley 004A","E07000032","Amber Valley",0.062783172,0.125,0.056122449,0.048,0.053299492,0.051975052
