"Code","Name","LA_code","LA_name","All","X0to15","X16to29","X30to44","X45to64","X65plus"
"E01019418","Amber Valley 011C","E07000032","Amber Valley",0.014184397,-0.048387097,0.029032258,0.041899441,0.051923077,-0.025641026
