"Code","Name","LA_code","LA_name","All","X0to15","X16to29","X30to44","X45to64","X65plus"
"E01019422","Amber Valley 008B","E07000032","Amber Valley",-0.000631313,-0.012931034,0,0.018181818,0.004347826,-0.011655012
