"Code","Name","LA_code","LA_name","All","X0to15","X16to29","X30to44","X45to64","X65plus"
"E01019469","Amber Valley 003D","E07000032","Amber Valley",0.034562212,0.106796117,0.077170418,0.014527845,-0.009975062,-0.050251256
