"Code","Name","LA_code","LA_name","All","X0to15","X16to29","X30to44","X45to64","X65plus"
"E01019405","Amber Valley 007A","E07000032","Amber Valley",0.030748663,-0.010416667,-0.048192771,0.090909091,0.07231405,0.014
