"Code","Name","LA_code","LA_name","All","X0to15","X16to29","X30to44","X45to64","X65plus"
"E01019442","Amber Valley 005B","E07000032","Amber Valley",-0.016752577,-0.013157895,0.008810573,-0.026548673,-0.03364486,-0.00297619
