"Code","Name","LA_code","LA_name","All","X0to15","X16to29","X30to44","X45to64","X65plus"
"E01019444","Amber Valley 003B","E07000032","Amber Valley",-0.012872629,-0.028350515,0.025,0.012145749,0.005390836,-0.082608696
