"Code","Name","LA_code","LA_name","All","X0to15","X16to29","X30to44","X45to64","X65plus"
"E01019434","Amber Valley 013A","E07000032","Amber Valley",0.017196905,0.024271845,0.096045198,0.037558685,-0.046822742,0.014925373
