"Code","Name","LA_code","LA_name","All","X0to15","X16to29","X30to44","X45to64","X65plus"
"E01032613","Amber Valley 017E","E07000032","Amber Valley",-0.02238806,-0.075581395,-0.070921986,0.005181347,-0.043715847,0.032934132
