"Code","Name","LA_code","LA_name","All","X0to15","X16to29","X30to44","X45to64","X65plus"
"E01019477","Amber Valley 002D","E07000032","Amber Valley",-0.020113686,-0.002915452,0.016,0.008982036,-0.044198895,-0.031446541
