"Code","Name","LA_code","LA_name","All","X0to15","X16to29","X30to44","X45to64","X65plus"
"E01019404","Amber Valley 001D","E07000032","Amber Valley",-0.007926829,-0.061032864,-0.004081633,0.025735294,-0.023809524,0.014778325
