"Code","Name","LA_code","LA_name","All","X0to15","X16to29","X30to44","X45to64","X65plus"
"E01019462","Amber Valley 006E","E07000032","Amber Valley",-0.003220612,-0.130434783,-0.0625,-0.038216561,-0.055393586,0.116704805
