"Code","Name","LA_code","LA_name","All","X0to15","X16to29","X30to44","X45to64","X65plus"
"E01019465","Amber Valley 015D","E07000032","Amber Valley",0.015817223,0.014285714,0.011428571,0.039735099,0.008849558,0.015015015
