"Code","Name","LA_code","LA_name","All","X0to15","X16to29","X30to44","X45to64","X65plus"
"E01019426","Amber Valley 016B","E07000032","Amber Valley",0.003156566,0.018115942,0,-0.004237288,0.010309278,-0.006036217
