"Code","Name","LA_code","LA_name","All","X0to15","X16to29","X30to44","X45to64","X65plus"
"E01019421","Amber Valley 008A","E07000032","Amber Valley",0.004108885,0.023333333,0.032894737,-0.03125,0.013565891,-0.010526316
