"Code","Name","LA_code","LA_name","All","X0to15","X16to29","X30to44","X45to64","X65plus"
"E01019403","Amber Valley 003A","E07000032","Amber Valley",0.010596026,-0.021201413,-0.016064257,0,-0.002544529,0.082568807
