"Code","Name","LA_code","LA_name","All","X0to15","X16to29","X30to44","X45to64","X65plus"
"E01019423","Amber Valley 002B","E07000032","Amber Valley",0.026785714,0.045112782,0,0.049689441,0.015981735,0.031331593
