"Code","Name","LA_code","LA_name","All","X0to15","X16to29","X30to44","X45to64","X65plus"
"E01019413","Amber Valley 009D","E07000032","Amber Valley",-0.013850416,-0.041935484,0.02166065,-0.043478261,-0.02676399,0.074829932
