"Code","Name","LA_code","LA_name","All","X0to15","X16to29","X30to44","X45to64","X65plus"
"E01019467","Amber Valley 015E","E07000032","Amber Valley",0.012244898,0.02739726,0.06875,-0.01843318,0.014989293,-0.004914005
