"Code","Name","LA_code","LA_name","All","X0to15","X16to29","X30to44","X45to64","X65plus"
"E01019431","Amber Valley 012A","E07000032","Amber Valley",-0.033852404,-0.040590406,0.004,-0.023569024,-0.035087719,-0.073076923
