"Code","Name","LA_code","LA_name","All","X0to15","X16to29","X30to44","X45to64","X65plus"
"E01019435","Amber Valley 013B","E07000032","Amber Valley",0.005306604,-0.011594203,-0.003154574,-0.002463054,0.009049774,0.059139785
