"Code","Name","LA_code","LA_name","All","X0to15","X16to29","X30to44","X45to64","X65plus"
"E01019456","Amber Valley 005E","E07000032","Amber Valley",0.018162393,0.005830904,0.036363636,0.021634615,0.026209677,-0.006968641
