"Code","Name","LA_code","LA_name","All","X0to15","X16to29","X30to44","X45to64","X65plus"
"E01019471","Amber Valley 003E","E07000032","Amber Valley",-0.000685871,0.006309148,0.031128405,0.00621118,-0.029761905,-0.013274336
