"Code","Name","LA_code","LA_name","All","X0to15","X16to29","X30to44","X45to64","X65plus"
"E01019448","Amber Valley 015B","E07000032","Amber Valley",0.00619195,-0.023622047,0.022556391,0.005555556,-0.003436426,0.042979943
