"Code","Name","LA_code","LA_name","All","X0to15","X16to29","X30to44","X45to64","X65plus"
"E01019447","Amber Valley 011D","E07000032","Amber Valley",-0.038977636,-0.030567686,-0.062893082,-0.045081967,-0.035294118,-0.035433071
