"Code","Name","LA_code","LA_name","All","X0to15","X16to29","X30to44","X45to64","X65plus"
"E01031468","Arun 004E","E07000224","Arun",-0.006097561,0.025553663,0.006696429,0.011278195,-0.037900875,-0.037735849
