"Code","Name","LA_code","LA_name","All","X0to15","X16to29","X30to44","X45to64","X65plus"
"E01031413","Arun 010B","E07000224","Arun",0.087019579,0.058333333,0.017241379,0.021126761,0,0.171974522
