"Code","Name","LA_code","LA_name","All","X0to15","X16to29","X30to44","X45to64","X65plus"
"E01031409","Arun 009C","E07000224","Arun",0.018691589,0,0.052863436,0,0.047752809,-0.011406844
