"Code","Name","LA_code","LA_name","All","X0to15","X16to29","X30to44","X45to64","X65plus"
"E01031462","Arun 007D","E07000224","Arun",-0.001998668,0.040816327,0.022026432,0.02,-0.027848101,-0.041791045
