"Code","Name","LA_code","LA_name","All","X0to15","X16to29","X30to44","X45to64","X65plus"
"E01031419","Arun 015C","E07000224","Arun",0.00794621,-0.043290043,-0.005102041,0.056818182,0.004132231,0.021857923
