"Code","Name","LA_code","LA_name","All","X0to15","X16to29","X30to44","X45to64","X65plus"
"E01031402","Arun 012B","E07000224","Arun",-0.003588517,-0.033834586,0,0.008064516,0.002066116,0
