"Code","Name","LA_code","LA_name","All","X0to15","X16to29","X30to44","X45to64","X65plus"
"E01031388","Arun 005A","E07000224","Arun",-0.01987225,-0.006578947,-0.037900875,-0.009009009,-0.019305019,-0.035514019
