"Code","Name","LA_code","LA_name","All","X0to15","X16to29","X30to44","X45to64","X65plus"
"E01031461","Arun 009E","E07000224","Arun",-0.009307737,-0.056277056,0.0234375,-0.088669951,0.02247191,0.002808989
