"Code","Name","LA_code","LA_name","All","X0to15","X16to29","X30to44","X45to64","X65plus"
"E01031472","Arun 006C","E07000224","Arun",0.015706806,0.033613445,-0.031088083,0.064356436,-0.002118644,0.023640662
