"Code","Name","LA_code","LA_name","All","X0to15","X16to29","X30to44","X45to64","X65plus"
"E01031457","Arun 010C","E07000224","Arun",0.021673691,0.082758621,-0.006578947,0.007092199,0.059850374,0
