"Code","Name","LA_code","LA_name","All","X0to15","X16to29","X30to44","X45to64","X65plus"
"E01031449","Arun 019F","E07000224","Arun",0.007562536,-0.04057971,-0.007662835,0.04950495,0.035940803,-0.008902077
