"Code","Name","LA_code","LA_name","All","X0to15","X16to29","X30to44","X45to64","X65plus"
"E01031437","Arun 017E","E07000224","Arun",-0.005990783,-0.007272727,-0.007462687,0,0.003824092,-0.019569472
