"Code","Name","LA_code","LA_name","All","X0to15","X16to29","X30to44","X45to64","X65plus"
"E01031395","Arun 003C","E07000224","Arun",-0.005221932,0,-0.012121212,0.004219409,-0.014373717,0
