"Code","Name","LA_code","LA_name","All","X0to15","X16to29","X30to44","X45to64","X65plus"
"E01031469","Arun 009F","E07000224","Arun",-0.003638569,0.032,-0.03196347,-0.03539823,0.003944773,-0.002237136
