"Code","Name","LA_code","LA_name","All","X0to15","X16to29","X30to44","X45to64","X65plus"
"E01031456","Arun 011D","E07000224","Arun",0.005509642,-0.003816794,0.020833333,0.045454545,-0.027196653,0.006564551
