"Code","Name","LA_code","LA_name","All","X0to15","X16to29","X30to44","X45to64","X65plus"
"E01031404","Arun 014A","E07000224","Arun",-0.016246954,0.007462687,-0.017391304,-0.011278195,0.00952381,-0.118421053
