"Code","Name","LA_code","LA_name","All","X0to15","X16to29","X30to44","X45to64","X65plus"
"E01031452","Arun 016E","E07000224","Arun",0.065274151,0.026717557,0.034653465,0.034722222,0.009070295,0.212389381
