"Code","Name","LA_code","LA_name","All","X0to15","X16to29","X30to44","X45to64","X65plus"
"E01031439","Arun 013C","E07000224","Arun",0.003661088,0.045226131,-0.044585987,-0.006711409,0.001805054,0.005861665
