"Code","Name","LA_code","LA_name","All","X0to15","X16to29","X30to44","X45to64","X65plus"
"E01031385","Arun 019A","E07000224","Arun",-0.017699115,-0.068441065,-0.020979021,0.027522936,-0.007751938,-0.017513135
