"Code","Name","LA_code","LA_name","All","X0to15","X16to29","X30to44","X45to64","X65plus"
"E01031383","Arun 018D","E07000224","Arun",-0.002518892,-0.008196721,0.016666667,-0.08490566,-0.008948546,0.010088272
