"Code","Name","LA_code","LA_name","All","X0to15","X16to29","X30to44","X45to64","X65plus"
"E01031389","Arun 005B","E07000224","Arun",0.036784741,0.054913295,0.107317073,0.064393939,0.02283105,0.010958904
