"Code","Name","LA_code","LA_name","All","X0to15","X16to29","X30to44","X45to64","X65plus"
"E01031400","Arun 011A","E07000224","Arun",-0.021101993,-0.025125628,-0.006688963,0.010714286,-0.025423729,-0.043859649
