"Code","Name","LA_code","LA_name","All","X0to15","X16to29","X30to44","X45to64","X65plus"
"E01031458","Arun 010D","E07000224","Arun",-0.006560962,0.064,0.067961165,-0.00625,-0.002257336,-0.0250501
