"Code","Name","LA_code","LA_name","All","X0to15","X16to29","X30to44","X45to64","X65plus"
"E01031473","Arun 006D","E07000224","Arun",-0.023218575,-0.036734694,-0.034883721,-0.008583691,-0.009036145,-0.033707865
