"Code","Name","LA_code","LA_name","All","X0to15","X16to29","X30to44","X45to64","X65plus"
"E01031425","Arun 002C","E07000224","Arun",0.004583652,-0.074285714,0.02189781,0.040983607,0.009111617,0.016055046
