"Code","Name","LA_code","LA_name","All","X0to15","X16to29","X30to44","X45to64","X65plus"
"E01031407","Arun 007A","E07000224","Arun",-0.035851472,-0.076219512,-0.044715447,0.003597122,-0.020408163,-0.044609665
