"Code","Name","LA_code","LA_name","All","X0to15","X16to29","X30to44","X45to64","X65plus"
"E01031406","Arun 012E","E07000224","Arun",0.007168459,0.045454545,0.033653846,-0.017605634,0.008356546,-0.038135593
