"Code","Name","LA_code","LA_name","All","X0to15","X16to29","X30to44","X45to64","X65plus"
"E01031451","Arun 016D","E07000224","Arun",0.014328358,0.036363636,0.018726592,0.011527378,0,0.003344482
