"Code","Name","LA_code","LA_name","All","X0to15","X16to29","X30to44","X45to64","X65plus"
"E01031421","Arun 015E","E07000224","Arun",-0.01470061,-0.064729194,0.038043478,-0.011037528,-0.005119454,0.0032
