"Code","Name","LA_code","LA_name","All","X0to15","X16to29","X30to44","X45to64","X65plus"
"E01031408","Arun 007B","E07000224","Arun",-0.002905569,-0.004201681,0.006430868,0.006896552,-0.013972056,-0.005847953
