"Code","Name","LA_code","LA_name","All","X0to15","X16to29","X30to44","X45to64","X65plus"
"E01031390","Arun 001A","E07000224","Arun",0.015232292,0.047619048,0.034482759,0.029239766,0.015189873,-0.015306122
