"Code","Name","LA_code","LA_name","All","X0to15","X16to29","X30to44","X45to64","X65plus"
"E01024028","Ashford 007F","E07000105","Ashford",-0.009413068,-0.014403292,-0.01511335,0.026229508,0.0125,-0.077981651
