"Code","Name","LA_code","LA_name","All","X0to15","X16to29","X30to44","X45to64","X65plus"
"E01027926","Ashfield 016A","E07000170","Ashfield",0.032085561,-0.037037037,0.052132701,0.06122449,0.057906459,0.010666667
