"Code","Name","LA_code","LA_name","All","X0to15","X16to29","X30to44","X45to64","X65plus"
"E01027946","Ashfield 012B","E07000170","Ashfield",0.00206044,-0.014563107,-0.047826087,0.045248869,0.02994012,-0.026845638
