"Code","Name","LA_code","LA_name","All","X0to15","X16to29","X30to44","X45to64","X65plus"
"E01024010","Ashford 013B","E07000105","Ashford",0.019273536,-0.017857143,0.034682081,0.011904762,0.019851117,0.036745407
