"Code","Name","LA_code","LA_name","All","X0to15","X16to29","X30to44","X45to64","X65plus"
"E01027997","Ashfield 010C","E07000170","Ashfield",-0.005280845,0.005934718,-0.02359882,-0.008108108,-0.010544815,0.008547009
