"Code","Name","LA_code","LA_name","All","X0to15","X16to29","X30to44","X45to64","X65plus"
"E01027931","Ashfield 013B","E07000170","Ashfield",-0.016817594,-0.039393939,-0.04222973,-0.021917808,0.009421265,0.021798365
