"Code","Name","LA_code","LA_name","All","X0to15","X16to29","X30to44","X45to64","X65plus"
"E01027949","Ashfield 007A","E07000170","Ashfield",0.006410256,0.04296875,0.02283105,-0.021505376,0,0
