"Code","Name","LA_code","LA_name","All","X0to15","X16to29","X30to44","X45to64","X65plus"
"E01027927","Ashfield 014A","E07000170","Ashfield",-0.007349339,0.037333333,0.003174603,-0.020725389,-0.031914894,-0.009975062
