"Code","Name","LA_code","LA_name","All","X0to15","X16to29","X30to44","X45to64","X65plus"
"E01024026","Ashford 014C","E07000105","Ashford",-0.01540957,0.053191489,-0.075949367,-0.017964072,-0.024930748,-0.013927577
