"Code","Name","LA_code","LA_name","All","X0to15","X16to29","X30to44","X45to64","X65plus"
"E01024036","Ashford 011D","E07000105","Ashford",0.011938202,-0.054474708,0.028901734,0.005586592,0.022633745,0.042553191
