"Code","Name","LA_code","LA_name","All","X0to15","X16to29","X30to44","X45to64","X65plus"
"E01027936","Ashfield 013E","E07000170","Ashfield",-0.01048951,-0.041025641,0.043165468,-0.039800995,-0.016,0.001923077
