"Code","Name","LA_code","LA_name","All","X0to15","X16to29","X30to44","X45to64","X65plus"
"E01027957","Ashfield 009D","E07000170","Ashfield",-0.012781955,-0.02238806,0.041450777,-0.042735043,-0.00802139,-0.022988506
