"Code","Name","LA_code","LA_name","All","X0to15","X16to29","X30to44","X45to64","X65plus"
"E01023979","Ashford 011B","E07000105","Ashford",0.001504891,0,0.059459459,-0.005,-0.015831135,-0.006802721
