"Code","Name","LA_code","LA_name","All","X0to15","X16to29","X30to44","X45to64","X65plus"
"E01032824","Ashford 009J","E07000105","Ashford",-0.022712524,-0.042857143,-0.02919708,0.022292994,-0.004938272,-0.085858586
