"Code","Name","LA_code","LA_name","All","X0to15","X16to29","X30to44","X45to64","X65plus"
"E01024029","Ashford 005E","E07000105","Ashford",0.010599266,0.030592734,0.002427184,0.005454545,-0.003273322,0.022408964
