"Code","Name","LA_code","LA_name","All","X0to15","X16to29","X30to44","X45to64","X65plus"
"E01027935","Ashfield 013D","E07000170","Ashfield",0.008757962,0.004464286,0.020576132,0.046296296,-0.017676768,0.011299435
