"Code","Name","LA_code","LA_name","All","X0to15","X16to29","X30to44","X45to64","X65plus"
"E01023995","Ashford 006B","E07000105","Ashford",0.02184466,0.073170732,0.039772727,0,0.036363636,-0.023728814
