"Code","Name","LA_code","LA_name","All","X0to15","X16to29","X30to44","X45to64","X65plus"
"E01027938","Ashfield 015B","E07000170","Ashfield",0.014937107,-0.030567686,-0.042553191,-0.018099548,0.035794183,0.171428571
