"Code","Name","LA_code","LA_name","All","X0to15","X16to29","X30to44","X45to64","X65plus"
"E01024011","Ashford 013C","E07000105","Ashford",0.00984103,0.04526749,-0.015384615,0.028571429,-0.002754821,0
