"Code","Name","LA_code","LA_name","All","X0to15","X16to29","X30to44","X45to64","X65plus"
"E01024014","Ashford 010B","E07000105","Ashford",0.017448201,-0.014124294,0.021857923,0.018518519,0.023489933,0.032482599
