"Code","Name","LA_code","LA_name","All","X0to15","X16to29","X30to44","X45to64","X65plus"
"E01027981","Ashfield 001C","E07000170","Ashfield",-0.000635324,0.009803922,-0.048780488,0.02283105,0.008510638,-0.004201681
