"Code","Name","LA_code","LA_name","All","X0to15","X16to29","X30to44","X45to64","X65plus"
"E01032823","Ashford 008F","E07000105","Ashford",-0.002570694,-0.002469136,-0.008025682,-0.006006006,0.017766497,-0.021052632
