"Code","Name","LA_code","LA_name","All","X0to15","X16to29","X30to44","X45to64","X65plus"
"E01024009","Ashford 013A","E07000105","Ashford",-0.001746725,-0.092105263,-0.018348624,-0.037037037,0.019073569,0.026894866
