"Code","Name","LA_code","LA_name","All","X0to15","X16to29","X30to44","X45to64","X65plus"
"E01023973","Ashford 005A","E07000105","Ashford",0.0188,0.057098765,-0.013182674,-0.008635579,0.040449438,0.013468013
