"Code","Name","LA_code","LA_name","All","X0to15","X16to29","X30to44","X45to64","X65plus"
"E01027934","Ashfield 013C","E07000170","Ashfield",-0.005743001,-0.048780488,-0.038135593,0.019379845,0.027918782,-0.004587156
