"Code","Name","LA_code","LA_name","All","X0to15","X16to29","X30to44","X45to64","X65plus"
"E01032810","Ashford 001F","E07000105","Ashford",-0.143306097,-0.139303483,-0.135658915,-0.145408163,-0.157746479,-0.130434783
