"Code","Name","LA_code","LA_name","All","X0to15","X16to29","X30to44","X45to64","X65plus"
"E01032961","Aylesbury Vale 015F","E07000004","Aylesbury Vale",0.022205774,0.004608295,0.024523161,0.005555556,0.019933555,0.113207547
