"Code","Name","LA_code","LA_name","All","X0to15","X16to29","X30to44","X45to64","X65plus"
"E01017733","Aylesbury Vale 007D","E07000004","Aylesbury Vale",0.005498822,0.111627907,-0.111940299,-0.038834951,0.014423077,0
