"Code","Name","LA_code","LA_name","All","X0to15","X16to29","X30to44","X45to64","X65plus"
"E01017653","Aylesbury Vale 016A","E07000004","Aylesbury Vale",-0.023348899,-0.025830258,-0.036630037,-0.023460411,-0.024449878,0
