"Code","Name","LA_code","LA_name","All","X0to15","X16to29","X30to44","X45to64","X65plus"
"E01032955","Aylesbury Vale 015E","E07000004","Aylesbury Vale",-0.029258778,-0.018518519,-0.05,-0.068126521,-0.02173913,0.0330033
