"Code","Name","LA_code","LA_name","All","X0to15","X16to29","X30to44","X45to64","X65plus"
"E01017667","Aylesbury Vale 013C","E07000004","Aylesbury Vale",-0.009920635,-0.030769231,0,0.005665722,-0.023411371,0.022857143
