"Code","Name","LA_code","LA_name","All","X0to15","X16to29","X30to44","X45to64","X65plus"
"E01032959","Aylesbury Vale 008G","E07000004","Aylesbury Vale",0.006533914,-0.008307373,-0.001572327,-0.008196721,0.031954887,0.196261682
