"Code","Name","LA_code","LA_name","All","X0to15","X16to29","X30to44","X45to64","X65plus"
"E01017651","Aylesbury Vale 009A","E07000004","Aylesbury Vale",0.005960265,0.007272727,-0.011627907,-0.011673152,0.009469697,0.025179856
