"Code","Name","LA_code","LA_name","All","X0to15","X16to29","X30to44","X45to64","X65plus"
"E01017718","Aylesbury Vale 004F","E07000004","Aylesbury Vale",0.030864198,0.063897764,-0.02764977,0.019417476,0.024390244,0.062283737
