"Code","Name","LA_code","LA_name","All","X0to15","X16to29","X30to44","X45to64","X65plus"
"E01017714","Aylesbury Vale 004D","E07000004","Aylesbury Vale",-0.027240143,-0.004273504,-0.024390244,0.005050505,-0.028,-0.066889632
