"Code","Name","LA_code","LA_name","All","X0to15","X16to29","X30to44","X45to64","X65plus"
"E01017720","Aylesbury Vale 008D","E07000004","Aylesbury Vale",0.014820593,0.053497942,0.06010929,0.009259259,0.018691589,-0.070754717
