"Code","Name","LA_code","LA_name","All","X0to15","X16to29","X30to44","X45to64","X65plus"
"E01017729","Aylesbury Vale 024D","E07000004","Aylesbury Vale",0.026911315,0.01618123,0.12244898,0,0.011131725,0.042372881
