"Code","Name","LA_code","LA_name","All","X0to15","X16to29","X30to44","X45to64","X65plus"
"E01017681","Aylesbury Vale 023A","E07000004","Aylesbury Vale",-0.024444444,-0.036900369,-0.093167702,-0.033472803,0.025906736,-0.034129693
