"Code","Name","LA_code","LA_name","All","X0to15","X16to29","X30to44","X45to64","X65plus"
"E01017700","Aylesbury Vale 014D","E07000004","Aylesbury Vale",0.009569378,0.024691358,0.065656566,-0.022653722,-0.004555809,0.009950249
