"Code","Name","LA_code","LA_name","All","X0to15","X16to29","X30to44","X45to64","X65plus"
"E01017639","Aylesbury Vale 017E","E07000004","Aylesbury Vale",-0.002518892,0.037037037,-0.004273504,-0.011627907,-0.018828452,0
