"Code","Name","LA_code","LA_name","All","X0to15","X16to29","X30to44","X45to64","X65plus"
"E01017648","Aylesbury Vale 001A","E07000004","Aylesbury Vale",-0.002405292,0.070422535,-0.021834061,-0.039215686,-0.006722689,-0.016666667
