"Code","Name","LA_code","LA_name","All","X0to15","X16to29","X30to44","X45to64","X65plus"
"E01017654","Aylesbury Vale 016B","E07000004","Aylesbury Vale",0.016118633,-0.013262599,-0.018126888,0.027777778,0.058139535,0.048543689
