"Code","Name","LA_code","LA_name","All","X0to15","X16to29","X30to44","X45to64","X65plus"
"E01017634","Aylesbury Vale 015B","E07000004","Aylesbury Vale",-0.01338766,-0.015075377,-0.00591716,0.004008016,-0.00795756,-0.132075472
