"Code","Name","LA_code","LA_name","All","X0to15","X16to29","X30to44","X45to64","X65plus"
"E01017627","Aylesbury Vale 021A","E07000004","Aylesbury Vale",-0.008249853,0.00887574,0.022421525,-0.015974441,-0.026132404,-0.008032129
