"Code","Name","LA_code","LA_name","All","X0to15","X16to29","X30to44","X45to64","X65plus"
"E01032960","Aylesbury Vale 001F","E07000004","Aylesbury Vale",0.005135521,0.049367089,-0.013800425,-0.002444988,-0.011764706,0.005836576
