"Code","Name","LA_code","LA_name","All","X0to15","X16to29","X30to44","X45to64","X65plus"
"E01017694","Aylesbury Vale 004B","E07000004","Aylesbury Vale",0.012629162,0.0109375,0.041935484,0.007968127,0.021164021,-0.017283951
