"Code","Name","LA_code","LA_name","All","X0to15","X16to29","X30to44","X45to64","X65plus"
"E01017672","Aylesbury Vale 003B","E07000004","Aylesbury Vale",0.023777174,0.012,-0.009803922,0.034042553,-0.02480916,0.150579151
