"Code","Name","LA_code","LA_name","All","X0to15","X16to29","X30to44","X45to64","X65plus"
"E01017671","Aylesbury Vale 003A","E07000004","Aylesbury Vale",-0.028673835,-0.027777778,-0.025906736,-0.054901961,-0.039182283,0.00952381
