"Code","Name","LA_code","LA_name","All","X0to15","X16to29","X30to44","X45to64","X65plus"
"E01017662","Aylesbury Vale 015C","E07000004","Aylesbury Vale",-0.007122507,0.020477816,-0.038062284,0.010344828,-0.011527378,-0.021621622
