"Code","Name","LA_code","LA_name","All","X0to15","X16to29","X30to44","X45to64","X65plus"
"E01017655","Aylesbury Vale 016C","E07000004","Aylesbury Vale",-0.014994829,-0.049046322,0.002808989,0.016260163,0.018828452,-0.12033195
