"Code","Name","LA_code","LA_name","All","X0to15","X16to29","X30to44","X45to64","X65plus"
"E01017678","Aylesbury Vale 022D","E07000004","Aylesbury Vale",-0.023845007,0.016853933,-0.011695906,-0.043307087,-0.04047619,-0.015673981
