"Code","Name","LA_code","LA_name","All","X0to15","X16to29","X30to44","X45to64","X65plus"
"E01017675","Aylesbury Vale 022A","E07000004","Aylesbury Vale",-0.009913259,0.03785489,-0.029761905,-0.014792899,-0.024752475,-0.020671835
