"Code","Name","LA_code","LA_name","All","X0to15","X16to29","X30to44","X45to64","X65plus"
"E01017705","Aylesbury Vale 012A","E07000004","Aylesbury Vale",-0.029023256,-0.051032807,-0.014985015,-0.024103832,-0.005966587,-0.047794118
