"Code","Name","LA_code","LA_name","All","X0to15","X16to29","X30to44","X45to64","X65plus"
"E01017670","Aylesbury Vale 006B","E07000004","Aylesbury Vale",-0.003115265,0.015564202,0.026041667,-0.026515152,-0.009057971,-0.005882353
