"Code","Name","LA_code","LA_name","All","X0to15","X16to29","X30to44","X45to64","X65plus"
"E01017677","Aylesbury Vale 022C","E07000004","Aylesbury Vale",-0.002873563,-0.018691589,-0.02189781,0.004761905,-0.002427184,0.007159905
