"Code","Name","LA_code","LA_name","All","X0to15","X16to29","X30to44","X45to64","X65plus"
"E01017636","Aylesbury Vale 017B","E07000004","Aylesbury Vale",-0.00872818,0.006116208,0,-0.043189369,0.015665796,-0.021791768
