"Code","Name","LA_code","LA_name","All","X0to15","X16to29","X30to44","X45to64","X65plus"
"E01017644","Aylesbury Vale 002A","E07000004","Aylesbury Vale",-0.010906612,-0.042402827,0.012,0.010309278,-0.035242291,0.031746032
