"Code","Name","LA_code","LA_name","All","X0to15","X16to29","X30to44","X45to64","X65plus"
"E01017737","Aylesbury Vale 005C","E07000004","Aylesbury Vale",0.008810573,0.034883721,-0.042105263,0.01734104,0.014218009,0.012345679
