"Code","Name","LA_code","LA_name","All","X0to15","X16to29","X30to44","X45to64","X65plus"
"E01017635","Aylesbury Vale 017A","E07000004","Aylesbury Vale",0.006688963,-0.00330033,0.053811659,0.019736842,-0.023255814,0.003115265
