"Code","Name","LA_code","LA_name","All","X0to15","X16to29","X30to44","X45to64","X65plus"
"E01017704","Aylesbury Vale 008B","E07000004","Aylesbury Vale",0.005564388,0.026431718,-0.04109589,-0.006134969,0.025345622,-0.010416667
