"Code","Name","LA_code","LA_name","All","X0to15","X16to29","X30to44","X45to64","X65plus"
"E01029881","Babergh 002A","E07000200","Babergh",0.011927481,0.008196721,0.045627376,0.052830189,-0.001492537,-0.005639098
