"Code","Name","LA_code","LA_name","All","X0to15","X16to29","X30to44","X45to64","X65plus"
"E01029878","Babergh 005B","E07000200","Babergh",0.004850445,-0.045714286,0.109375,-0.043956044,-0.005434783,0.026041667
