"Code","Name","LA_code","LA_name","All","X0to15","X16to29","X30to44","X45to64","X65plus"
"E01029901","Babergh 003B","E07000200","Babergh",-0.008079848,-0.073929961,0.028037383,0.009615385,0.004615385,-0.01490313
