"Code","Name","LA_code","LA_name","All","X0to15","X16to29","X30to44","X45to64","X65plus"
"E01029889","Babergh 008D","E07000200","Babergh",-0.003756574,-0.012779553,0.026315789,0.01171875,-0.023952096,-0.01
