"Code","Name","LA_code","LA_name","All","X0to15","X16to29","X30to44","X45to64","X65plus"
"E01029905","Babergh 010G","E07000200","Babergh",0.014466546,0.021505376,0.045801527,0.043478261,-0.027863777,0.027439024
