"Code","Name","LA_code","LA_name","All","X0to15","X16to29","X30to44","X45to64","X65plus"
"E01029870","Babergh 010A","E07000200","Babergh",-0.00248139,0.040816327,-0.005208333,0.004784689,-0.025787966,-0.018691589
