"Code","Name","LA_code","LA_name","All","X0to15","X16to29","X30to44","X45to64","X65plus"
"E01029887","Babergh 008B","E07000200","Babergh",-0.045758929,-0.091575092,-0.023728814,-0.016611296,-0.043572985,-0.05387931
