"Code","Name","LA_code","LA_name","All","X0to15","X16to29","X30to44","X45to64","X65plus"
"E01029909","Babergh 005E","E07000200","Babergh",0.008922881,0.011152416,0.039215686,0.019553073,-0.025641026,0.023809524
