"Code","Name","LA_code","LA_name","All","X0to15","X16to29","X30to44","X45to64","X65plus"
"E01029914","Babergh 007C","E07000200","Babergh",0.007980356,0.013297872,0.045801527,-0.010126582,-0.01025641,0.019417476
