"Code","Name","LA_code","LA_name","All","X0to15","X16to29","X30to44","X45to64","X65plus"
"E01029893","Babergh 004B","E07000200","Babergh",0.00689439,-0.001295337,0.033653846,0.036753446,0.001579779,-0.022315202
