"Code","Name","LA_code","LA_name","All","X0to15","X16to29","X30to44","X45to64","X65plus"
"E01029892","Babergh 004A","E07000200","Babergh",0.006718346,0.045226131,0.048543689,0.002985075,-0.010060362,-0.04040404
