"Code","Name","LA_code","LA_name","All","X0to15","X16to29","X30to44","X45to64","X65plus"
"E01029883","Babergh 010D","E07000200","Babergh",0.011307768,0.047619048,0.033333333,0.023166023,-0.006369427,0
