"Code","Name","LA_code","LA_name","All","X0to15","X16to29","X30to44","X45to64","X65plus"
"E01029917","Babergh 003C","E07000200","Babergh",0.013235294,0.00265252,0.027681661,0.046052632,0.007005254,0
