"Code","Name","LA_code","LA_name","All","X0to15","X16to29","X30to44","X45to64","X65plus"
"E01029920","Babergh 007H","E07000200","Babergh",-0.006802721,-0.035714286,-0.014084507,0.003773585,-0.025882353,0.017667845
