"Code","Name","LA_code","LA_name","All","X0to15","X16to29","X30to44","X45to64","X65plus"
"E01029918","Babergh 007F","E07000200","Babergh",-0.000881834,0.100671141,0.010416667,0.058510638,-0.006309148,-0.09375
