"Code","Name","LA_code","LA_name","All","X0to15","X16to29","X30to44","X45to64","X65plus"
"E01029923","Babergh 006D","E07000200","Babergh",0.016546763,0.025641026,0.016393443,0.063909774,0.007334963,-0.020134228
