"Code","Name","LA_code","LA_name","All","X0to15","X16to29","X30to44","X45to64","X65plus"
"E01029879","Babergh 005C","E07000200","Babergh",-0.007203667,-0.095238095,-0.068965517,0.029268293,0.012578616,0.031026253
