"Code","Name","LA_code","LA_name","All","X0to15","X16to29","X30to44","X45to64","X65plus"
"E01029906","Babergh 009D","E07000200","Babergh",0.005595971,-0.033222591,0.012738854,0,0.01,0.022807018
