"Code","Name","LA_code","LA_name","All","X0to15","X16to29","X30to44","X45to64","X65plus"
"E01000065","Barking and Dagenham 007A","E09000002","Barking and Dagenham",-0.052983826,-0.101204819,-0.066006601,-0.078085642,-0.032581454,0.039426523
