"Code","Name","LA_code","LA_name","All","X0to15","X16to29","X30to44","X45to64","X65plus"
"E01000017","Barking and Dagenham 009C","E09000002","Barking and Dagenham",-0.074788902,-0.069284065,-0.007462687,-0.092643052,-0.085642317,-0.124352332
