"Code","Name","LA_code","LA_name","All","X0to15","X16to29","X30to44","X45to64","X65plus"
"E01000019","Barking and Dagenham 023A","E09000002","Barking and Dagenham",0.010533246,0.04964539,-0.003891051,-0.002881844,0.033232628,-0.086956522
