"Code","Name","LA_code","LA_name","All","X0to15","X16to29","X30to44","X45to64","X65plus"
"E01000079","Barking and Dagenham 009E","E09000002","Barking and Dagenham",0.060339409,0.033333333,0.03358209,0.071216617,0.098630137,0.064676617
