"Code","Name","LA_code","LA_name","All","X0to15","X16to29","X30to44","X45to64","X65plus"
"E01000090","Barking and Dagenham 020E","E09000002","Barking and Dagenham",-0.001736111,-0.001984127,0.01572327,0.021333333,0.00265252,-0.103896104
