"Code","Name","LA_code","LA_name","All","X0to15","X16to29","X30to44","X45to64","X65plus"
"E01000045","Barking and Dagenham 017C","E09000002","Barking and Dagenham",0.005737235,-0.017928287,0.012269939,0.002506266,0.002724796,0.087248322
