"Code","Name","LA_code","LA_name","All","X0to15","X16to29","X30to44","X45to64","X65plus"
"E01000035","Barking and Dagenham 010A","E09000002","Barking and Dagenham",0.001638449,-0.051764706,-0.002557545,0.029649596,0.007194245,0.052863436
