"Code","Name","LA_code","LA_name","All","X0to15","X16to29","X30to44","X45to64","X65plus"
"E01000032","Barking and Dagenham 002B","E09000002","Barking and Dagenham",-0.001129305,-0.041763341,-0.006369427,0.045822102,-0.002475248,0.007968127
