"Code","Name","LA_code","LA_name","All","X0to15","X16to29","X30to44","X45to64","X65plus"
"E01000049","Barking and Dagenham 021C","E09000002","Barking and Dagenham",0.007295466,0.016783217,0.003134796,-0.006085193,0.029032258,-0.06097561
