"Code","Name","LA_code","LA_name","All","X0to15","X16to29","X30to44","X45to64","X65plus"
"E01000037","Barking and Dagenham 003B","E09000002","Barking and Dagenham",0.085262564,0.068100358,0.0859375,0.119047619,0.097107438,0.045081967
