"Code","Name","LA_code","LA_name","All","X0to15","X16to29","X30to44","X45to64","X65plus"
"E01000053","Barking and Dagenham 020A","E09000002","Barking and Dagenham",0.036263061,0.027586207,0.049295775,0.018276762,0.056213018,0.037433155
