"Code","Name","LA_code","LA_name","All","X0to15","X16to29","X30to44","X45to64","X65plus"
"E01000029","Barking and Dagenham 001C","E09000002","Barking and Dagenham",0.059710495,0.077639752,0.133333333,0.061488673,0.042780749,0.021028037
