"Code","Name","LA_code","LA_name","All","X0to15","X16to29","X30to44","X45to64","X65plus"
"E01000074","Barking and Dagenham 012C","E09000002","Barking and Dagenham",-0.013715711,0.002277904,0.034749035,-0.01061008,-0.057742782,-0.040540541
