"Code","Name","LA_code","LA_name","All","X0to15","X16to29","X30to44","X45to64","X65plus"
"E01000055","Barking and Dagenham 018B","E09000002","Barking and Dagenham",0.000585823,-0.016241299,0.026865672,0.01971831,-0.012077295,-0.01744186
