"Code","Name","LA_code","LA_name","All","X0to15","X16to29","X30to44","X45to64","X65plus"
"E01000013","Barking and Dagenham 013A","E09000002","Barking and Dagenham",0.011040093,-0.011520737,0.00990099,0.027989822,0.027777778,-0.005128205
