"Code","Name","LA_code","LA_name","All","X0to15","X16to29","X30to44","X45to64","X65plus"
"E01000105","Barking and Dagenham 014C","E09000002","Barking and Dagenham",-0.013321874,-0.052188552,-0.004830918,0.010657194,0.006147541,-0.026119403
