"Code","Name","LA_code","LA_name","All","X0to15","X16to29","X30to44","X45to64","X65plus"
"E01000006","Barking and Dagenham 016A","E09000002","Barking and Dagenham",0.09639203,0.092274678,0.105405405,0.11342155,0.076023392,0.073333333
