"Code","Name","LA_code","LA_name","All","X0to15","X16to29","X30to44","X45to64","X65plus"
"E01000031","Barking and Dagenham 002A","E09000002","Barking and Dagenham",-0.006362059,-0.013550136,-0.015197568,-0.010899183,0.004819277,0.004016064
