"Code","Name","LA_code","LA_name","All","X0to15","X16to29","X30to44","X45to64","X65plus"
"E01000038","Barking and Dagenham 003C","E09000002","Barking and Dagenham",-0.062337662,-0.039735099,-0.052980132,-0.069387755,-0.084158416,-0.059233449
