"Code","Name","LA_code","LA_name","All","X0to15","X16to29","X30to44","X45to64","X65plus"
"E01000021","Barking and Dagenham 008A","E09000002","Barking and Dagenham",0.045731707,0.055679287,0.064615385,0.053030303,0.032258065,-0.023255814
