"Code","Name","LA_code","LA_name","All","X0to15","X16to29","X30to44","X45to64","X65plus"
"E01000101","Barking and Dagenham 004C","E09000002","Barking and Dagenham",-0.072245635,-0.059382423,-0.105442177,-0.064516129,-0.074175824,-0.061452514
