"Code","Name","LA_code","LA_name","All","X0to15","X16to29","X30to44","X45to64","X65plus"
"E01000027","Barking and Dagenham 001A","E09000002","Barking and Dagenham",0.014084507,0.01002004,0.023323615,0.021052632,0.009638554,0.004784689
