"Code","Name","LA_code","LA_name","All","X0to15","X16to29","X30to44","X45to64","X65plus"
"E01000156","Barnet 022A","E09000003","Barnet",0.035044423,0.05907173,0.019021739,0.040540541,0.004319654,0.064039409
