"Code","Name","LA_code","LA_name","All","X0to15","X16to29","X30to44","X45to64","X65plus"
"E01000298","Barnet 023D","E09000003","Barnet",-0.004513541,-0.020172911,-0.013850416,0,-0.018779343,0.040740741
