"Code","Name","LA_code","LA_name","All","X0to15","X16to29","X30to44","X45to64","X65plus"
"E01000165","Barnet 022E","E09000003","Barnet",-0.010598834,-0.015915119,-0.052173913,-0.012219959,0.017094017,0.009708738
