"Code","Name","LA_code","LA_name","All","X0to15","X16to29","X30to44","X45to64","X65plus"
"E01000191","Barnet 014F","E09000003","Barnet",0.018447837,0.026595745,0.034146341,0.017182131,0.012158055,0.008086253
