"Code","Name","LA_code","LA_name","All","X0to15","X16to29","X30to44","X45to64","X65plus"
"E01007325","Barnsley 007C","E08000016","Barnsley",-0.006024096,-0.025341131,-0.017647059,0.013793103,0.042296073,-0.048387097
