"Code","Name","LA_code","LA_name","All","X0to15","X16to29","X30to44","X45to64","X65plus"
"E01007338","Barnsley 017A","E08000016","Barnsley",-0.066049383,-0.097938144,-0.077981651,-0.038314176,-0.042154567,-0.082692308
