"Code","Name","LA_code","LA_name","All","X0to15","X16to29","X30to44","X45to64","X65plus"
"E01000171","Barnet 006B","E09000003","Barnet",-0.007035647,-0.012891344,-0.00280112,-0.006420546,0.006726457,-0.036809816
