"Code","Name","LA_code","LA_name","All","X0to15","X16to29","X30to44","X45to64","X65plus"
"E01000187","Barnet 014B","E09000003","Barnet",0.005714286,0.023305085,-0.010948905,0.021671827,0.008174387,-0.025477707
