"Code","Name","LA_code","LA_name","All","X0to15","X16to29","X30to44","X45to64","X65plus"
"E01007403","Barnsley 011C","E08000016","Barnsley",-0.022699387,-0.052924791,-0.006557377,-0.015772871,0,-0.046808511
