"Code","Name","LA_code","LA_name","All","X0to15","X16to29","X30to44","X45to64","X65plus"
"E01000225","Barnet 037F","E09000003","Barnet",0.012158055,0.021398003,-0.009493671,0,0.015060241,0.02661597
