"Code","Name","LA_code","LA_name","All","X0to15","X16to29","X30to44","X45to64","X65plus"
"E01007391","Barnsley 030C","E08000016","Barnsley",0.031776913,0.014760148,0.044444444,-0.008658009,0.049356223,0.039473684
