"Code","Name","LA_code","LA_name","All","X0to15","X16to29","X30to44","X45to64","X65plus"
"E01000256","Barnet 016A","E09000003","Barnet",-0.004754358,-0.01965602,-0.009803922,-0.012285012,0.001992032,0.022140221
