"Code","Name","LA_code","LA_name","All","X0to15","X16to29","X30to44","X45to64","X65plus"
"E01000268","Barnet 005B","E09000003","Barnet",-0.028978389,-0.060669456,-0.034055728,-0.017271157,-0.018134715,-0.007407407
