"Code","Name","LA_code","LA_name","All","X0to15","X16to29","X30to44","X45to64","X65plus"
"E01007359","Barnsley 005C","E08000016","Barnsley",-0.014559894,-0.057471264,0.047169811,-0.006825939,-0.061032864,0.034482759
