"Code","Name","LA_code","LA_name","All","X0to15","X16to29","X30to44","X45to64","X65plus"
"E01000148","Barnet 030B","E09000003","Barnet",-0.035422343,-0.04,-0.03264095,-0.064850843,-0.001808318,-0.012605042
