"Code","Name","LA_code","LA_name","All","X0to15","X16to29","X30to44","X45to64","X65plus"
"E01000238","Barnet 034B","E09000003","Barnet",-0.005321722,-0.006644518,-0.026004728,0.017142857,0.003164557,-0.029850746
