"Code","Name","LA_code","LA_name","All","X0to15","X16to29","X30to44","X45to64","X65plus"
"E01000288","Barnet 004C","E09000003","Barnet",-0.000616903,0,-0.016949153,-0.006535948,0.02173913,-0.011450382
