"Code","Name","LA_code","LA_name","All","X0to15","X16to29","X30to44","X45to64","X65plus"
"E01000141","Barnet 039A","E09000003","Barnet",-0.011353712,-0.051597052,0,-0.003144654,-0.013483146,0.023255814
