"Code","Name","LA_code","LA_name","All","X0to15","X16to29","X30to44","X45to64","X65plus"
"E01000290","Barnet 007F","E09000003","Barnet",-0.025485437,-0.057761733,-0.047244094,-0.064885496,-0.014830508,0.026109661
