"Code","Name","LA_code","LA_name","All","X0to15","X16to29","X30to44","X45to64","X65plus"
"E01007322","Barnsley 015C","E08000016","Barnsley",0.027717627,0.047722343,0.062,0.101123596,-0.07540395,-0.003891051
