"Code","Name","LA_code","LA_name","All","X0to15","X16to29","X30to44","X45to64","X65plus"
"E01000267","Barnet 005A","E09000003","Barnet",-0.009439899,-0.042345277,-0.053719008,0.020408163,0.03712297,-0.045112782
