"Code","Name","LA_code","LA_name","All","X0to15","X16to29","X30to44","X45to64","X65plus"
"E01000115","Barnet 009A","E09000003","Barnet",0.014430014,-0.015503876,0,0.009389671,-0.006726457,0.095419847
