"Code","Name","LA_code","LA_name","All","X0to15","X16to29","X30to44","X45to64","X65plus"
"E01007424","Barnsley 028E","E08000016","Barnsley",0.016129032,-0.003333333,0.038461538,-0.006410256,0.02972028,0.01572327
