"Code","Name","LA_code","LA_name","All","X0to15","X16to29","X30to44","X45to64","X65plus"
"E01000216","Barnet 035E","E09000003","Barnet",-0.000941176,-0.016853933,0.015384615,0.008230453,-0.006960557,0
