"Code","Name","LA_code","LA_name","All","X0to15","X16to29","X30to44","X45to64","X65plus"
"E01000266","Barnet 011B","E09000003","Barnet",-0.023917259,-0.023728814,-0.059322034,-0.024193548,-0.024553571,0.003125
