"Code","Name","LA_code","LA_name","All","X0to15","X16to29","X30to44","X45to64","X65plus"
"E01000180","Barnet 029C","E09000003","Barnet",0.00907544,-0.002638522,0,0.017167382,0.009174312,0.021052632
