"Code","Name","LA_code","LA_name","All","X0to15","X16to29","X30to44","X45to64","X65plus"
"E01000253","Barnet 007B","E09000003","Barnet",-0.008343266,-0.018450185,0.020920502,-0.005128205,0.003913894,-0.032467532
