"Code","Name","LA_code","LA_name","All","X0to15","X16to29","X30to44","X45to64","X65plus"
"E01000168","Barnet 003B","E09000003","Barnet",0.012048193,0.035842294,0.025316456,0.027559055,-0.002159827,-0.00872093
