"Code","Name","LA_code","LA_name","All","X0to15","X16to29","X30to44","X45to64","X65plus"
"E01007329","Barnsley 003A","E08000016","Barnsley",0.037712895,0.020348837,0.076305221,0.077821012,0.0234375,0.014184397
