"Code","Name","LA_code","LA_name","All","X0to15","X16to29","X30to44","X45to64","X65plus"
"E01000244","Barnet 032D","E09000003","Barnet",0.010023585,0.004016064,-0.010968921,-0.002487562,0.041935484,0.053191489
