"Code","Name","LA_code","LA_name","All","X0to15","X16to29","X30to44","X45to64","X65plus"
"E01000167","Barnet 002A","E09000003","Barnet",-0.025531915,-0.044164038,-0.017021277,0.003460208,0,-0.106145251
