"Code","Name","LA_code","LA_name","All","X0to15","X16to29","X30to44","X45to64","X65plus"
"E01000199","Barnet 025B","E09000003","Barnet",-0.017396521,-0.063253012,-0.058252427,-0.02006689,0.023622047,0.002227171
