"Code","Name","LA_code","LA_name","All","X0to15","X16to29","X30to44","X45to64","X65plus"
"E01000262","Barnet 017D","E09000003","Barnet",-0.029040887,-0.051437216,-0.050359712,-0.027662517,-0.003745318,0.003546099
