"Code","Name","LA_code","LA_name","All","X0to15","X16to29","X30to44","X45to64","X65plus"
"E01000215","Barnet 037B","E09000003","Barnet",-0.009020619,0.007267442,-0.01953125,-0.012631579,-0.003030303,-0.027863777
