"Code","Name","LA_code","LA_name","All","X0to15","X16to29","X30to44","X45to64","X65plus"
"E01007444","Barnsley 012F","E08000016","Barnsley",0.056173821,0.114478114,0.059288538,0.055837563,0.024952015,0.052132701
