"Code","Name","LA_code","LA_name","All","X0to15","X16to29","X30to44","X45to64","X65plus"
"E01000190","Barnet 014E","E09000003","Barnet",-0.008308605,-0.031026253,-0.025,-0.022082019,0.03271028,-0.007117438
