"Code","Name","LA_code","LA_name","All","X0to15","X16to29","X30to44","X45to64","X65plus"
"E01000132","Barnet 021B","E09000003","Barnet",-0.005772931,0.002583979,0.00952381,0.011363636,-0.002747253,-0.113475177
