"Code","Name","LA_code","LA_name","All","X0to15","X16to29","X30to44","X45to64","X65plus"
"E01007317","Barnsley 018A","E08000016","Barnsley",0.015456989,0.031446541,0.021645022,0.008695652,0.025706941,-0.0125
