"Code","Name","LA_code","LA_name","All","X0to15","X16to29","X30to44","X45to64","X65plus"
"E01000119","Barnet 009C","E09000003","Barnet",-0.010783201,-0.022222222,0.033088235,-0.044728435,-0.011741683,-0.002849003
