"Code","Name","LA_code","LA_name","All","X0to15","X16to29","X30to44","X45to64","X65plus"
"E01000226","Barnet 018D","E09000003","Barnet",-0.002165674,-0.004357298,-0.005633803,0.021582734,-0.021327014,0
