"Code","Name","LA_code","LA_name","All","X0to15","X16to29","X30to44","X45to64","X65plus"
"E01000275","Barnet 012A","E09000003","Barnet",-0.021615472,-0.050675676,-0.052238806,-0.03440367,0.013262599,0.002624672
