"Code","Name","LA_code","LA_name","All","X0to15","X16to29","X30to44","X45to64","X65plus"
"E01000131","Barnet 024E","E09000003","Barnet",-0.034823285,-0.035532995,-0.042288557,-0.065979381,-0.04,0.049382716
