"Code","Name","LA_code","LA_name","All","X0to15","X16to29","X30to44","X45to64","X65plus"
"E01000164","Barnet 022D","E09000003","Barnet",0,-0.010940919,-0.005747126,-0.002096436,0.01010101,0.022222222
