"Code","Name","LA_code","LA_name","All","X0to15","X16to29","X30to44","X45to64","X65plus"
"E01000181","Barnet 029D","E09000003","Barnet",-0.010644258,-0.015974441,-0.038147139,-0.012958963,0.004608295,0.019230769
