"Code","Name","LA_code","LA_name","All","X0to15","X16to29","X30to44","X45to64","X65plus"
"E01000320","Barnet 011D","E09000003","Barnet",-0.001222494,-0.010135135,0.011857708,-0.006060606,0.011494253,-0.01552795
