"Code","Name","LA_code","LA_name","All","X0to15","X16to29","X30to44","X45to64","X65plus"
"E01000245","Barnet 032E","E09000003","Barnet",-0.017165493,-0.006521739,-0.009868421,-0.024528302,-0.013363029,-0.048888889
