"Code","Name","LA_code","LA_name","All","X0to15","X16to29","X30to44","X45to64","X65plus"
"E01007411","Barnsley 007F","E08000016","Barnsley",-0.017612524,-0.04576659,-0.044303797,0.003472222,-0.021341463,0.079268293
