"Code","Name","LA_code","LA_name","All","X0to15","X16to29","X30to44","X45to64","X65plus"
"E01007368","Barnsley 025E","E08000016","Barnsley",-0.01637356,-0.040345821,-0.045627376,0.009933775,0.004405286,-0.021201413
