"Code","Name","LA_code","LA_name","All","X0to15","X16to29","X30to44","X45to64","X65plus"
"E01007372","Barnsley 014A","E08000016","Barnsley",-0.039229181,-0.058510638,-0.036900369,0,-0.032467532,-0.066079295
