"Code","Name","LA_code","LA_name","All","X0to15","X16to29","X30to44","X45to64","X65plus"
"E01000281","Barnet 008D","E09000003","Barnet",-0.024625268,0.026143791,-0.019480519,-0.038732394,0,-0.087837838
