"Code","Name","LA_code","LA_name","All","X0to15","X16to29","X30to44","X45to64","X65plus"
"E01000166","Barnet 003A","E09000003","Barnet",-0.004917025,0.018987342,-0.004366812,-0.025862069,0.007109005,-0.022435897
