"Code","Name","LA_code","LA_name","All","X0to15","X16to29","X30to44","X45to64","X65plus"
"E01000301","Barnet 020C","E09000003","Barnet",0.011031798,-0.019230769,0.022222222,0.050131926,-0.016806723,0.026819923
