"Code","Name","LA_code","LA_name","All","X0to15","X16to29","X30to44","X45to64","X65plus"
"E01007318","Barnsley 018B","E08000016","Barnsley",0.001820388,-0.007894737,0.003745318,0,0.005221932,0.011627907
