"Code","Name","LA_code","LA_name","All","X0to15","X16to29","X30to44","X45to64","X65plus"
"E01000265","Barnet 011A","E09000003","Barnet",0.014194812,-0.002132196,0.037037037,0.013986014,0.019650655,0.008097166
