"Code","Name","LA_code","LA_name","All","X0to15","X16to29","X30to44","X45to64","X65plus"
"E01000177","Barnet 029A","E09000003","Barnet",-0.020285088,-0.029810298,-0.036111111,-0.030674847,0.007672634,-0.004651163
