"Code","Name","LA_code","LA_name","All","X0to15","X16to29","X30to44","X45to64","X65plus"
"E01000309","Barnet 031D","E09000003","Barnet",0.009134874,0,0,-0.010729614,0.033591731,0.039823009
