"Code","Name","LA_code","LA_name","All","X0to15","X16to29","X30to44","X45to64","X65plus"
"E01007341","Barnsley 008A","E08000016","Barnsley",-0.002347418,-0.015151515,0.003690037,0.027777778,0.006451613,-0.046357616
