"Code","Name","LA_code","LA_name","All","X0to15","X16to29","X30to44","X45to64","X65plus"
"E01000185","Barnet 029F","E09000003","Barnet",0.006414368,0.024561404,0.00486618,0.007832898,-0.024922118,0.037735849
