"Code","Name","LA_code","LA_name","All","X0to15","X16to29","X30to44","X45to64","X65plus"
"E01007362","Barnsley 004D","E08000016","Barnsley",-0.011124845,-0.003558719,-0.010362694,-0.014981273,-0.005825243,-0.022099448
