"Code","Name","LA_code","LA_name","All","X0to15","X16to29","X30to44","X45to64","X65plus"
"E01000277","Barnet 012B","E09000003","Barnet",0.01363398,0.042895442,-0.024221453,-0.008156607,0.066465257,0
