"Code","Name","LA_code","LA_name","All","X0to15","X16to29","X30to44","X45to64","X65plus"
"E01000145","Barnet 037A","E09000003","Barnet",-0.00308642,-0.006944444,0.014652015,-0.013404826,0,-0.004098361
