"Code","Name","LA_code","LA_name","All","X0to15","X16to29","X30to44","X45to64","X65plus"
"E01000243","Barnet 032C","E09000003","Barnet",-0.006185567,-0.006329114,-0.022556391,0.012295082,-0.017142857,0.007874016
