"Code","Name","LA_code","LA_name","All","X0to15","X16to29","X30to44","X45to64","X65plus"
"E01000304","Barnet 020E","E09000003","Barnet",-0.011390887,0.006269592,0.02310231,-0.020242915,-0.027624309,-0.042105263
