"Code","Name","LA_code","LA_name","All","X0to15","X16to29","X30to44","X45to64","X65plus"
"E01007353","Barnsley 020F","E08000016","Barnsley",-0.027598356,-0.011695906,-0.029126214,-0.003205128,-0.063291139,-0.011278195
