"Code","Name","LA_code","LA_name","All","X0to15","X16to29","X30to44","X45to64","X65plus"
"E01000152","Barnet 026C","E09000003","Barnet",0.005247813,0.032380952,-0.007653061,0.011560694,-0.011111111,-0.054347826
