"Code","Name","LA_code","LA_name","All","X0to15","X16to29","X30to44","X45to64","X65plus"
"E01000230","Barnet 013C","E09000003","Barnet",-0.017634855,0.007389163,-0.026865672,-0.003076923,-0.022988506,-0.039812646
