"Code","Name","LA_code","LA_name","All","X0to15","X16to29","X30to44","X45to64","X65plus"
"E01000299","Barnet 019A","E09000003","Barnet",0.000478011,-0.02184466,-0.011940299,-0.015037594,0.025581395,0.052
