"Code","Name","LA_code","LA_name","All","X0to15","X16to29","X30to44","X45to64","X65plus"
"E01000257","Barnet 017B","E09000003","Barnet",0.015907844,0.055555556,-0.002680965,0.012658228,0.013404826,-0.014492754
