"Code","Name","LA_code","LA_name","All","X0to15","X16to29","X30to44","X45to64","X65plus"
"E01000248","Barnet 001A","E09000003","Barnet",-0.008864266,-0.016666667,-0.020242915,-0.033333333,0.01372549,0
