"Code","Name","LA_code","LA_name","All","X0to15","X16to29","X30to44","X45to64","X65plus"
"E01000178","Barnet 027B","E09000003","Barnet",0.006047279,-0.010126582,0.006116208,0.024,0.016203704,-0.010344828
