"Code","Name","LA_code","LA_name","All","X0to15","X16to29","X30to44","X45to64","X65plus"
"E01007355","Barnsley 005A","E08000016","Barnsley",0.001304631,-0.019047619,0.03960396,0.028469751,0,-0.03187251
