"Code","Name","LA_code","LA_name","All","X0to15","X16to29","X30to44","X45to64","X65plus"
"E01000127","Barnet 024B","E09000003","Barnet",-0.010732323,0.010869565,-0.026229508,-0.022408964,0,-0.036231884
