"Code","Name","LA_code","LA_name","All","X0to15","X16to29","X30to44","X45to64","X65plus"
"E01007447","Barnsley 023A","E08000016","Barnsley",0.040764331,0.076642336,-0.014285714,0.039215686,0.014117647,0.092261905
