"Code","Name","LA_code","LA_name","All","X0to15","X16to29","X30to44","X45to64","X65plus"
"E01000183","Barnet 033A","E09000003","Barnet",0.005215124,0.0375,-0.009090909,-0.033505155,-0.003184713,0.04109589
