"Code","Name","LA_code","LA_name","All","X0to15","X16to29","X30to44","X45to64","X65plus"
"E01000192","Barnet 018A","E09000003","Barnet",-0.006256015,-0.006048387,0.024657534,-0.011520737,-0.00896861,-0.029673591
