"Code","Name","LA_code","LA_name","All","X0to15","X16to29","X30to44","X45to64","X65plus"
"E01007369","Barnsley 022A","E08000016","Barnsley",-0.002526848,0.012084592,-0.015772871,-0.00295858,0.007633588,-0.024509804
