"Code","Name","LA_code","LA_name","All","X0to15","X16to29","X30to44","X45to64","X65plus"
"E01007374","Barnsley 014C","E08000016","Barnsley",-0.00073046,-0.06043956,0.010204082,0.010471204,0.016241299,-0.002710027
