"Code","Name","LA_code","LA_name","All","X0to15","X16to29","X30to44","X45to64","X65plus"
"E01000182","Barnet 029E","E09000003","Barnet",-0.007146503,0.062068966,-0.042696629,-0.014981273,-0.002444988,-0.014234875
