"Code","Name","LA_code","LA_name","All","X0to15","X16to29","X30to44","X45to64","X65plus"
"E01000120","Barnet 009D","E09000003","Barnet",-0.023026316,-0.003278689,-0.043478261,0,-0.023454158,-0.045138889
