"Code","Name","LA_code","LA_name","All","X0to15","X16to29","X30to44","X45to64","X65plus"
"E01000134","Barnet 024F","E09000003","Barnet",0.005033557,0.014669927,-0.01061008,0.035264484,-0.011415525,-0.011976048
