"Code","Name","LA_code","LA_name","All","X0to15","X16to29","X30to44","X45to64","X65plus"
"E01000282","Barnet 008E","E09000003","Barnet",-0.008192245,0.014245014,-0.068493151,-0.012345679,0.002375297,0.011049724
