"Code","Name","LA_code","LA_name","All","X0to15","X16to29","X30to44","X45to64","X65plus"
"E01007347","Barnsley 008D","E08000016","Barnsley",0.020038785,-0.010948905,0.00754717,0.037414966,0.021929825,0.042635659
