"Code","Name","LA_code","LA_name","All","X0to15","X16to29","X30to44","X45to64","X65plus"
"E01007334","Barnsley 009A","E08000016","Barnsley",-0.018099548,-0.034313725,0.005154639,0.012295082,0.007481297,-0.084805654
