"Code","Name","LA_code","LA_name","All","X0to15","X16to29","X30to44","X45to64","X65plus"
"E01032551","Barnsley 010H","E08000016","Barnsley",0.00075815,-0.013565891,-0.004914005,0.036398467,-0.001322751,-0.016018307
