"Code","Name","LA_code","LA_name","All","X0to15","X16to29","X30to44","X45to64","X65plus"
"E01000138","Barnet 040A","E09000003","Barnet",-0.032360406,0.010169492,-0.037267081,-0.078431373,-0.002617801,-0.059090909
