"Code","Name","LA_code","LA_name","All","X0to15","X16to29","X30to44","X45to64","X65plus"
"E01000205","Barnet 035A","E09000003","Barnet",-0.002444988,0.010582011,0.015789474,-0.020671835,0.027989822,-0.048611111
