"Code","Name","LA_code","LA_name","All","X0to15","X16to29","X30to44","X45to64","X65plus"
"E01000160","Barnet 015C","E09000003","Barnet",0.001935172,0.037234043,-0.014423077,-0.012718601,-0.004056795,0.039215686
