"Code","Name","LA_code","LA_name","All","X0to15","X16to29","X30to44","X45to64","X65plus"
"E01000172","Barnet 003D","E09000003","Barnet",-0.002222222,0,0,-0.010899183,0.006651885,-0.010791367
