"Code","Name","LA_code","LA_name","All","X0to15","X16to29","X30to44","X45to64","X65plus"
"E01000274","Barnet 011C","E09000003","Barnet",0.009693878,-0.015873016,-0.026086957,0.042553191,0.01002004,0.047619048
