"Code","Name","LA_code","LA_name","All","X0to15","X16to29","X30to44","X45to64","X65plus"
"E01000276","Barnet 020A","E09000003","Barnet",0.003272251,0.00795756,-0.016304348,-0.03654485,0.006976744,0.055084746
