"Code","Name","LA_code","LA_name","All","X0to15","X16to29","X30to44","X45to64","X65plus"
"E01000209","Barnet 035B","E09000003","Barnet",-0.008575198,0.042553191,-0.098684211,-0.037593985,0.021978022,-0.012024048
