"Code","Name","LA_code","LA_name","All","X0to15","X16to29","X30to44","X45to64","X65plus"
"E01033572","Barnet 030E","E09000003","Barnet",-0.002087683,0.062634989,0.012345679,-0.011146497,-0.011583012,-0.127853881
