"Code","Name","LA_code","LA_name","All","X0to15","X16to29","X30to44","X45to64","X65plus"
"E01000261","Barnet 017C","E09000003","Barnet",0.00976801,0.043624161,-0.010989011,0.010452962,0.006944444,-0.002277904
