"Code","Name","LA_code","LA_name","All","X0to15","X16to29","X30to44","X45to64","X65plus"
"E01007440","Barnsley 002D","E08000016","Barnsley",-0.019442644,-0.03785489,-0.006451613,0.003496503,-0.026634383,-0.02764977
