"Code","Name","LA_code","LA_name","All","X0to15","X16to29","X30to44","X45to64","X65plus"
"E01000218","Barnet 037C","E09000003","Barnet",-0.013636364,0.003496503,-0.039351852,0,-0.00862069,-0.044554455
