"Code","Name","LA_code","LA_name","All","X0to15","X16to29","X30to44","X45to64","X65plus"
"E01007396","Barnsley 028A","E08000016","Barnsley",-0.002514142,0.067193676,-0.043478261,0.022151899,0,-0.050314465
