"Code","Name","LA_code","LA_name","All","X0to15","X16to29","X30to44","X45to64","X65plus"
"E01007392","Barnsley 030D","E08000016","Barnsley",0.014915694,0.009009009,0.018867925,0.056537102,0,-0.004115226
