"Code","Name","LA_code","LA_name","All","X0to15","X16to29","X30to44","X45to64","X65plus"
"E01007408","Barnsley 010C","E08000016","Barnsley",0.003809524,0.010135135,0.056451613,-0.01650165,0.009756098,-0.031446541
