"Code","Name","LA_code","LA_name","All","X0to15","X16to29","X30to44","X45to64","X65plus"
"E01007337","Barnsley 015D","E08000016","Barnsley",-0.039863879,-0.018469657,-0.055009823,-0.060150376,-0.037946429,0.010582011
