"Code","Name","LA_code","LA_name","All","X0to15","X16to29","X30to44","X45to64","X65plus"
"E01007443","Barnsley 013F","E08000016","Barnsley",-0.018561485,-0.056379822,-0.010050251,-0.039007092,-0.025263158,0.104395604
