"Code","Name","LA_code","LA_name","All","X0to15","X16to29","X30to44","X45to64","X65plus"
"E01000169","Barnet 003C","E09000003","Barnet",-0.009821977,0.034161491,-0.016949153,-0.047738693,-0.004901961,-0.00754717
