"Code","Name","LA_code","LA_name","All","X0to15","X16to29","X30to44","X45to64","X65plus"
"E01007409","Barnsley 010D","E08000016","Barnsley",0.045961917,0.056910569,0.064150943,0.032679739,0.03087886,0.056140351
