"Code","Name","LA_code","LA_name","All","X0to15","X16to29","X30to44","X45to64","X65plus"
"E01007413","Barnsley 017C","E08000016","Barnsley",0.066423358,0.040247678,0.09469697,0.127906977,0.046632124,0.014388489
