"Code","Name","LA_code","LA_name","All","X0to15","X16to29","X30to44","X45to64","X65plus"
"E01000222","Barnet 040C","E09000003","Barnet",-0.009106431,0.023255814,0.008849558,-0.018779343,-0.044917258,-0.005494505
