"Code","Name","LA_code","LA_name","All","X0to15","X16to29","X30to44","X45to64","X65plus"
"E01000228","Barnet 007A","E09000003","Barnet",0.026885246,0.046997389,0.003846154,-0.003703704,0.011961722,0.092783505
