"Code","Name","LA_code","LA_name","All","X0to15","X16to29","X30to44","X45to64","X65plus"
"E01007323","Barnsley 007A","E08000016","Barnsley",0.014584654,0.018617021,-0.008571429,0.023952096,0.019021739,0.026845638
