"Code","Name","LA_code","LA_name","All","X0to15","X16to29","X30to44","X45to64","X65plus"
"E01000250","Barnet 001C","E09000003","Barnet",-0.005837286,0.0562249,-0.016064257,-0.016591252,-0.02170767,-0.025575448
