"Code","Name","LA_code","LA_name","All","X0to15","X16to29","X30to44","X45to64","X65plus"
"E01000162","Barnet 015E","E09000003","Barnet",0.003616637,0.032894737,-0.006430868,0.005934718,-0.01511879,0.012295082
