"Code","Name","LA_code","LA_name","All","X0to15","X16to29","X30to44","X45to64","X65plus"
"E01007417","Barnsley 013D","E08000016","Barnsley",-0.00897364,0.012578616,-0.018306636,0.007025761,-0.055961071,0.042105263
