"Code","Name","LA_code","LA_name","All","X0to15","X16to29","X30to44","X45to64","X65plus"
"E01000269","Barnet 005C","E09000003","Barnet",0.006228374,0.032786885,0.020491803,0.055335968,-0.023041475,-0.02962963
