"Code","Name","LA_code","LA_name","All","X0to15","X16to29","X30to44","X45to64","X65plus"
"E01019150","Barrow-in-Furness 002C","E07000027","Barrow-in-Furness",-0.017647059,-0.026819923,-0.00754717,-0.010830325,-0.004587156,-0.04467354
