"Code","Name","LA_code","LA_name","All","X0to15","X16to29","X30to44","X45to64","X65plus"
"E01019176","Barrow-in-Furness 006B","E07000027","Barrow-in-Furness",0.005214368,-0.043046358,-0.028985507,0.030888031,0.011787819,0.031180401
