"Code","Name","LA_code","LA_name","All","X0to15","X16to29","X30to44","X45to64","X65plus"
"E01019163","Barrow-in-Furness 003F","E07000027","Barrow-in-Furness",0.001584786,0.046632124,-0.030674847,0.070175439,-0.00990099,-0.03021148
