"Code","Name","LA_code","LA_name","All","X0to15","X16to29","X30to44","X45to64","X65plus"
"E01019185","Barrow-in-Furness 010C","E07000027","Barrow-in-Furness",0.008,0.013274336,-0.027777778,0.027777778,0.027363184,-0.011396011
