"Code","Name","LA_code","LA_name","All","X0to15","X16to29","X30to44","X45to64","X65plus"
"E01019170","Barrow-in-Furness 005D","E07000027","Barrow-in-Furness",-0.013809911,-0.042307692,-0.042056075,-0.008810573,0.024725275,-0.024096386
