"Code","Name","LA_code","LA_name","All","X0to15","X16to29","X30to44","X45to64","X65plus"
"E01019173","Barrow-in-Furness 007D","E07000027","Barrow-in-Furness",0.015535568,0.05106383,0.066079295,-0.020746888,-0.024305556,0.017241379
