"Code","Name","LA_code","LA_name","All","X0to15","X16to29","X30to44","X45to64","X65plus"
"E01019175","Barrow-in-Furness 007F","E07000027","Barrow-in-Furness",0.009365994,-0.007220217,0.016260163,0.042372881,0.037634409,-0.050583658
