"Code","Name","LA_code","LA_name","All","X0to15","X16to29","X30to44","X45to64","X65plus"
"E01019187","Barrow-in-Furness 010E","E07000027","Barrow-in-Furness",-0.002409639,-0.050691244,-0.051428571,0.052631579,0.008086253,0.01369863
