"Code","Name","LA_code","LA_name","All","X0to15","X16to29","X30to44","X45to64","X65plus"
"E01019142","Barrow-in-Furness 008B","E07000027","Barrow-in-Furness",-0.00446761,-0.003225806,0.008298755,-0.014545455,0.002857143,-0.023952096
