"Code","Name","LA_code","LA_name","All","X0to15","X16to29","X30to44","X45to64","X65plus"
"E01019147","Barrow-in-Furness 001D","E07000027","Barrow-in-Furness",0.01874596,0.02295082,0.055214724,0.010791367,-0.012376238,0.025641026
