"Code","Name","LA_code","LA_name","All","X0to15","X16to29","X30to44","X45to64","X65plus"
"E01019167","Barrow-in-Furness 005A","E07000027","Barrow-in-Furness",-0.03871439,-0.068965517,-0.008032129,-0.064393939,-0.026246719,-0.032921811
