"Code","Name","LA_code","LA_name","All","X0to15","X16to29","X30to44","X45to64","X65plus"
"E01019158","Barrow-in-Furness 008E","E07000027","Barrow-in-Furness",-0.003546099,-0.048034934,0.031746032,0.020100503,-0.024221453,0.012578616
