"Code","Name","LA_code","LA_name","All","X0to15","X16to29","X30to44","X45to64","X65plus"
"E01019179","Barrow-in-Furness 006E","E07000027","Barrow-in-Furness",0.004251701,0.08,0.006711409,0.039548023,-0.015748031,-0.028213166
