"Code","Name","LA_code","LA_name","All","X0to15","X16to29","X30to44","X45to64","X65plus"
"E01021244","Basildon 004A","E07000066","Basildon",0.027166882,0.120996441,0.015384615,0.080152672,-0.005141388,-0.033412888
