"Code","Name","LA_code","LA_name","All","X0to15","X16to29","X30to44","X45to64","X65plus"
"E01021323","Basildon 019B","E07000066","Basildon",0.004907306,0.013108614,0.005235602,0,0.018567639,-0.039106145
