"Code","Name","LA_code","LA_name","All","X0to15","X16to29","X30to44","X45to64","X65plus"
"E01022486","Basingstoke and Deane 013C","E07000084","Basingstoke and Deane",0.012466607,0.027633851,0.004662005,0.03649635,-0.027131783,0.022988506
