"Code","Name","LA_code","LA_name","All","X0to15","X16to29","X30to44","X45to64","X65plus"
"E01021283","Basildon 021D","E07000066","Basildon",-0.0170347,-0.03264095,0.007434944,-0.020467836,-0.026004728,0
