"Code","Name","LA_code","LA_name","All","X0to15","X16to29","X30to44","X45to64","X65plus"
"E01022492","Basingstoke and Deane 005C","E07000084","Basingstoke and Deane",0.017676768,0.019305019,0.02955665,0.018050542,0.001886792,0.034920635
