"Code","Name","LA_code","LA_name","All","X0to15","X16to29","X30to44","X45to64","X65plus"
"E01022561","Basingstoke and Deane 017D","E07000084","Basingstoke and Deane",-0.004160888,0.023715415,0.02484472,-0.014563107,0.001908397,-0.046979866
