"Code","Name","LA_code","LA_name","All","X0to15","X16to29","X30to44","X45to64","X65plus"
"E01032847","Basingstoke and Deane 011F","E07000084","Basingstoke and Deane",0.00265428,-0.024752475,-0.014705882,-0.008645533,0.003154574,0.053156146
