"Code","Name","LA_code","LA_name","All","X0to15","X16to29","X30to44","X45to64","X65plus"
"E01021328","Basildon 022E","E07000066","Basildon",0.032786885,0.062695925,0.026239067,0.044776119,0.013761468,0.022727273
