"Code","Name","LA_code","LA_name","All","X0to15","X16to29","X30to44","X45to64","X65plus"
"E01022523","Basingstoke and Deane 008D","E07000084","Basingstoke and Deane",0.011734029,-0.016042781,0.029239766,0.015444015,0.017821782,0.019607843
