"Code","Name","LA_code","LA_name","All","X0to15","X16to29","X30to44","X45to64","X65plus"
"E01022498","Basingstoke and Deane 006D","E07000084","Basingstoke and Deane",-0.005420054,-0.064189189,-0.021097046,0.01754386,-0.009546539,0.076923077
