"Code","Name","LA_code","LA_name","All","X0to15","X16to29","X30to44","X45to64","X65plus"
"E01022499","Basingstoke and Deane 003C","E07000084","Basingstoke and Deane",0.008690255,0.010230179,0.053333333,0.020242915,-0.009940358,0.00625
