"Code","Name","LA_code","LA_name","All","X0to15","X16to29","X30to44","X45to64","X65plus"
"E01021260","Basildon 009D","E07000066","Basildon",0.001266357,-0.019762846,-0.025974026,0,0.017377567,0.029411765
