"Code","Name","LA_code","LA_name","All","X0to15","X16to29","X30to44","X45to64","X65plus"
"E01022502","Basingstoke and Deane 011B","E07000084","Basingstoke and Deane",-0.010843373,-0.039145907,0.003021148,0.024509804,0.005319149,-0.075757576
