"Code","Name","LA_code","LA_name","All","X0to15","X16to29","X30to44","X45to64","X65plus"
"E01021261","Basildon 010A","E07000066","Basildon",0.037922987,0.085889571,0.034013605,0.037288136,-0.001996008,0.05704698
