"Code","Name","LA_code","LA_name","All","X0to15","X16to29","X30to44","X45to64","X65plus"
"E01021304","Basildon 013C","E07000066","Basildon",0.02917232,0.03030303,0.020408163,0.018587361,0.023684211,0.056
