"Code","Name","LA_code","LA_name","All","X0to15","X16to29","X30to44","X45to64","X65plus"
"E01022566","Basingstoke and Deane 010B","E07000084","Basingstoke and Deane",0.014637904,-0.025862069,0.052631579,0.042635659,0.011627907,-0.003921569
