"Code","Name","LA_code","LA_name","All","X0to15","X16to29","X30to44","X45to64","X65plus"
"E01021265","Basildon 012A","E07000066","Basildon",-0.014577259,-0.005235602,-0.078688525,0.016901408,0.004975124,-0.025830258
