"Code","Name","LA_code","LA_name","All","X0to15","X16to29","X30to44","X45to64","X65plus"
"E01021303","Basildon 011B","E07000066","Basildon",0.028429282,0.058181818,0.024390244,0.032374101,0.015424165,0.015384615
