"Code","Name","LA_code","LA_name","All","X0to15","X16to29","X30to44","X45to64","X65plus"
"E01022567","Basingstoke and Deane 010C","E07000084","Basingstoke and Deane",0.011441648,0.003184713,0.056872038,0.017064846,-0.006711409,-0.005128205
