"Code","Name","LA_code","LA_name","All","X0to15","X16to29","X30to44","X45to64","X65plus"
"E01021307","Basildon 011C","E07000066","Basildon",-0.002112676,-0.003389831,0.003816794,0.018181818,-0.007936508,-0.038709677
