"Code","Name","LA_code","LA_name","All","X0to15","X16to29","X30to44","X45to64","X65plus"
"E01021343","Basildon 008C","E07000066","Basildon",0.056634304,0.063679245,0.032663317,0.056155508,0.029953917,0.192592593
