"Code","Name","LA_code","LA_name","All","X0to15","X16to29","X30to44","X45to64","X65plus"
"E01021345","Basildon 007E","E07000066","Basildon",-0.003696858,0,0.007017544,-0.008264463,-0.003656307,-0.019230769
