"Code","Name","LA_code","LA_name","All","X0to15","X16to29","X30to44","X45to64","X65plus"
"E01021280","Basildon 021A","E07000066","Basildon",-0.004972032,0.002906977,-0.02310231,0.009975062,0.002347418,-0.051851852
