"Code","Name","LA_code","LA_name","All","X0to15","X16to29","X30to44","X45to64","X65plus"
"E01022511","Basingstoke and Deane 021C","E07000084","Basingstoke and Deane",0.014551334,-0.029090909,0.074074074,0.015151515,0.022167488,0.007692308
