"Code","Name","LA_code","LA_name","All","X0to15","X16to29","X30to44","X45to64","X65plus"
"E01021256","Basildon 004D","E07000066","Basildon",-0.004867872,0.044052863,-0.01754386,0,-0.002136752,-0.033942559
