"Code","Name","LA_code","LA_name","All","X0to15","X16to29","X30to44","X45to64","X65plus"
"E01022488","Basingstoke and Deane 003A","E07000084","Basingstoke and Deane",0.026061057,0.052083333,0.00877193,-0.024489796,0.050761421,0.021276596
