"Code","Name","LA_code","LA_name","All","X0to15","X16to29","X30to44","X45to64","X65plus"
"E01022482","Basingstoke and Deane 012B","E07000084","Basingstoke and Deane",-0.019326683,-0.012903226,0.031372549,-0.058139535,-0.021505376,-0.021671827
