"Code","Name","LA_code","LA_name","All","X0to15","X16to29","X30to44","X45to64","X65plus"
"E01021251","Basildon 001E","E07000066","Basildon",0,0,-0.00462963,-0.018050542,0.010040161,0.003236246
