"Code","Name","LA_code","LA_name","All","X0to15","X16to29","X30to44","X45to64","X65plus"
"E01021240","Basildon 003B","E07000066","Basildon",-0.003466205,-0.010169492,-0.003412969,0.013227513,0.00234192,-0.023668639
