"Code","Name","LA_code","LA_name","All","X0to15","X16to29","X30to44","X45to64","X65plus"
"E01022515","Basingstoke and Deane 018A","E07000084","Basingstoke and Deane",0.047725578,0.101010101,0.116883117,0.029411765,0.007228916,0.061889251
