"Code","Name","LA_code","LA_name","All","X0to15","X16to29","X30to44","X45to64","X65plus"
"E01021287","Basildon 017A","E07000066","Basildon",-0.020512821,-0.024464832,-0.074204947,-0.010238908,-0.016055046,0.031674208
