"Code","Name","LA_code","LA_name","All","X0to15","X16to29","X30to44","X45to64","X65plus"
"E01022485","Basingstoke and Deane 013B","E07000084","Basingstoke and Deane",-0.001582278,-0.035502959,0.030567686,0.003891051,-0.025641026,0.053892216
