"Code","Name","LA_code","LA_name","All","X0to15","X16to29","X30to44","X45to64","X65plus"
"E01022491","Basingstoke and Deane 005B","E07000084","Basingstoke and Deane",0.052203065,0.063868613,0.042440318,0.090707965,0.005791506,0.07253886
