"Code","Name","LA_code","LA_name","All","X0to15","X16to29","X30to44","X45to64","X65plus"
"E01021325","Basildon 019D","E07000066","Basildon",0.025989368,0.074898785,0.014440433,-0.010869565,-0.01061008,0.062146893
