"Code","Name","LA_code","LA_name","All","X0to15","X16to29","X30to44","X45to64","X65plus"
"E01021270","Basildon 012D","E07000066","Basildon",-0.012139605,-0.011881188,0.002645503,-0.004683841,-0.03930131,0.004784689
