"Code","Name","LA_code","LA_name","All","X0to15","X16to29","X30to44","X45to64","X65plus"
"E01021319","Basildon 017E","E07000066","Basildon",-0.015429122,-0.027833002,-0.038043478,-0.01980198,0,0.023622047
