"Code","Name","LA_code","LA_name","All","X0to15","X16to29","X30to44","X45to64","X65plus"
"E01021332","Basildon 006D","E07000066","Basildon",0.002123142,0.019900498,-0.010204082,-0.035714286,0.042394015,-0.021479714
