"Code","Name","LA_code","LA_name","All","X0to15","X16to29","X30to44","X45to64","X65plus"
"E01021333","Basildon 006E","E07000066","Basildon",-0.004421984,-0.012931034,-0.010810811,-0.012711864,-0.008830022,0.01048218
