"Code","Name","LA_code","LA_name","All","X0to15","X16to29","X30to44","X45to64","X65plus"
"E01021339","Basildon 005D","E07000066","Basildon",0,-0.034615385,0.045685279,-0.013651877,0.012755102,-0.003367003
