"Code","Name","LA_code","LA_name","All","X0to15","X16to29","X30to44","X45to64","X65plus"
"E01022507","Basingstoke and Deane 011D","E07000084","Basingstoke and Deane",0.00128123,-0.035087719,0.00754717,0.01529052,0.008714597,0.004444444
