"Code","Name","LA_code","LA_name","All","X0to15","X16to29","X30to44","X45to64","X65plus"
"E01022563","Basingstoke and Deane 020B","E07000084","Basingstoke and Deane",-0.006818182,-0.009404389,-0.005291005,-0.052805281,0.010657194,0.005181347
