"Code","Name","LA_code","LA_name","All","X0to15","X16to29","X30to44","X45to64","X65plus"
"E01022503","Basingstoke and Deane 012D","E07000084","Basingstoke and Deane",0.00537996,0.058035714,-0.026755853,-0.002747253,-0.010526316,0.036363636
