"Code","Name","LA_code","LA_name","All","X0to15","X16to29","X30to44","X45to64","X65plus"
"E01022555","Basingstoke and Deane 001C","E07000084","Basingstoke and Deane",0.037288136,0.036231884,0.054166667,0.029962547,0.012787724,0.063122924
