"Code","Name","LA_code","LA_name","All","X0to15","X16to29","X30to44","X45to64","X65plus"
"E01021255","Basildon 004C","E07000066","Basildon",0.002089136,-0.02991453,-0.019354839,0.020661157,0.018817204,0.002309469
