"Code","Name","LA_code","LA_name","All","X0to15","X16to29","X30to44","X45to64","X65plus"
"E01021289","Basildon 016C","E07000066","Basildon",0.028776978,0.033039648,0.033766234,0.041575492,0.020737327,0
