"Code","Name","LA_code","LA_name","All","X0to15","X16to29","X30to44","X45to64","X65plus"
"E01021247","Basildon 003E","E07000066","Basildon",-0.000648508,-0.031914894,-0.092783505,0.049429658,0.035264484,-0.002463054
