"Code","Name","LA_code","LA_name","All","X0to15","X16to29","X30to44","X45to64","X65plus"
"E01021241","Basildon 003C","E07000066","Basildon",-0.006575015,0.002906977,-0.030716724,-0.023188406,-0.005319149,0.022222222
