"Code","Name","LA_code","LA_name","All","X0to15","X16to29","X30to44","X45to64","X65plus"
"E01022490","Basingstoke and Deane 005A","E07000084","Basingstoke and Deane",-0.02308961,-0.051075269,-0.021164021,-0.013192612,-0.020942408,-0.006535948
