"Code","Name","LA_code","LA_name","All","X0to15","X16to29","X30to44","X45to64","X65plus"
"E01021285","Basildon 021F","E07000066","Basildon",0.029905179,0.05,0.051724138,0.003225806,0.035087719,0.005882353
