"Code","Name","LA_code","LA_name","All","X0to15","X16to29","X30to44","X45to64","X65plus"
"E01022539","Basingstoke and Deane 007B","E07000084","Basingstoke and Deane",0.013481364,0.012698413,-0.028037383,0.037414966,0.018726592,0.01754386
