"Code","Name","LA_code","LA_name","All","X0to15","X16to29","X30to44","X45to64","X65plus"
"E01021292","Basildon 017B","E07000066","Basildon",-0.146715777,-0.168604651,-0.153256705,-0.220289855,-0.143222506,-0.03125
