"Code","Name","LA_code","LA_name","All","X0to15","X16to29","X30to44","X45to64","X65plus"
"E01022557","Basingstoke and Deane 002D","E07000084","Basingstoke and Deane",0.017150396,-0.013422819,0.00990099,0.056390977,0.009756098,0.026470588
