"Code","Name","LA_code","LA_name","All","X0to15","X16to29","X30to44","X45to64","X65plus"
"E01021324","Basildon 019C","E07000066","Basildon",-0.002944641,-0.026845638,0.002739726,0.044728435,0.028795812,-0.09947644
