"Code","Name","LA_code","LA_name","All","X0to15","X16to29","X30to44","X45to64","X65plus"
"E01021336","Basildon 005B","E07000066","Basildon",0.01628468,0.026217228,-0.0125,0.018382353,0.004524887,0.036613272
