"Code","Name","LA_code","LA_name","All","X0to15","X16to29","X30to44","X45to64","X65plus"
"E01021298","Basildon 017D","E07000066","Basildon",0.007831325,0.008130081,0.059925094,0.005540166,-0.005141388,-0.02189781
