"Code","Name","LA_code","LA_name","All","X0to15","X16to29","X30to44","X45to64","X65plus"
"E01021243","Basildon 003D","E07000066","Basildon",0.00119976,0.030100334,0,-0.040697674,0.013888889,0
