"Code","Name","LA_code","LA_name","All","X0to15","X16to29","X30to44","X45to64","X65plus"
"E01032846","Basingstoke and Deane 012F","E07000084","Basingstoke and Deane",-0.011542497,-0.046875,0.002061856,0.002680965,-0.057017544,0.095238095
