"Code","Name","LA_code","LA_name","All","X0to15","X16to29","X30to44","X45to64","X65plus"
"E01028058","Bassetlaw 009C","E07000171","Bassetlaw",-0.025876011,-0.005698006,-0.011538462,-0.034482759,-0.047138047,-0.009933775
