"Code","Name","LA_code","LA_name","All","X0to15","X16to29","X30to44","X45to64","X65plus"
"E01028040","Bassetlaw 014A","E07000171","Bassetlaw",-0.001060445,-0.073684211,0.051282051,0.007042254,0.003636364,0.02283105
