"Code","Name","LA_code","LA_name","All","X0to15","X16to29","X30to44","X45to64","X65plus"
"E01028045","Bassetlaw 016G","E07000171","Bassetlaw",0.005726184,-0.008333333,0.003472222,0.003205128,0.024193548,0
