"Code","Name","LA_code","LA_name","All","X0to15","X16to29","X30to44","X45to64","X65plus"
"E01028043","Bassetlaw 014C","E07000171","Bassetlaw",-0.002751032,-0.0234375,0.009302326,-0.005128205,-0.004739336,0.008196721
