"Code","Name","LA_code","LA_name","All","X0to15","X16to29","X30to44","X45to64","X65plus"
"E01028056","Bassetlaw 009B","E07000171","Bassetlaw",0.030352748,0.034220532,0.019920319,0.020618557,0.024615385,0.059139785
