"Code","Name","LA_code","LA_name","All","X0to15","X16to29","X30to44","X45to64","X65plus"
"E01028039","Bassetlaw 015F","E07000171","Bassetlaw",-0.004958678,-0.085227273,0.00877193,0.037593985,0.040767386,-0.037837838
