"Code","Name","LA_code","LA_name","All","X0to15","X16to29","X30to44","X45to64","X65plus"
"E01027999","Bassetlaw 002A","E07000171","Bassetlaw",0.005323505,0.002392344,-0.011583012,0.019390582,0.008207934,0.002971768
