"Code","Name","LA_code","LA_name","All","X0to15","X16to29","X30to44","X45to64","X65plus"
"E01028017","Bassetlaw 010A","E07000171","Bassetlaw",-0.025464191,-0.071428571,0.04040404,-0.044854881,-0.024390244,-0.010928962
