"Code","Name","LA_code","LA_name","All","X0to15","X16to29","X30to44","X45to64","X65plus"
"E01028054","Bassetlaw 016D","E07000171","Bassetlaw",0.007534247,0.045226131,0,0.018348624,0.004395604,-0.009756098
