"Code","Name","LA_code","LA_name","All","X0to15","X16to29","X30to44","X45to64","X65plus"
"E01028055","Bassetlaw 009A","E07000171","Bassetlaw",0.026700572,0.053061224,0.021806854,0.022012579,0.004555809,0.052
