"Code","Name","LA_code","LA_name","All","X0to15","X16to29","X30to44","X45to64","X65plus"
"E01028028","Bassetlaw 001F","E07000171","Bassetlaw",0.023076923,0.028481013,0.020746888,0.061818182,0.027777778,-0.018072289
