"Code","Name","LA_code","LA_name","All","X0to15","X16to29","X30to44","X45to64","X65plus"
"E01028024","Bassetlaw 001B","E07000171","Bassetlaw",0.001041124,0.008403361,-0.040540541,0,0.021428571,-0.002487562
