"Code","Name","LA_code","LA_name","All","X0to15","X16to29","X30to44","X45to64","X65plus"
"E01028001","Bassetlaw 004A","E07000171","Bassetlaw",0.008566978,0.054237288,-0.040816327,-0.054393305,0.060283688,-0.003676471
