"Code","Name","LA_code","LA_name","All","X0to15","X16to29","X30to44","X45to64","X65plus"
"E01028067","Bassetlaw 013D","E07000171","Bassetlaw",-0.004545455,-0.015576324,0,0.003636364,-0.006741573,0
