"Code","Name","LA_code","LA_name","All","X0to15","X16to29","X30to44","X45to64","X65plus"
"E01028016","Bassetlaw 005D","E07000171","Bassetlaw",-0.002161383,-0.050505051,-0.016304348,0.076023392,0.007537688,-0.013729977
