"Code","Name","LA_code","LA_name","All","X0to15","X16to29","X30to44","X45to64","X65plus"
"E01028020","Bassetlaw 010D","E07000171","Bassetlaw",0.02375924,0.043859649,-0.005208333,0.020501139,0.013186813,0.062043796
