"Code","Name","LA_code","LA_name","All","X0to15","X16to29","X30to44","X45to64","X65plus"
"E01028003","Bassetlaw 004C","E07000171","Bassetlaw",0,-0.03255814,0,-0.005586592,0.013729977,0.006042296
