"Code","Name","LA_code","LA_name","All","X0to15","X16to29","X30to44","X45to64","X65plus"
"E01028037","Bassetlaw 015D","E07000171","Bassetlaw",-0.001749271,-0.04,0.026315789,0.010452962,-0.014112903,0.017326733
