"Code","Name","LA_code","LA_name","All","X0to15","X16to29","X30to44","X45to64","X65plus"
"E01028006","Bassetlaw 015A","E07000171","Bassetlaw",0.096797153,0.187755102,0.23655914,0.116751269,0.039534884,0.017291066
