"Code","Name","LA_code","LA_name","All","X0to15","X16to29","X30to44","X45to64","X65plus"
"E01028031","Bassetlaw 002C","E07000171","Bassetlaw",-0.04097646,-0.054054054,-0.006535948,-0.097560976,-0.029255319,-0.033457249
