"Code","Name","LA_code","LA_name","All","X0to15","X16to29","X30to44","X45to64","X65plus"
"E01028033","Bassetlaw 015C","E07000171","Bassetlaw",-0.013525305,0,-0.041958042,-0.012048193,-0.00887199,-0.014084507
