"Code","Name","LA_code","LA_name","All","X0to15","X16to29","X30to44","X45to64","X65plus"
"E01017471","Bedford 012F","E06000055","Bedford",0.004787234,0.076923077,0.002105263,-0.002352941,-0.036036036,0.008438819
