"Code","Name","LA_code","LA_name","All","X0to15","X16to29","X30to44","X45to64","X65plus"
"E01017496","Bedford 004C","E06000055","Bedford",-0.004478567,-0.050420168,0.012269939,0.004830918,-0.003809524,0.009302326
