"Code","Name","LA_code","LA_name","All","X0to15","X16to29","X30to44","X45to64","X65plus"
"E01017497","Bedford 010A","E06000055","Bedford",-0.010914052,-0.02739726,0,-0.030898876,-0.009118541,0.055555556
