"Code","Name","LA_code","LA_name","All","X0to15","X16to29","X30to44","X45to64","X65plus"
"E01017469","Bedford 012D","E06000055","Bedford",-0.007211538,-0.014134276,0,-0.01875,0.006479482,-0.013927577
