"Code","Name","LA_code","LA_name","All","X0to15","X16to29","X30to44","X45to64","X65plus"
"E01017480","Bedford 003C","E06000055","Bedford",-0.014084507,-0.029069767,-0.014204545,-0.003656307,-0.001949318,-0.029304029
