"Code","Name","LA_code","LA_name","All","X0to15","X16to29","X30to44","X45to64","X65plus"
"E01017548","Bedford 019C","E06000055","Bedford",0.0111699,0.039742213,-0.003669725,0.00441989,-0.004524887,0.005586592
