"Code","Name","LA_code","LA_name","All","X0to15","X16to29","X30to44","X45to64","X65plus"
"E01017473","Bedford 015B","E06000055","Bedford",0.012299283,-0.017133956,0.031847134,0.01726122,0.013752456,0
