"Code","Name","LA_code","LA_name","All","X0to15","X16to29","X30to44","X45to64","X65plus"
"E01017541","Bedford 001B","E06000055","Bedford",0,0.032653061,-0.01875,-0.02970297,-0.002352941,0.006451613
