"Code","Name","LA_code","LA_name","All","X0to15","X16to29","X30to44","X45to64","X65plus"
"E01017529","Bedford 006A","E06000055","Bedford",-0.008750994,-0.075471698,-0.021052632,-0.00456621,-0.01744186,0.054794521
