"Code","Name","LA_code","LA_name","All","X0to15","X16to29","X30to44","X45to64","X65plus"
"E01017515","Bedford 018C","E06000055","Bedford",-0.00243309,-0.011267606,-0.003533569,-0.01875,0,0.03030303
