"Code","Name","LA_code","LA_name","All","X0to15","X16to29","X30to44","X45to64","X65plus"
"E01017524","Bedford 011A","E06000055","Bedford",-0.014677728,-0.024475524,0.010791367,-0.061488673,-0.011547344,0.019157088
