"Code","Name","LA_code","LA_name","All","X0to15","X16to29","X30to44","X45to64","X65plus"
"E01017488","Bedford 007A","E06000055","Bedford",-0.011789182,-0.046082949,0.017045455,-0.032258065,-0.013404826,0.004357298
