"Code","Name","LA_code","LA_name","All","X0to15","X16to29","X30to44","X45to64","X65plus"
"E01033431","Bedford 004F","E06000055","Bedford",0.005789474,0.01512605,0.003367003,0.003992016,0.043209877,-0.081967213
