"Code","Name","LA_code","LA_name","All","X0to15","X16to29","X30to44","X45to64","X65plus"
"E01017514","Bedford 018B","E06000055","Bedford",0.005610973,0.061764706,-0.038596491,0.01607717,-0.002347418,-0.020661157
