"Code","Name","LA_code","LA_name","All","X0to15","X16to29","X30to44","X45to64","X65plus"
"E01017499","Bedford 010C","E06000055","Bedford",-0.016701461,-0.064171123,-0.006756757,0.003134796,-0.014534884,-0.020618557
