"Code","Name","LA_code","LA_name","All","X0to15","X16to29","X30to44","X45to64","X65plus"
"E01017516","Bedford 018D","E06000055","Bedford",0.016273663,0.017150396,0.020220588,0.015068493,0.004807692,0.030985915
