"Code","Name","LA_code","LA_name","All","X0to15","X16to29","X30to44","X45to64","X65plus"
"E01017535","Bedford 013A","E06000055","Bedford",0.010135135,0.002659574,0.035842294,0.006920415,0.005509642,0
