"Code","Name","LA_code","LA_name","All","X0to15","X16to29","X30to44","X45to64","X65plus"
"E01017489","Bedford 007B","E06000055","Bedford",0.008034611,0.013043478,-0.042253521,-0.002932551,0.023121387,0.064171123
