"Code","Name","LA_code","LA_name","All","X0to15","X16to29","X30to44","X45to64","X65plus"
"E01017468","Bedford 012C","E06000055","Bedford",0.002186589,-0.044827586,0.016393443,0.003344482,0.002638522,0.0625
