"Code","Name","LA_code","LA_name","All","X0to15","X16to29","X30to44","X45to64","X65plus"
"E01017495","Bedford 004B","E06000055","Bedford",-0.005250597,0.009367681,-0.051948052,0.02,-0.02388535,0.009779951
