"Code","Name","LA_code","LA_name","All","X0to15","X16to29","X30to44","X45to64","X65plus"
"E01017522","Bedford 014E","E06000055","Bedford",0.0256917,0.017241379,0.03902439,0.031189084,0.020997375,0.015923567
