"Code","Name","LA_code","LA_name","All","X0to15","X16to29","X30to44","X45to64","X65plus"
"E01017543","Bedford 004E","E06000055","Bedford",0.00137836,-0.039130435,0.040229885,0.029411765,-0.015384615,0.017301038
