"Code","Name","LA_code","LA_name","All","X0to15","X16to29","X30to44","X45to64","X65plus"
"E01017542","Bedford 004D","E06000055","Bedford",-0.007902299,0.073033708,-0.048192771,-0.051546392,-0.023529412,0.01744186
