"Code","Name","LA_code","LA_name","All","X0to15","X16to29","X30to44","X45to64","X65plus"
"E01017551","Bedford 020A","E06000055","Bedford",-0.00444247,-0.026223776,0.043076923,-0.002159827,-0.00317965,-0.022900763
