"Code","Name","LA_code","LA_name","All","X0to15","X16to29","X30to44","X45to64","X65plus"
"E01017528","Bedford 003E","E06000055","Bedford",0.001220008,0.001926782,-0.006779661,-0.002386635,0.008474576,-0.001930502
