"Code","Name","LA_code","LA_name","All","X0to15","X16to29","X30to44","X45to64","X65plus"
"E01017554","Bedford 020D","E06000055","Bedford",0.010396361,0.013245033,-0.063157895,0.040816327,0.011655012,0.024128686
