"Code","Name","LA_code","LA_name","All","X0to15","X16to29","X30to44","X45to64","X65plus"
"E01017536","Bedford 013B","E06000055","Bedford",0.001156069,-0.004322767,-0.010135135,-0.005326232,0.033898305,0.013793103
