"Code","Name","LA_code","LA_name","All","X0to15","X16to29","X30to44","X45to64","X65plus"
"E01017492","Bedford 007E","E06000055","Bedford",0,0.016990291,-0.004273504,-0.011049724,0.00617284,-0.021857923
