"Code","Name","LA_code","LA_name","All","X0to15","X16to29","X30to44","X45to64","X65plus"
"E01000404","Bexley 004B","E09000004","Bexley",-0.011498973,-0.034236805,-0.007092199,0.017991004,-0.009852217,-0.082474227
