"Code","Name","LA_code","LA_name","All","X0to15","X16to29","X30to44","X45to64","X65plus"
"E01000452","Bexley 009G","E09000004","Bexley",0.009887006,0.035598706,0.008264463,0.007692308,0.034567901,-0.075
