"Code","Name","LA_code","LA_name","All","X0to15","X16to29","X30to44","X45to64","X65plus"
"E01000373","Bexley 008A","E09000004","Bexley",-0.056675063,-0.087591241,-0.055900621,-0.070588235,-0.038461538,0.084745763
