"Code","Name","LA_code","LA_name","All","X0to15","X16to29","X30to44","X45to64","X65plus"
"E01000325","Bexley 014A","E09000004","Bexley",0,0,-0.011363636,-0.026490066,-0.002242152,0.040816327
