"Code","Name","LA_code","LA_name","All","X0to15","X16to29","X30to44","X45to64","X65plus"
"E01000444","Bexley 023B","E09000004","Bexley",0.029250457,0.04467354,0.027777778,0.020576132,0.025423729,0.028720627
