"Code","Name","LA_code","LA_name","All","X0to15","X16to29","X30to44","X45to64","X65plus"
"E01000447","Bexley 023C","E09000004","Bexley",0.004907306,-0.014492754,0.02259887,0.002252252,0.015228426,-0.003367003
