"Code","Name","LA_code","LA_name","All","X0to15","X16to29","X30to44","X45to64","X65plus"
"E01032566","Bexley 029D","E09000004","Bexley",0.022900763,0.084302326,-0.008474576,-0.005089059,0.020361991,0.029900332
