"Code","Name","LA_code","LA_name","All","X0to15","X16to29","X30to44","X45to64","X65plus"
"E01000465","Bexley 002E","E09000004","Bexley",-0.009190121,-0.01686747,-0.003174603,0.014534884,-0.012875536,-0.034825871
