"Code","Name","LA_code","LA_name","All","X0to15","X16to29","X30to44","X45to64","X65plus"
"E01000413","Bexley 018F","E09000004","Bexley",0.018142235,0.031372549,-0.007017544,0,-0.002724796,0.093896714
