"Code","Name","LA_code","LA_name","All","X0to15","X16to29","X30to44","X45to64","X65plus"
"E01000408","Bexley 004D","E09000004","Bexley",-0.003257329,-0.006451613,-0.010178117,0.004889976,-0.002325581,0
