"Code","Name","LA_code","LA_name","All","X0to15","X16to29","X30to44","X45to64","X65plus"
"E01000422","Bexley 002C","E09000004","Bexley",-0.031628888,-0.045534151,-0.022332506,-0.053571429,0.014319809,-0.089285714
