"Code","Name","LA_code","LA_name","All","X0to15","X16to29","X30to44","X45to64","X65plus"
"E01000386","Bexley 028D","E09000004","Bexley",0.001971091,0.048231511,-0.043333333,-0.00660066,0.01529052,-0.007117438
