"Code","Name","LA_code","LA_name","All","X0to15","X16to29","X30to44","X45to64","X65plus"
"E01000342","Bexley 022B","E09000004","Bexley",-0.00122474,-0.003236246,0.010344828,-0.002816901,0.002421308,-0.015037594
