"Code","Name","LA_code","LA_name","All","X0to15","X16to29","X30to44","X45to64","X65plus"
"E01000328","Bexley 017B","E09000004","Bexley",-0.028205128,-0.032490975,0.032407407,-0.031141869,-0.017073171,-0.070652174
