"Code","Name","LA_code","LA_name","All","X0to15","X16to29","X30to44","X45to64","X65plus"
"E01000466","Bexley 001A","E09000004","Bexley",0.025974026,0.016,0.024324324,0.057142857,0.04534005,-0.058441558
