"Code","Name","LA_code","LA_name","All","X0to15","X16to29","X30to44","X45to64","X65plus"
"E01000329","Bexley 017C","E09000004","Bexley",0.002560819,-0.006116208,-0.019011407,-0.018292683,0.020942408,0.034351145
