"Code","Name","LA_code","LA_name","All","X0to15","X16to29","X30to44","X45to64","X65plus"
"E01000333","Bexley 003A","E09000004","Bexley",0.009356081,0.056338028,0.015060241,-0.012531328,0.016548463,-0.032467532
