"Code","Name","LA_code","LA_name","All","X0to15","X16to29","X30to44","X45to64","X65plus"
"E01000381","Bexley 028A","E09000004","Bexley",-0.00461361,0,0.023178808,-0.009090909,-0.010869565,-0.026315789
