"Code","Name","LA_code","LA_name","All","X0to15","X16to29","X30to44","X45to64","X65plus"
"E01000436","Bexley 011E","E09000004","Bexley",-0.003391747,-0.073863636,0.010948905,0.037542662,0.010729614,0.002604167
