"Code","Name","LA_code","LA_name","All","X0to15","X16to29","X30to44","X45to64","X65plus"
"E01000361","Bexley 020C","E09000004","Bexley",-0.0169067,0.019292605,-0.026819923,0.009009009,-0.038379531,-0.049327354
