"Code","Name","LA_code","LA_name","All","X0to15","X16to29","X30to44","X45to64","X65plus"
"E01000367","Bexley 010A","E09000004","Bexley",0.018896834,0.008333333,0.019886364,0.015075377,0.021052632,0.039525692
