"Code","Name","LA_code","LA_name","All","X0to15","X16to29","X30to44","X45to64","X65plus"
"E01000326","Bexley 014B","E09000004","Bexley",0.006006006,-0.028268551,0.046948357,0.005882353,0.022508039,-0.016216216
