"Code","Name","LA_code","LA_name","All","X0to15","X16to29","X30to44","X45to64","X65plus"
"E01000331","Bexley 017E","E09000004","Bexley",-0.007255139,0.010869565,-0.02919708,0,-0.009302326,-0.014285714
