"Code","Name","LA_code","LA_name","All","X0to15","X16to29","X30to44","X45to64","X65plus"
"E01000457","Bexley 026D","E09000004","Bexley",-0.004826255,-0.012121212,-0.006369427,0.009596929,0.038147139,-0.057441253
