"Code","Name","LA_code","LA_name","All","X0to15","X16to29","X30to44","X45to64","X65plus"
"E01000410","Bexley 018D","E09000004","Bexley",-0.001195457,-0.006329114,0.023255814,0.017291066,-0.006622517,-0.0390625
