"Code","Name","LA_code","LA_name","All","X0to15","X16to29","X30to44","X45to64","X65plus"
"E01000351","Bexley 024A","E09000004","Bexley",-0.019831731,-0.019607843,-0.017804154,-0.008,-0.029535865,-0.017241379
