"Code","Name","LA_code","LA_name","All","X0to15","X16to29","X30to44","X45to64","X65plus"
"E01000416","Bexley 002A","E09000004","Bexley",0.031486146,0.083769634,0.021671827,0.015923567,0.010666667,0.010309278
