"Code","Name","LA_code","LA_name","All","X0to15","X16to29","X30to44","X45to64","X65plus"
"E01000394","Bexley 015E","E09000004","Bexley",0.013986014,0,0.081967213,0.050359712,-0.017721519,-0.013089005
