"Code","Name","LA_code","LA_name","All","X0to15","X16to29","X30to44","X45to64","X65plus"
"E01000464","Bexley 002D","E09000004","Bexley",-0.019488429,0.002544529,0.00660066,-0.024024024,-0.055045872,-0.016949153
