"Code","Name","LA_code","LA_name","All","X0to15","X16to29","X30to44","X45to64","X65plus"
"E01000469","Bexley 001D","E09000004","Bexley",0.007739082,0.006479482,0.003076923,0.007692308,0.002061856,0.04109589
