"Code","Name","LA_code","LA_name","All","X0to15","X16to29","X30to44","X45to64","X65plus"
"E01000338","Bexley 003E","E09000004","Bexley",0.013171226,0.002083333,0.0225,0.020833333,-0.014084507,0.063829787
