"Code","Name","LA_code","LA_name","All","X0to15","X16to29","X30to44","X45to64","X65plus"
"E01000357","Bexley 009B","E09000004","Bexley",0.011764706,0.067857143,-0.004032258,0.007067138,0.002493766,-0.017167382
