"Code","Name","LA_code","LA_name","All","X0to15","X16to29","X30to44","X45to64","X65plus"
"E01000355","Bexley 011C","E09000004","Bexley",0.084553928,0.070422535,0.084444444,0.088495575,0.105504587,0.067164179
