"Code","Name","LA_code","LA_name","All","X0to15","X16to29","X30to44","X45to64","X65plus"
"E01000417","Bexley 006B","E09000004","Bexley",0.052878966,0.061488673,0.014084507,0.084699454,0.035864979,0.07063197
