"Code","Name","LA_code","LA_name","All","X0to15","X16to29","X30to44","X45to64","X65plus"
"E01000380","Bexley 010D","E09000004","Bexley",-0.002906977,-0.048507463,0.008746356,0.021978022,0.002252252,-0.013289037
