"Code","Name","LA_code","LA_name","All","X0to15","X16to29","X30to44","X45to64","X65plus"
"E01008885","Birmingham 076A","E08000025","Birmingham",0.001477105,-0.006896552,0,0.075892857,-0.050802139,0.030150754
