"Code","Name","LA_code","LA_name","All","X0to15","X16to29","X30to44","X45to64","X65plus"
"E01009116","Birmingham 127D","E08000025","Birmingham",0.000717875,0,0.038461538,0.033149171,0.002638522,-0.032418953
