"Code","Name","LA_code","LA_name","All","X0to15","X16to29","X30to44","X45to64","X65plus"
"E01009024","Birmingham 103D","E08000025","Birmingham",0.004161712,-0.016877637,0.02,0.020408163,0.008746356,-0.011627907
