"Code","Name","LA_code","LA_name","All","X0to15","X16to29","X30to44","X45to64","X65plus"
"E01008924","Birmingham 101A","E08000025","Birmingham",-0.007554945,-0.011029412,-0.03196347,0.010600707,0.002702703,-0.016025641
