"Code","Name","LA_code","LA_name","All","X0to15","X16to29","X30to44","X45to64","X65plus"
"E01009251","Birmingham 080C","E08000025","Birmingham",0.004745763,-0.026845638,0.028901734,-0.028169014,0.037974684,0.019685039
