"Code","Name","LA_code","LA_name","All","X0to15","X16to29","X30to44","X45to64","X65plus"
"E01009015","Birmingham 089G","E08000025","Birmingham",-0.003831418,-0.005633803,0.005970149,-0.027956989,0,0.02173913
