"Code","Name","LA_code","LA_name","All","X0to15","X16to29","X30to44","X45to64","X65plus"
"E01008963","Birmingham 107B","E08000025","Birmingham",0.004654771,0.014285714,-0.012987013,-0.061016949,0.041800643,0.058139535
