"Code","Name","LA_code","LA_name","All","X0to15","X16to29","X30to44","X45to64","X65plus"
"E01009138","Birmingham 060A","E08000025","Birmingham",0.003375121,0.001897533,0.025490196,-0.00998004,-0.005730659,0
