"Code","Name","LA_code","LA_name","All","X0to15","X16to29","X30to44","X45to64","X65plus"
"E01009131","Birmingham 011D","E08000025","Birmingham",0.012884753,0.010752688,0.017421603,0.014285714,-0.026470588,0.118644068
