"Code","Name","LA_code","LA_name","All","X0to15","X16to29","X30to44","X45to64","X65plus"
"E01009326","Birmingham 066D","E08000025","Birmingham",0.000481464,-0.024781341,0.006382979,0.019323671,-0.005830904,0.054878049
