"Code","Name","LA_code","LA_name","All","X0to15","X16to29","X30to44","X45to64","X65plus"
"E01009091","Birmingham 045B","E08000025","Birmingham",-0.00248911,0.005899705,-0.009966777,-0.006968641,0.007712082,-0.013745704
