"Code","Name","LA_code","LA_name","All","X0to15","X16to29","X30to44","X45to64","X65plus"
"E01009163","Birmingham 129B","E08000025","Birmingham",0.004955947,0.024096386,0.008086253,-0.008379888,-0.002469136,0
