"Code","Name","LA_code","LA_name","All","X0to15","X16to29","X30to44","X45to64","X65plus"
"E01009045","Birmingham 097D","E08000025","Birmingham",0.013390466,-0.013363029,0.048346056,-0.028328612,0.052631579,0.006849315
