"Code","Name","LA_code","LA_name","All","X0to15","X16to29","X30to44","X45to64","X65plus"
"E01008980","Birmingham 121D","E08000025","Birmingham",0.014997001,0.024096386,-0.013586957,0.023333333,0.034188034,0.004291845
