"Code","Name","LA_code","LA_name","All","X0to15","X16to29","X30to44","X45to64","X65plus"
"E01009479","Birmingham 048B","E08000025","Birmingham",-0.00613748,-0.021356784,0.010135135,0.001937984,-0.018276762,0.012738854
