"Code","Name","LA_code","LA_name","All","X0to15","X16to29","X30to44","X45to64","X65plus"
"E01009023","Birmingham 098C","E08000025","Birmingham",0.008158508,0.00886918,-0.044827586,0.035190616,-0.002421308,0.054298643
