"Code","Name","LA_code","LA_name","All","X0to15","X16to29","X30to44","X45to64","X65plus"
"E01009469","Birmingham 010B","E08000025","Birmingham",0.024774775,0,0.017857143,-0.004694836,0.007936508,0.08
