"Code","Name","LA_code","LA_name","All","X0to15","X16to29","X30to44","X45to64","X65plus"
"E01009241","Birmingham 024D","E08000025","Birmingham",0.016347238,-0.024017467,0.025568182,0.01511335,0.061764706,0.017621145
