"Code","Name","LA_code","LA_name","All","X0to15","X16to29","X30to44","X45to64","X65plus"
"E01033564","Birmingham 136C","E08000025","Birmingham",-0.002560819,-0.173913043,0.005434783,0.001897533,0.114035088,0.25
