"Code","Name","LA_code","LA_name","All","X0to15","X16to29","X30to44","X45to64","X65plus"
"E01033643","Birmingham 082F","E08000025","Birmingham",-0.004912496,-0.004761905,0.021592443,-0.012552301,-0.018218623,-0.035294118
