"Code","Name","LA_code","LA_name","All","X0to15","X16to29","X30to44","X45to64","X65plus"
"E01009294","Birmingham 099C","E08000025","Birmingham",-0.009449694,0,-0.024038462,-0.022653722,-0.004987531,0.007194245
