"Code","Name","LA_code","LA_name","All","X0to15","X16to29","X30to44","X45to64","X65plus"
"E01008932","Birmingham 111A","E08000025","Birmingham",-0.013277007,-0.025445293,-0.009375,0.014204545,-0.002890173,-0.052845528
