"Code","Name","LA_code","LA_name","All","X0to15","X16to29","X30to44","X45to64","X65plus"
"E01033639","Birmingham 136D","E08000025","Birmingham",0.00668037,-0.021321962,0.010344828,-0.005952381,0.018927445,0.184210526
