"Code","Name","LA_code","LA_name","All","X0to15","X16to29","X30to44","X45to64","X65plus"
"E01009167","Birmingham 130C","E08000025","Birmingham",0.011250827,-0.014836795,0.036065574,0.025,-0.015306122,0.050761421
