"Code","Name","LA_code","LA_name","All","X0to15","X16to29","X30to44","X45to64","X65plus"
"E01009125","Birmingham 022C","E08000025","Birmingham",0.013572204,0.028225806,0.022922636,-0.021447721,-0.002427184,0.056603774
