"Code","Name","LA_code","LA_name","All","X0to15","X16to29","X30to44","X45to64","X65plus"
"E01009152","Birmingham 053B","E08000025","Birmingham",0.001860465,-0.002070393,0.006269592,-0.004366812,-0.004926108,0.03030303
