"Code","Name","LA_code","LA_name","All","X0to15","X16to29","X30to44","X45to64","X65plus"
"E01009207","Birmingham 124B","E08000025","Birmingham",-0.02188868,0.010169492,-0.015503876,-0.049342105,-0.002320186,-0.057877814
