"Code","Name","LA_code","LA_name","All","X0to15","X16to29","X30to44","X45to64","X65plus"
"E01009355","Birmingham 039E","E08000025","Birmingham",-0.020471464,-0.010282776,0.002808989,-0.012106538,-0.05,-0.064935065
