"Code","Name","LA_code","LA_name","All","X0to15","X16to29","X30to44","X45to64","X65plus"
"E01009005","Birmingham 025A","E08000025","Birmingham",0.014268728,-0.02972973,0.016339869,0.00286533,0.06122449,0.018867925
