"Code","Name","LA_code","LA_name","All","X0to15","X16to29","X30to44","X45to64","X65plus"
"E01009510","Birmingham 056E","E08000025","Birmingham",-0.020573566,-0.053521127,-0.012738854,-0.011320755,-0.038095238,0.014084507
