"Code","Name","LA_code","LA_name","All","X0to15","X16to29","X30to44","X45to64","X65plus"
"E01009295","Birmingham 099D","E08000025","Birmingham",0.010192525,-0.035242291,0.025914634,0.049792531,-0.009118541,0
