"Code","Name","LA_code","LA_name","All","X0to15","X16to29","X30to44","X45to64","X65plus"
"E01009509","Birmingham 056D","E08000025","Birmingham",0.027964785,0.005940594,0.046153846,0.060827251,0.031662269,-0.038674033
