"Code","Name","LA_code","LA_name","All","X0to15","X16to29","X30to44","X45to64","X65plus"
"E01008936","Birmingham 111C","E08000025","Birmingham",0.008722741,0.014662757,0.010416667,-0.018248175,-0.014423077,0.059440559
