"Code","Name","LA_code","LA_name","All","X0to15","X16to29","X30to44","X45to64","X65plus"
"E01008952","Birmingham 112B","E08000025","Birmingham",-0.007907543,-0.031914894,0.014851485,0.002079002,-0.025280899,-0.016528926
