"Code","Name","LA_code","LA_name","All","X0to15","X16to29","X30to44","X45to64","X65plus"
"E01009071","Birmingham 087B","E08000025","Birmingham",-0.008833922,-0.038461538,0.005780347,0.011940299,-0.031476998,0.005813953
