"Code","Name","LA_code","LA_name","All","X0to15","X16to29","X30to44","X45to64","X65plus"
"E01009377","Birmingham 083C","E08000025","Birmingham",-0.032666667,-0.032786885,-0.06741573,-0.03257329,-0.004672897,0.014814815
