"Code","Name","LA_code","LA_name","All","X0to15","X16to29","X30to44","X45to64","X65plus"
"E01009401","Birmingham 031F","E08000025","Birmingham",0.016547159,0.011547344,0.018672199,0.02173913,0.035714286,-0.033783784
