"Code","Name","LA_code","LA_name","All","X0to15","X16to29","X30to44","X45to64","X65plus"
"E01009104","Birmingham 028E","E08000025","Birmingham",0.017220172,0.009090909,0.028753994,0.034810127,0.01396648,-0.005025126
