"Code","Name","LA_code","LA_name","All","X0to15","X16to29","X30to44","X45to64","X65plus"
"E01009068","Birmingham 075C","E08000025","Birmingham",0.015752625,0.04296875,-0.005217391,0.018867925,0.018115942,0.032786885
