"Code","Name","LA_code","LA_name","All","X0to15","X16to29","X30to44","X45to64","X65plus"
"E01009046","Birmingham 097E","E08000025","Birmingham",-0.003833516,0.002688172,-0.038888889,0.025787966,-0.011494253,0.006451613
