"Code","Name","LA_code","LA_name","All","X0to15","X16to29","X30to44","X45to64","X65plus"
"E01009239","Birmingham 033F","E08000025","Birmingham",-0.0073903,-0.037671233,0.002531646,-0.028880866,0.003623188,-0.007407407
