"Code","Name","LA_code","LA_name","All","X0to15","X16to29","X30to44","X45to64","X65plus"
"E01009513","Birmingham 066F","E08000025","Birmingham",0.006633499,0.05204461,0.004889976,-0.016085791,-0.009009009,-0.057692308
