"Code","Name","LA_code","LA_name","All","X0to15","X16to29","X30to44","X45to64","X65plus"
"E01009520","Birmingham 072D","E08000025","Birmingham",-0.009423503,-0.067901235,0.02259887,0.039855072,-0.021032505,-0.009174312
