"Code","Name","LA_code","LA_name","All","X0to15","X16to29","X30to44","X45to64","X65plus"
"E01009123","Birmingham 022A","E08000025","Birmingham",0.023225806,0.045333333,0.013377926,0.03264095,0.003030303,0.014354067
