"Code","Name","LA_code","LA_name","All","X0to15","X16to29","X30to44","X45to64","X65plus"
"E01009054","Birmingham 033C","E08000025","Birmingham",0.008663366,0.005025126,0.005602241,0.013477089,0.006289308,0.01744186
