"Code","Name","LA_code","LA_name","All","X0to15","X16to29","X30to44","X45to64","X65plus"
"E01009503","Birmingham 101D","E08000025","Birmingham",-0.011742892,-0.02617801,-0.009615385,0.013745704,-0.002702703,-0.034220532
