"Code","Name","LA_code","LA_name","All","X0to15","X16to29","X30to44","X45to64","X65plus"
"E01009362","Birmingham 071A","E08000025","Birmingham",0.02962963,0.058411215,0.048632219,-0.010380623,0.037383178,-0.066666667
