"Code","Name","LA_code","LA_name","All","X0to15","X16to29","X30to44","X45to64","X65plus"
"E01009417","Birmingham 001A","E08000025","Birmingham",-0.024437299,-0.044378698,-0.034042553,0.041841004,-0.028436019,-0.040498442
