"Code","Name","LA_code","LA_name","All","X0to15","X16to29","X30to44","X45to64","X65plus"
"E01009224","Birmingham 008C","E08000025","Birmingham",0.000691085,-0.01953125,0.012048193,-0.012658228,0.002531646,0.016129032
