"Code","Name","LA_code","LA_name","All","X0to15","X16to29","X30to44","X45to64","X65plus"
"E01008882","Birmingham 066A","E08000025","Birmingham",-0.01117943,-0.001865672,-0.00617284,-0.025510204,-0.010989011,-0.01734104
