"Code","Name","LA_code","LA_name","All","X0to15","X16to29","X30to44","X45to64","X65plus"
"E01008991","Birmingham 064F","E08000025","Birmingham",0.018205462,0.086378738,0.004739336,-0.042105263,0.002702703,0.032345013
