"Code","Name","LA_code","LA_name","All","X0to15","X16to29","X30to44","X45to64","X65plus"
"E01009268","Birmingham 036A","E08000025","Birmingham",0.009439899,-0.008450704,0.025806452,-0.006430868,0.012406948,0.033333333
