"Code","Name","LA_code","LA_name","All","X0to15","X16to29","X30to44","X45to64","X65plus"
"E01009403","Birmingham 020A","E08000025","Birmingham",0.023041475,0.020671835,-0.00308642,0.038194444,0.052785924,-0.005586592
