"Code","Name","LA_code","LA_name","All","X0to15","X16to29","X30to44","X45to64","X65plus"
"E01009472","Birmingham 010D","E08000025","Birmingham",0.010290557,0.020408163,-0.013574661,0.026755853,0,0.013513514
