"Code","Name","LA_code","LA_name","All","X0to15","X16to29","X30to44","X45to64","X65plus"
"E01009490","Birmingham 055D","E08000025","Birmingham",0.002322341,-0.003025719,0,0.018058691,0.011396011,-0.029069767
