"Code","Name","LA_code","LA_name","All","X0to15","X16to29","X30to44","X45to64","X65plus"
"E01009002","Birmingham 023A","E08000025","Birmingham",-0.00852459,0.020746888,-0.036423841,-0.007117438,-0.054054054,0.036585366
