"Code","Name","LA_code","LA_name","All","X0to15","X16to29","X30to44","X45to64","X65plus"
"E01009118","Birmingham 127E","E08000025","Birmingham",0.016997167,0.046875,0.044776119,-0.003584229,0.034946237,-0.029605263
