"Code","Name","LA_code","LA_name","All","X0to15","X16to29","X30to44","X45to64","X65plus"
"E01009094","Birmingham 054C","E08000025","Birmingham",0.016806723,0.044642857,-0.00304878,0.044025157,0,-0.048611111
