"Code","Name","LA_code","LA_name","All","X0to15","X16to29","X30to44","X45to64","X65plus"
"E01032589","Birmingham 132E","E08000025","Birmingham",-0.008991651,-0.03030303,-0.007117438,0.006802721,0.01285347,-0.033783784
