"Code","Name","LA_code","LA_name","All","X0to15","X16to29","X30to44","X45to64","X65plus"
"E01009346","Birmingham 053E","E08000025","Birmingham",-0.001627781,0.008741259,0.015789474,-0.02173913,0.012578616,-0.07079646
