"Code","Name","LA_code","LA_name","All","X0to15","X16to29","X30to44","X45to64","X65plus"
"E01008971","Birmingham 117D","E08000025","Birmingham",-0.024915062,-0.039893617,-0.045454545,-0.019498607,-0.002380952,-0.02310231
