"Code","Name","LA_code","LA_name","All","X0to15","X16to29","X30to44","X45to64","X65plus"
"E01008990","Birmingham 064E","E08000025","Birmingham",-0.001519757,0.044198895,-0.002525253,0.00754717,-0.057142857,0.025773196
