"Code","Name","LA_code","LA_name","All","X0to15","X16to29","X30to44","X45to64","X65plus"
"E01009089","Birmingham 042D","E08000025","Birmingham",-0.002416918,-0.04048583,0.024464832,0.00862069,-0.003508772,0.029850746
