"Code","Name","LA_code","LA_name","All","X0to15","X16to29","X30to44","X45to64","X65plus"
"E01009497","Birmingham 109C","E08000025","Birmingham",-0.007747648,-0.022727273,-0.002949853,-0.016129032,0.037383178,-0.051470588
