"Code","Name","LA_code","LA_name","All","X0to15","X16to29","X30to44","X45to64","X65plus"
"E01009247","Birmingham 016E","E08000025","Birmingham",0.027559055,-0.012539185,0.040677966,0.063197026,0.004555809,0.074257426
