"Code","Name","LA_code","LA_name","All","X0to15","X16to29","X30to44","X45to64","X65plus"
"E01008914","Birmingham 050C","E08000025","Birmingham",-0.010982115,-0.053701016,0.016438356,-0.00166113,-0.023255814,-0.141304348
