"Code","Name","LA_code","LA_name","All","X0to15","X16to29","X30to44","X45to64","X65plus"
"E01008920","Birmingham 094B","E08000025","Birmingham",0.000744602,-0.003584229,-0.018348624,0.031372549,-0.024169184,0.023076923
