"Code","Name","LA_code","LA_name","All","X0to15","X16to29","X30to44","X45to64","X65plus"
"E01009348","Birmingham 047A","E08000025","Birmingham",-0.042369217,-0.058236273,-0.012844037,-0.065637066,-0.020881671,-0.059633028
