"Code","Name","LA_code","LA_name","All","X0to15","X16to29","X30to44","X45to64","X65plus"
"E01009136","Birmingham 014E","E08000025","Birmingham",0.048585486,0.061433447,0.062962963,0.045454545,0.048969072,0.029972752
