"Code","Name","LA_code","LA_name","All","X0to15","X16to29","X30to44","X45to64","X65plus"
"E01009021","Birmingham 103C","E08000025","Birmingham",0.014732965,0.007177033,0,0.019178082,0.031055901,0.02247191
