"Code","Name","LA_code","LA_name","All","X0to15","X16to29","X30to44","X45to64","X65plus"
"E01008911","Birmingham 049B","E08000025","Birmingham",0.025041736,-0.002989537,-0.030395137,-0.017412935,0.086956522,0.387755102
