"Code","Name","LA_code","LA_name","All","X0to15","X16to29","X30to44","X45to64","X65plus"
"E01009216","Birmingham 131D","E08000025","Birmingham",-0.023138833,-0.033492823,0.016348774,-0.016806723,-0.046464646,-0.025641026
