"Code","Name","LA_code","LA_name","All","X0to15","X16to29","X30to44","X45to64","X65plus"
"E01008898","Birmingham 066C","E08000025","Birmingham",0.010089021,0.01744186,0.013550136,-0.012698413,-0.008955224,0.066666667
