"Code","Name","LA_code","LA_name","All","X0to15","X16to29","X30to44","X45to64","X65plus"
"E01009248","Birmingham 019D","E08000025","Birmingham",0.002310803,0.023255814,0,0.015873016,-0.010526316,-0.017021277
