"Code","Name","LA_code","LA_name","All","X0to15","X16to29","X30to44","X45to64","X65plus"
"E01009349","Birmingham 036D","E08000025","Birmingham",-0.003894839,0.003039514,-0.006696429,0.01793722,-0.002710027,-0.105263158
