"Code","Name","LA_code","LA_name","All","X0to15","X16to29","X30to44","X45to64","X65plus"
"E01009087","Birmingham 042C","E08000025","Birmingham",-0.001857585,0.02,0.006968641,-0.009584665,-0.034782609,0.007407407
