"Code","Name","LA_code","LA_name","All","X0to15","X16to29","X30to44","X45to64","X65plus"
"E01008891","Birmingham 089B","E08000025","Birmingham",0.03593947,0.016611296,0.03058104,0.083333333,0.04,0.014925373
