"Code","Name","LA_code","LA_name","All","X0to15","X16to29","X30to44","X45to64","X65plus"
"E01009252","Birmingham 073C","E08000025","Birmingham",-0.001314924,0,0.045296167,0.005813953,-0.022099448,-0.032258065
