"Code","Name","LA_code","LA_name","All","X0to15","X16to29","X30to44","X45to64","X65plus"
"E01009184","Birmingham 092B","E08000025","Birmingham",-0.020782396,-0.019323671,0,-0.027918782,-0.008196721,-0.059925094
