"Code","Name","LA_code","LA_name","All","X0to15","X16to29","X30to44","X45to64","X65plus"
"E01009397","Birmingham 077E","E08000025","Birmingham",0.016393443,0.008163265,0.017582418,0.033426184,0.067857143,-0.120967742
