"Code","Name","LA_code","LA_name","All","X0to15","X16to29","X30to44","X45to64","X65plus"
"E01009164","Birmingham 130B","E08000025","Birmingham",-0.018218623,-0.039344262,-0.003717472,0.003787879,-0.023316062,-0.023255814
