"Code","Name","LA_code","LA_name","All","X0to15","X16to29","X30to44","X45to64","X65plus"
"E01009278","Birmingham 133D","E08000025","Birmingham",0.01343785,-0.018918919,0.015075377,0.014792899,0.025157233,0.039408867
