"Code","Name","LA_code","LA_name","All","X0to15","X16to29","X30to44","X45to64","X65plus"
"E01032591","Birmingham 133F","E08000025","Birmingham",0.016656752,-0.011695906,0.012232416,0.031976744,0.014527845,0.043137255
