"Code","Name","LA_code","LA_name","All","X0to15","X16to29","X30to44","X45to64","X65plus"
"E01009339","Birmingham 140A","E08000025","Birmingham",0.004391468,0.006315789,0.034666667,-0.014749263,0.012195122,-0.044025157
