"Code","Name","LA_code","LA_name","All","X0to15","X16to29","X30to44","X45to64","X65plus"
"E01009437","Birmingham 006C","E08000025","Birmingham",0.019575856,0.033898305,0.044176707,0.028469751,0.001883239,0.01242236
