"Code","Name","LA_code","LA_name","All","X0to15","X16to29","X30to44","X45to64","X65plus"
"E01009408","Birmingham 026B","E08000025","Birmingham",0.006296508,0.027522936,-0.01529052,-0.015915119,-0.024096386,0.104166667
