"Code","Name","LA_code","LA_name","All","X0to15","X16to29","X30to44","X45to64","X65plus"
"E01008940","Birmingham 115B","E08000025","Birmingham",0.001318392,-0.013927577,0.047619048,0.054621849,-0.021671827,-0.04964539
