"Code","Name","LA_code","LA_name","All","X0to15","X16to29","X30to44","X45to64","X65plus"
"E01008964","Birmingham 107C","E08000025","Birmingham",0.006747638,-0.014084507,0.046875,-0.049019608,0.051724138,-0.003472222
