"Code","Name","LA_code","LA_name","All","X0to15","X16to29","X30to44","X45to64","X65plus"
"E01009206","Birmingham 120B","E08000025","Birmingham",0.000632911,-0.044982699,0.012048193,0.056277056,-0.004395604,0
