"Code","Name","LA_code","LA_name","All","X0to15","X16to29","X30to44","X45to64","X65plus"
"E01009121","Birmingham 014A","E08000025","Birmingham",-0.036298365,-0.045180723,-0.050880626,-0.036072144,-0.005639098,-0.046511628
