"Code","Name","LA_code","LA_name","All","X0to15","X16to29","X30to44","X45to64","X65plus"
"E01009290","Birmingham 096F","E08000025","Birmingham",0.01271534,0.054545455,0.019457014,-0.013157895,0.022727273,-0.283018868
