"Code","Name","LA_code","LA_name","All","X0to15","X16to29","X30to44","X45to64","X65plus"
"E01009066","Birmingham 073A","E08000025","Birmingham",0.02039627,0.011952191,0.049019608,0.011627907,0.025806452,0.013011152
