"Code","Name","LA_code","LA_name","All","X0to15","X16to29","X30to44","X45to64","X65plus"
"E01009376","Birmingham 084C","E08000025","Birmingham",0.049079755,0.043879908,0.058823529,0.02866242,0.051671733,0.07751938
