"Code","Name","LA_code","LA_name","All","X0to15","X16to29","X30to44","X45to64","X65plus"
"E01009489","Birmingham 051D","E08000025","Birmingham",-0.000475737,-0.012729844,0.026052104,-0.005769231,-0.042471042,0.076923077
