"Code","Name","LA_code","LA_name","All","X0to15","X16to29","X30to44","X45to64","X65plus"
"E01009145","Birmingham 060D","E08000025","Birmingham",0.003921569,0.029296875,-0.008576329,0.008278146,-0.005037783,-0.020100503
