"Code","Name","LA_code","LA_name","All","X0to15","X16to29","X30to44","X45to64","X65plus"
"E01009211","Birmingham 120C","E08000025","Birmingham",0.023578363,0.03271028,0.034883721,0.011070111,0.02173913,0.020920502
