"Code","Name","LA_code","LA_name","All","X0to15","X16to29","X30to44","X45to64","X65plus"
"E01009041","Birmingham 132C","E08000025","Birmingham",-0.005232558,-0.002631579,0.019455253,-0.020512821,-0.002336449,-0.01509434
