"Code","Name","LA_code","LA_name","All","X0to15","X16to29","X30to44","X45to64","X65plus"
"E01009448","Birmingham 005D","E08000025","Birmingham",-0.049581455,-0.104615385,-0.038869258,-0.078431373,-0.053268765,0.036101083
