"Code","Name","LA_code","LA_name","All","X0to15","X16to29","X30to44","X45to64","X65plus"
"E01009232","Birmingham 022D","E08000025","Birmingham",0.015625,-0.017647059,0.020761246,-0.011152416,0.024,0.058103976
