"Code","Name","LA_code","LA_name","All","X0to15","X16to29","X30to44","X45to64","X65plus"
"E01033629","Birmingham 106F","E08000025","Birmingham",-0.005419075,-0.017684887,0.009271523,0.037470726,-0.023722628,-0.033653846
