"Code","Name","LA_code","LA_name","All","X0to15","X16to29","X30to44","X45to64","X65plus"
"E01009477","Birmingham 055C","E08000025","Birmingham",0.021540118,-0.001488095,0.031976744,0.01025641,0.038338658,0.101449275
