"Code","Name","LA_code","LA_name","All","X0to15","X16to29","X30to44","X45to64","X65plus"
"E01008978","Birmingham 121B","E08000025","Birmingham",-0.007513661,-0.032,-0.036697248,0.010830325,0.018382353,0.023474178
