"Code","Name","LA_code","LA_name","All","X0to15","X16to29","X30to44","X45to64","X65plus"
"E01009500","Birmingham 095E","E08000025","Birmingham",0.007585335,0.005063291,0.052795031,0.032467532,-0.00297619,-0.07239819
