"Code","Name","LA_code","LA_name","All","X0to15","X16to29","X30to44","X45to64","X65plus"
"E01009236","Birmingham 019B","E08000025","Birmingham",0.0124533,0.076502732,0.029090909,-0.00660066,-0.008,-0.038327526
