"Code","Name","LA_code","LA_name","All","X0to15","X16to29","X30to44","X45to64","X65plus"
"E01009174","Birmingham 119C","E08000025","Birmingham",0.0016,0.003115265,0.019512195,0.026217228,0.013986014,-0.081871345
