"Code","Name","LA_code","LA_name","All","X0to15","X16to29","X30to44","X45to64","X65plus"
"E01033650","Birmingham 077F","E08000025","Birmingham",0.009531071,-0.006024096,0.018092105,0.022767075,0.010416667,0.008695652
