"Code","Name","LA_code","LA_name","All","X0to15","X16to29","X30to44","X45to64","X65plus"
"E01009467","Birmingham 007D","E08000025","Birmingham",-0.01303781,-0.068181818,0.03125,0.010791367,-0.009456265,-0.018567639
