"Code","Name","LA_code","LA_name","All","X0to15","X16to29","X30to44","X45to64","X65plus"
"E01009354","Birmingham 036F","E08000025","Birmingham",0.019393939,0.029925187,-0.002873563,0.014367816,0.019553073,0.046153846
