"Code","Name","LA_code","LA_name","All","X0to15","X16to29","X30to44","X45to64","X65plus"
"E01009342","Birmingham 063D","E08000025","Birmingham",-0.00709607,-0.017578125,0.00456621,-0.01897019,-0.006622517,0.014218009
