"Code","Name","LA_code","LA_name","All","X0to15","X16to29","X30to44","X45to64","X65plus"
"E01009307","Birmingham 045D","E08000025","Birmingham",0.019442644,0.006024096,0,0.065891473,-0.005037783,0.049429658
