"Code","Name","LA_code","LA_name","All","X0to15","X16to29","X30to44","X45to64","X65plus"
"E01009514","Birmingham 062B","E08000025","Birmingham",0.014621742,-0.033018868,0.007380074,-0.013468013,0,0.163865546
