"Code","Name","LA_code","LA_name","All","X0to15","X16to29","X30to44","X45to64","X65plus"
"E01009219","Birmingham 120E","E08000025","Birmingham",0.008877616,0.013157895,0.003289474,0.026845638,-0.017094017,0.024590164
