"Code","Name","LA_code","LA_name","All","X0to15","X16to29","X30to44","X45to64","X65plus"
"E01009261","Birmingham 073E","E08000025","Birmingham",-0.008733624,-0.09009009,-0.016064257,-0.019047619,0.060052219,0.009287926
