"Code","Name","LA_code","LA_name","All","X0to15","X16to29","X30to44","X45to64","X65plus"
"E01009168","Birmingham 131B","E08000025","Birmingham",-0.00995355,-0.035587189,0,0.06147541,-0.014251781,-0.048442907
