"Code","Name","LA_code","LA_name","All","X0to15","X16to29","X30to44","X45to64","X65plus"
"E01008947","Birmingham 122C","E08000025","Birmingham",0.033987915,0.093862816,0.078066914,0.038793103,0.009009009,-0.0657277
