"Code","Name","LA_code","LA_name","All","X0to15","X16to29","X30to44","X45to64","X65plus"
"E01009088","Birmingham 045A","E08000025","Birmingham",0.010143198,0.009493671,0.006825939,0,0.028571429,0.002403846
