"Code","Name","LA_code","LA_name","All","X0to15","X16to29","X30to44","X45to64","X65plus"
"E01009213","Birmingham 124E","E08000025","Birmingham",-0.01194426,-0.081481481,0.066371681,-0.012658228,0.015267176,-0.036745407
