"Code","Name","LA_code","LA_name","All","X0to15","X16to29","X30to44","X45to64","X65plus"
"E01009482","Birmingham 048C","E08000025","Birmingham",-0.016538037,-0.028985507,-0.002293578,-0.015463918,-0.04048583,0.040983607
