"Code","Name","LA_code","LA_name","All","X0to15","X16to29","X30to44","X45to64","X65plus"
"E01009060","Birmingham 035F","E08000025","Birmingham",0.038140644,0.014799154,0.0456621,0.032786885,0.075757576,0.03649635
