"Code","Name","LA_code","LA_name","All","X0to15","X16to29","X30to44","X45to64","X65plus"
"E01009396","Birmingham 082D","E08000025","Birmingham",-0.064602961,-0.072487644,-0.045454545,-0.075098814,-0.085872576,-0.02484472
