"Code","Name","LA_code","LA_name","All","X0to15","X16to29","X30to44","X45to64","X65plus"
"E01009158","Birmingham 129A","E08000025","Birmingham",-0.010622155,-0.018556701,-0.008042895,-0.013793103,-0.009029345,0.004149378
