"Code","Name","LA_code","LA_name","All","X0to15","X16to29","X30to44","X45to64","X65plus"
"E01009238","Birmingham 024B","E08000025","Birmingham",0.02258567,0.054393305,0.01843318,0.027027027,-0.041899441,0.084677419
