"Code","Name","LA_code","LA_name","All","X0to15","X16to29","X30to44","X45to64","X65plus"
"E01008998","Birmingham 031A","E08000025","Birmingham",-0.011070111,-0.023423423,0.021220159,0.005194805,-0.010362694,-0.072164948
