"Code","Name","LA_code","LA_name","All","X0to15","X16to29","X30to44","X45to64","X65plus"
"E01009418","Birmingham 001B","E08000025","Birmingham",-0.009664948,-0.017647059,0.004219409,-0.011494253,-0.031168831,0.015197568
