"Code","Name","LA_code","LA_name","All","X0to15","X16to29","X30to44","X45to64","X65plus"
"E01033631","Birmingham 079F","E08000025","Birmingham",-0.00296227,-0.024,-0.001269304,-0.006818182,-0.015936255,0.018918919
