"Code","Name","LA_code","LA_name","All","X0to15","X16to29","X30to44","X45to64","X65plus"
"E01009318","Birmingham 081D","E08000025","Birmingham",0.003234153,-0.02310231,0.07421875,0.006802721,-0.023076923,0
