"Code","Name","LA_code","LA_name","All","X0to15","X16to29","X30to44","X45to64","X65plus"
"E01009498","Birmingham 119D","E08000025","Birmingham",-0.013110846,0.0248307,-0.022535211,-0.03003003,-0.031578947,-0.017964072
