"Code","Name","LA_code","LA_name","All","X0to15","X16to29","X30to44","X45to64","X65plus"
"E01009345","Birmingham 053D","E08000025","Birmingham",0.009552923,0.052532833,0.020504732,-0.007884363,0.002427184,-0.039711191
