"Code","Name","LA_code","LA_name","All","X0to15","X16to29","X30to44","X45to64","X65plus"
"E01009008","Birmingham 028A","E08000025","Birmingham",0.002726653,-0.016260163,-0.006825939,0,0.025188917,0
