"Code","Name","LA_code","LA_name","All","X0to15","X16to29","X30to44","X45to64","X65plus"
"E01009209","Birmingham 124D","E08000025","Birmingham",-0.001361162,0.010899183,-0.016842105,0.052036199,-0.014842301,-0.036745407
