"Code","Name","LA_code","LA_name","All","X0to15","X16to29","X30to44","X45to64","X65plus"
"E01009313","Birmingham 076D","E08000025","Birmingham",0.00063857,-0.030959752,-0.010067114,0.008064516,0.014527845,0.021126761
