"Code","Name","LA_code","LA_name","All","X0to15","X16to29","X30to44","X45to64","X65plus"
"E01009404","Birmingham 020B","E08000025","Birmingham",0.012368584,0.05,-0.022151899,0.020057307,0.00973236,-0.011049724
