"Code","Name","LA_code","LA_name","All","X0to15","X16to29","X30to44","X45to64","X65plus"
"E01009110","Birmingham 128B","E08000025","Birmingham",-0.01038961,-0.027027027,0.003067485,-0.017482517,0.010781671,-0.03125
