"Code","Name","LA_code","LA_name","All","X0to15","X16to29","X30to44","X45to64","X65plus"
"E01009242","Birmingham 024E","E08000025","Birmingham",0.006774362,0.013452915,0.012526096,-0.015521064,0.03003003,-0.00952381
