"Code","Name","LA_code","LA_name","All","X0to15","X16to29","X30to44","X45to64","X65plus"
"E01009267","Birmingham 133B","E08000025","Birmingham",0.012117715,0.031141869,0.019047619,-0.006349206,-0.004464286,0.027322404
