"Code","Name","LA_code","LA_name","All","X0to15","X16to29","X30to44","X45to64","X65plus"
"E01009230","Birmingham 017C","E08000025","Birmingham",0.034898477,0.057239057,0.010238908,0.106060606,0.00921659,0.010416667
