"Code","Name","LA_code","LA_name","All","X0to15","X16to29","X30to44","X45to64","X65plus"
"E01009212","Birmingham 126C","E08000025","Birmingham",0.01019796,0.014492754,0.026755853,-0.002873563,0.02905569,-0.026717557
