"Code","Name","LA_code","LA_name","All","X0to15","X16to29","X30to44","X45to64","X65plus"
"E01008999","Birmingham 031B","E08000025","Birmingham",0.03941513,0.147909968,0.059850374,0.045627376,0.005089059,-0.107317073
