"Code","Name","LA_code","LA_name","All","X0to15","X16to29","X30to44","X45to64","X65plus"
"E01008934","Birmingham 105B","E08000025","Birmingham",0.001408451,-0.020833333,0.069444444,0.003787879,0.008130081,-0.038869258
