"Code","Name","LA_code","LA_name","All","X0to15","X16to29","X30to44","X45to64","X65plus"
"E01009340","Birmingham 140B","E08000025","Birmingham",0.010416667,0.025176234,0.010309278,-0.011597938,-0.002178649,0.060240964
