"Code","Name","LA_code","LA_name","All","X0to15","X16to29","X30to44","X45to64","X65plus"
"E01009013","Birmingham 031D","E08000025","Birmingham",0.003010537,-0.033412888,0.014184397,0.032751092,-0.004158004,0.004716981
