"Code","Name","LA_code","LA_name","All","X0to15","X16to29","X30to44","X45to64","X65plus"
"E01009265","Birmingham 032E","E08000025","Birmingham",-0.013970983,-0.027173913,-0.027173913,-0.013100437,0.004474273,-0.009090909
