"Code","Name","LA_code","LA_name","All","X0to15","X16to29","X30to44","X45to64","X65plus"
"E01009400","Birmingham 031E","E08000025","Birmingham",-0.014612452,0.025862069,0.014880952,-0.019354839,-0.043147208,-0.075268817
