"Code","Name","LA_code","LA_name","All","X0to15","X16to29","X30to44","X45to64","X65plus"
"E01009473","Birmingham 010E","E08000025","Birmingham",0.004318322,-0.013071895,-0.016556291,-0.009615385,0.009302326,0.055350554
