"Code","Name","LA_code","LA_name","All","X0to15","X16to29","X30to44","X45to64","X65plus"
"E01009329","Birmingham 070A","E08000025","Birmingham",0,0.005540166,0.005050505,-0.012987013,0.002164502,-0.005952381
