"Code","Name","LA_code","LA_name","All","X0to15","X16to29","X30to44","X45to64","X65plus"
"E01033618","Birmingham 137C","E08000025","Birmingham",-0.016534392,-0.048076923,-0.01037037,0.013916501,-0.010928962,-0.382978723
