"Code","Name","LA_code","LA_name","All","X0to15","X16to29","X30to44","X45to64","X65plus"
"E01033624","Birmingham 134C","E08000025","Birmingham",-0.14902943,-0.254237288,-0.112211221,-0.127388535,-0.145985401,-0.170454545
