"Code","Name","LA_code","LA_name","All","X0to15","X16to29","X30to44","X45to64","X65plus"
"E01009495","Birmingham 106E","E08000025","Birmingham",0.01879085,0.054878049,0.070351759,-0.021929825,-0.065292096,0.084269663
