"Code","Name","LA_code","LA_name","All","X0to15","X16to29","X30to44","X45to64","X65plus"
"E01009457","Birmingham 015A","E08000025","Birmingham",-0.059620596,-0.104761905,-0.097560976,-0.041420118,-0.051454139,-0.035955056
