"Code","Name","LA_code","LA_name","All","X0to15","X16to29","X30to44","X45to64","X65plus"
"E01009373","Birmingham 082B","E08000025","Birmingham",-0.009895833,-0.006734007,-0.004115226,0.009237875,-0.021505376,-0.0859375
