"Code","Name","LA_code","LA_name","All","X0to15","X16to29","X30to44","X45to64","X65plus"
"E01009298","Birmingham 054D","E08000025","Birmingham",-0.005402161,-0.005976096,0.005050505,-0.00273224,-0.059440559,0.086206897
