"Code","Name","LA_code","LA_name","All","X0to15","X16to29","X30to44","X45to64","X65plus"
"E01009481","Birmingham 044D","E08000025","Birmingham",0.015138772,0.033426184,0.014414414,0.003984064,-0.015584416,0.036697248
