"Code","Name","LA_code","LA_name","All","X0to15","X16to29","X30to44","X45to64","X65plus"
"E01009292","Birmingham 099B","E08000025","Birmingham",-0.012704174,0.006756757,0.007712082,-0.007731959,-0.020833333,-0.06557377
