"Code","Name","LA_code","LA_name","All","X0to15","X16to29","X30to44","X45to64","X65plus"
"E01009173","Birmingham 119B","E08000025","Birmingham",0.002923977,-0.038135593,-0.020304569,0.038834951,0.015424165,0.089041096
