"Code","Name","LA_code","LA_name","All","X0to15","X16to29","X30to44","X45to64","X65plus"
"E01008967","Birmingham 110A","E08000025","Birmingham",0.022478736,0.045016077,0.047008547,0.022727273,0.039719626,-0.032876712
