"Code","Name","LA_code","LA_name","All","X0to15","X16to29","X30to44","X45to64","X65plus"
"E01009382","Birmingham 140C","E08000025","Birmingham",0.077984085,0.04206501,0.069662921,0.101851852,0.139240506,0.035502959
