"Code","Name","LA_code","LA_name","All","X0to15","X16to29","X30to44","X45to64","X65plus"
"E01008986","Birmingham 064A","E08000025","Birmingham",-0.006122449,-0.059299191,0.036821705,0.018726592,-0.008595989,-0.084210526
