"Code","Name","LA_code","LA_name","All","X0to15","X16to29","X30to44","X45to64","X65plus"
"E01009288","Birmingham 100C","E08000025","Birmingham",0.02021904,0.008130081,0,-0.004926108,0.016806723,0.056497175
