"Code","Name","LA_code","LA_name","All","X0to15","X16to29","X30to44","X45to64","X65plus"
"E01009335","Birmingham 139G","E08000025","Birmingham",0.019577537,0.027027027,0.018181818,-0.007177033,0,0.102409639
