"Code","Name","LA_code","LA_name","All","X0to15","X16to29","X30to44","X45to64","X65plus"
"E01009115","Birmingham 128E","E08000025","Birmingham",-0.002056203,0.006079027,0.008097166,0.019011407,-0.023391813,-0.014388489
