"Code","Name","LA_code","LA_name","All","X0to15","X16to29","X30to44","X45to64","X65plus"
"E01009032","Birmingham 108A","E08000025","Birmingham",-0.011266094,-0.034722222,0.005665722,0.014326648,0,-0.045296167
