"Code","Name","LA_code","LA_name","All","X0to15","X16to29","X30to44","X45to64","X65plus"
"E01009310","Birmingham 046D","E08000025","Birmingham",0.004867496,-0.024017467,0.043243243,0,0.012531328,-0.004132231
