"Code","Name","LA_code","LA_name","All","X0to15","X16to29","X30to44","X45to64","X65plus"
"E01009332","Birmingham 139E","E08000025","Birmingham",-0.003670687,-0.026578073,0.018475751,0.029569892,-0.043360434,0.045801527
