"Code","Name","LA_code","LA_name","All","X0to15","X16to29","X30to44","X45to64","X65plus"
"E01009314","Birmingham 069B","E08000025","Birmingham",-0.00109529,-0.014117647,0.016304348,-0.013289037,-0.009779951,0.018575851
