"Code","Name","LA_code","LA_name","All","X0to15","X16to29","X30to44","X45to64","X65plus"
"E01008949","Birmingham 122E","E08000025","Birmingham",0.00159109,-0.121495327,-0.017777778,0.072916667,0.005102041,0.068376068
