"Code","Name","LA_code","LA_name","All","X0to15","X16to29","X30to44","X45to64","X65plus"
"E01025619","Blaby 011D","E07000129","Blaby",-0.019749518,0.012987013,-0.031347962,-0.032745592,-0.04536862,0.002242152
