"Code","Name","LA_code","LA_name","All","X0to15","X16to29","X30to44","X45to64","X65plus"
"E01025638","Blaby 003B","E07000129","Blaby",-0.007719298,-0.015957447,0.028571429,0.012738854,-0.033980583,0
