"Code","Name","LA_code","LA_name","All","X0to15","X16to29","X30to44","X45to64","X65plus"
"E01025616","Blaby 011A","E07000129","Blaby",-0.015598886,-0.035040431,-0.05078125,0.033457249,0.02037037,-0.061281337
