"Code","Name","LA_code","LA_name","All","X0to15","X16to29","X30to44","X45to64","X65plus"
"E01025654","Blaby 005E","E07000129","Blaby",-0.069291339,-0.052173913,-0.077669903,-0.070588235,-0.076666667,-0.068100358
