"Code","Name","LA_code","LA_name","All","X0to15","X16to29","X30to44","X45to64","X65plus"
"E01025640","Blaby 003D","E07000129","Blaby",0.031051965,0.060897436,-0.004950495,0.018050542,0.047297297,0.014577259
