"Code","Name","LA_code","LA_name","All","X0to15","X16to29","X30to44","X45to64","X65plus"
"E01025627","Blaby 006C","E07000129","Blaby",0.003998401,-0.001766784,0.007481297,-0.003683241,0.032871972,-0.021791768
