"Code","Name","LA_code","LA_name","All","X0to15","X16to29","X30to44","X45to64","X65plus"
"E01025663","Blaby 012C","E07000129","Blaby",-0.026206897,0.017094017,-0.115151515,-0.05511811,-0.009478673,-0.013333333
