"Code","Name","LA_code","LA_name","All","X0to15","X16to29","X30to44","X45to64","X65plus"
"E01025626","Blaby 006B","E07000129","Blaby",-0.010124611,0.02955665,0.018867925,-0.004273504,-0.041899441,-0.035714286
