"Code","Name","LA_code","LA_name","All","X0to15","X16to29","X30to44","X45to64","X65plus"
"E01025633","Blaby 002C","E07000129","Blaby",0.030062394,0.010273973,0.061290323,0.049222798,-0.011441648,0.050295858
