"Code","Name","LA_code","LA_name","All","X0to15","X16to29","X30to44","X45to64","X65plus"
"E01025667","Blaby 004B","E07000129","Blaby",0.073461892,0.040201005,0.123287671,0,0.093373494,0.103139013
