"Code","Name","LA_code","LA_name","All","X0to15","X16to29","X30to44","X45to64","X65plus"
"E01025631","Blaby 002A","E07000129","Blaby",-0.034810127,-0.031141869,-0.015306122,-0.030075188,-0.034965035,-0.061674009
