"Code","Name","LA_code","LA_name","All","X0to15","X16to29","X30to44","X45to64","X65plus"
"E01012683","Blackpool 006B","E06000009","Blackpool",0.001461988,-0.088122605,0.024154589,0.019169329,0.019184652,0.035294118
