"Code","Name","LA_code","LA_name","All","X0to15","X16to29","X30to44","X45to64","X65plus"
"E01012738","Blackpool 011D","E06000009","Blackpool",0.011272142,0.041666667,-0.032653061,0.025641026,0.010309278,0
