"Code","Name","LA_code","LA_name","All","X0to15","X16to29","X30to44","X45to64","X65plus"
"E01012686","Blackpool 014A","E06000009","Blackpool",0.003546099,-0.035422343,0.017021277,0.0234375,-0.005555556,0.052083333
