"Code","Name","LA_code","LA_name","All","X0to15","X16to29","X30to44","X45to64","X65plus"
"E01012632","Blackburn with Darwen 011F","E06000008","Blackburn with Darwen",-0.034634146,-0.029787234,-0.011627907,-0.033557047,-0.042194093,-0.074235808
