"Code","Name","LA_code","LA_name","All","X0to15","X16to29","X30to44","X45to64","X65plus"
"E01012752","Blackpool 017C","E06000009","Blackpool",-0.00877193,0.025,-0.052083333,0.035502959,0,-0.036923077
