"Code","Name","LA_code","LA_name","All","X0to15","X16to29","X30to44","X45to64","X65plus"
"E01012682","Blackpool 008D","E06000009","Blackpool",-0.007565337,0.007067138,-0.037037037,-0.032374101,0.012722646,0.009852217
