"Code","Name","LA_code","LA_name","All","X0to15","X16to29","X30to44","X45to64","X65plus"
"E01012649","Blackburn with Darwen 016A","E06000008","Blackburn with Darwen",-0.004428044,-0.006622517,0.027472527,0.018867925,-0.028490028,-0.015686275
