"Code","Name","LA_code","LA_name","All","X0to15","X16to29","X30to44","X45to64","X65plus"
"E01012647","Blackburn with Darwen 015C","E06000008","Blackburn with Darwen",0.118798043,0.126712329,0.158730159,0.148148148,0.0703125,0.115384615
