"Code","Name","LA_code","LA_name","All","X0to15","X16to29","X30to44","X45to64","X65plus"
"E01012721","Blackpool 007C","E06000009","Blackpool",0.003327787,0.006818182,0.005449591,0.014925373,-0.024663677,0.03255814
