"Code","Name","LA_code","LA_name","All","X0to15","X16to29","X30to44","X45to64","X65plus"
"E01012702","Blackpool 019C","E06000009","Blackpool",-0.011535689,-0.062857143,0.012195122,-0.093264249,0.024456522,0.004106776
