"Code","Name","LA_code","LA_name","All","X0to15","X16to29","X30to44","X45to64","X65plus"
"E01012724","Blackpool 007D","E06000009","Blackpool",0.017057569,0.087349398,0.041284404,0.012244898,-0.012562814,-0.056074766
