"Code","Name","LA_code","LA_name","All","X0to15","X16to29","X30to44","X45to64","X65plus"
"E01012725","Blackpool 019D","E06000009","Blackpool",0.007518797,-0.100806452,-0.022346369,0.04587156,0.009779951,0.063569682
