"Code","Name","LA_code","LA_name","All","X0to15","X16to29","X30to44","X45to64","X65plus"
"E01012585","Blackburn with Darwen 005A","E06000008","Blackburn with Darwen",-0.032066508,-0.110576923,-0.006349206,-0.060344828,0.018348624,0.032374101
