"Code","Name","LA_code","LA_name","All","X0to15","X16to29","X30to44","X45to64","X65plus"
"E01012687","Blackpool 014B","E06000009","Blackpool",0.010759919,0.024930748,0.003875969,0.003663004,-0.002421308,0.032967033
