"Code","Name","LA_code","LA_name","All","X0to15","X16to29","X30to44","X45to64","X65plus"
"E01012598","Blackburn with Darwen 013C","E06000008","Blackburn with Darwen",0.029910269,0.002493766,0.035634744,0.011267606,0.022144522,0.236842105
