"Code","Name","LA_code","LA_name","All","X0to15","X16to29","X30to44","X45to64","X65plus"
"E01012755","Blackpool 017F","E06000009","Blackpool",-0.018582244,0.073929961,-0.013824885,-0.016260163,-0.033333333,-0.079872204
