"Code","Name","LA_code","LA_name","All","X0to15","X16to29","X30to44","X45to64","X65plus"
"E01012709","Blackpool 009D","E06000009","Blackpool",0.006806931,0.007792208,0.048571429,0.019230769,-0.019073569,-0.03960396
