"Code","Name","LA_code","LA_name","All","X0to15","X16to29","X30to44","X45to64","X65plus"
"E01012602","Blackburn with Darwen 011C","E06000008","Blackburn with Darwen",0.001960784,0.013513514,0.028571429,0.016949153,-0.002173913,-0.074285714
