"Code","Name","LA_code","LA_name","All","X0to15","X16to29","X30to44","X45to64","X65plus"
"E01012588","Blackburn with Darwen 002E","E06000008","Blackburn with Darwen",0.017374517,-0.012326656,0.038265306,0.046153846,0.020289855,-0.012048193
