"Code","Name","LA_code","LA_name","All","X0to15","X16to29","X30to44","X45to64","X65plus"
"E01012592","Blackburn with Darwen 018A","E06000008","Blackburn with Darwen",0.017223382,0.04950495,0.03515625,0.026578073,0.007656968,-0.009925558
