"Code","Name","LA_code","LA_name","All","X0to15","X16to29","X30to44","X45to64","X65plus"
"E01012645","Blackburn with Darwen 004D","E06000008","Blackburn with Darwen",0.017561465,-0.015873016,0.074380165,0.026369168,0.038356164,-0.048780488
