"Code","Name","LA_code","LA_name","All","X0to15","X16to29","X30to44","X45to64","X65plus"
"E01012754","Blackpool 017E","E06000009","Blackpool",0.025327511,0,0.076923077,0.035555556,-0.003154574,0.033816425
