"Code","Name","LA_code","LA_name","All","X0to15","X16to29","X30to44","X45to64","X65plus"
"E01012610","Blackburn with Darwen 010C","E06000008","Blackburn with Darwen",0.024732069,-0.004545455,0.069364162,0.073170732,-0.007025761,0.043668122
