"Code","Name","LA_code","LA_name","All","X0to15","X16to29","X30to44","X45to64","X65plus"
"E01012727","Blackpool 019E","E06000009","Blackpool",0.013435701,-0.008196721,0.013513514,0.013100437,0.028056112,0.008130081
