"Code","Name","LA_code","LA_name","All","X0to15","X16to29","X30to44","X45to64","X65plus"
"E01012742","Blackpool 011F","E06000009","Blackpool",0.000913242,-0.028571429,0.004716981,0.005747126,0.015822785,-0.004587156
