"Code","Name","LA_code","LA_name","All","X0to15","X16to29","X30to44","X45to64","X65plus"
"E01012612","Blackburn with Darwen 010E","E06000008","Blackburn with Darwen",0.032860344,0.062146893,0.047058824,0.010989011,0.02173913,0.033936652
