"Code","Name","LA_code","LA_name","All","X0to15","X16to29","X30to44","X45to64","X65plus"
"E01012666","Blackpool 003A","E06000009","Blackpool",-0.0138217,0.02739726,0.015384615,-0.041841004,-0.021028037,-0.027322404
