"Code","Name","LA_code","LA_name","All","X0to15","X16to29","X30to44","X45to64","X65plus"
"E01012707","Blackpool 007A","E06000009","Blackpool",0.01686747,0.017167382,0.012658228,0.004608295,0.022857143,0.024038462
