"Code","Name","LA_code","LA_name","All","X0to15","X16to29","X30to44","X45to64","X65plus"
"E01012714","Blackpool 014E","E06000009","Blackpool",-0.003037667,-0.003968254,0.011320755,-0.046099291,-0.002386635,0.01635514
