"Code","Name","LA_code","LA_name","All","X0to15","X16to29","X30to44","X45to64","X65plus"
"E01012705","Blackpool 004D","E06000009","Blackpool",0.020240354,0.041791045,0.075313808,0.028571429,0.039408867,-0.074766355
