"Code","Name","LA_code","LA_name","All","X0to15","X16to29","X30to44","X45to64","X65plus"
"E01012603","Blackburn with Darwen 011D","E06000008","Blackburn with Darwen",0.013067828,-0.063829787,0.037671233,0.034700315,0.020253165,0.157894737
