"Code","Name","LA_code","LA_name","All","X0to15","X16to29","X30to44","X45to64","X65plus"
"E01032485","Blackburn with Darwen 018E","E06000008","Blackburn with Darwen",0.0033241,0.00974026,0.069124424,-0.038732394,-0.017518248,0.035369775
