"Code","Name","LA_code","LA_name","All","X0to15","X16to29","X30to44","X45to64","X65plus"
"E01012667","Blackpool 003B","E06000009","Blackpool",-0.00456621,-0.061371841,0.016,0.03652968,0,-0.005263158
