"Code","Name","LA_code","LA_name","All","X0to15","X16to29","X30to44","X45to64","X65plus"
"E01012639","Blackburn with Darwen 008D","E06000008","Blackburn with Darwen",-0.015709642,-0.010791367,-0.041916168,0.002415459,-0.038356164,0.02259887
