"Code","Name","LA_code","LA_name","All","X0to15","X16to29","X30to44","X45to64","X65plus"
"E01012582","Blackburn with Darwen 002B","E06000008","Blackburn with Darwen",-0.005565863,-0.010958904,0.046263345,-0.044585987,-0.021582734,0.020833333
