"Code","Name","LA_code","LA_name","All","X0to15","X16to29","X30to44","X45to64","X65plus"
"E01012741","Blackpool 012E","E06000009","Blackpool",-0.006060606,-0.04,-0.00921659,0.004716981,-0.023460411,0.043636364
