"Code","Name","LA_code","LA_name","All","X0to15","X16to29","X30to44","X45to64","X65plus"
"E01012674","Blackpool 013C","E06000009","Blackpool",-0.007917174,-0.015151515,0.018927445,0,-0.004444444,-0.062827225
