"Code","Name","LA_code","LA_name","All","X0to15","X16to29","X30to44","X45to64","X65plus"
"E01012669","Blackpool 003D","E06000009","Blackpool",0.035378662,0.027777778,0.054054054,0.021428571,0.04109589,0.031558185
