"Code","Name","LA_code","LA_name","All","X0to15","X16to29","X30to44","X45to64","X65plus"
"E01012623","Blackburn with Darwen 009D","E06000008","Blackburn with Darwen",0.011134308,0.037974684,0.007092199,0.007490637,0.008241758,-0.014423077
