"Code","Name","LA_code","LA_name","All","X0to15","X16to29","X30to44","X45to64","X65plus"
"E01012673","Blackpool 010A","E06000009","Blackpool",0.025660964,-0.01986755,0.056856187,0.04950495,0.050955414,-0.023668639
