"Code","Name","LA_code","LA_name","All","X0to15","X16to29","X30to44","X45to64","X65plus"
"E01012746","Blackpool 015E","E06000009","Blackpool",0.031267766,0.041994751,0.061488673,0.024691358,0.014423077,0.018237082
