"Code","Name","LA_code","LA_name","All","X0to15","X16to29","X30to44","X45to64","X65plus"
"E01012579","Blackburn with Darwen 004A","E06000008","Blackburn with Darwen",-0.02760207,-0.05338809,0.005347594,-0.002487562,-0.037572254,-0.076923077
