"Code","Name","LA_code","LA_name","All","X0to15","X16to29","X30to44","X45to64","X65plus"
"E01012706","Blackpool 002D","E06000009","Blackpool",0.001880878,0.02866242,0.008064516,0.016393443,-0.01793722,-0.017730496
