"Code","Name","LA_code","LA_name","All","X0to15","X16to29","X30to44","X45to64","X65plus"
"E01012744","Blackpool 015C","E06000009","Blackpool",0.007495315,-0.043243243,0.04467354,0.036231884,0.024509804,-0.01953125
