"Code","Name","LA_code","LA_name","All","X0to15","X16to29","X30to44","X45to64","X65plus"
"E01012715","Blackpool 012C","E06000009","Blackpool",0.012557832,0.049586777,0.048275862,0.020661157,-0.006666667,-0.031141869
