"Code","Name","LA_code","LA_name","All","X0to15","X16to29","X30to44","X45to64","X65plus"
"E01012708","Blackpool 009C","E06000009","Blackpool",-0.046323529,-0.027559055,-0.043668122,0.007326007,-0.06504065,-0.10212766
