"Code","Name","LA_code","LA_name","All","X0to15","X16to29","X30to44","X45to64","X65plus"
"E01012578","Blackburn with Darwen 003C","E06000008","Blackburn with Darwen",-0.008479067,-0.011173184,-0.011627907,-0.013986014,-0.002747253,0.015748031
