"Code","Name","LA_code","LA_name","All","X0to15","X16to29","X30to44","X45to64","X65plus"
"W01001471","Blaenau Gwent 001E","W06000019","Blaenau Gwent",-0.010089686,-0.005405405,-0.005847953,0.006451613,0.014319809,-0.064139942
