"Code","Name","LA_code","LA_name","All","X0to15","X16to29","X30to44","X45to64","X65plus"
"W01001476","Blaenau Gwent 009D","W06000019","Blaenau Gwent",0.008255934,0.033783784,-0.010416667,-0.018404908,-0.018315018,0.067357513
