"Code","Name","LA_code","LA_name","All","X0to15","X16to29","X30to44","X45to64","X65plus"
"W01001464","Blaenau Gwent 009A","W06000019","Blaenau Gwent",-0.004444444,-0.015576324,-0.047945205,-0.006944444,0.027093596,0.01119403
