"Code","Name","LA_code","LA_name","All","X0to15","X16to29","X30to44","X45to64","X65plus"
"W01001447","Blaenau Gwent 002B","W06000019","Blaenau Gwent",-0.021472393,-0.032994924,-0.032142857,-0.003460208,0.002427184,-0.050980392
