"Code","Name","LA_code","LA_name","All","X0to15","X16to29","X30to44","X45to64","X65plus"
"W01001445","Blaenau Gwent 005C","W06000019","Blaenau Gwent",-0.010238908,0.011235955,-0.019157088,0.019157088,-0.027027027,-0.026022305
