"Code","Name","LA_code","LA_name","All","X0to15","X16to29","X30to44","X45to64","X65plus"
"W01001455","Blaenau Gwent 008F","W06000019","Blaenau Gwent",0.035139964,0.028268551,0.024137931,0.043887147,0.056074766,0.016713092
