"Code","Name","LA_code","LA_name","All","X0to15","X16to29","X30to44","X45to64","X65plus"
"W01001438","Blaenau Gwent 004A","W06000019","Blaenau Gwent",-0.012228261,-0.025252525,-0.01984127,0.013100437,-0.011547344,-0.016666667
