"Code","Name","LA_code","LA_name","All","X0to15","X16to29","X30to44","X45to64","X65plus"
"E01019506","Bolsover 007C","E07000033","Bolsover",0.005563282,-0.020905923,0.039800995,0,0.016587678,-0.004
