"Code","Name","LA_code","LA_name","All","X0to15","X16to29","X30to44","X45to64","X65plus"
"E01019488","Bolsover 004D","E07000033","Bolsover",-0.03171521,-0.023255814,-0.081761006,-0.009404389,-0.02617801,-0.010989011
