"Code","Name","LA_code","LA_name","All","X0to15","X16to29","X30to44","X45to64","X65plus"
"E01019517","Bolsover 010E","E07000033","Bolsover",0.135278515,0.157258065,0.186868687,0.115015974,0.125773196,0.117424242
