"Code","Name","LA_code","LA_name","All","X0to15","X16to29","X30to44","X45to64","X65plus"
"E01019513","Bolsover 010D","E07000033","Bolsover",-0.003500583,0.023026316,0.003154574,0.030136986,-0.026699029,-0.044303797
