"Code","Name","LA_code","LA_name","All","X0to15","X16to29","X30to44","X45to64","X65plus"
"E01019479","Bolsover 001B","E07000033","Bolsover",0.002312139,0.036144578,-0.028037383,0.003610108,-0.001795332,-0.005714286
