"Code","Name","LA_code","LA_name","All","X0to15","X16to29","X30to44","X45to64","X65plus"
"E01019501","Bolsover 010C","E07000033","Bolsover",-0.054861111,-0.06372549,-0.064377682,-0.028571429,-0.085450346,-0.022222222
