"Code","Name","LA_code","LA_name","All","X0to15","X16to29","X30to44","X45to64","X65plus"
"E01019519","Bolsover 009E","E07000033","Bolsover",0.019067797,0.020151134,0.010238908,0.022900763,0.026476578,0.00955414
