"Code","Name","LA_code","LA_name","All","X0to15","X16to29","X30to44","X45to64","X65plus"
"E01019498","Bolsover 003C","E07000033","Bolsover",-0.00974026,-0.002118644,0.002638522,-0.006928406,-0.017632242,-0.047904192
