"Code","Name","LA_code","LA_name","All","X0to15","X16to29","X30to44","X45to64","X65plus"
"E01019499","Bolsover 010A","E07000033","Bolsover",-0.010852713,0.014285714,0.012048193,-0.013888889,0.023255814,-0.092250923
