"Code","Name","LA_code","LA_name","All","X0to15","X16to29","X30to44","X45to64","X65plus"
"E01019495","Bolsover 002B","E07000033","Bolsover",0.000615385,0.013761468,0.008130081,0.037037037,-0.025104603,-0.002272727
