"Code","Name","LA_code","LA_name","All","X0to15","X16to29","X30to44","X45to64","X65plus"
"E01019518","Bolsover 010F","E07000033","Bolsover",-0.039190072,-0.070833333,-0.03652968,-0.06097561,-0.01980198,-0.020920502
