"Code","Name","LA_code","LA_name","All","X0to15","X16to29","X30to44","X45to64","X65plus"
"E01004875","Bolton 029D","E08000001","Bolton",0.005464481,0.022535211,-0.030188679,0.035971223,-0.007317073,0.005899705
