"Code","Name","LA_code","LA_name","All","X0to15","X16to29","X30to44","X45to64","X65plus"
"E01004783","Bolton 009D","E08000001","Bolton",0.002076125,-0.025125628,-0.004761905,0.008849558,0.008752735,0.008498584
