"Code","Name","LA_code","LA_name","All","X0to15","X16to29","X30to44","X45to64","X65plus"
"E01004810","Bolton 002E","E08000001","Bolton",0.005562423,0.028571429,0.00862069,0.018587361,-0.003853565,-0.017667845
