"Code","Name","LA_code","LA_name","All","X0to15","X16to29","X30to44","X45to64","X65plus"
"E01004828","Bolton 023A","E08000001","Bolton",0.017125065,0.023411371,0.002415459,0.032171582,-0.008219178,0.050847458
