"Code","Name","LA_code","LA_name","All","X0to15","X16to29","X30to44","X45to64","X65plus"
"E01004833","Bolton 026C","E08000001","Bolton",0.012787724,0.042105263,-0.023041475,-0.010238908,0.009029345,0.036809816
