"Code","Name","LA_code","LA_name","All","X0to15","X16to29","X30to44","X45to64","X65plus"
"E01004848","Bolton 016D","E08000001","Bolton",-0.010820046,-0.044303797,-0.039215686,0.019083969,-0.029177719,0.072164948
