"Code","Name","LA_code","LA_name","All","X0to15","X16to29","X30to44","X45to64","X65plus"
"E01004882","Bolton 007C","E08000001","Bolton",-0.003687316,-0.004608295,0.02739726,-0.004830918,0,-0.028753994
