"Code","Name","LA_code","LA_name","All","X0to15","X16to29","X30to44","X45to64","X65plus"
"E01004840","Bolton 012A","E08000001","Bolton",-0.016695452,-0.006134969,-0.01171875,-0.042253521,-0.007874016,-0.022038567
