"Code","Name","LA_code","LA_name","All","X0to15","X16to29","X30to44","X45to64","X65plus"
"E01004779","Bolton 007A","E08000001","Bolton",0.005739796,0.008474576,-0.01532567,0.014084507,-0.002061856,0.038043478
