"Code","Name","LA_code","LA_name","All","X0to15","X16to29","X30to44","X45to64","X65plus"
"E01004922","Bolton 015E","E08000001","Bolton",-0.023867511,-0.010330579,-0.028985507,-0.025263158,-0.013483146,-0.059574468
