"Code","Name","LA_code","LA_name","All","X0to15","X16to29","X30to44","X45to64","X65plus"
"E01004797","Bolton 013E","E08000001","Bolton",-0.015635622,-0.053240741,0,-0.017667845,0.016129032,0
