"Code","Name","LA_code","LA_name","All","X0to15","X16to29","X30to44","X45to64","X65plus"
"E01004834","Bolton 018A","E08000001","Bolton",0.002275313,-0.011787819,-0.014851485,0.015060241,0.00872093,0.047337278
