"Code","Name","LA_code","LA_name","All","X0to15","X16to29","X30to44","X45to64","X65plus"
"E01004804","Bolton 001C","E08000001","Bolton",0.055248619,0.05907173,0.125714286,0.0995671,0.024553571,0.028011204
