"Code","Name","LA_code","LA_name","All","X0to15","X16to29","X30to44","X45to64","X65plus"
"E01004863","Bolton 033C","E08000001","Bolton",0.002514142,0.005154639,0.012658228,0.003194888,-0.002724796,-0.009661836
