"Code","Name","LA_code","LA_name","All","X0to15","X16to29","X30to44","X45to64","X65plus"
"E01004940","Bolton 035E","E08000001","Bolton",0.042134831,0.012345679,0.025906736,0.008298755,0.051612903,0.092198582
