"Code","Name","LA_code","LA_name","All","X0to15","X16to29","X30to44","X45to64","X65plus"
"E01004892","Bolton 030A","E08000001","Bolton",0.023270847,-0.045045045,0.074468085,0.014925373,0.027837259,0.034115139
