"Code","Name","LA_code","LA_name","All","X0to15","X16to29","X30to44","X45to64","X65plus"
"E01004917","Bolton 019F","E08000001","Bolton",0.005925251,0.026819923,-0.034285714,0.00856531,0,0.023890785
