"Code","Name","LA_code","LA_name","All","X0to15","X16to29","X30to44","X45to64","X65plus"
"E01004876","Bolton 033E","E08000001","Bolton",0,0,0.016778523,0.022038567,-0.002237136,-0.041522491
