"Code","Name","LA_code","LA_name","All","X0to15","X16to29","X30to44","X45to64","X65plus"
"E01004776","Bolton 031A","E08000001","Bolton",0.008998875,-0.00591716,0.015873016,0.016574586,0.027777778,-0.027027027
