"Code","Name","LA_code","LA_name","All","X0to15","X16to29","X30to44","X45to64","X65plus"
"E01004823","Bolton 016C","E08000001","Bolton",-0.018587361,-0.058275058,-0.01511335,0.005665722,-0.011013216,-0.004
