"Code","Name","LA_code","LA_name","All","X0to15","X16to29","X30to44","X45to64","X65plus"
"E01004773","Bolton 003D","E08000001","Bolton",0.009202454,0.007425743,0.0096,0.04415011,-0.006012024,-0.016611296
