"Code","Name","LA_code","LA_name","All","X0to15","X16to29","X30to44","X45to64","X65plus"
"E01004889","Bolton 004D","E08000001","Bolton",-0.008766015,0.006779661,-0.045801527,0.035573123,-0.009756098,-0.030418251
