"Code","Name","LA_code","LA_name","All","X0to15","X16to29","X30to44","X45to64","X65plus"
"E01004887","Bolton 014D","E08000001","Bolton",0.006716418,0.018957346,0.013100437,0.01025641,-0.007075472,0.010676157
