"Code","Name","LA_code","LA_name","All","X0to15","X16to29","X30to44","X45to64","X65plus"
"E01004897","Bolton 020E","E08000001","Bolton",-0.005714286,-0.016759777,0,0.023923445,0.014336918,-0.047808765
