"Code","Name","LA_code","LA_name","All","X0to15","X16to29","X30to44","X45to64","X65plus"
"E01004890","Bolton 004E","E08000001","Bolton",0.017366136,0.018867925,0.02173913,0.003717472,0.035989717,0
