"Code","Name","LA_code","LA_name","All","X0to15","X16to29","X30to44","X45to64","X65plus"
"E01004787","Bolton 013A","E08000001","Bolton",-0.017241379,-0.014084507,-0.027439024,0.035502959,-0.019851117,-0.096256684
