"Code","Name","LA_code","LA_name","All","X0to15","X16to29","X30to44","X45to64","X65plus"
"E01004854","Bolton 023D","E08000001","Bolton",0.064679772,0.09352518,0.054794521,0.034482759,0.024242424,0.196581197
