"Code","Name","LA_code","LA_name","All","X0to15","X16to29","X30to44","X45to64","X65plus"
"E01004790","Bolton 002B","E08000001","Bolton",-0.02,-0.038461538,-0.020408163,-0.004761905,-0.013262599,-0.023498695
