"Code","Name","LA_code","LA_name","All","X0to15","X16to29","X30to44","X45to64","X65plus"
"E01004789","Bolton 006D","E08000001","Bolton",-0.02303523,-0.074688797,-0.095505618,-0.017094017,-0.002439024,0.014527845
