"Code","Name","LA_code","LA_name","All","X0to15","X16to29","X30to44","X45to64","X65plus"
"E01004886","Bolton 014C","E08000001","Bolton",0.015909091,0.004115226,0.031390135,0.016,0,0.0375
