"Code","Name","LA_code","LA_name","All","X0to15","X16to29","X30to44","X45to64","X65plus"
"E01004914","Bolton 024D","E08000001","Bolton",0.018041237,-0.094936709,-0.03649635,0.064705882,0.039711191,0.045023697
