"Code","Name","LA_code","LA_name","All","X0to15","X16to29","X30to44","X45to64","X65plus"
"E01004871","Bolton 015D","E08000001","Bolton",-0.006740196,-0.018108652,0.002386635,0.026936027,-0.030201342,-0.016528926
