"Code","Name","LA_code","LA_name","All","X0to15","X16to29","X30to44","X45to64","X65plus"
"E01004820","Bolton 011A","E08000001","Bolton",-0.008849558,-0.016,0.008571429,0.008982036,-0.021798365,-0.038461538
