"Code","Name","LA_code","LA_name","All","X0to15","X16to29","X30to44","X45to64","X65plus"
"E01004933","Bolton 035A","E08000001","Bolton",-0.008082292,0,-0.028806584,0.020746888,0,-0.046632124
