"Code","Name","LA_code","LA_name","All","X0to15","X16to29","X30to44","X45to64","X65plus"
"E01004780","Bolton 009B","E08000001","Bolton",-0.01532745,-0.012562814,-0.020231214,0.002222222,-0.027633851,-0.015789474
