"Code","Name","LA_code","LA_name","All","X0to15","X16to29","X30to44","X45to64","X65plus"
"E01004861","Bolton 033A","E08000001","Bolton",0.008870491,0.014736842,-0.008264463,0.016574586,0.005494505,0.023622047
