"Code","Name","LA_code","LA_name","All","X0to15","X16to29","X30to44","X45to64","X65plus"
"E01004770","Bolton 003B","E08000001","Bolton",-0.010423905,-0.013651877,-0.018181818,0,0.030812325,-0.050397878
