"Code","Name","LA_code","LA_name","All","X0to15","X16to29","X30to44","X45to64","X65plus"
"E01004894","Bolton 028C","E08000001","Bolton",0.01,0.028818444,0.019830028,-0.022284123,0.018145161,0.002898551
