"Code","Name","LA_code","LA_name","All","X0to15","X16to29","X30to44","X45to64","X65plus"
"E01004903","Bolton 034A","E08000001","Bolton",-0.005992011,-0.01552795,-0.02745098,-0.007407407,0.004474273,0.014423077
