"Code","Name","LA_code","LA_name","All","X0to15","X16to29","X30to44","X45to64","X65plus"
"E01004862","Bolton 033B","E08000001","Bolton",0.01105736,0.019283747,-0.022222222,0.072961373,-0.005882353,0.005102041
