"Code","Name","LA_code","LA_name","All","X0to15","X16to29","X30to44","X45to64","X65plus"
"E01004767","Bolton 005B","E08000001","Bolton",0.006228766,-0.032258065,0.00280112,0.027027027,0.007407407,0.021604938
