"Code","Name","LA_code","LA_name","All","X0to15","X16to29","X30to44","X45to64","X65plus"
"E01004798","Bolton 019B","E08000001","Bolton",-0.012836186,0.002624672,0.003508772,0.039215686,-0.053435115,-0.051660517
