"Code","Name","LA_code","LA_name","All","X0to15","X16to29","X30to44","X45to64","X65plus"
"E01004908","Bolton 034E","E08000001","Bolton",-0.011295181,0.024793388,-0.034825871,0.030150754,-0.021538462,-0.03601108
