"Code","Name","LA_code","LA_name","All","X0to15","X16to29","X30to44","X45to64","X65plus"
"E01004938","Bolton 031D","E08000001","Bolton",0.080949058,0.110759494,0.057613169,0.084615385,0.098039216,0.038910506
