"Code","Name","LA_code","LA_name","All","X0to15","X16to29","X30to44","X45to64","X65plus"
"E01004928","Bolton 017C","E08000001","Bolton",-0.015972222,-0.053511706,-0.010309278,-0.010909091,-0.022727273,0.031390135
