"Code","Name","LA_code","LA_name","All","X0to15","X16to29","X30to44","X45to64","X65plus"
"E01004815","Bolton 022D","E08000001","Bolton",-0.003039514,0.029045643,-0.010791367,-0.011494253,-0.019830028,-0.027173913
