"Code","Name","LA_code","LA_name","All","X0to15","X16to29","X30to44","X45to64","X65plus"
"E01004853","Bolton 021E","E08000001","Bolton",-0.035236938,-0.048117155,-0.005524862,-0.05,-0.018927445,-0.069767442
