"Code","Name","LA_code","LA_name","All","X0to15","X16to29","X30to44","X45to64","X65plus"
"E01026009","Boston 001C","E07000136","Boston",-0.001633987,-0.027027027,0.006578947,0.023391813,-0.012531328,0.009463722
