"Code","Name","LA_code","LA_name","All","X0to15","X16to29","X30to44","X45to64","X65plus"
"E01026024","Boston 001E","E07000136","Boston",0.011581067,0.049418605,-0.030927835,0.003610108,0.019512195,0.004357298
