"Code","Name","LA_code","LA_name","All","X0to15","X16to29","X30to44","X45to64","X65plus"
"E01026022","Boston 008C","E07000136","Boston",0.105683419,0.243455497,0.113636364,0.151162791,0.058419244,0.034941764
