"Code","Name","LA_code","LA_name","All","X0to15","X16to29","X30to44","X45to64","X65plus"
"E01026017","Boston 007A","E07000136","Boston",-0.017489069,-0.015151515,0.015075377,-0.024,-0.017167382,-0.030805687
