"Code","Name","LA_code","LA_name","All","X0to15","X16to29","X30to44","X45to64","X65plus"
"E01026032","Boston 002D","E07000136","Boston",0.070167286,0.137931034,0.066528067,0.035019455,0.034274194,0.109803922
