"Code","Name","LA_code","LA_name","All","X0to15","X16to29","X30to44","X45to64","X65plus"
"E01026040","Boston 008E","E07000136","Boston",-0.025039124,-0.046875,0.020618557,-0.020920502,-0.035190616,-0.028225806
