"Code","Name","LA_code","LA_name","All","X0to15","X16to29","X30to44","X45to64","X65plus"
"E01026039","Boston 009D","E07000136","Boston",-0.030679934,-0.021276596,-0.034682081,-0.066666667,-0.032163743,-0.00974026
