"Code","Name","LA_code","LA_name","All","X0to15","X16to29","X30to44","X45to64","X65plus"
"E01026030","Boston 002C","E07000136","Boston",-0.00635324,0.020408163,0,-0.016494845,-0.030947776,0
