"Code","Name","LA_code","LA_name","All","X0to15","X16to29","X30to44","X45to64","X65plus"
"E01026037","Boston 002E","E07000136","Boston",-0.017230769,-0.053977273,-0.042763158,-0.034759358,0.034210526,0.018604651
