"Code","Name","LA_code","LA_name","All","X0to15","X16to29","X30to44","X45to64","X65plus"
"E01015374","Bournemouth 009C","E06000028","Bournemouth",-0.019553073,0.014577259,-0.041220115,-0.002298851,-0.008241758,0
