"Code","Name","LA_code","LA_name","All","X0to15","X16to29","X30to44","X45to64","X65plus"
"E01015287","Bournemouth 017D","E06000028","Bournemouth",-0.017950392,-0.028571429,-0.019989479,-0.040506329,-0.056603774,0.057926829
