"Code","Name","LA_code","LA_name","All","X0to15","X16to29","X30to44","X45to64","X65plus"
"E01015322","Bournemouth 010A","E06000028","Bournemouth",-0.011841326,0.006451613,-0.076923077,-0.016713092,0.004484305,0.003058104
