"Code","Name","LA_code","LA_name","All","X0to15","X16to29","X30to44","X45to64","X65plus"
"E01015345","Bournemouth 013C","E06000028","Bournemouth",-0.019417476,0.003367003,-0.034055728,-0.024390244,-0.034852547,0.025974026
