"Code","Name","LA_code","LA_name","All","X0to15","X16to29","X30to44","X45to64","X65plus"
"E01015353","Bournemouth 004E","E06000028","Bournemouth",-0.005212858,0.034313725,-0.028368794,-0.013888889,-0.037463977,0.028806584
