"Code","Name","LA_code","LA_name","All","X0to15","X16to29","X30to44","X45to64","X65plus"
"E01015288","Bournemouth 021B","E06000028","Bournemouth",-0.025350837,-0.014492754,-0.040469974,-0.031307551,0.00802139,-0.033149171
