"Code","Name","LA_code","LA_name","All","X0to15","X16to29","X30to44","X45to64","X65plus"
"E01015315","Bournemouth 011B","E06000028","Bournemouth",-0.020376974,-0.029498525,-0.014981273,-0.047337278,-0.012820513,-0.006342495
