"Code","Name","LA_code","LA_name","All","X0to15","X16to29","X30to44","X45to64","X65plus"
"E01015291","Bournemouth 021E","E06000028","Bournemouth",-0.043273754,-0.141242938,-0.073496659,-0.049295775,0.005665722,-0.020804438
