"Code","Name","LA_code","LA_name","All","X0to15","X16to29","X30to44","X45to64","X65plus"
"E01015297","Bournemouth 018B","E06000028","Bournemouth",-0.010278114,-0.004608295,-0.082417582,-0.013559322,0,0.004958678
