"Code","Name","LA_code","LA_name","All","X0to15","X16to29","X30to44","X45to64","X65plus"
"E01015280","Bournemouth 019C","E06000028","Bournemouth",-0.003165988,-0.005797101,-0.039130435,-0.014224751,0.023706897,0.050209205
