"Code","Name","LA_code","LA_name","All","X0to15","X16to29","X30to44","X45to64","X65plus"
"E01015311","Bournemouth 002D","E06000028","Bournemouth",-0.023859649,0.053333333,-0.032786885,-0.111111111,-0.038560411,-0.004316547
