"Code","Name","LA_code","LA_name","All","X0to15","X16to29","X30to44","X45to64","X65plus"
"E01015272","Bournemouth 016A","E06000028","Bournemouth",-0.017847485,-0.0375,-0.054313099,-0.013333333,-0.027310924,0.019230769
