"Code","Name","LA_code","LA_name","All","X0to15","X16to29","X30to44","X45to64","X65plus"
"E01015290","Bournemouth 021D","E06000028","Bournemouth",-0.023668639,-0.004587156,-0.033299697,-0.046511628,-0.007894737,0.014534884
