"Code","Name","LA_code","LA_name","All","X0to15","X16to29","X30to44","X45to64","X65plus"
"E01015350","Bournemouth 006E","E06000028","Bournemouth",-0.011494253,0.008403361,-0.084158416,-0.054545455,-0.006818182,0.034300792
