"Code","Name","LA_code","LA_name","All","X0to15","X16to29","X30to44","X45to64","X65plus"
"E01033286","Bournemouth 023C","E06000028","Bournemouth",-0.040944882,-0.059602649,-0.033707865,-0.087818697,-0.033457249,0.026086957
