"Code","Name","LA_code","LA_name","All","X0to15","X16to29","X30to44","X45to64","X65plus"
"E01015372","Bournemouth 023B","E06000028","Bournemouth",-0.031219981,0.158333333,-0.087947883,-0.049815498,-0.022801303,-0.02853598
