"Code","Name","LA_code","LA_name","All","X0to15","X16to29","X30to44","X45to64","X65plus"
"E01015304","Bournemouth 002B","E06000028","Bournemouth",-0.082346306,-0.105978261,-0.117647059,-0.116766467,-0.059734513,-0.025936599
