"Code","Name","LA_code","LA_name","All","X0to15","X16to29","X30to44","X45to64","X65plus"
"E01015367","Bournemouth 024A","E06000028","Bournemouth",-0.023677979,0.057017544,-0.047936085,-0.045962733,-0.011516315,0.026200873
