"Code","Name","LA_code","LA_name","All","X0to15","X16to29","X30to44","X45to64","X65plus"
"E01015342","Bournemouth 010C","E06000028","Bournemouth",-0.020606061,-0.047923323,0.014018692,-0.018796992,-0.024193548,-0.013850416
