"Code","Name","LA_code","LA_name","All","X0to15","X16to29","X30to44","X45to64","X65plus"
"E01015299","Bournemouth 020D","E06000028","Bournemouth",-0.020156775,-0.030395137,-0.024875622,-0.011527378,-0.026431718,-0.010989011
