"Code","Name","LA_code","LA_name","All","X0to15","X16to29","X30to44","X45to64","X65plus"
"E01033288","Bournemouth 023D","E06000028","Bournemouth",-0.00463392,0.013513514,0.032967033,-0.04248366,-0.003891051,0.007692308
