"Code","Name","LA_code","LA_name","All","X0to15","X16to29","X30to44","X45to64","X65plus"
"E01015326","Bournemouth 013A","E06000028","Bournemouth",-0.012130034,0.018867925,-0.044483986,-0.025641026,0.009638554,0.009708738
