"Code","Name","LA_code","LA_name","All","X0to15","X16to29","X30to44","X45to64","X65plus"
"E01015354","Bournemouth 004F","E06000028","Bournemouth",0.006107718,0.021276596,-0.03968254,-0.009852217,-0.008492569,0.080321285
