"Code","Name","LA_code","LA_name","All","X0to15","X16to29","X30to44","X45to64","X65plus"
"E01015305","Bournemouth 001C","E06000028","Bournemouth",-0.029506094,-0.026239067,-0.036144578,-0.050179211,-0.015544041,-0.026490066
