"Code","Name","LA_code","LA_name","All","X0to15","X16to29","X30to44","X45to64","X65plus"
"E01015352","Bournemouth 004D","E06000028","Bournemouth",-0.003046923,0.002212389,-0.02739726,-0.012594458,0.018134715,-0.010695187
