"Code","Name","LA_code","LA_name","All","X0to15","X16to29","X30to44","X45to64","X65plus"
"E01015273","Bournemouth 016B","E06000028","Bournemouth",-0.014161718,0.017902813,-0.03875969,-0.024778761,0.015267176,-0.062176166
