"Code","Name","LA_code","LA_name","All","X0to15","X16to29","X30to44","X45to64","X65plus"
"E01015286","Bournemouth 017C","E06000028","Bournemouth",-0.015810277,0.085714286,-0.04,-0.063043478,-0.016990291,0.004784689
