"Code","Name","LA_code","LA_name","All","X0to15","X16to29","X30to44","X45to64","X65plus"
"E01015371","Bournemouth 023A","E06000028","Bournemouth",-0.006646526,0.071428571,-0.022113022,-0.026859504,-0.034146341,0.07
