"Code","Name","LA_code","LA_name","All","X0to15","X16to29","X30to44","X45to64","X65plus"
"E01016240","Bracknell Forest 004B","E06000036","Bracknell Forest",0.010365854,-0.010230179,0.0472103,0.02278481,0.018518519,-0.037037037
