"Code","Name","LA_code","LA_name","All","X0to15","X16to29","X30to44","X45to64","X65plus"
"E01016227","Bracknell Forest 014D","E06000036","Bracknell Forest",0.008112094,-0.011764706,0.073170732,0.004,0.017811705,-0.023923445
