"Code","Name","LA_code","LA_name","All","X0to15","X16to29","X30to44","X45to64","X65plus"
"E01016237","Bracknell Forest 013E","E06000036","Bracknell Forest",-0.014634146,0.008403361,0.005102041,0.006872852,-0.050445104,-0.035714286
