"Code","Name","LA_code","LA_name","All","X0to15","X16to29","X30to44","X45to64","X65plus"
"E01016245","Bracknell Forest 003D","E06000036","Bracknell Forest",0.033261339,0.006423983,0.057239057,0.013539652,0.049937578,0.042918455
