"Code","Name","LA_code","LA_name","All","X0to15","X16to29","X30to44","X45to64","X65plus"
"E01016205","Bracknell Forest 010A","E06000036","Bracknell Forest",0.007598784,0.058333333,-0.004166667,-0.003039514,-0.031428571,0.057324841
