"Code","Name","LA_code","LA_name","All","X0to15","X16to29","X30to44","X45to64","X65plus"
"E01016236","Bracknell Forest 013D","E06000036","Bracknell Forest",0,-0.002754821,0.028340081,-0.009118541,-0.011961722,0.012820513
