"Code","Name","LA_code","LA_name","All","X0to15","X16to29","X30to44","X45to64","X65plus"
"E01016212","Bracknell Forest 011A","E06000036","Bracknell Forest",0.00075643,-0.029585799,0.01369863,0.013157895,0.003154574,0.020833333
