"Code","Name","LA_code","LA_name","All","X0to15","X16to29","X30to44","X45to64","X65plus"
"E01016216","Bracknell Forest 011B","E06000036","Bracknell Forest",0.006666667,-0.03164557,0.042944785,0.020710059,0.029498525,-0.025773196
