"Code","Name","LA_code","LA_name","All","X0to15","X16to29","X30to44","X45to64","X65plus"
"E01016184","Bracknell Forest 002A","E06000036","Bracknell Forest",0.000412201,-0.005681818,-0.005076142,0.007079646,0.004444444,-0.003787879
