"Code","Name","LA_code","LA_name","All","X0to15","X16to29","X30to44","X45to64","X65plus"
"E01016181","Bracknell Forest 005B","E06000036","Bracknell Forest",-0.00862069,0.003355705,0.008888889,-0.093984962,-0.007058824,0.040816327
