"Code","Name","LA_code","LA_name","All","X0to15","X16to29","X30to44","X45to64","X65plus"
"E01016209","Bracknell Forest 009A","E06000036","Bracknell Forest",0.004098361,0.023333333,0.04954955,0.025362319,0.007751938,-0.078853047
