"Code","Name","LA_code","LA_name","All","X0to15","X16to29","X30to44","X45to64","X65plus"
"E01032725","Bracknell Forest 009G","E06000036","Bracknell Forest",0.000577701,-0.001897533,-0.005291005,0.008278146,-0.001926782,-0.01754386
