"Code","Name","LA_code","LA_name","All","X0to15","X16to29","X30to44","X45to64","X65plus"
"E01016241","Bracknell Forest 004C","E06000036","Bracknell Forest",-0.014092777,-0.043478261,0.054151625,-0.023872679,-0.004987531,-0.042735043
