"Code","Name","LA_code","LA_name","All","X0to15","X16to29","X30to44","X45to64","X65plus"
"E01016221","Bracknell Forest 011E","E06000036","Bracknell Forest",0.002994012,-0.022813688,0.00990099,-0.003205128,0.05,-0.055865922
