"Code","Name","LA_code","LA_name","All","X0to15","X16to29","X30to44","X45to64","X65plus"
"E01016220","Bracknell Forest 011D","E06000036","Bracknell Forest",-0.00658376,-0.006493506,-0.0041841,0.019498607,-0.00591716,-0.089430894
