"Code","Name","LA_code","LA_name","All","X0to15","X16to29","X30to44","X45to64","X65plus"
"E01016235","Bracknell Forest 013C","E06000036","Bracknell Forest",-0.000760456,0.004219409,-0.045045045,0.01369863,0.002169197,0.022727273
