"Code","Name","LA_code","LA_name","All","X0to15","X16to29","X30to44","X45to64","X65plus"
"E01016253","Bracknell Forest 001D","E06000036","Bracknell Forest",0.014378145,0.01910828,0.030487805,-0.029304029,0.04454343,-0.015706806
