"Code","Name","LA_code","LA_name","All","X0to15","X16to29","X30to44","X45to64","X65plus"
"E01016208","Bracknell Forest 012B","E06000036","Bracknell Forest",0.00101833,-0.003058104,-0.013333333,0.005952381,0.012259194,-0.004651163
