"Code","Name","LA_code","LA_name","All","X0to15","X16to29","X30to44","X45to64","X65plus"
"E01016217","Bracknell Forest 010B","E06000036","Bracknell Forest",-0.026451139,0.003717472,-0.028985507,-0.00619195,-0.005181347,-0.153409091
