"Code","Name","LA_code","LA_name","All","X0to15","X16to29","X30to44","X45to64","X65plus"
"E01010715","Bradford 012A","E08000032","Bradford",-0.027726433,-0.009259259,-0.039772727,0.015957447,-0.032967033,-0.065502183
