"Code","Name","LA_code","LA_name","All","X0to15","X16to29","X30to44","X45to64","X65plus"
"E01010704","Bradford 008E","E08000032","Bradford",0.023480663,0.019672131,0.048192771,-0.003205128,0.05511811,-0.019900498
