"Code","Name","LA_code","LA_name","All","X0to15","X16to29","X30to44","X45to64","X65plus"
"E01010784","Bradford 018C","E08000032","Bradford",-0.012226512,0.003333333,-0.004366812,0.015306122,0.009367681,-0.140776699
