"Code","Name","LA_code","LA_name","All","X0to15","X16to29","X30to44","X45to64","X65plus"
"E01010581","Bradford 015B","E08000032","Bradford",0.015169903,0.005540166,0,-0.010989011,0.040865385,0.035211268
