"Code","Name","LA_code","LA_name","All","X0to15","X16to29","X30to44","X45to64","X65plus"
"E01010787","Bradford 020C","E08000032","Bradford",-0.037267081,-0.073929961,-0.041474654,-0.021875,-0.011792453,-0.051020408
