"Code","Name","LA_code","LA_name","All","X0to15","X16to29","X30to44","X45to64","X65plus"
"E01010824","Bradford 034C","E08000032","Bradford",0.043668122,0.065693431,0.04589372,0.04893617,-0.018276762,0.116883117
