"Code","Name","LA_code","LA_name","All","X0to15","X16to29","X30to44","X45to64","X65plus"
"E01010587","Bradford 022B","E08000032","Bradford",-0.004940711,0.060526316,-0.027210884,-0.01946472,-0.033707865,0.012658228
