"Code","Name","LA_code","LA_name","All","X0to15","X16to29","X30to44","X45to64","X65plus"
"E01010853","Bradford 054D","E08000032","Bradford",-0.015250545,-0.054945055,-0.005076142,0,0.036474164,-0.053811659
