"Code","Name","LA_code","LA_name","All","X0to15","X16to29","X30to44","X45to64","X65plus"
"E01010659","Bradford 049A","E08000032","Bradford",0.021025641,0.033816425,0.032258065,-0.002457002,0.005263158,0.041176471
