"Code","Name","LA_code","LA_name","All","X0to15","X16to29","X30to44","X45to64","X65plus"
"E01010669","Bradford 030A","E08000032","Bradford",-0.011690209,-0.004672897,-0.032338308,0.004694836,0,-0.04048583
