"Code","Name","LA_code","LA_name","All","X0to15","X16to29","X30to44","X45to64","X65plus"
"E01010678","Bradford 036B","E08000032","Bradford",-0.005843682,-0.040752351,0,0.007936508,-0.010666667,0.027777778
