"Code","Name","LA_code","LA_name","All","X0to15","X16to29","X30to44","X45to64","X65plus"
"E01010594","Bradford 031C","E08000032","Bradford",-0.005970149,0.043478261,-0.046808511,-0.036,-0.012323944,0.012383901
