"Code","Name","LA_code","LA_name","All","X0to15","X16to29","X30to44","X45to64","X65plus"
"E01010837","Bradford 044D","E08000032","Bradford",0.003805899,0.015358362,-0.015209125,-0.026476578,0.086309524,-0.055214724
