"Code","Name","LA_code","LA_name","All","X0to15","X16to29","X30to44","X45to64","X65plus"
"E01010684","Bradford 017B","E08000032","Bradford",0.0066313,-0.015267176,0.06763285,0.021201413,-0.021459227,0.013793103
