"Code","Name","LA_code","LA_name","All","X0to15","X16to29","X30to44","X45to64","X65plus"
"E01010575","Bradford 013C","E08000032","Bradford",-0.003099814,-0.012145749,0.011299435,0.075471698,-0.035856574,-0.014218009
