"Code","Name","LA_code","LA_name","All","X0to15","X16to29","X30to44","X45to64","X65plus"
"E01010599","Bradford 028C","E08000032","Bradford",-0.089595376,-0.052777778,-0.075892857,-0.069204152,-0.048929664,-0.282608696
