"Code","Name","LA_code","LA_name","All","X0to15","X16to29","X30to44","X45to64","X65plus"
"E01010798","Bradford 043E","E08000032","Bradford",0.02421466,-0.022580645,0.053811659,0.023972603,0.01843318,0.063197026
