"Code","Name","LA_code","LA_name","All","X0to15","X16to29","X30to44","X45to64","X65plus"
"E01010769","Bradford 003C","E08000032","Bradford",0.030548628,0.01010101,0.076470588,0.026954178,-0.011363636,0.085889571
