"Code","Name","LA_code","LA_name","All","X0to15","X16to29","X30to44","X45to64","X65plus"
"E01010854","Bradford 023A","E08000032","Bradford",-0.048554283,-0.069832402,-0.031496063,-0.033505155,-0.028409091,-0.091803279
