"Code","Name","LA_code","LA_name","All","X0to15","X16to29","X30to44","X45to64","X65plus"
"E01010614","Bradford 046D","E08000032","Bradford",-0.01299505,-0.002173913,-0.008310249,-0.06,0.008287293,-0.027322404
