"Code","Name","LA_code","LA_name","All","X0to15","X16to29","X30to44","X45to64","X65plus"
"E01010842","Bradford 039E","E08000032","Bradford",-0.030975736,-0.055649241,-0.067599068,-0.081196581,0.040752351,0.2109375
