"Code","Name","LA_code","LA_name","All","X0to15","X16to29","X30to44","X45to64","X65plus"
"E01010821","Bradford 052D","E08000032","Bradford",0.008271659,-0.001303781,-0.008908686,0,0.020460358,0.134453782
