"Code","Name","LA_code","LA_name","All","X0to15","X16to29","X30to44","X45to64","X65plus"
"E01010705","Bradford 008F","E08000032","Bradford",-0.003056235,-0.01650165,0.058201058,-0.030888031,-0.012320329,0.007537688
