"Code","Name","LA_code","LA_name","All","X0to15","X16to29","X30to44","X45to64","X65plus"
"E01010734","Bradford 045D","E08000032","Bradford",0.048387097,0.063218391,0.049751244,0.05721393,0.026415094,-0.024096386
