"Code","Name","LA_code","LA_name","All","X0to15","X16to29","X30to44","X45to64","X65plus"
"E01010811","Bradford 037C","E08000032","Bradford",0.00315742,0.024489796,-0.01511879,-0.012131716,0.018237082,-0.026548673
