"Code","Name","LA_code","LA_name","All","X0to15","X16to29","X30to44","X45to64","X65plus"
"E01010736","Bradford 048D","E08000032","Bradford",-0.008358997,0.023160763,-0.002262443,-0.03805175,-0.023391813,-0.020408163
