"Code","Name","LA_code","LA_name","All","X0to15","X16to29","X30to44","X45to64","X65plus"
"E01010735","Bradford 051A","E08000032","Bradford",0.004751848,0.001404494,0.008219178,0.011494253,-0.003472222,0.010638298
