"Code","Name","LA_code","LA_name","All","X0to15","X16to29","X30to44","X45to64","X65plus"
"E01010633","Bradford 047A","E08000032","Bradford",-0.007931262,0.003597122,-0.015444015,-0.00990099,0.002403846,-0.027237354
