"Code","Name","LA_code","LA_name","All","X0to15","X16to29","X30to44","X45to64","X65plus"
"E01010731","Bradford 048A","E08000032","Bradford",-0.027350427,0.040506329,-0.008948546,-0.074003795,-0.026819923,-0.112
