"Code","Name","LA_code","LA_name","All","X0to15","X16to29","X30to44","X45to64","X65plus"
"E01010712","Bradford 009A","E08000032","Bradford",0.013586957,0.012195122,0,0.009345794,0.034351145,0.036036036
