"Code","Name","LA_code","LA_name","All","X0to15","X16to29","X30to44","X45to64","X65plus"
"E01010719","Bradford 007A","E08000032","Bradford",0.013739546,0.007352941,0.014749263,-0.024523161,0.07480315,0.023529412
