"Code","Name","LA_code","LA_name","All","X0to15","X16to29","X30to44","X45to64","X65plus"
"E01010754","Bradford 058C","E08000032","Bradford",-0.000639386,0.028938907,-0.016949153,0,0.021459227,-0.072115385
