"Code","Name","LA_code","LA_name","All","X0to15","X16to29","X30to44","X45to64","X65plus"
"E01010765","Bradford 010D","E08000032","Bradford",0.007318123,0.032171582,-0.025510204,0.012658228,-0.006069803,0.027777778
