"Code","Name","LA_code","LA_name","All","X0to15","X16to29","X30to44","X45to64","X65plus"
"E01010750","Bradford 060B","E08000032","Bradford",0.001282051,-0.01984127,-0.015873016,0.017094017,0.014989293,0
