"Code","Name","LA_code","LA_name","All","X0to15","X16to29","X30to44","X45to64","X65plus"
"E01033689","Bradford 020E","E08000032","Bradford",-0.006122449,-0.023121387,-0.023809524,-0.029978587,0.049668874,0.037037037
