"Code","Name","LA_code","LA_name","All","X0to15","X16to29","X30to44","X45to64","X65plus"
"E01010789","Bradford 025A","E08000032","Bradford",-0.036878675,-0.019313305,-0.029761905,-0.063492063,-0.02284264,-0.055555556
