"Code","Name","LA_code","LA_name","All","X0to15","X16to29","X30to44","X45to64","X65plus"
"E01010808","Bradford 033D","E08000032","Bradford",-0.00437254,-0.021766965,0.013015184,-0.011986301,0.00304878,0.052631579
