"Code","Name","LA_code","LA_name","All","X0to15","X16to29","X30to44","X45to64","X65plus"
"E01010852","Bradford 054C","E08000032","Bradford",-0.000630915,0.07253886,-0.08045977,-0.008797654,-0.03030303,0.018726592
