"Code","Name","LA_code","LA_name","All","X0to15","X16to29","X30to44","X45to64","X65plus"
"E01010760","Bradford 058G","E08000032","Bradford",-0.02244898,-0.045751634,0.01048951,-0.0243309,-0.014897579,-0.029962547
