"Code","Name","LA_code","LA_name","All","X0to15","X16to29","X30to44","X45to64","X65plus"
"E01010817","Bradford 057D","E08000032","Bradford",-0.02087436,-0.05963939,-0.044811321,-0.024054983,-0.023715415,0.114379085
