"Code","Name","LA_code","LA_name","All","X0to15","X16to29","X30to44","X45to64","X65plus"
"E01010729","Bradford 007D","E08000032","Bradford",-0.012844037,0.008064516,-0.029045643,0.02238806,-0.042328042,-0.018617021
