"Code","Name","LA_code","LA_name","All","X0to15","X16to29","X30to44","X45to64","X65plus"
"E01010603","Bradford 024A","E08000032","Bradford",-0.034855769,-0.068376068,-0.022140221,-0.01056338,-0.014705882,-0.063829787
