"Code","Name","LA_code","LA_name","All","X0to15","X16to29","X30to44","X45to64","X65plus"
"E01010657","Bradford 026E","E08000032","Bradford",-0.013468013,-0.038327526,0,-0.043771044,0.002673797,0.012820513
