"Code","Name","LA_code","LA_name","All","X0to15","X16to29","X30to44","X45to64","X65plus"
"E01010835","Bradford 044B","E08000032","Bradford",-0.003341434,-0.004708098,-0.001256281,-0.027027027,0.017857143,0.038277512
