"Code","Name","LA_code","LA_name","All","X0to15","X16to29","X30to44","X45to64","X65plus"
"E01010768","Bradford 003B","E08000032","Bradford",-0.009191176,-0.017647059,-0.042328042,-0.023972603,-0.001956947,0.023333333
