"Code","Name","LA_code","LA_name","All","X0to15","X16to29","X30to44","X45to64","X65plus"
"E01010569","Bradford 016B","E08000032","Bradford",0.01516035,0.05704698,0,0.003003003,0.011061947,0.007936508
