"Code","Name","LA_code","LA_name","All","X0to15","X16to29","X30to44","X45to64","X65plus"
"E01010792","Bradford 025C","E08000032","Bradford",0.010147133,0.016483516,0.016826923,0.006564551,0.010840108,-0.016393443
