"Code","Name","LA_code","LA_name","All","X0to15","X16to29","X30to44","X45to64","X65plus"
"E01010728","Bradford 007C","E08000032","Bradford",0.002181025,0.016853933,-0.014577259,0.006896552,-0.014792899,0.010869565
