"Code","Name","LA_code","LA_name","All","X0to15","X16to29","X30to44","X45to64","X65plus"
"E01010773","Bradford 005C","E08000032","Bradford",0.012031139,0.086206897,0,0.003802281,0.002375297,-0.014705882
