"Code","Name","LA_code","LA_name","All","X0to15","X16to29","X30to44","X45to64","X65plus"
"E01010650","Bradford 027B","E08000032","Bradford",-0.003528893,-0.006242197,-0.020594966,-0.001926782,0.002610966,0.047244094
