"Code","Name","LA_code","LA_name","All","X0to15","X16to29","X30to44","X45to64","X65plus"
"E01010615","Bradford 053A","E08000032","Bradford",-0.034285714,-0.013422819,-0.068027211,-0.046263345,-0.022535211,-0.01744186
