"Code","Name","LA_code","LA_name","All","X0to15","X16to29","X30to44","X45to64","X65plus"
"E01010874","Bradford 059H","E08000032","Bradford",0,-0.013333333,0.031390135,-0.038022814,0.01056338,0.017467249
