"Code","Name","LA_code","LA_name","All","X0to15","X16to29","X30to44","X45to64","X65plus"
"E01010779","Bradford 021C","E08000032","Bradford",-0.031329923,-0.034985423,-0.036630037,-0.088235294,-0.044736842,0.064885496
