"Code","Name","LA_code","LA_name","All","X0to15","X16to29","X30to44","X45to64","X65plus"
"E01010691","Bradford 002A","E08000032","Bradford",0.009457755,-0.003436426,0.050955414,-0.005319149,-0.00212766,0.020833333
