"Code","Name","LA_code","LA_name","All","X0to15","X16to29","X30to44","X45to64","X65plus"
"E01010776","Bradford 021A","E08000032","Bradford",-0.006013229,0.005449591,-0.016835017,0.009493671,-0.004357298,-0.035714286
