"Code","Name","LA_code","LA_name","All","X0to15","X16to29","X30to44","X45to64","X65plus"
"E01010762","Bradford 055C","E08000032","Bradford",0.001321004,0.042372881,-0.030716724,0.023178808,0.005730659,-0.060185185
