"Code","Name","LA_code","LA_name","All","X0to15","X16to29","X30to44","X45to64","X65plus"
"E01010839","Bradford 044F","E08000032","Bradford",0.000602047,0.0041841,0.013761468,-0.057788945,0.082251082,-0.025423729
