"Code","Name","LA_code","LA_name","All","X0to15","X16to29","X30to44","X45to64","X65plus"
"E01010867","Bradford 059G","E08000032","Bradford",0.004297115,0.035294118,0.003831418,-0.004901961,-0.037333333,0.04375
