"Code","Name","LA_code","LA_name","All","X0to15","X16to29","X30to44","X45to64","X65plus"
"E01010732","Bradford 048B","E08000032","Bradford",-0.018275539,-0.018987342,0.00610998,-0.025862069,-0.009146341,-0.116504854
