"Code","Name","LA_code","LA_name","All","X0to15","X16to29","X30to44","X45to64","X65plus"
"E01010687","Bradford 019D","E08000032","Bradford",-0.022740193,-0.057877814,-0.003921569,-0.02972973,-0.013266998,-0.009090909
