"Code","Name","LA_code","LA_name","All","X0to15","X16to29","X30to44","X45to64","X65plus"
"E01010670","Bradford 029A","E08000032","Bradford",0.026706231,0.040865385,0.019607843,0.019662921,-0.026109661,0.138728324
