"Code","Name","LA_code","LA_name","All","X0to15","X16to29","X30to44","X45to64","X65plus"
"E01010803","Bradford 037A","E08000032","Bradford",-0.015037594,-0.038269551,-0.007556675,-0.03440367,0.025477707,0.043859649
