"Code","Name","LA_code","LA_name","All","X0to15","X16to29","X30to44","X45to64","X65plus"
"E01010790","Bradford 018F","E08000032","Bradford",-0.027913468,-0.042307692,-0.070063694,0.004310345,-0.009592326,-0.040871935
