"Code","Name","LA_code","LA_name","All","X0to15","X16to29","X30to44","X45to64","X65plus"
"E01010711","Bradford 011A","E08000032","Bradford",-0.005877414,0,-0.016853933,-0.024193548,-0.011111111,0.016447368
