"Code","Name","LA_code","LA_name","All","X0to15","X16to29","X30to44","X45to64","X65plus"
"E01010636","Bradford 047D","E08000032","Bradford",-0.01836969,-0.051987768,0.011764706,-0.006849315,-0.007920792,-0.033057851
