"Code","Name","LA_code","LA_name","All","X0to15","X16to29","X30to44","X45to64","X65plus"
"E01010630","Bradford 040C","E08000032","Bradford",0.001206273,-0.004098361,-0.026717557,0.02739726,-0.003424658,0.007968127
