"Code","Name","LA_code","LA_name","All","X0to15","X16to29","X30to44","X45to64","X65plus"
"E01010838","Bradford 044E","E08000032","Bradford",-0.02369146,-0.001694915,0,-0.04784689,-0.031128405,-0.125
