"Code","Name","LA_code","LA_name","All","X0to15","X16to29","X30to44","X45to64","X65plus"
"E01010781","Bradford 021D","E08000032","Bradford",0.038744155,0.071808511,0.035335689,0.019169329,0.040983607,0
