"Code","Name","LA_code","LA_name","All","X0to15","X16to29","X30to44","X45to64","X65plus"
"E01010741","Bradford 059A","E08000032","Bradford",0.053140097,0.023076923,0.05,0.122529644,0.006355932,0.106557377
