"Code","Name","LA_code","LA_name","All","X0to15","X16to29","X30to44","X45to64","X65plus"
"E01010617","Bradford 039C","E08000032","Bradford",0,0.036511156,0.021428571,-0.008064516,-0.031690141,-0.092307692
