"Code","Name","LA_code","LA_name","All","X0to15","X16to29","X30to44","X45to64","X65plus"
"E01010815","Bradford 057B","E08000032","Bradford",-0.009433962,0.00118624,0.003724395,-0.011510791,0.010416667,-0.132701422
