"Code","Name","LA_code","LA_name","All","X0to15","X16to29","X30to44","X45to64","X65plus"
"E01010697","Bradford 002F","E08000032","Bradford",-0.014983713,-0.003773585,-0.086666667,-0.011904762,-0.004474273,-0.00990099
