"Code","Name","LA_code","LA_name","All","X0to15","X16to29","X30to44","X45to64","X65plus"
"E01010591","Bradford 022E","E08000032","Bradford",0.010322581,-0.018292683,-0.03539823,0.021126761,0.020151134,0.050793651
