"Code","Name","LA_code","LA_name","All","X0to15","X16to29","X30to44","X45to64","X65plus"
"E01010694","Bradford 002C","E08000032","Bradford",-0.015654352,-0.016326531,-0.068571429,-0.031055901,-0.010729614,0.001818182
