"Code","Name","LA_code","LA_name","All","X0to15","X16to29","X30to44","X45to64","X65plus"
"E01010724","Bradford 009E","E08000032","Bradford",0.012829651,0.049382716,0.022123894,0.012861736,-0.047770701,0.035087719
