"Code","Name","LA_code","LA_name","All","X0to15","X16to29","X30to44","X45to64","X65plus"
"E01010764","Bradford 010C","E08000032","Bradford",-0.008711886,-0.020080321,-0.055865922,-0.026431718,-0.009345794,0.028776978
