"Code","Name","LA_code","LA_name","All","X0to15","X16to29","X30to44","X45to64","X65plus"
"E01010662","Bradford 049D","E08000032","Bradford",0.000739645,0.006514658,0.004347826,0.007490637,0.005390836,-0.033898305
