"Code","Name","LA_code","LA_name","All","X0to15","X16to29","X30to44","X45to64","X65plus"
"E01010676","Bradford 034A","E08000032","Bradford",-0.01637931,-0.019578313,-0.025362319,0.008710801,0.007936508,-0.125
