"Code","Name","LA_code","LA_name","All","X0to15","X16to29","X30to44","X45to64","X65plus"
"E01010672","Bradford 036A","E08000032","Bradford",0.010920437,-0.012,0.035087719,0.012658228,0.028089888,-0.018957346
