"Code","Name","LA_code","LA_name","All","X0to15","X16to29","X30to44","X45to64","X65plus"
"E01010568","Bradford 016A","E08000032","Bradford",-0.009291521,0.019011407,-0.016949153,-0.035947712,0.004166667,-0.018306636
