"Code","Name","LA_code","LA_name","All","X0to15","X16to29","X30to44","X45to64","X65plus"
"E01010699","Bradford 002H","E08000032","Bradford",-0.002594707,0.002369668,-0.031111111,-0.013550136,-0.014314928,0.030805687
