"Code","Name","LA_code","LA_name","All","X0to15","X16to29","X30to44","X45to64","X65plus"
"E01010718","Bradford 012C","E08000032","Bradford",0.022049287,0.040462428,0.019607843,0.059210526,0.0248307,-0.072164948
