"Code","Name","LA_code","LA_name","All","X0to15","X16to29","X30to44","X45to64","X65plus"
"E01010619","Bradford 038B","E08000032","Bradford",0.003263403,0.023333333,-0.007590133,0.006711409,0.00234192,-0.048611111
