"Code","Name","LA_code","LA_name","All","X0to15","X16to29","X30to44","X45to64","X65plus"
"E01010868","Bradford 061A","E08000032","Bradford",0.000621118,0.002617801,0.013513514,-0.008403361,-0.005263158,0.005128205
