"Code","Name","LA_code","LA_name","All","X0to15","X16to29","X30to44","X45to64","X65plus"
"E01010865","Bradford 060D","E08000032","Bradford",-0.017693316,-0.054474708,-0.024691358,-0.061919505,-0.004535147,0.057251908
