"Code","Name","LA_code","LA_name","All","X0to15","X16to29","X30to44","X45to64","X65plus"
"E01010740","Bradford 051D","E08000032","Bradford",0.045200893,0.058098592,0.029239766,0.04368932,0.083044983,-0.022099448
