"Code","Name","LA_code","LA_name","All","X0to15","X16to29","X30to44","X45to64","X65plus"
"E01021351","Braintree 007B","E07000067","Braintree",0.024691358,0.017456359,0.052631579,0.027700831,0.023655914,0
