"Code","Name","LA_code","LA_name","All","X0to15","X16to29","X30to44","X45to64","X65plus"
"E01021424","Braintree 018E","E07000067","Braintree",-0.004869411,0.009541985,0.005494505,-0.035781544,-0.00528169,0.014705882
