"Code","Name","LA_code","LA_name","All","X0to15","X16to29","X30to44","X45to64","X65plus"
"E01021383","Braintree 010C","E07000067","Braintree",0.01233982,0.03909465,0.014204545,0.017241379,0.028708134,-0.074829932
