"Code","Name","LA_code","LA_name","All","X0to15","X16to29","X30to44","X45to64","X65plus"
"E01021396","Braintree 018D","E07000067","Braintree",-0.015678255,-0.022727273,-0.013157895,-0.004739336,-0.008928571,-0.025229358
