"Code","Name","LA_code","LA_name","All","X0to15","X16to29","X30to44","X45to64","X65plus"
"E01021364","Braintree 010A","E07000067","Braintree",0.072281584,0.079037801,0.131782946,0.119863014,0.015659955,0.052805281
