"Code","Name","LA_code","LA_name","All","X0to15","X16to29","X30to44","X45to64","X65plus"
"E01021425","Braintree 016B","E07000067","Braintree",0.008991651,0.005167959,0.029090909,0.005509642,0.014245014,-0.016574586
