"Code","Name","LA_code","LA_name","All","X0to15","X16to29","X30to44","X45to64","X65plus"
"E01021389","Braintree 006A","E07000067","Braintree",-0.016163793,-0.022857143,-0.012096774,-0.022801303,-0.01242236,-0.012820513
