"Code","Name","LA_code","LA_name","All","X0to15","X16to29","X30to44","X45to64","X65plus"
"E01021397","Braintree 003B","E07000067","Braintree",0.006513026,0.027190332,-0.009771987,0,0.00166113,0.015748031
