"Code","Name","LA_code","LA_name","All","X0to15","X16to29","X30to44","X45to64","X65plus"
"E01021405","Braintree 010D","E07000067","Braintree",0.021148036,0.043478261,0.033557047,0.013953488,-0.00281294,0.036281179
