"Code","Name","LA_code","LA_name","All","X0to15","X16to29","X30to44","X45to64","X65plus"
"E01021368","Braintree 011A","E07000067","Braintree",-0.01821608,-0.025,-0.003067485,-0.025316456,0,-0.046594982
