"Code","Name","LA_code","LA_name","All","X0to15","X16to29","X30to44","X45to64","X65plus"
"E01021371","Braintree 013B","E07000067","Braintree",-0.006436513,-0.06501548,0.033653846,-0.01618123,-0.009456265,0.02690583
