"Code","Name","LA_code","LA_name","All","X0to15","X16to29","X30to44","X45to64","X65plus"
"E01021348","Braintree 018A","E07000067","Braintree",-0.003861004,0.02745098,0.005291005,-0.003921569,-0.014522822,-0.016085791
