"Code","Name","LA_code","LA_name","All","X0to15","X16to29","X30to44","X45to64","X65plus"
"E01021370","Braintree 011B","E07000067","Braintree",0.001169591,-0.012468828,0.003773585,0.007556675,-0.027363184,0.057142857
