"Code","Name","LA_code","LA_name","All","X0to15","X16to29","X30to44","X45to64","X65plus"
"E01021375","Braintree 001A","E07000067","Braintree",-0.017527675,-0.053921569,-0.024793388,-0.006578947,-0.037333333,0.043103448
