"Code","Name","LA_code","LA_name","All","X0to15","X16to29","X30to44","X45to64","X65plus"
"E01021357","Braintree 008B","E07000067","Braintree",0.081063123,0.068493151,0.06640625,0.106837607,0.063965885,0.107033639
