"Code","Name","LA_code","LA_name","All","X0to15","X16to29","X30to44","X45to64","X65plus"
"E01021355","Braintree 007D","E07000067","Braintree",0.000966184,-0.020467836,0.003546099,-0.013812155,0.001838235,0.022222222
