"Code","Name","LA_code","LA_name","All","X0to15","X16to29","X30to44","X45to64","X65plus"
"E01021377","Braintree 014A","E07000067","Braintree",0.003957038,0.041800643,0,0,0.009451796,-0.026128266
