"Code","Name","LA_code","LA_name","All","X0to15","X16to29","X30to44","X45to64","X65plus"
"E01021380","Braintree 012E","E07000067","Braintree",0.004194631,0.023136247,0.015822785,0.013333333,-0.008784773,-0.004830918
