"Code","Name","LA_code","LA_name","All","X0to15","X16to29","X30to44","X45to64","X65plus"
"E01021352","Braintree 007C","E07000067","Braintree",-0.011606597,0,-0.044843049,0.026578073,-0.032679739,-0.005524862
