"Code","Name","LA_code","LA_name","All","X0to15","X16to29","X30to44","X45to64","X65plus"
"E01021384","Braintree 013C","E07000067","Braintree",0.004230118,0.014134276,-0.031976744,-0.00998004,0.006116208,0.046822742
