"Code","Name","LA_code","LA_name","All","X0to15","X16to29","X30to44","X45to64","X65plus"
"E01021376","Braintree 001B","E07000067","Braintree",0.029048656,0.067264574,-0.015544041,0.027522936,0.03887689,0.014285714
