"Code","Name","LA_code","LA_name","All","X0to15","X16to29","X30to44","X45to64","X65plus"
"E01021385","Braintree 013D","E07000067","Braintree",-0.004535147,-0.034920635,-0.040540541,0.014440433,-0.005405405,0.086330935
