"Code","Name","LA_code","LA_name","All","X0to15","X16to29","X30to44","X45to64","X65plus"
"E01026480","Breckland 006B","E07000143","Breckland",0,0.052884615,0.012738854,0.020833333,-0.037037037,-0.002217295
