"Code","Name","LA_code","LA_name","All","X0to15","X16to29","X30to44","X45to64","X65plus"
"E01026447","Breckland 011C","E07000143","Breckland",-0.017734554,-0.016611296,-0.062146893,-0.008547009,0.026066351,-0.0375
