"Code","Name","LA_code","LA_name","All","X0to15","X16to29","X30to44","X45to64","X65plus"
"E01026465","Breckland 015A","E07000143","Breckland",0.008386778,0.033854167,-0.012345679,0.013157895,-0.018480493,0.035040431
