"Code","Name","LA_code","LA_name","All","X0to15","X16to29","X30to44","X45to64","X65plus"
"E01026464","Breckland 010D","E07000143","Breckland",0.000785546,-0.035175879,0.049295775,-0.005434783,0,0.006079027
