"Code","Name","LA_code","LA_name","All","X0to15","X16to29","X30to44","X45to64","X65plus"
"E01026469","Breckland 016B","E07000143","Breckland",0.017867435,-0.035031847,0.014792899,0.018867925,0.016,0.071216617
