"Code","Name","LA_code","LA_name","All","X0to15","X16to29","X30to44","X45to64","X65plus"
"E01026430","Breckland 003C","E07000143","Breckland",-0.004805382,-0.052109181,0.017123288,0.030405405,-0.0078125,0.001730104
