"Code","Name","LA_code","LA_name","All","X0to15","X16to29","X30to44","X45to64","X65plus"
"E01026496","Breckland 008E","E07000143","Breckland",0.016393443,-0.086614173,0.057142857,-0.054263566,0.058823529,0.029017857
