"Code","Name","LA_code","LA_name","All","X0to15","X16to29","X30to44","X45to64","X65plus"
"E01026479","Breckland 006A","E07000143","Breckland",0.005280528,-0.00921659,-0.040609137,0.017094017,0.045130641,-0.011210762
