"Code","Name","LA_code","LA_name","All","X0to15","X16to29","X30to44","X45to64","X65plus"
"E01026437","Breckland 008A","E07000143","Breckland",-0.006779661,-0.007692308,-0.044025157,-0.037735849,-0.018372703,0.027227723
