"Code","Name","LA_code","LA_name","All","X0to15","X16to29","X30to44","X45to64","X65plus"
"E01026481","Breckland 006C","E07000143","Breckland",-0.007843137,-0.012820513,-0.012738854,0.009389671,0.013736264,-0.039087948
