"Code","Name","LA_code","LA_name","All","X0to15","X16to29","X30to44","X45to64","X65plus"
"E01026470","Breckland 016C","E07000143","Breckland",-0.006325111,-0.007407407,-0.01,0.006345178,-0.015942029,-0.006472492
