"Code","Name","LA_code","LA_name","All","X0to15","X16to29","X30to44","X45to64","X65plus"
"E01026441","Breckland 014C","E07000143","Breckland",-0.017318794,0,-0.055837563,-0.088235294,0.00886918,-0.0041841
