"Code","Name","LA_code","LA_name","All","X0to15","X16to29","X30to44","X45to64","X65plus"
"E01026486","Breckland 009A","E07000143","Breckland",-0.037263286,-0.024875622,-0.004405286,0.022099448,-0.012077295,-0.087947883
