"Code","Name","LA_code","LA_name","All","X0to15","X16to29","X30to44","X45to64","X65plus"
"E01026446","Breckland 004A","E07000143","Breckland",0.0315,0.055335968,0.04368932,0.028268551,0.003831418,0.04076087
