"Code","Name","LA_code","LA_name","All","X0to15","X16to29","X30to44","X45to64","X65plus"
"E01026449","Breckland 011D","E07000143","Breckland",-0.034499754,-0.082352941,-0.005479452,-0.043478261,-0.03187251,-0.017621145
