"Code","Name","LA_code","LA_name","All","X0to15","X16to29","X30to44","X45to64","X65plus"
"E01026488","Breckland 009C","E07000143","Breckland",0.023396226,-0.076086957,0.025,0.046082949,-0.016233766,0.090425532
