"Code","Name","LA_code","LA_name","All","X0to15","X16to29","X30to44","X45to64","X65plus"
"E01026434","Breckland 005F","E07000143","Breckland",0.015511892,0.030821918,0.027303754,0.015337423,-0.004056795,0.018867925
