"Code","Name","LA_code","LA_name","All","X0to15","X16to29","X30to44","X45to64","X65plus"
"E01026438","Breckland 008B","E07000143","Breckland",0.018645731,0.047297297,0.095238095,-0.007246377,0.021875,-0.012987013
