"Code","Name","LA_code","LA_name","All","X0to15","X16to29","X30to44","X45to64","X65plus"
"E01026468","Breckland 016A","E07000143","Breckland",-0.006117455,0.006006006,-0.012106538,-0.018789144,-0.020155039,0.017182131
