"Code","Name","LA_code","LA_name","All","X0to15","X16to29","X30to44","X45to64","X65plus"
"E01026491","Breckland 010E","E07000143","Breckland",-0.014252874,-0.038095238,-0.019083969,-0.006993007,0.01082544,-0.034904014
