"Code","Name","LA_code","LA_name","All","X0to15","X16to29","X30to44","X45to64","X65plus"
"E01026467","Breckland 015C","E07000143","Breckland",-0.013163143,-0.005050505,-0.009398496,-0.009803922,-0.019027484,-0.05
