"Code","Name","LA_code","LA_name","All","X0to15","X16to29","X30to44","X45to64","X65plus"
"E01026477","Breckland 017D","E07000143","Breckland",-0.032796318,-0.065789474,-0.006472492,-0.027355623,-0.007263923,-0.056277056
