"Code","Name","LA_code","LA_name","All","X0to15","X16to29","X30to44","X45to64","X65plus"
"E01000519","Brent 005B","E09000005","Brent",-0.001546392,0.002232143,0.036111111,-0.012135922,-0.00845666,-0.032388664
