"Code","Name","LA_code","LA_name","All","X0to15","X16to29","X30to44","X45to64","X65plus"
"E01000590","Brent 001C","E09000005","Brent",-0.028861571,-0.037837838,-0.053097345,-0.042755344,-0.008510638,0
