"Code","Name","LA_code","LA_name","All","X0to15","X16to29","X30to44","X45to64","X65plus"
"E01000550","Brent 034B","E09000005","Brent",0.047330765,0.062330623,0.035353535,0.025287356,0.033175355,0.123076923
