"Code","Name","LA_code","LA_name","All","X0to15","X16to29","X30to44","X45to64","X65plus"
"E01000562","Brent 008A","E09000005","Brent",0.00862641,-0.014814815,0.037558685,-0.034129693,0.047393365,-0.003236246
