"Code","Name","LA_code","LA_name","All","X0to15","X16to29","X30to44","X45to64","X65plus"
"E01000629","Brent 005E","E09000005","Brent",-0.013151239,-0.02919708,-0.011661808,-0.00210084,0.004132231,-0.041825095
