"Code","Name","LA_code","LA_name","All","X0to15","X16to29","X30to44","X45to64","X65plus"
"E01000576","Brent 012C","E09000005","Brent",-0.028522533,-0.045731707,-0.023880597,-0.01937046,0.008086253,-0.071895425
