"Code","Name","LA_code","LA_name","All","X0to15","X16to29","X30to44","X45to64","X65plus"
"E01021468","Brentwood 006D","E07000068","Brentwood",-0.025445293,-0.020942408,-0.032786885,-0.044117647,-0.016423358,-0.020512821
