"Code","Name","LA_code","LA_name","All","X0to15","X16to29","X30to44","X45to64","X65plus"
"E01000573","Brent 007B","E09000005","Brent",0.002495321,-0.005797101,-0.017751479,0.023255814,-0.002680965,0.024630542
