"Code","Name","LA_code","LA_name","All","X0to15","X16to29","X30to44","X45to64","X65plus"
"E01000531","Brent 033B","E09000005","Brent",0.008,0.012468828,0.022988506,0.006825939,0.01059322,-0.03030303
