"Code","Name","LA_code","LA_name","All","X0to15","X16to29","X30to44","X45to64","X65plus"
"E01000540","Brent 004D","E09000005","Brent",0,-0.013824885,0.02507837,-0.003937008,0.005479452,-0.018691589
