"Code","Name","LA_code","LA_name","All","X0to15","X16to29","X30to44","X45to64","X65plus"
"E01000521","Brent 025B","E09000005","Brent",-0.006034483,0.005291005,-0.007672634,-0.028119508,0.016528926,-0.042553191
