"Code","Name","LA_code","LA_name","All","X0to15","X16to29","X30to44","X45to64","X65plus"
"E01000625","Brent 009E","E09000005","Brent",-0.003136763,0,-0.014134276,0.015974441,-0.013927577,-0.003436426
