"Code","Name","LA_code","LA_name","All","X0to15","X16to29","X30to44","X45to64","X65plus"
"E01000569","Brent 008E","E09000005","Brent",-0.01986755,0,-0.059288538,0.003937008,-0.014736842,-0.030508475
