"Code","Name","LA_code","LA_name","All","X0to15","X16to29","X30to44","X45to64","X65plus"
"E01021460","Brentwood 002D","E07000068","Brentwood",0.001207001,0.0234375,-0.018656716,0.020576132,-0.017408124,0.013404826
