"Code","Name","LA_code","LA_name","All","X0to15","X16to29","X30to44","X45to64","X65plus"
"E01000512","Brent 018D","E09000005","Brent",-0.008077544,-0.003058104,0.02688172,-0.005434783,-0.017632242,-0.066985646
