"Code","Name","LA_code","LA_name","All","X0to15","X16to29","X30to44","X45to64","X65plus"
"E01000637","Brent 022B","E09000005","Brent",0.013755981,0.015197568,-0.005089059,-0.002123142,0.052631579,0.025641026
