"Code","Name","LA_code","LA_name","All","X0to15","X16to29","X30to44","X45to64","X65plus"
"E01000478","Brent 029D","E09000005","Brent",0.001608579,0.004962779,-0.002915452,-0.006593407,0.002347418,0.016806723
