"Code","Name","LA_code","LA_name","All","X0to15","X16to29","X30to44","X45to64","X65plus"
"E01000544","Brent 034A","E09000005","Brent",-0.018832392,-0.027247956,-0.024691358,-0.02189781,0.030470914,-0.107692308
