"Code","Name","LA_code","LA_name","All","X0to15","X16to29","X30to44","X45to64","X65plus"
"E01000642","Brent 022D","E09000005","Brent",0.022656597,0.075342466,0.00308642,0.003942181,0.018041237,0.104938272
