"Code","Name","LA_code","LA_name","All","X0to15","X16to29","X30to44","X45to64","X65plus"
"E01000603","Brent 021D","E09000005","Brent",-0.003194888,-0.020089286,-0.025641026,-0.002688172,-0.011594203,0.125984252
