"Code","Name","LA_code","LA_name","All","X0to15","X16to29","X30to44","X45to64","X65plus"
"E01000579","Brent 032A","E09000005","Brent",-0.035822708,-0.070175439,-0.020289855,-0.010660981,-0.069948187,0
