"Code","Name","LA_code","LA_name","All","X0to15","X16to29","X30to44","X45to64","X65plus"
"E01021467","Brentwood 005F","E07000068","Brentwood",-0.020606754,0,0.023255814,-0.013289037,-0.034351145,-0.051075269
