"Code","Name","LA_code","LA_name","All","X0to15","X16to29","X30to44","X45to64","X65plus"
"E01000630","Brent 026E","E09000005","Brent",0.004203286,0.060952381,-0.027139875,-0.009055627,0.015177066,-0.04048583
