"Code","Name","LA_code","LA_name","All","X0to15","X16to29","X30to44","X45to64","X65plus"
"E01000619","Brent 017E","E09000005","Brent",-0.004478567,-0.073482428,0.014388489,-0.006472492,0.018867925,0.025104603
