"Code","Name","LA_code","LA_name","All","X0to15","X16to29","X30to44","X45to64","X65plus"
"E01021431","Brentwood 004A","E07000068","Brentwood",-0.006222775,0.008547009,0.027522936,0.011461318,-0.02293578,-0.051383399
