"Code","Name","LA_code","LA_name","All","X0to15","X16to29","X30to44","X45to64","X65plus"
"E01000626","Brent 010E","E09000005","Brent",-0.009308511,-0.010443864,-0.032727273,-0.008595989,-0.005899705,0.025316456
