"Code","Name","LA_code","LA_name","All","X0to15","X16to29","X30to44","X45to64","X65plus"
"E01000631","Brent 019C","E09000005","Brent",0.010600707,-0.02244389,-0.017857143,0.003898635,0.065502183,0.014652015
