"Code","Name","LA_code","LA_name","All","X0to15","X16to29","X30to44","X45to64","X65plus"
"E01000638","Brent 024A","E09000005","Brent",-0.000456204,0.019067797,-0.004273504,-0.023547881,0.006342495,0.028169014
