"Code","Name","LA_code","LA_name","All","X0to15","X16to29","X30to44","X45to64","X65plus"
"E01000594","Brent 001F","E09000005","Brent",-0.01816118,-0.018716578,-0.011869436,-0.01826484,-0.015463918,-0.031111111
