"Code","Name","LA_code","LA_name","All","X0to15","X16to29","X30to44","X45to64","X65plus"
"E01000538","Brent 004B","E09000005","Brent",-0.022816167,-0.013559322,-0.024489796,-0.049833887,-0.021220159,-0.006329114
