"Code","Name","LA_code","LA_name","All","X0to15","X16to29","X30to44","X45to64","X65plus"
"E01000476","Brent 026C","E09000005","Brent",-0.026702997,-0.035714286,-0.012755102,0.017241379,-0.052287582,-0.061983471
