"Code","Name","LA_code","LA_name","All","X0to15","X16to29","X30to44","X45to64","X65plus"
"E01000498","Brent 010B","E09000005","Brent",-0.008531383,0.009324009,0.00297619,-0.032163743,-0.013623978,-0.017964072
