"Code","Name","LA_code","LA_name","All","X0to15","X16to29","X30to44","X45to64","X65plus"
"E01000600","Brent 027E","E09000005","Brent",0.069683908,0.062678063,0.04770017,0.069131833,0.089347079,0.092783505
