"Code","Name","LA_code","LA_name","All","X0to15","X16to29","X30to44","X45to64","X65plus"
"E01000641","Brent 024C","E09000005","Brent",-0.009933775,-0.008247423,-0.028,-0.012367491,-0.007444169,0.04375
