"Code","Name","LA_code","LA_name","All","X0to15","X16to29","X30to44","X45to64","X65plus"
"E01000552","Brent 034D","E09000005","Brent",-0.008888889,-0.043478261,-0.003921569,0,0.029325513,-0.012987013
