"Code","Name","LA_code","LA_name","All","X0to15","X16to29","X30to44","X45to64","X65plus"
"E01000578","Brent 012D","E09000005","Brent",-0.021798365,-0.067761807,0.013927577,-0.027985075,-0.014285714,0.0025
