"Code","Name","LA_code","LA_name","All","X0to15","X16to29","X30to44","X45to64","X65plus"
"E01021457","Brentwood 002A","E07000068","Brentwood",0,0.0125,0.050561798,0.004807692,-0.00621118,-0.026525199
