"Code","Name","LA_code","LA_name","All","X0to15","X16to29","X30to44","X45to64","X65plus"
"E01000570","Brent 012A","E09000005","Brent",0.069581281,0.020114943,0.097472924,0.072164948,0.033175355,0.195767196
