"Code","Name","LA_code","LA_name","All","X0to15","X16to29","X30to44","X45to64","X65plus"
"E01000586","Brent 032E","E09000005","Brent",0.004954268,0.011574074,-0.011146497,0.001113586,-0.020833333,0.18115942
