"Code","Name","LA_code","LA_name","All","X0to15","X16to29","X30to44","X45to64","X65plus"
"E01021461","Brentwood 004D","E07000068","Brentwood",0.014775017,0.006756757,0.066390041,0.013888889,-0.018229167,0.025
