"Code","Name","LA_code","LA_name","All","X0to15","X16to29","X30to44","X45to64","X65plus"
"E01000491","Brent 030B","E09000005","Brent",-0.004426955,0.023923445,-0.022857143,-0.017730496,-0.026970954,0.054794521
