"Code","Name","LA_code","LA_name","All","X0to15","X16to29","X30to44","X45to64","X65plus"
"E01000563","Brent 008B","E09000005","Brent",0.003443526,0.041284404,-0.009049774,-0.036101083,-0.007125891,0.034920635
