"Code","Name","LA_code","LA_name","All","X0to15","X16to29","X30to44","X45to64","X65plus"
"E01000606","Brent 016B","E09000005","Brent",0.006285714,-0.005390836,-0.012987013,-0.025917927,0.022277228,0.098039216
