"Code","Name","LA_code","LA_name","All","X0to15","X16to29","X30to44","X45to64","X65plus"
"E01000535","Brent 031F","E09000005","Brent",0.004446421,0.032967033,-0.006134969,0.004702194,0.018072289,-0.082840237
