"Code","Name","LA_code","LA_name","All","X0to15","X16to29","X30to44","X45to64","X65plus"
"E01000612","Brent 019B","E09000005","Brent",-0.040458937,-0.003030303,-0.068181818,-0.027522936,-0.056701031,-0.056701031
