"Code","Name","LA_code","LA_name","All","X0to15","X16to29","X30to44","X45to64","X65plus"
"E01000516","Brent 002C","E09000005","Brent",-0.034227039,-0.04398827,-0.037249284,-0.02200489,-0.02764977,-0.05
