"Code","Name","LA_code","LA_name","All","X0to15","X16to29","X30to44","X45to64","X65plus"
"E01021453","Brentwood 005B","E07000068","Brentwood",0.015767635,0,0.01242236,0.033018868,0.025495751,0.003401361
