"Code","Name","LA_code","LA_name","All","X0to15","X16to29","X30to44","X45to64","X65plus"
"E01000536","Brent 004A","E09000005","Brent",0.006948831,0.003623188,-0.007518797,-0.02,0.037037037,0.017647059
