"Code","Name","LA_code","LA_name","All","X0to15","X16to29","X30to44","X45to64","X65plus"
"E01000555","Brent 015C","E09000005","Brent",0.029051001,0.026229508,0.012158055,0.039660057,0.017094017,0.061611374
