"Code","Name","LA_code","LA_name","All","X0to15","X16to29","X30to44","X45to64","X65plus"
"E01000526","Brent 025D","E09000005","Brent",0.025877193,0.028248588,0.017142857,0.025229358,0.028195489,0.03515625
