"Code","Name","LA_code","LA_name","All","X0to15","X16to29","X30to44","X45to64","X65plus"
"E01000514","Brent 002B","E09000005","Brent",-0.027312228,-0.039106145,-0.023972603,0.006818182,-0.014245014,-0.123529412
