"Code","Name","LA_code","LA_name","All","X0to15","X16to29","X30to44","X45to64","X65plus"
"E01021452","Brentwood 003E","E07000068","Brentwood",0.011992005,0.003703704,-0.035897436,0.039855072,-0.013661202,0.045685279
