"Code","Name","LA_code","LA_name","All","X0to15","X16to29","X30to44","X45to64","X65plus"
"E01000587","Brent 001A","E09000005","Brent",-0.008902077,0.011627907,0.006944444,-0.051150895,-0.032085561,0.038194444
