"Code","Name","LA_code","LA_name","All","X0to15","X16to29","X30to44","X45to64","X65plus"
"E01000472","Brent 029A","E09000005","Brent",-0.025309639,-0.053613054,0.002881844,-0.0203125,0.006711409,-0.097902098
