"Code","Name","LA_code","LA_name","All","X0to15","X16to29","X30to44","X45to64","X65plus"
"E01000471","Brent 026A","E09000005","Brent",-0.00618047,-0.003484321,0.02,-0.014888337,0.004651163,-0.055555556
