"Code","Name","LA_code","LA_name","All","X0to15","X16to29","X30to44","X45to64","X65plus"
"E01000520","Brent 002D","E09000005","Brent",0.000589971,-0.013297872,-0.024734982,-0.02955665,0.013192612,0.079681275
