"Code","Name","LA_code","LA_name","All","X0to15","X16to29","X30to44","X45to64","X65plus"
"E01000591","Brent 003F","E09000005","Brent",-0.008310249,-0.028888889,-0.009411765,-0.018450185,0.004056795,0.02734375
