"Code","Name","LA_code","LA_name","All","X0to15","X16to29","X30to44","X45to64","X65plus"
"E01021444","Brentwood 001D","E07000068","Brentwood",-0.011820331,-0.003436426,-0.015873016,-0.008130081,-0.019157088,-0.007874016
