"Code","Name","LA_code","LA_name","All","X0to15","X16to29","X30to44","X45to64","X65plus"
"E01000509","Brent 014B","E09000005","Brent",0.011409396,-0.003436426,-0.0125,0.03343465,0.016759777,0.026041667
