"Code","Name","LA_code","LA_name","All","X0to15","X16to29","X30to44","X45to64","X65plus"
"E01000494","Brent 023B","E09000005","Brent",0.012338755,-0.029090909,0.002207506,0.042352941,0.016216216,0.019230769
