"Code","Name","LA_code","LA_name","All","X0to15","X16to29","X30to44","X45to64","X65plus"
"E01000593","Brent 001E","E09000005","Brent",-0.009700176,0.019607843,-0.046511628,-0.007194245,-0.024590164,0.012875536
