"Code","Name","LA_code","LA_name","All","X0to15","X16to29","X30to44","X45to64","X65plus"
"E01000530","Brent 033A","E09000005","Brent",0.008498584,-0.00617284,0.011278195,0.010729614,0.002096436,0.034482759
