"Code","Name","LA_code","LA_name","All","X0to15","X16to29","X30to44","X45to64","X65plus"
"E01021442","Brentwood 001B","E07000068","Brentwood",0.025792189,0.033472803,0.038461538,0.039408867,0.002463054,0.033639144
