"Code","Name","LA_code","LA_name","All","X0to15","X16to29","X30to44","X45to64","X65plus"
"E01021474","Brentwood 008E","E07000068","Brentwood",0.022207707,0.010344828,0.041450777,0.008368201,0.026970954,0.024464832
