"Code","Name","LA_code","LA_name","All","X0to15","X16to29","X30to44","X45to64","X65plus"
"E01000528","Brent 025F","E09000005","Brent",-0.022850271,0.027777778,-0.035040431,-0.029411765,-0.026041667,-0.08045977
