"Code","Name","LA_code","LA_name","All","X0to15","X16to29","X30to44","X45to64","X65plus"
"E01021463","Brentwood 006C","E07000068","Brentwood",0.01924353,0.050980392,0.033653846,-0.004878049,-0.01146789,0.037220844
