"Code","Name","LA_code","LA_name","All","X0to15","X16to29","X30to44","X45to64","X65plus"
"E01000545","Brent 028A","E09000005","Brent",-0.000532481,0.053763441,-0.026966292,-0.018272425,0.02173913,-0.005434783
