"Code","Name","LA_code","LA_name","All","X0to15","X16to29","X30to44","X45to64","X65plus"
"E01000589","Brent 001B","E09000005","Brent",0.009220839,0.051835853,-0.009546539,-0.001904762,0.004175365,-0.003533569
