"Code","Name","LA_code","LA_name","All","X0to15","X16to29","X30to44","X45to64","X65plus"
"E01000495","Brent 023C","E09000005","Brent",0.012789281,0.018604651,0.027027027,0.01039501,0.005952381,0
