"Code","Name","LA_code","LA_name","All","X0to15","X16to29","X30to44","X45to64","X65plus"
"W01000983","Bridgend 015B","W06000013","Bridgend",0.029411765,0.0625,0.06147541,0.017291066,-0.007075472,0.044025157
