"Code","Name","LA_code","LA_name","All","X0to15","X16to29","X30to44","X45to64","X65plus"
"W01001016","Bridgend 005C","W06000013","Bridgend",0.004881025,0.044444444,-0.02293578,-0.00462963,-0.017278618,0.023210832
