"Code","Name","LA_code","LA_name","All","X0to15","X16to29","X30to44","X45to64","X65plus"
"W01001001","Bridgend 010C","W06000013","Bridgend",-0.003128911,-0.037383178,-0.044444444,0.014336918,0.007731959,0.025974026
