"Code","Name","LA_code","LA_name","All","X0to15","X16to29","X30to44","X45to64","X65plus"
"W01001052","Bridgend 008F","W06000013","Bridgend",-0.023988006,-0.048034934,-0.033492823,0.013513514,-0.051948052,0.010380623
