"Code","Name","LA_code","LA_name","All","X0to15","X16to29","X30to44","X45to64","X65plus"
"W01000996","Bridgend 008A","W06000013","Bridgend",0.0271777,0.069124424,0.084507042,0.012552301,0.011185682,-0.006269592
