"Code","Name","LA_code","LA_name","All","X0to15","X16to29","X30to44","X45to64","X65plus"
"W01001011","Bridgend 012C","W06000013","Bridgend",0.106623586,0.162895928,0.111650485,0.029411765,0.0997151,0.13963964
