"Code","Name","LA_code","LA_name","All","X0to15","X16to29","X30to44","X45to64","X65plus"
"W01000991","Bridgend 001A","W06000013","Bridgend",-0.031596926,-0.044982699,-0.078341014,0.015957447,0.04467354,-0.123655914
