"Code","Name","LA_code","LA_name","All","X0to15","X16to29","X30to44","X45to64","X65plus"
"W01000975","Bridgend 004A","W06000013","Bridgend",-0.000428266,0.014134276,0.011961722,-0.011627907,0.005272408,-0.034090909
