"Code","Name","LA_code","LA_name","All","X0to15","X16to29","X30to44","X45to64","X65plus"
"W01001048","Bridgend 008B","W06000013","Bridgend",0.012064343,0.003984064,0.056603774,0.003690037,0.013729977,-0.00623053
