"Code","Name","LA_code","LA_name","All","X0to15","X16to29","X30to44","X45to64","X65plus"
"W01001015","Bridgend 002B","W06000013","Bridgend",-0.003615329,0.007782101,0.014150943,-0.008695652,0.002421308,-0.033210332
