"Code","Name","LA_code","LA_name","All","X0to15","X16to29","X30to44","X45to64","X65plus"
"W01001012","Bridgend 005A","W06000013","Bridgend",-0.012602394,-0.016891892,0.015503876,0.007272727,-0.016359918,-0.048327138
