"Code","Name","LA_code","LA_name","All","X0to15","X16to29","X30to44","X45to64","X65plus"
"W01001017","Bridgend 002C","W06000013","Bridgend",-0.006662225,-0.046263345,0.024793388,0.011538462,-0.006976744,-0.010416667
