"Code","Name","LA_code","LA_name","All","X0to15","X16to29","X30to44","X45to64","X65plus"
"W01000994","Bridgend 001D","W06000013","Bridgend",0.024337867,0.013029316,0.055335968,0.039145907,0.012738854,0.004132231
