"Code","Name","LA_code","LA_name","All","X0to15","X16to29","X30to44","X45to64","X65plus"
"W01001014","Bridgend 002A","W06000013","Bridgend",0.011508177,0.043165468,0.003787879,-0.01320132,0.008791209,0.017094017
