"Code","Name","LA_code","LA_name","All","X0to15","X16to29","X30to44","X45to64","X65plus"
"W01001047","Bridgend 018D","W06000013","Bridgend",0.01147343,0.064655172,0.015544041,-0.044052863,0,0.023206751
