"Code","Name","LA_code","LA_name","All","X0to15","X16to29","X30to44","X45to64","X65plus"
"W01000995","Bridgend 001E","W06000013","Bridgend",-0.00550585,-0.007633588,0.019607843,-0.028,-0.029126214,0.027692308
