"Code","Name","LA_code","LA_name","All","X0to15","X16to29","X30to44","X45to64","X65plus"
"W01001008","Bridgend 011B","W06000013","Bridgend",-0.01053596,0.007272727,-0.015384615,-0.007117438,-0.024096386,-0.003134796
