"Code","Name","LA_code","LA_name","All","X0to15","X16to29","X30to44","X45to64","X65plus"
"W01001007","Bridgend 009D","W06000013","Bridgend",0.015934066,0.0675,-0.037453184,0,-0.010615711,0.056666667
