"Code","Name","LA_code","LA_name","All","X0to15","X16to29","X30to44","X45to64","X65plus"
"W01001022","Bridgend 014B","W06000013","Bridgend",-0.011291461,-0.006451613,-0.016194332,-0.024793388,-0.018461538,0.006825939
