"Code","Name","LA_code","LA_name","All","X0to15","X16to29","X30to44","X45to64","X65plus"
"W01001054","Bridgend 018F","W06000013","Bridgend",0.014839242,0.042553191,-0.025423729,0.026548673,0.016997167,0.012295082
