"Code","Name","LA_code","LA_name","All","X0to15","X16to29","X30to44","X45to64","X65plus"
"W01001050","Bridgend 008D","W06000013","Bridgend",0.008419689,0.044776119,0.021201413,0.029411765,-0.011389522,-0.036290323
