"Code","Name","LA_code","LA_name","All","X0to15","X16to29","X30to44","X45to64","X65plus"
"W01001032","Bridgend 018B","W06000013","Bridgend",-0.01047409,-0.021818182,-0.018181818,-0.011857708,-0.033333333,0.017064846
