"Code","Name","LA_code","LA_name","All","X0to15","X16to29","X30to44","X45to64","X65plus"
"E01016870","Brighton and Hove 020A","E06000043","Brighton and Hove",-0.011221945,0.016286645,-0.020477816,0.015345269,-0.022675737,-0.075581395
