"Code","Name","LA_code","LA_name","All","X0to15","X16to29","X30to44","X45to64","X65plus"
"E01016947","Brighton and Hove 030C","E06000043","Brighton and Hove",-0.018763797,-0.038194444,-0.01937046,-0.040598291,-0.009195402,0.038461538
