"Code","Name","LA_code","LA_name","All","X0to15","X16to29","X30to44","X45to64","X65plus"
"E01016993","Brighton and Hove 023C","E06000043","Brighton and Hove",-0.016689847,-0.045045045,-0.004651163,0.007092199,-0.004651163,-0.044982699
