"Code","Name","LA_code","LA_name","All","X0to15","X16to29","X30to44","X45to64","X65plus"
"E01017011","Brighton and Hove 017E","E06000043","Brighton and Hove",0.004366812,0.029605263,-0.035714286,0.02016129,0.013623978,-0.019704433
