"Code","Name","LA_code","LA_name","All","X0to15","X16to29","X30to44","X45to64","X65plus"
"E01017009","Brighton and Hove 017C","E06000043","Brighton and Hove",-0.013618677,-0.015037594,0.026086957,-0.007751938,-0.035555556,-0.014792899
