"Code","Name","LA_code","LA_name","All","X0to15","X16to29","X30to44","X45to64","X65plus"
"E01016995","Brighton and Hove 023D","E06000043","Brighton and Hove",-0.005205321,-0.043367347,-0.089552239,-0.027874564,-0.00967118,0.11746988
