"Code","Name","LA_code","LA_name","All","X0to15","X16to29","X30to44","X45to64","X65plus"
"E01016997","Brighton and Hove 021E","E06000043","Brighton and Hove",0.015566625,0.044585987,-0.028688525,0.00955414,-0.00407332,0.069958848
