"Code","Name","LA_code","LA_name","All","X0to15","X16to29","X30to44","X45to64","X65plus"
"E01016878","Brighton and Hove 019E","E06000043","Brighton and Hove",-0.02262666,0.012618297,-0.025862069,-0.02398524,-0.028513238,-0.041791045
