"Code","Name","LA_code","LA_name","All","X0to15","X16to29","X30to44","X45to64","X65plus"
"E01016855","Brighton and Hove 026D","E06000043","Brighton and Hove",-0.03055722,-0.144508671,-0.017045455,-0.003095975,-0.040431267,-0.023622047
