"Code","Name","LA_code","LA_name","All","X0to15","X16to29","X30to44","X45to64","X65plus"
"E01016943","Brighton and Hove 031D","E06000043","Brighton and Hove",-0.024283935,-0.010238908,-0.047368421,-0.041025641,0.014388489,-0.063492063
