"Code","Name","LA_code","LA_name","All","X0to15","X16to29","X30to44","X45to64","X65plus"
"E01016859","Brighton and Hove 028C","E06000043","Brighton and Hove",0.024655547,0.111111111,-0.02,-0.00617284,0.019337017,0.051771117
