"Code","Name","LA_code","LA_name","All","X0to15","X16to29","X30to44","X45to64","X65plus"
"E01016976","Brighton and Hove 013F","E06000043","Brighton and Hove",-0.031927711,-0.051612903,-0.047101449,-0.006802721,-0.026804124,-0.030508475
