"Code","Name","LA_code","LA_name","All","X0to15","X16to29","X30to44","X45to64","X65plus"
"E01016909","Brighton and Hove 008E","E06000043","Brighton and Hove",-0.019114688,-0.023715415,-0.019567456,-0.021186441,-0.019543974,-0.009049774
