"Code","Name","LA_code","LA_name","All","X0to15","X16to29","X30to44","X45to64","X65plus"
"E01016969","Brighton and Hove 027E","E06000043","Brighton and Hove",-0.023340961,-0.103053435,-0.014018692,-0.003875969,-0.008356546,-0.036458333
