"Code","Name","LA_code","LA_name","All","X0to15","X16to29","X30to44","X45to64","X65plus"
"E01016966","Brighton and Hove 015B","E06000043","Brighton and Hove",-0.007466401,0.024390244,-0.004077472,-0.00729927,-0.018587361,-0.055944056
