"Code","Name","LA_code","LA_name","All","X0to15","X16to29","X30to44","X45to64","X65plus"
"E01016928","Brighton and Hove 003B","E06000043","Brighton and Hove",-0.001764706,-0.018018018,-0.025906736,0.003831418,-0.002132196,0.018018018
