"Code","Name","LA_code","LA_name","All","X0to15","X16to29","X30to44","X45to64","X65plus"
"E01017005","Brighton and Hove 011D","E06000043","Brighton and Hove",0.003869541,0.019283747,-0.035820896,0.013100437,-0.00589391,0.0625
