"Code","Name","LA_code","LA_name","All","X0to15","X16to29","X30to44","X45to64","X65plus"
"E01016875","Brighton and Hove 020C","E06000043","Brighton and Hove",-0.010995724,-0.005571031,-0.03,-0.027363184,0.020833333,-0.034722222
