"Code","Name","LA_code","LA_name","All","X0to15","X16to29","X30to44","X45to64","X65plus"
"E01016970","Brighton and Hove 015C","E06000043","Brighton and Hove",0.031286211,0.064150943,0.011320755,0.016018307,0.062322946,0.014184397
