"Code","Name","LA_code","LA_name","All","X0to15","X16to29","X30to44","X45to64","X65plus"
"E01016849","Brighton and Hove 026A","E06000043","Brighton and Hove",-0.005674653,0.058823529,-0.020057307,-0.030075188,0.023584906,-0.027586207
