"Code","Name","LA_code","LA_name","All","X0to15","X16to29","X30to44","X45to64","X65plus"
"E01016894","Brighton and Hove 022C","E06000043","Brighton and Hove",-0.010952381,-0.048780488,-0.019067797,0.018348624,-0.013850416,0.03539823
