"Code","Name","LA_code","LA_name","All","X0to15","X16to29","X30to44","X45to64","X65plus"
"E01016973","Brighton and Hove 012C","E06000043","Brighton and Hove",-0.048184818,-0.064189189,-0.034782609,-0.01384083,-0.077858881,-0.034602076
