"Code","Name","LA_code","LA_name","All","X0to15","X16to29","X30to44","X45to64","X65plus"
"E01016918","Brighton and Hove 005C","E06000043","Brighton and Hove",-0.013745704,-0.020761246,-0.033088235,-0.051282051,0.053333333,-0.044715447
