"Code","Name","LA_code","LA_name","All","X0to15","X16to29","X30to44","X45to64","X65plus"
"E01016992","Brighton and Hove 021C","E06000043","Brighton and Hove",-0.002997602,0.011494253,0.004694836,-0.039156627,0,0.009836066
