"Code","Name","LA_code","LA_name","All","X0to15","X16to29","X30to44","X45to64","X65plus"
"E01016991","Brighton and Hove 016C","E06000043","Brighton and Hove",0.000563698,0.00304878,0.01529052,-0.016393443,-0.007263923,0.044585987
