"Code","Name","LA_code","LA_name","All","X0to15","X16to29","X30to44","X45to64","X65plus"
"E01016861","Brighton and Hove 031A","E06000043","Brighton and Hove",-0.039154755,-0.130769231,-0.028103044,-0.03440367,-0.011848341,-0.072164948
