"Code","Name","LA_code","LA_name","All","X0to15","X16to29","X30to44","X45to64","X65plus"
"E01016978","Brighton and Hove 012E","E06000043","Brighton and Hove",-0.016129032,-0.002739726,-0.012232416,-0.002570694,-0.01039501,-0.076271186
