"Code","Name","LA_code","LA_name","All","X0to15","X16to29","X30to44","X45to64","X65plus"
"E01016960","Brighton and Hove 033D","E06000043","Brighton and Hove",-0.000557414,-0.04,-0.02293578,0.021818182,0.019455253,-0.001953125
