"Code","Name","LA_code","LA_name","All","X0to15","X16to29","X30to44","X45to64","X65plus"
"E01016914","Brighton and Hove 002C","E06000043","Brighton and Hove",-0.001836885,0.028070175,-0.011871114,-0.013888889,-0.010600707,0.154639175
