"Code","Name","LA_code","LA_name","All","X0to15","X16to29","X30to44","X45to64","X65plus"
"E01016934","Brighton and Hove 010C","E06000043","Brighton and Hove",-0.029515109,0.009202454,-0.037914692,-0.027667984,-0.024886878,-0.09947644
