"Code","Name","LA_code","LA_name","All","X0to15","X16to29","X30to44","X45to64","X65plus"
"E01016925","Brighton and Hove 004A","E06000043","Brighton and Hove",-0.006357279,-0.014749263,-0.003571429,0.006116208,-0.004784689,-0.019138756
