"Code","Name","LA_code","LA_name","All","X0to15","X16to29","X30to44","X45to64","X65plus"
"E01016994","Brighton and Hove 021D","E06000043","Brighton and Hove",-0.004561003,-0.002597403,-0.026415094,-0.006302521,-0.004524887,0.02688172
