"Code","Name","LA_code","LA_name","All","X0to15","X16to29","X30to44","X45to64","X65plus"
"E01016898","Brighton and Hove 002A","E06000043","Brighton and Hove",-0.006586594,-0.017006803,-0.018136851,0.045977011,-0.035634744,0.038461538
