"Code","Name","LA_code","LA_name","All","X0to15","X16to29","X30to44","X45to64","X65plus"
"E01016907","Brighton and Hove 009B","E06000043","Brighton and Hove",-0.014270613,-0.02690583,-0.012834225,-0.058201058,0.018126888,-0.018691589
