"Code","Name","LA_code","LA_name","All","X0to15","X16to29","X30to44","X45to64","X65plus"
"E01016908","Brighton and Hove 009C","E06000043","Brighton and Hove",-0.008135169,-0.021857923,-0.010438413,-0.003472222,0,0.005847953
