"Code","Name","LA_code","LA_name","All","X0to15","X16to29","X30to44","X45to64","X65plus"
"E01016972","Brighton and Hove 015E","E06000043","Brighton and Hove",0.140957447,0.033088235,0.161904762,0.1507431,0.150753769,0.211009174
