"Code","Name","LA_code","LA_name","All","X0to15","X16to29","X30to44","X45to64","X65plus"
"E01016903","Brighton and Hove 010B","E06000043","Brighton and Hove",-0.058487874,-0.068862275,-0.097772277,-0.050139276,-0.028455285,0.1
