"Code","Name","LA_code","LA_name","All","X0to15","X16to29","X30to44","X45to64","X65plus"
"E01016944","Brighton and Hove 031E","E06000043","Brighton and Hove",-0.029214851,-0.044871795,-0.040384615,-0.010822511,-0.038147139,-0.007246377
