"Code","Name","LA_code","LA_name","All","X0to15","X16to29","X30to44","X45to64","X65plus"
"E01016979","Brighton and Hove 016A","E06000043","Brighton and Hove",0.00737798,0.031026253,-0.021834061,0.016317016,0.008,-0.032432432
