"Code","Name","LA_code","LA_name","All","X0to15","X16to29","X30to44","X45to64","X65plus"
"E01014643","Bristol 007C","E06000023","Bristol, City of",-0.011997177,-0.022364217,-0.008064516,0.003546099,-0.025495751,0
