"Code","Name","LA_code","LA_name","All","X0to15","X16to29","X30to44","X45to64","X65plus"
"E01014621","Bristol 017B","E06000023","Bristol, City of",-0.001396648,0.008849558,0.003597122,-0.010638298,-0.020289855,0.021276596
