"Code","Name","LA_code","LA_name","All","X0to15","X16to29","X30to44","X45to64","X65plus"
"E01014596","Bristol 051C","E06000023","Bristol, City of",0.024714829,0.013192612,0.018181818,0.046594982,0.026865672,0.022580645
