"Code","Name","LA_code","LA_name","All","X0to15","X16to29","X30to44","X45to64","X65plus"
"E01014642","Bristol 007B","E06000023","Bristol, City of",-0.01212508,0.009933775,0.024096386,-0.02020202,-0.033412888,-0.026666667
