"Code","Name","LA_code","LA_name","All","X0to15","X16to29","X30to44","X45to64","X65plus"
"E01014532","Bristol 035E","E06000023","Bristol, City of",0.035172414,0.019083969,0.031007752,0.01594533,0.042813456,0.103658537
