"Code","Name","LA_code","LA_name","All","X0to15","X16to29","X30to44","X45to64","X65plus"
"E01014515","Bristol 050A","E06000023","Bristol, City of",0.008666667,0.040247678,-0.012145749,0.042016807,-0.005376344,-0.015625
