"Code","Name","LA_code","LA_name","All","X0to15","X16to29","X30to44","X45to64","X65plus"
"E01014573","Bristol 019B","E06000023","Bristol, City of",0.002042901,-0.026162791,-0.002061856,0.00660793,0.020361991,0.008583691
