"Code","Name","LA_code","LA_name","All","X0to15","X16to29","X30to44","X45to64","X65plus"
"E01014704","Bristol 049C","E06000023","Bristol, City of",0.009481038,-0.053164557,-0.035211268,-0.019830028,-0.021231423,0.200557103
