"Code","Name","LA_code","LA_name","All","X0to15","X16to29","X30to44","X45to64","X65plus"
"E01014523","Bristol 038A","E06000023","Bristol, City of",-0.006108735,0.013513514,-0.039735099,-0.002631579,-0.002747253,0
