"Code","Name","LA_code","LA_name","All","X0to15","X16to29","X30to44","X45to64","X65plus"
"E01014571","Bristol 012A","E06000023","Bristol, City of",0.017149616,0.015037594,0.009727626,0.055350554,-0.002325581,0.028571429
