"Code","Name","LA_code","LA_name","All","X0to15","X16to29","X30to44","X45to64","X65plus"
"E01014681","Bristol 029D","E06000023","Bristol, City of",-0.003319502,0.012931034,-0.042307692,-0.008462623,0.032036613,0
