"Code","Name","LA_code","LA_name","All","X0to15","X16to29","X30to44","X45to64","X65plus"
"E01014557","Bristol 022A","E06000023","Bristol, City of",-0.012180268,-0.033333333,-0.004932182,-0.043859649,0.014234875,-0.028169014
