"Code","Name","LA_code","LA_name","All","X0to15","X16to29","X30to44","X45to64","X65plus"
"E01014690","Bristol 002C","E06000023","Bristol, City of",-0.006986493,-0.013207547,-0.015837104,-0.018,-0.009111617,0.050847458
