"Code","Name","LA_code","LA_name","All","X0to15","X16to29","X30to44","X45to64","X65plus"
"E01014554","Bristol 026D","E06000023","Bristol, City of",-0.013613159,-0.12295082,-0.001059322,-0.005524862,-0.02955665,0
