"Code","Name","LA_code","LA_name","All","X0to15","X16to29","X30to44","X45to64","X65plus"
"E01014531","Bristol 035D","E06000023","Bristol, City of",0.015060241,0.018450185,0.039877301,0.003724395,-0.014044944,0.058823529
