"Code","Name","LA_code","LA_name","All","X0to15","X16to29","X30to44","X45to64","X65plus"
"E01032516","Bristol 001G","E06000023","Bristol, City of",-0.00782881,-0.00308642,-0.036923077,-0.033942559,0.012793177,0.012048193
