"Code","Name","LA_code","LA_name","All","X0to15","X16to29","X30to44","X45to64","X65plus"
"E01014712","Bristol 015D","E06000023","Bristol, City of",0.018077239,0.029090909,0,0.011560694,0.021857923,0.014869888
