"Code","Name","LA_code","LA_name","All","X0to15","X16to29","X30to44","X45to64","X65plus"
"E01014638","Bristol 003C","E06000023","Bristol, City of",0.02524956,0.053221289,-0.002631579,0.006369427,0.005405405,0.074468085
