"Code","Name","LA_code","LA_name","All","X0to15","X16to29","X30to44","X45to64","X65plus"
"E01014594","Bristol 048A","E06000023","Bristol, City of",-0.024018746,-0.009310987,-0.019886364,-0.0125,-0.049418605,-0.051948052
