"Code","Name","LA_code","LA_name","All","X0to15","X16to29","X30to44","X45to64","X65plus"
"E01014580","Bristol 045B","E06000023","Bristol, City of",0.002565747,0.032786885,-0.019379845,-0.029801325,0.033519553,-0.021818182
