"Code","Name","LA_code","LA_name","All","X0to15","X16to29","X30to44","X45to64","X65plus"
"E01014601","Bristol 001A","E06000023","Bristol, City of",0.042815249,0.019390582,0.071111111,0.060869565,0.055702918,0.020151134
