"Code","Name","LA_code","LA_name","All","X0to15","X16to29","X30to44","X45to64","X65plus"
"E01014673","Bristol 027A","E06000023","Bristol, City of",-0.063465784,-0.031161473,-0.098360656,-0.037199125,-0.086294416,-0.070247934
