"Code","Name","LA_code","LA_name","All","X0to15","X16to29","X30to44","X45to64","X65plus"
"E01014705","Bristol 049D","E06000023","Bristol, City of",0.008040936,0.048076923,0.011111111,0.051020408,0.024169184,-0.041942605
