"Code","Name","LA_code","LA_name","All","X0to15","X16to29","X30to44","X45to64","X65plus"
"E01014686","Bristol 028D","E06000023","Bristol, City of",0.007700205,-0.002293578,0.005181347,0.016877637,0.017369727,-0.004016064
