"Code","Name","LA_code","LA_name","All","X0to15","X16to29","X30to44","X45to64","X65plus"
"E01014587","Bristol 012D","E06000023","Bristol, City of",0.017939815,0.028688525,0.014858841,-0.016326531,0.043343653,0.016460905
