"Code","Name","LA_code","LA_name","All","X0to15","X16to29","X30to44","X45to64","X65plus"
"E01014644","Bristol 007D","E06000023","Bristol, City of",0.003198976,0.00625,0,-0.002923977,0.002531646,0.012195122
