"Code","Name","LA_code","LA_name","All","X0to15","X16to29","X30to44","X45to64","X65plus"
"E01014534","Bristol 043B","E06000023","Bristol, City of",-0.013019219,-0.047619048,-0.003164557,-0.008714597,0.002816901,-0.011904762
