"Code","Name","LA_code","LA_name","All","X0to15","X16to29","X30to44","X45to64","X65plus"
"E01014502","Bristol 039B","E06000023","Bristol, City of",0.00908059,0.016447368,0.011764706,0,0.03926097,-0.0330033
