"Code","Name","LA_code","LA_name","All","X0to15","X16to29","X30to44","X45to64","X65plus"
"E01014706","Bristol 049E","E06000023","Bristol, City of",-0.022727273,0.014084507,-0.019900498,-0.026755853,0.024024024,-0.109965636
