"Code","Name","LA_code","LA_name","All","X0to15","X16to29","X30to44","X45to64","X65plus"
"E01014729","Bristol 040A","E06000023","Bristol, City of",0.015785861,-0.018072289,0.026954178,0.056379822,0.003436426,-0.007936508
