"Code","Name","LA_code","LA_name","All","X0to15","X16to29","X30to44","X45to64","X65plus"
"E01014716","Bristol 009B","E06000023","Bristol, City of",0.029251701,0.070945946,-0.034482759,0.025104603,0.010126582,0.043037975
