"Code","Name","LA_code","LA_name","All","X0to15","X16to29","X30to44","X45to64","X65plus"
"E01014626","Bristol 021C","E06000023","Bristol, City of",-0.008399832,-0.035523979,-0.001945525,0.022140221,0,-0.038461538
