"Code","Name","LA_code","LA_name","All","X0to15","X16to29","X30to44","X45to64","X65plus"
"E01014713","Bristol 015E","E06000023","Bristol, City of",0.008675079,-0.034313725,0.038167939,0.033653846,0.017492711,0
