"Code","Name","LA_code","LA_name","All","X0to15","X16to29","X30to44","X45to64","X65plus"
"E01033347","Bristol 023F","E06000023","Bristol, City of",-0.011954993,-0.005050505,-0.015075377,0.041871921,-0.15060241,0.018181818
