"Code","Name","LA_code","LA_name","All","X0to15","X16to29","X30to44","X45to64","X65plus"
"E01014588","Bristol 013A","E06000023","Bristol, City of",0.0024667,0.051660517,-0.015898251,0.024390244,0.002762431,-0.022727273
