"Code","Name","LA_code","LA_name","All","X0to15","X16to29","X30to44","X45to64","X65plus"
"E01014624","Bristol 018A","E06000023","Bristol, City of",0.004645761,-0.034739454,0.03058104,0.014792899,0.00921659,0.013636364
