"Code","Name","LA_code","LA_name","All","X0to15","X16to29","X30to44","X45to64","X65plus"
"E01014701","Bristol 036F","E06000023","Bristol, City of",0.002906977,-0.039877301,0.028397566,0.004246285,0.01618123,-0.024793388
