"Code","Name","LA_code","LA_name","All","X0to15","X16to29","X30to44","X45to64","X65plus"
"E01014506","Bristol 041D","E06000023","Bristol, City of",0.015018773,0.022222222,-0.003731343,0.01396648,0.073170732,-0.048611111
