"Code","Name","LA_code","LA_name","All","X0to15","X16to29","X30to44","X45to64","X65plus"
"E01014495","Bristol 008D","E06000023","Bristol, City of",-0.010650224,-0.040625,-0.067278287,-0.005763689,0.013157895,0.035928144
