"Code","Name","LA_code","LA_name","All","X0to15","X16to29","X30to44","X45to64","X65plus"
"E01014721","Bristol 006D","E06000023","Bristol, City of",0.01569366,-0.016447368,0.12,0.003039514,0.025906736,0.008908686
