"Code","Name","LA_code","LA_name","All","X0to15","X16to29","X30to44","X45to64","X65plus"
"E01014589","Bristol 013B","E06000023","Bristol, City of",-0.013855422,-0.026373626,0.006097561,-0.053097345,0.011204482,0.005524862
