"Code","Name","LA_code","LA_name","All","X0to15","X16to29","X30to44","X45to64","X65plus"
"E01014707","Bristol 049F","E06000023","Bristol, City of",-0.003186743,0.026315789,0.003546099,-0.029126214,0.004819277,-0.0225
