"Code","Name","LA_code","LA_name","All","X0to15","X16to29","X30to44","X45to64","X65plus"
"E01033356","Bristol 056C","E06000023","Bristol, City of",0.03410475,0.037735849,0.015151515,0.058252427,-0.007968127,0.063953488
