"Code","Name","LA_code","LA_name","All","X0to15","X16to29","X30to44","X45to64","X65plus"
"E01014538","Bristol 032A","E06000023","Bristol, City of",0.014249364,0.055555556,0.008224812,0.01459854,0,0.104477612
