"Code","Name","LA_code","LA_name","All","X0to15","X16to29","X30to44","X45to64","X65plus"
"E01033370","Bristol 054E","E06000023","Bristol, City of",0.0210615,0.034313725,0.033112583,0.028070175,-0.019011407,0.037593985
