"Code","Name","LA_code","LA_name","All","X0to15","X16to29","X30to44","X45to64","X65plus"
"E01014660","Bristol 014A","E06000023","Bristol, City of",0.012172285,0.03909465,0.002331002,0.005952381,-0.014018692,0.031141869
