"Code","Name","LA_code","LA_name","All","X0to15","X16to29","X30to44","X45to64","X65plus"
"E01014517","Bristol 050C","E06000023","Bristol, City of",-0.011299435,-0.01650165,0.037313433,-0.008695652,-0.023728814,-0.06993007
