"Code","Name","LA_code","LA_name","All","X0to15","X16to29","X30to44","X45to64","X65plus"
"E01033366","Bristol 023H","E06000023","Bristol, City of",-0.004904966,-0.005102041,-0.020057307,-0.011363636,-0.041322314,0.16
