"Code","Name","LA_code","LA_name","All","X0to15","X16to29","X30to44","X45to64","X65plus"
"E01014630","Bristol 005A","E06000023","Bristol, City of",0.027621925,0.042600897,0.028688525,0.023904382,0.007246377,0.040358744
