"Code","Name","LA_code","LA_name","All","X0to15","X16to29","X30to44","X45to64","X65plus"
"E01014552","Bristol 026B","E06000023","Bristol, City of",0.010526316,-0.02739726,0.038906414,0.031847134,-0.026217228,-0.133858268
