"Code","Name","LA_code","LA_name","All","X0to15","X16to29","X30to44","X45to64","X65plus"
"E01014669","Bristol 020D","E06000023","Bristol, City of",-0.012845215,-0.012605042,-0.028318584,-0.025889968,0.008823529,0.038095238
