"Code","Name","LA_code","LA_name","All","X0to15","X16to29","X30to44","X45to64","X65plus"
"E01014514","Bristol 016G","E06000023","Bristol, City of",0.013894737,0.027522936,0.001308901,0.015037594,0.021377672,0.02020202
