"Code","Name","LA_code","LA_name","All","X0to15","X16to29","X30to44","X45to64","X65plus"
"E01033355","Bristol 054C","E06000023","Bristol, City of",0.013103448,-0.048780488,0.013554217,0.02200489,-0.063414634,0.408163265
