"Code","Name","LA_code","LA_name","All","X0to15","X16to29","X30to44","X45to64","X65plus"
"E01014501","Bristol 041A","E06000023","Bristol, City of",-0.002024291,0.005141388,-0.032163743,-0.008450704,0.006423983,0.011820331
