"Code","Name","LA_code","LA_name","All","X0to15","X16to29","X30to44","X45to64","X65plus"
"E01014510","Bristol 010A","E06000023","Bristol, City of",-0.005121043,0.008247423,0.014681892,0.020715631,-0.039660057,-0.126506024
