"Code","Name","LA_code","LA_name","All","X0to15","X16to29","X30to44","X45to64","X65plus"
"E01014526","Bristol 038D","E06000023","Bristol, City of",0.003211304,0.025862069,0.006309148,0,0.021857923,-0.060344828
