"Code","Name","LA_code","LA_name","All","X0to15","X16to29","X30to44","X45to64","X65plus"
"E01014553","Bristol 026C","E06000023","Bristol, City of",0.01416122,-0.005952381,0.009287926,-0.014326648,0.031531532,0.125
