"Code","Name","LA_code","LA_name","All","X0to15","X16to29","X30to44","X45to64","X65plus"
"E01014645","Bristol 042A","E06000023","Bristol, City of",0.058064516,0.083969466,0.088737201,0.013745704,0.081218274,0.019354839
