"Code","Name","LA_code","LA_name","All","X0to15","X16to29","X30to44","X45to64","X65plus"
"E01014549","Bristol 034B","E06000023","Bristol, City of",0.013266998,-0.006896552,0.004366812,-0.022624434,0.055319149,0.047619048
