"Code","Name","LA_code","LA_name","All","X0to15","X16to29","X30to44","X45to64","X65plus"
"E01014632","Bristol 004B","E06000023","Bristol, City of",0.024892293,0.026246719,0.046875,0.018036072,0.021108179,-0.007874016
