"Code","Name","LA_code","LA_name","All","X0to15","X16to29","X30to44","X45to64","X65plus"
"E01014665","Bristol 014D","E06000023","Bristol, City of",0.01030445,0.027322404,0.03030303,0.015730337,-0.010438413,-0.02006689
