"Code","Name","LA_code","LA_name","All","X0to15","X16to29","X30to44","X45to64","X65plus"
"E01033350","Bristol 032G","E06000023","Bristol, City of",-0.015224359,0,-0.026894866,0.0125,-0.017482517,-0.04516129
