"Code","Name","LA_code","LA_name","All","X0to15","X16to29","X30to44","X45to64","X65plus"
"E01026509","Broadland 017B","E07000144","Broadland",-0.018094731,-0.02,-0.031372549,0.015432099,0,-0.052521008
