"Code","Name","LA_code","LA_name","All","X0to15","X16to29","X30to44","X45to64","X65plus"
"E01026532","Broadland 011C","E07000144","Broadland",0.013311148,-0.003584229,0.027131783,0.015822785,0.041420118,-0.018058691
