"Code","Name","LA_code","LA_name","All","X0to15","X16to29","X30to44","X45to64","X65plus"
"E01026537","Broadland 004E","E07000144","Broadland",0.002602472,-0.016666667,0.030888031,0.02310231,0.009049774,-0.042918455
