"Code","Name","LA_code","LA_name","All","X0to15","X16to29","X30to44","X45to64","X65plus"
"E01026524","Broadland 002C","E07000144","Broadland",0.032959327,0.065116279,0.034682081,0.056521739,0.037037037,-0.005319149
