"Code","Name","LA_code","LA_name","All","X0to15","X16to29","X30to44","X45to64","X65plus"
"E01026529","Broadland 010D","E07000144","Broadland",-0.049939099,-0.063829787,-0.079365079,-0.079051383,-0.05,-0.010822511
