"Code","Name","LA_code","LA_name","All","X0to15","X16to29","X30to44","X45to64","X65plus"
"E01026518","Broadland 007A","E07000144","Broadland",-0.099480327,-0.081504702,-0.12,-0.090277778,-0.102564103,-0.115853659
