"Code","Name","LA_code","LA_name","All","X0to15","X16to29","X30to44","X45to64","X65plus"
"E01026506","Broadland 014C","E07000144","Broadland",0.00140056,-0.019230769,-0.058441558,-0.02688172,0.018561485,0.026726058
