"Code","Name","LA_code","LA_name","All","X0to15","X16to29","X30to44","X45to64","X65plus"
"E01026513","Broadland 014F","E07000144","Broadland",0.000693963,0.014981273,0.011173184,0.025179856,-0.012285012,-0.022580645
