"Code","Name","LA_code","LA_name","All","X0to15","X16to29","X30to44","X45to64","X65plus"
"E01026538","Broadland 018C","E07000144","Broadland",-0.002649007,-0.060344828,0.053191489,0.016393443,0.009029345,-0.019851117
