"Code","Name","LA_code","LA_name","All","X0to15","X16to29","X30to44","X45to64","X65plus"
"E01026562","Broadland 006A","E07000144","Broadland",0.013832384,0.017857143,-0.076923077,0.014851485,0.047091413,0.038461538
