"Code","Name","LA_code","LA_name","All","X0to15","X16to29","X30to44","X45to64","X65plus"
"E01026510","Broadland 017C","E07000144","Broadland",0.021072797,-0.036082474,0.028409091,0.051162791,0.038934426,0.010141988
