"Code","Name","LA_code","LA_name","All","X0to15","X16to29","X30to44","X45to64","X65plus"
"E01026504","Broadland 014A","E07000144","Broadland",-0.001273885,-0.032653061,0.027777778,-0.02020202,0.003883495,0.006944444
