"Code","Name","LA_code","LA_name","All","X0to15","X16to29","X30to44","X45to64","X65plus"
"E01026580","Broadland 008E","E07000144","Broadland",0.021698698,0.061538462,0.042168675,0.03125,0.006993007,0.011093502
