"Code","Name","LA_code","LA_name","All","X0to15","X16to29","X30to44","X45to64","X65plus"
"E01026505","Broadland 014B","E07000144","Broadland",0.025017373,0.041509434,0.051948052,0.021459227,0.034482759,-0.002439024
