"Code","Name","LA_code","LA_name","All","X0to15","X16to29","X30to44","X45to64","X65plus"
"E01026554","Broadland 012B","E07000144","Broadland",0.001749781,0.072992701,-0.039215686,0.034653465,-0.010723861,-0.017985612
