"Code","Name","LA_code","LA_name","All","X0to15","X16to29","X30to44","X45to64","X65plus"
"E01026525","Broadland 002D","E07000144","Broadland",0.004934211,0.027777778,0,-0.005128205,0.007894737,-0.003067485
