"Code","Name","LA_code","LA_name","All","X0to15","X16to29","X30to44","X45to64","X65plus"
"E01026575","Broadland 016B","E07000144","Broadland",-0.00331675,0,-0.02173913,0.019230769,-0.023640662,0.004132231
