"Code","Name","LA_code","LA_name","All","X0to15","X16to29","X30to44","X45to64","X65plus"
"E01026565","Broadland 006D","E07000144","Broadland",-0.02760463,0.046296296,-0.048,0.013157895,-0.077490775,-0.146341463
