"Code","Name","LA_code","LA_name","All","X0to15","X16to29","X30to44","X45to64","X65plus"
"E01026548","Broadland 002F","E07000144","Broadland",0.00531511,0.041353383,0.011904762,-0.033653846,-0.015706806,0.023890785
