"Code","Name","LA_code","LA_name","All","X0to15","X16to29","X30to44","X45to64","X65plus"
"E01026573","Broadland 015E","E07000144","Broadland",-0.023758099,0.009049774,-0.045685279,-0.054621849,0,-0.035812672
