"Code","Name","LA_code","LA_name","All","X0to15","X16to29","X30to44","X45to64","X65plus"
"E01026499","Broadland 001A","E07000144","Broadland",-0.014492754,-0.050228311,-0.010638298,0,0.0125,-0.026690391
