"Code","Name","LA_code","LA_name","All","X0to15","X16to29","X30to44","X45to64","X65plus"
"E01026515","Broadland 003B","E07000144","Broadland",-0.027801911,0,-0.073333333,-0.054054054,-0.049450549,0.029045643
