"Code","Name","LA_code","LA_name","All","X0to15","X16to29","X30to44","X45to64","X65plus"
"E01026545","Broadland 008A","E07000144","Broadland",-0.001034661,-0.03950104,0,-0.002164502,-0.033096927,0.109215017
