"Code","Name","LA_code","LA_name","All","X0to15","X16to29","X30to44","X45to64","X65plus"
"E01026578","Broadland 008C","E07000144","Broadland",0.009481038,0.018058691,0.040590406,0.012345679,0.011928429,-0.028795812
