"Code","Name","LA_code","LA_name","All","X0to15","X16to29","X30to44","X45to64","X65plus"
"E01026561","Broadland 013E","E07000144","Broadland",0.001919386,0.104395604,-0.08994709,-0.007722008,0.015915119,-0.005395683
