"Code","Name","LA_code","LA_name","All","X0to15","X16to29","X30to44","X45to64","X65plus"
"E01026543","Broadland 009D","E07000144","Broadland",0.002081888,-0.045,-0.005714286,0.003846154,0.02238806,0.007425743
