"Code","Name","LA_code","LA_name","All","X0to15","X16to29","X30to44","X45to64","X65plus"
"E01026568","Broadland 006G","E07000144","Broadland",-0.000645161,-0.010989011,-0.02690583,0.011538462,-0.008403361,0.028301887
