"Code","Name","LA_code","LA_name","All","X0to15","X16to29","X30to44","X45to64","X65plus"
"E01026508","Broadland 017A","E07000144","Broadland",-0.013947001,-0.050691244,-0.012987013,-0.036458333,0.002283105,-0.002309469
