"Code","Name","LA_code","LA_name","All","X0to15","X16to29","X30to44","X45to64","X65plus"
"E01000671","Bromley 020D","E09000006","Bromley",0.013617794,0.037209302,0.030136986,-0.003154574,0.011627907,0
