"Code","Name","LA_code","LA_name","All","X0to15","X16to29","X30to44","X45to64","X65plus"
"E01000751","Bromley 036C","E09000006","Bromley",-0.016066212,-0.011933174,-0.041009464,0.021108179,-0.001855288,-0.055
