"Code","Name","LA_code","LA_name","All","X0to15","X16to29","X30to44","X45to64","X65plus"
"E01000781","Bromley 001C","E09000006","Bromley",-0.032608696,-0.024752475,-0.018867925,-0.051428571,-0.050420168,0
