"Code","Name","LA_code","LA_name","All","X0to15","X16to29","X30to44","X45to64","X65plus"
"E01000665","Bromley 033A","E09000006","Bromley",0.008616047,0,0.030612245,0.020895522,0.007633588,-0.011730205
