"Code","Name","LA_code","LA_name","All","X0to15","X16to29","X30to44","X45to64","X65plus"
"E01000658","Bromley 042A","E09000006","Bromley",-0.050112191,-0.091836735,-0.109090909,-0.057803468,-0.01369863,-0.03652968
