"Code","Name","LA_code","LA_name","All","X0to15","X16to29","X30to44","X45to64","X65plus"
"E01000743","Bromley 009A","E09000006","Bromley",-0.010791367,-0.03021978,-0.027173913,-0.012931034,0.014893617,-0.003571429
