"Code","Name","LA_code","LA_name","All","X0to15","X16to29","X30to44","X45to64","X65plus"
"E01000830","Bromley 021C","E09000006","Bromley",0.002636783,0.01986755,0.074257426,-0.029411765,-0.002028398,-0.031428571
