"Code","Name","LA_code","LA_name","All","X0to15","X16to29","X30to44","X45to64","X65plus"
"E01000812","Bromley 028D","E09000006","Bromley",-0.001915709,0.003649635,-0.005494505,-0.002994012,0.002320186,-0.008695652
