"Code","Name","LA_code","LA_name","All","X0to15","X16to29","X30to44","X45to64","X65plus"
"E01000674","Bromley 008A","E09000006","Bromley",0.000586166,0.018867925,0,-0.002040816,0.009287926,-0.026415094
