"Code","Name","LA_code","LA_name","All","X0to15","X16to29","X30to44","X45to64","X65plus"
"E01000672","Bromley 011A","E09000006","Bromley",0.047619048,0.067137809,0.026785714,0.043835616,0.024390244,0.079617834
