"Code","Name","LA_code","LA_name","All","X0to15","X16to29","X30to44","X45to64","X65plus"
"E01000833","Bromley 021E","E09000006","Bromley",-0.019822283,-0.01552795,-0.031111111,0.029239766,-0.00984252,-0.071729958
