"Code","Name","LA_code","LA_name","All","X0to15","X16to29","X30to44","X45to64","X65plus"
"E01000670","Bromley 018A","E09000006","Bromley",0.000473485,-0.014925373,0.035087719,-0.018450185,-0.007590133,0.030100334
