"Code","Name","LA_code","LA_name","All","X0to15","X16to29","X30to44","X45to64","X65plus"
"E01000747","Bromley 042B","E09000006","Bromley",-0.027122049,-0.063981043,-0.067729084,-0.03988604,0.01147541,-0.008403361
