"Code","Name","LA_code","LA_name","All","X0to15","X16to29","X30to44","X45to64","X65plus"
"E01000708","Bromley 041B","E09000006","Bromley",-0.006551519,-0.016759777,0.023715415,-0.021164021,-0.002444988,-0.007117438
