"Code","Name","LA_code","LA_name","All","X0to15","X16to29","X30to44","X45to64","X65plus"
"E01000706","Bromley 013D","E09000006","Bromley",0.01065449,0.020408163,0.010362694,0.008450704,0.005681818,0.01183432
