"Code","Name","LA_code","LA_name","All","X0to15","X16to29","X30to44","X45to64","X65plus"
"E01033243","Bromsgrove 014G","E07000234","Bromsgrove",0.029356652,0.020242915,0.007042254,0.016949153,0.043290043,0.05511811
