"Code","Name","LA_code","LA_name","All","X0to15","X16to29","X30to44","X45to64","X65plus"
"E01000806","Bromley 009F","E09000006","Bromley",0.016332982,0.034632035,0.008522727,0.006589786,-0.005333333,0.098039216
