"Code","Name","LA_code","LA_name","All","X0to15","X16to29","X30to44","X45to64","X65plus"
"E01000682","Bromley 035B","E09000006","Bromley",-0.003119152,-0.006134969,0.005319149,-0.019230769,0.019851117,-0.016042781
