"Code","Name","LA_code","LA_name","All","X0to15","X16to29","X30to44","X45to64","X65plus"
"E01032138","Bromsgrove 001A","E07000234","Bromsgrove",-0.007762879,-0.034090909,-0.023809524,0.043010753,-0.002610966,-0.012019231
