"Code","Name","LA_code","LA_name","All","X0to15","X16to29","X30to44","X45to64","X65plus"
"E01000700","Bromley 013A","E09000006","Bromley",-0.006988564,-0.037267081,-0.010152284,-0.007692308,0.034666667,-0.0375
