"Code","Name","LA_code","LA_name","All","X0to15","X16to29","X30to44","X45to64","X65plus"
"E01032159","Bromsgrove 010B","E07000234","Bromsgrove",-0.012806236,0.023333333,-0.030188679,0.041935484,-0.04,-0.036093418
