"Code","Name","LA_code","LA_name","All","X0to15","X16to29","X30to44","X45to64","X65plus"
"E01000822","Bromley 008D","E09000006","Bromley",0,0.008264463,0,-0.010917031,-0.005063291,0.019230769
