"Code","Name","LA_code","LA_name","All","X0to15","X16to29","X30to44","X45to64","X65plus"
"E01000762","Bromley 018D","E09000006","Bromley",0.003525264,0.018181818,-0.00877193,0.043956044,-0.03163017,-0.002710027
