"Code","Name","LA_code","LA_name","All","X0to15","X16to29","X30to44","X45to64","X65plus"
"E01000794","Bromley 035E","E09000006","Bromley",0.027885863,0.029850746,-0.029411765,0.023809524,0.038724374,0.041162228
