"Code","Name","LA_code","LA_name","All","X0to15","X16to29","X30to44","X45to64","X65plus"
"E01000675","Bromley 018B","E09000006","Bromley",0.007238883,-0.032835821,0.064766839,0.003984064,0,-0.007017544
