"Code","Name","LA_code","LA_name","All","X0to15","X16to29","X30to44","X45to64","X65plus"
"E01000841","Bromley 030H","E09000006","Bromley",0.011942175,0.047457627,-0.038297872,0.015936255,0.006637168,0.019553073
