"Code","Name","LA_code","LA_name","All","X0to15","X16to29","X30to44","X45to64","X65plus"
"E01000793","Bromley 032D","E09000006","Bromley",-0.02384106,-0.060869565,-0.026041667,-0.019323671,-0.002277904,-0.027149321
