"Code","Name","LA_code","LA_name","All","X0to15","X16to29","X30to44","X45to64","X65plus"
"E01032151","Bromsgrove 008C","E07000234","Bromsgrove",0.01130742,-0.018099548,-0.006097561,0.059574468,0.008830022,0.00877193
