"Code","Name","LA_code","LA_name","All","X0to15","X16to29","X30to44","X45to64","X65plus"
"E01000679","Bromley 020E","E09000006","Bromley",-0.010680157,-0.020930233,0.003921569,0.008752735,-0.002267574,-0.071428571
