"Code","Name","LA_code","LA_name","All","X0to15","X16to29","X30to44","X45to64","X65plus"
"E01000815","Bromley 025E","E09000006","Bromley",0.007879186,0.035460993,0.005050505,-0.012875536,0.044742729,-0.044077135
