"Code","Name","LA_code","LA_name","All","X0to15","X16to29","X30to44","X45to64","X65plus"
"E01000711","Bromley 006C","E09000006","Bromley",-0.015523285,-0.044052863,-0.024861878,0.001618123,-0.035416667,0.012903226
