"Code","Name","LA_code","LA_name","All","X0to15","X16to29","X30to44","X45to64","X65plus"
"E01000650","Bromley 022A","E09000006","Bromley",0.046112601,0.094182825,0.100456621,0.057401813,0.030947776,-0.011441648
