"Code","Name","LA_code","LA_name","All","X0to15","X16to29","X30to44","X45to64","X65plus"
"E01000718","Bromley 006E","E09000006","Bromley",-0.013146735,-0.013266998,0.00273224,-0.017777778,-0.019354839,-0.012048193
