"Code","Name","LA_code","LA_name","All","X0to15","X16to29","X30to44","X45to64","X65plus"
"E01000750","Bromley 036B","E09000006","Bromley",-0.001316656,0.018050542,-0.033333333,0.007968127,0.004914005,-0.00872093
