"Code","Name","LA_code","LA_name","All","X0to15","X16to29","X30to44","X45to64","X65plus"
"E01000686","Bromley 037C","E09000006","Bromley",0.01843318,-0.010344828,0.084337349,-0.015151515,0.037878788,0.014888337
