"Code","Name","LA_code","LA_name","All","X0to15","X16to29","X30to44","X45to64","X65plus"
"E01000798","Bromley 009D","E09000006","Bromley",0.025706941,0.003533569,0.022922636,0.008241758,0.03373494,0.096551724
