"Code","Name","LA_code","LA_name","All","X0to15","X16to29","X30to44","X45to64","X65plus"
"E01000771","Bromley 041C","E09000006","Bromley",-0.005714286,-0.03626943,0.02617801,0.002469136,-0.004415011,0
