"Code","Name","LA_code","LA_name","All","X0to15","X16to29","X30to44","X45to64","X65plus"
"E01032177","Bromsgrove 005C","E07000234","Bromsgrove",0.007959479,0.003891051,0.041025641,0,0.019900498,-0.020905923
