"Code","Name","LA_code","LA_name","All","X0to15","X16to29","X30to44","X45to64","X65plus"
"E01000832","Bromley 030A","E09000006","Bromley",-0.007853403,0.006430868,-0.02955665,-0.005076142,-0.017167382,0.002849003
