"Code","Name","LA_code","LA_name","All","X0to15","X16to29","X30to44","X45to64","X65plus"
"E01032152","Bromsgrove 007D","E07000234","Bromsgrove",0.040381791,-0.003921569,0.052419355,-0.030837004,0.066860465,0.09375
