"Code","Name","LA_code","LA_name","All","X0to15","X16to29","X30to44","X45to64","X65plus"
"E01032176","Bromsgrove 002E","E07000234","Bromsgrove",-0.011368804,-0.021875,-0.016528926,0,-0.022546419,0.005042017
