"Code","Name","LA_code","LA_name","All","X0to15","X16to29","X30to44","X45to64","X65plus"
"E01000786","Bromley 032A","E09000006","Bromley",0.015246015,0.052083333,-0.046511628,0.005181347,0.048257373,0.001949318
