"Code","Name","LA_code","LA_name","All","X0to15","X16to29","X30to44","X45to64","X65plus"
"E01032156","Bromsgrove 011A","E07000234","Bromsgrove",-0.017924528,-0.02962963,0.005891016,0.014662757,-0.070886076,-0.023333333
