"Code","Name","LA_code","LA_name","All","X0to15","X16to29","X30to44","X45to64","X65plus"
"E01000788","Bromley 029D","E09000006","Bromley",-0.01320132,-0.039145907,0.040322581,-0.051181102,-0.004376368,-0.014545455
