"Code","Name","LA_code","LA_name","All","X0to15","X16to29","X30to44","X45to64","X65plus"
"E01032162","Bromsgrove 012B","E07000234","Bromsgrove",-0.045454545,0.008196721,-0.02690583,-0.052325581,-0.075203252,-0.059957173
