"Code","Name","LA_code","LA_name","All","X0to15","X16to29","X30to44","X45to64","X65plus"
"E01000663","Bromley 026C","E09000006","Bromley",0.021867612,0.041558442,0.013274336,0,0.024608501,0.023648649
