"Code","Name","LA_code","LA_name","All","X0to15","X16to29","X30to44","X45to64","X65plus"
"E01000656","Bromley 039C","E09000006","Bromley",0.015449438,0.004444444,0.018099548,0.008438819,0.023913043,0.014234875
