"Code","Name","LA_code","LA_name","All","X0to15","X16to29","X30to44","X45to64","X65plus"
"E01000777","Bromley 024D","E09000006","Bromley",0.008259212,0.066878981,-0.016064257,0.015686275,-0.013645224,-0.004115226
