"Code","Name","LA_code","LA_name","All","X0to15","X16to29","X30to44","X45to64","X65plus"
"E01000717","Bromley 011D","E09000006","Bromley",-0.026011561,-0.06614786,0.003731343,-0.013245033,-0.002237136,-0.072131148
