"Code","Name","LA_code","LA_name","All","X0to15","X16to29","X30to44","X45to64","X65plus"
"E01032135","Bromsgrove 004B","E07000234","Bromsgrove",0.059936909,0.094650206,0.020080321,0.091286307,0.045955882,0.064935065
