"Code","Name","LA_code","LA_name","All","X0to15","X16to29","X30to44","X45to64","X65plus"
"E01000704","Bromley 015C","E09000006","Bromley",-0.004713805,-0.042704626,0.033195021,0.006042296,-0.026128266,0.028436019
