"Code","Name","LA_code","LA_name","All","X0to15","X16to29","X30to44","X45to64","X65plus"
"E01000712","Bromley 012A","E09000006","Bromley",-0.003474233,-0.013100437,-0.012345679,0.001945525,-0.016627078,0.01875
