"Code","Name","LA_code","LA_name","All","X0to15","X16to29","X30to44","X45to64","X65plus"
"E01000690","Bromley 002B","E09000006","Bromley",0,0.014184397,0.005154639,-0.021352313,0.01038961,-0.011070111
