"Code","Name","LA_code","LA_name","All","X0to15","X16to29","X30to44","X45to64","X65plus"
"E01032137","Bromsgrove 002B","E07000234","Bromsgrove",0.041693393,0.0390625,0.031847134,0.084337349,0.009416196,0.06557377
