"Code","Name","LA_code","LA_name","All","X0to15","X16to29","X30to44","X45to64","X65plus"
"E01000729","Bromley 014A","E09000006","Bromley",0.0041841,0.015296367,0.00257732,0,0.004576659,-0.016574586
