"Code","Name","LA_code","LA_name","All","X0to15","X16to29","X30to44","X45to64","X65plus"
"E01000709","Bromley 006A","E09000006","Bromley",-0.006642066,0.011363636,0.012269939,-0.01038961,-0.027027027,-0.002985075
