"Code","Name","LA_code","LA_name","All","X0to15","X16to29","X30to44","X45to64","X65plus"
"E01000778","Bromley 024E","E09000006","Bromley",0.002415459,-0.041176471,0.036764706,-0.012121212,-0.003883495,0.070351759
