"Code","Name","LA_code","LA_name","All","X0to15","X16to29","X30to44","X45to64","X65plus"
"E01000730","Bromley 014B","E09000006","Bromley",-0.019639935,-0.031657356,-0.004962779,0,-0.026109661,-0.04375
