"Code","Name","LA_code","LA_name","All","X0to15","X16to29","X30to44","X45to64","X65plus"
"E01000654","Bromley 039A","E09000006","Bromley",0.003174603,-0.017921147,0.005681818,0.024291498,0.020114943,-0.023809524
