"Code","Name","LA_code","LA_name","All","X0to15","X16to29","X30to44","X45to64","X65plus"
"E01000710","Bromley 006B","E09000006","Bromley",0.015873016,-0.060606061,0.067729084,0.020123839,0.011655012,0.048689139
