"Code","Name","LA_code","LA_name","All","X0to15","X16to29","X30to44","X45to64","X65plus"
"E01000779","Bromley 001A","E09000006","Bromley",-0.018867925,-0.043290043,-0.028169014,-0.010309278,-0.026946108,0.006472492
