"Code","Name","LA_code","LA_name","All","X0to15","X16to29","X30to44","X45to64","X65plus"
"E01000698","Bromley 010B","E09000006","Bromley",-0.072368421,-0.097826087,-0.115183246,-0.043209877,-0.06442577,-0.055900621
