"Code","Name","LA_code","LA_name","All","X0to15","X16to29","X30to44","X45to64","X65plus"
"E01032168","Bromsgrove 002C","E07000234","Bromsgrove",-0.010416667,0.005102041,-0.02919708,0.025,-0.023668639,-0.015576324
