"Code","Name","LA_code","LA_name","All","X0to15","X16to29","X30to44","X45to64","X65plus"
"E01032562","Bromley 040D","E09000006","Bromley",0.034373011,-0.012285012,0.028776978,0.075907591,0.02278481,0.10106383
