"Code","Name","LA_code","LA_name","All","X0to15","X16to29","X30to44","X45to64","X65plus"
"E01000804","Bromley 004D","E09000006","Bromley",0.029649596,0.059027778,-0.020618557,0.043333333,0.019184652,0.035087719
