"Code","Name","LA_code","LA_name","All","X0to15","X16to29","X30to44","X45to64","X65plus"
"E01032130","Bromsgrove 013A","E07000234","Bromsgrove",0.016943043,0.003194888,0.046904315,-0.009873061,0.029411765,0.030612245
