"Code","Name","LA_code","LA_name","All","X0to15","X16to29","X30to44","X45to64","X65plus"
"E01000738","Bromley 014D","E09000006","Bromley",-0.014857881,-0.01875,0.004273504,-0.056939502,0.009852217,-0.019543974
