"Code","Name","LA_code","LA_name","All","X0to15","X16to29","X30to44","X45to64","X65plus"
"E01000838","Bromley 030E","E09000006","Bromley",0.011220196,0.008368201,0.028436019,0.030612245,-0.014388489,0.022038567
