"Code","Name","LA_code","LA_name","All","X0to15","X16to29","X30to44","X45to64","X65plus"
"E01000828","Bromley 011E","E09000006","Bromley",0.026117237,0.045016077,0.032407407,-0.018099548,0.024875622,0.0625
