"Code","Name","LA_code","LA_name","All","X0to15","X16to29","X30to44","X45to64","X65plus"
"E01032172","Bromsgrove 003D","E07000234","Bromsgrove",0.005138086,0.052434457,-0.008163265,0.026936027,-0.006976744,-0.028301887
