"Code","Name","LA_code","LA_name","All","X0to15","X16to29","X30to44","X45to64","X65plus"
"E01000765","Bromley 034D","E09000006","Bromley",0.009753299,-0.00273224,0.014705882,-0.010238908,0.026104418,0.012738854
