"Code","Name","LA_code","LA_name","All","X0to15","X16to29","X30to44","X45to64","X65plus"
"E01000752","Bromley 036D","E09000006","Bromley",0.007025761,0.039344262,0,0.007092199,-0.015981735,0.009861933
