"Code","Name","LA_code","LA_name","All","X0to15","X16to29","X30to44","X45to64","X65plus"
"E01000824","Bromley 008F","E09000006","Bromley",-0.032012195,-0.042402827,-0.051162791,-0.017291066,-0.039772727,0.008695652
