"Code","Name","LA_code","LA_name","All","X0to15","X16to29","X30to44","X45to64","X65plus"
"E01000807","Bromley 022C","E09000006","Bromley",-0.001858736,-0.019230769,0.022123894,-0.009803922,0,0.006825939
