"Code","Name","LA_code","LA_name","All","X0to15","X16to29","X30to44","X45to64","X65plus"
"E01000733","Bromley 023E","E09000006","Bromley",0.011578306,0.024169184,0.025830258,0.003021148,-0.011210762,0.030534351
