"Code","Name","LA_code","LA_name","All","X0to15","X16to29","X30to44","X45to64","X65plus"
"E01000813","Bromley 025D","E09000006","Bromley",0.008484848,-0.0125,-0.045,0.069536424,0.004761905,0.009803922
