"Code","Name","LA_code","LA_name","All","X0to15","X16to29","X30to44","X45to64","X65plus"
"E01000760","Bromley 034B","E09000006","Bromley",0.015062213,0.043650794,0.042654028,0.025531915,0.002207506,-0.010638298
