"Code","Name","LA_code","LA_name","All","X0to15","X16to29","X30to44","X45to64","X65plus"
"E01000651","Bromley 020A","E09000006","Bromley",0.010669828,0.021428571,0.034632035,-0.020958084,0.028037383,-0.002415459
