"Code","Name","LA_code","LA_name","All","X0to15","X16to29","X30to44","X45to64","X65plus"
"E01023297","Broxbourne 010A","E07000095","Broxbourne",-0.023826715,0.018450185,-0.021551724,-0.029739777,-0.050847458,-0.027027027
