"Code","Name","LA_code","LA_name","All","X0to15","X16to29","X30to44","X45to64","X65plus"
"E01028136","Broxtowe 015B","E07000172","Broxtowe",-0.003442341,0.019886364,-0.004347826,-0.006024096,-0.017094017,-0.005540166
