"Code","Name","LA_code","LA_name","All","X0to15","X16to29","X30to44","X45to64","X65plus"
"E01023318","Broxbourne 001C","E07000095","Broxbourne",0.008985879,0.006825939,0.008510638,0.035460993,0.022613065,-0.025714286
