"Code","Name","LA_code","LA_name","All","X0to15","X16to29","X30to44","X45to64","X65plus"
"E01023300","Broxbourne 010D","E07000095","Broxbourne",-0.048312376,-0.071428571,-0.034843206,-0.026946108,-0.052631579,-0.055084746
