"Code","Name","LA_code","LA_name","All","X0to15","X16to29","X30to44","X45to64","X65plus"
"E01023326","Broxbourne 009D","E07000095","Broxbourne",0.013538462,-0.01344086,0.048780488,0.017301038,-0.006960557,0.045296167
