"Code","Name","LA_code","LA_name","All","X0to15","X16to29","X30to44","X45to64","X65plus"
"E01023308","Broxbourne 006B","E07000095","Broxbourne",-0.013197361,-0.02739726,-0.011538462,-0.003759398,-0.006085193,-0.019662921
