"Code","Name","LA_code","LA_name","All","X0to15","X16to29","X30to44","X45to64","X65plus"
"E01023331","Broxbourne 002E","E07000095","Broxbourne",-0.006723716,-0.043103448,0.003759398,0.002923977,0.013793103,-0.016326531
