"Code","Name","LA_code","LA_name","All","X0to15","X16to29","X30to44","X45to64","X65plus"
"E01023316","Broxbourne 001A","E07000095","Broxbourne",-0.008462623,-0.025641026,-0.004098361,0,-0.010416667,-0.003174603
