"Code","Name","LA_code","LA_name","All","X0to15","X16to29","X30to44","X45to64","X65plus"
"E01023335","Broxbourne 012D","E07000095","Broxbourne",-0.007033998,0.02295082,-0.055172414,-0.032786885,0.00625,0.012269939
