"Code","Name","LA_code","LA_name","All","X0to15","X16to29","X30to44","X45to64","X65plus"
"E01023292","Broxbourne 004D","E07000095","Broxbourne",-0.00843061,-0.003802281,-0.026666667,0.007936508,0.008714597,-0.034985423
