"Code","Name","LA_code","LA_name","All","X0to15","X16to29","X30to44","X45to64","X65plus"
"E01023311","Broxbourne 007A","E07000095","Broxbourne",-0.012627781,-0.022556391,0.004291845,0,-0.020833333,-0.014563107
