"Code","Name","LA_code","LA_name","All","X0to15","X16to29","X30to44","X45to64","X65plus"
"E01028107","Broxtowe 001C","E07000172","Broxtowe",0.05083612,0.017699115,0.050847458,0.064638783,0.028865979,0.101754386
