"Code","Name","LA_code","LA_name","All","X0to15","X16to29","X30to44","X45to64","X65plus"
"E01028089","Broxtowe 007C","E07000172","Broxtowe",0.011235955,0.027027027,0.011764706,0.039800995,-0.016393443,0.013297872
