"Code","Name","LA_code","LA_name","All","X0to15","X16to29","X30to44","X45to64","X65plus"
"E01028117","Broxtowe 003D","E07000172","Broxtowe",-0.029464823,0.023880597,-0.042253521,-0.049562682,-0.041666667,-0.036199095
