"Code","Name","LA_code","LA_name","All","X0to15","X16to29","X30to44","X45to64","X65plus"
"E01028095","Broxtowe 014D","E07000172","Broxtowe",-0.014715719,-0.013245033,-0.037974684,-0.022304833,-0.016317016,0.002967359
