"Code","Name","LA_code","LA_name","All","X0to15","X16to29","X30to44","X45to64","X65plus"
"E01028118","Broxtowe 003E","E07000172","Broxtowe",-0.0059988,-0.034682081,-0.018292683,0.010471204,-0.006048387,0
