"Code","Name","LA_code","LA_name","All","X0to15","X16to29","X30to44","X45to64","X65plus"
"E01028110","Broxtowe 002A","E07000172","Broxtowe",0.020645161,0.025157233,0.011494253,0.021428571,0.017811705,0.026845638
