"Code","Name","LA_code","LA_name","All","X0to15","X16to29","X30to44","X45to64","X65plus"
"E01023337","Broxbourne 013B","E07000095","Broxbourne",0.023085586,0.002710027,0.008108108,0.024657534,0.018604651,0.082644628
