"Code","Name","LA_code","LA_name","All","X0to15","X16to29","X30to44","X45to64","X65plus"
"E01028077","Broxtowe 009B","E07000172","Broxtowe",0.006548788,0.006825939,-0.005277045,0,0.03539823,-0.00877193
