"Code","Name","LA_code","LA_name","All","X0to15","X16to29","X30to44","X45to64","X65plus"
"E01028109","Broxtowe 003A","E07000172","Broxtowe",0.073369565,0.072368421,-0.014925373,0.066889632,0.072,0.130063966
