"Code","Name","LA_code","LA_name","All","X0to15","X16to29","X30to44","X45to64","X65plus"
"E01028069","Broxtowe 014A","E07000172","Broxtowe",0.008326395,0.005102041,0.04787234,-0.01532567,-0.012345679,0.034482759
