"Code","Name","LA_code","LA_name","All","X0to15","X16to29","X30to44","X45to64","X65plus"
"E01028138","Broxtowe 015D","E07000172","Broxtowe",-0.003259984,-0.096153846,0.010526316,-0.027777778,0,0.042553191
