"Code","Name","LA_code","LA_name","All","X0to15","X16to29","X30to44","X45to64","X65plus"
"E01023290","Broxbourne 004B","E07000095","Broxbourne",-0.016509434,0.002915452,-0.065891473,0.004166667,-0.030237581,0.00255102
