"Code","Name","LA_code","LA_name","All","X0to15","X16to29","X30to44","X45to64","X65plus"
"E01028129","Broxtowe 010B","E07000172","Broxtowe",0.004560261,-0.016722408,-0.023364486,0.018796992,-0.058548009,0.112462006
