"Code","Name","LA_code","LA_name","All","X0to15","X16to29","X30to44","X45to64","X65plus"
"E01023303","Broxbourne 008B","E07000095","Broxbourne",0.001272265,0.0330033,-0.007220217,-0.03988604,0.00952381,0.018099548
