"Code","Name","LA_code","LA_name","All","X0to15","X16to29","X30to44","X45to64","X65plus"
"E01028099","Broxtowe 013C","E07000172","Broxtowe",0.011703511,0.067901235,-0.03649635,0.032,0.010025063,0.00304878
