"Code","Name","LA_code","LA_name","All","X0to15","X16to29","X30to44","X45to64","X65plus"
"E01028120","Broxtowe 016D","E07000172","Broxtowe",0.001825928,-0.029411765,-0.010362694,-0.004016064,0.012903226,0.014056225
