"Code","Name","LA_code","LA_name","All","X0to15","X16to29","X30to44","X45to64","X65plus"
"E01028104","Broxtowe 004C","E07000172","Broxtowe",-0.015519568,-0.040358744,-0.049261084,0.021126761,-0.01446281,-0.010416667
