"Code","Name","LA_code","LA_name","All","X0to15","X16to29","X30to44","X45to64","X65plus"
"E01028132","Broxtowe 010E","E07000172","Broxtowe",0.007213706,0.015267176,-0.016129032,0.057894737,0.053872054,-0.114942529
