"Code","Name","LA_code","LA_name","All","X0to15","X16to29","X30to44","X45to64","X65plus"
"E01023336","Broxbourne 013A","E07000095","Broxbourne",0.027898028,0.021176471,0.025229358,0.042990654,0.012269939,0.046391753
