"Code","Name","LA_code","LA_name","All","X0to15","X16to29","X30to44","X45to64","X65plus"
"E01028097","Broxtowe 013A","E07000172","Broxtowe",0.026523297,0.113513514,0.038709677,0.033195021,0.020565553,-0.014117647
