"Code","Name","LA_code","LA_name","All","X0to15","X16to29","X30to44","X45to64","X65plus"
"E01023310","Broxbourne 006D","E07000095","Broxbourne",-0.002535313,-0.018465909,0.019963702,-0.002980626,-0.005319149,0
