"Code","Name","LA_code","LA_name","All","X0to15","X16to29","X30to44","X45to64","X65plus"
"E01028081","Broxtowe 012B","E07000172","Broxtowe",-0.023096664,-0.055944056,-0.0625,-0.066326531,0.01552795,0.003164557
