"Code","Name","LA_code","LA_name","All","X0to15","X16to29","X30to44","X45to64","X65plus"
"E01028098","Broxtowe 013B","E07000172","Broxtowe",-0.005090498,0.014814815,-0.021212121,-0.019230769,0.018808777,-0.020325203
