"Code","Name","LA_code","LA_name","All","X0to15","X16to29","X30to44","X45to64","X65plus"
"E01023317","Broxbourne 001B","E07000095","Broxbourne",-0.007279693,-0.004784689,0.031331593,-0.005747126,-0.022653722,-0.023913043
