"Code","Name","LA_code","LA_name","All","X0to15","X16to29","X30to44","X45to64","X65plus"
"E01028100","Broxtowe 013D","E07000172","Broxtowe",0.03159104,0.051903114,0.008196721,0.033846154,0.01594533,0.045045045
