"Code","Name","LA_code","LA_name","All","X0to15","X16to29","X30to44","X45to64","X65plus"
"E01023344","Broxbourne 005E","E07000095","Broxbourne",-0.016528926,-0.06,0.022522523,-0.03264095,-0.002096436,-0.008379888
