"Code","Name","LA_code","LA_name","All","X0to15","X16to29","X30to44","X45to64","X65plus"
"E01023328","Broxbourne 002B","E07000095","Broxbourne",0.034251675,0.007168459,0.041322314,0.041522491,0.04178273,0.040229885
