"Code","Name","LA_code","LA_name","All","X0to15","X16to29","X30to44","X45to64","X65plus"
"E01028093","Broxtowe 001B","E07000172","Broxtowe",-0.001949318,-0.064285714,-0.031496063,0,0.006269592,0.028125
