"Code","Name","LA_code","LA_name","All","X0to15","X16to29","X30to44","X45to64","X65plus"
"E01023330","Broxbourne 002D","E07000095","Broxbourne",0.004501608,0.013368984,0.025454545,-0.015873016,-0.002785515,0.01183432
