"Code","Name","LA_code","LA_name","All","X0to15","X16to29","X30to44","X45to64","X65plus"
"E01028088","Broxtowe 007B","E07000172","Broxtowe",-0.043275632,-0.075892857,-0.024875622,-0.086419753,-0.024390244,-0.028301887
