"Code","Name","LA_code","LA_name","All","X0to15","X16to29","X30to44","X45to64","X65plus"
"E01023294","Broxbourne 011B","E07000095","Broxbourne",0.008054523,-0.014367816,-0.051383399,0.037267081,0.04519774,0.008902077
