"Code","Name","LA_code","LA_name","All","X0to15","X16to29","X30to44","X45to64","X65plus"
"E01028087","Broxtowe 007A","E07000172","Broxtowe",-0.027795734,0.031531532,-0.082417582,-0.022026432,-0.039045553,-0.026373626
