"Code","Name","LA_code","LA_name","All","X0to15","X16to29","X30to44","X45to64","X65plus"
"E01024887","Burnley 011B","E07000117","Burnley",-0.024209818,-0.042763158,0.012820513,-0.022364217,-0.014851485,-0.056034483
