"Code","Name","LA_code","LA_name","All","X0to15","X16to29","X30to44","X45to64","X65plus"
"E01024870","Burnley 009D","E07000117","Burnley",-0.019708655,0,-0.114503817,0,0.016304348,-0.043343653
