"Code","Name","LA_code","LA_name","All","X0to15","X16to29","X30to44","X45to64","X65plus"
"E01024889","Burnley 004E","E07000117","Burnley",-0.023961661,-0.025806452,0.005102041,-0.038277512,-0.027700831,-0.027190332
