"Code","Name","LA_code","LA_name","All","X0to15","X16to29","X30to44","X45to64","X65plus"
"E01024857","Burnley 007B","E07000117","Burnley",0.025839793,0.077151335,0.007434944,-0.006756757,0.013888889,0.031468531
