"Code","Name","LA_code","LA_name","All","X0to15","X16to29","X30to44","X45to64","X65plus"
"E01024874","Burnley 011A","E07000117","Burnley",0.115533981,0.166666667,0.175572519,0.139534884,0.065789474,0.116666667
