"Code","Name","LA_code","LA_name","All","X0to15","X16to29","X30to44","X45to64","X65plus"
"E01024896","Burnley 002B","E07000117","Burnley",-0.009056604,-0.081196581,-0.016129032,0.016877637,0.002762431,0.016339869
