"Code","Name","LA_code","LA_name","All","X0to15","X16to29","X30to44","X45to64","X65plus"
"E01024882","Burnley 006B","E07000117","Burnley",0.007062147,0.058823529,0.01980198,-0.012307692,-0.00617284,-0.03125
