"Code","Name","LA_code","LA_name","All","X0to15","X16to29","X30to44","X45to64","X65plus"
"E01024859","Burnley 001A","E07000117","Burnley",-0.003415301,0.019011407,-0.030075188,0,-0.015503876,0.019230769
