"Code","Name","LA_code","LA_name","All","X0to15","X16to29","X30to44","X45to64","X65plus"
"E01024879","Burnley 005A","E07000117","Burnley",0,0.003558719,0.004587156,0.029411765,0.006644518,-0.049586777
