"Code","Name","LA_code","LA_name","All","X0to15","X16to29","X30to44","X45to64","X65plus"
"E01024865","Burnley 008B","E07000117","Burnley",-0.003450656,-0.058577406,0.021097046,0.033057851,-0.018348624,0.013559322
