"Code","Name","LA_code","LA_name","All","X0to15","X16to29","X30to44","X45to64","X65plus"
"E01024910","Burnley 014C","E07000117","Burnley",-0.019693654,0.036437247,0,-0.035294118,-0.053521127,-0.030418251
