"Code","Name","LA_code","LA_name","All","X0to15","X16to29","X30to44","X45to64","X65plus"
"E01024894","Burnley 001F","E07000117","Burnley",0.099850969,0.039344262,0.088105727,0.035,0.149456522,0.165289256
