"Code","Name","LA_code","LA_name","All","X0to15","X16to29","X30to44","X45to64","X65plus"
"E01024880","Burnley 005B","E07000117","Burnley",0.048813559,0.114285714,0.062801932,0.07860262,0.026004728,0.014778325
