"Code","Name","LA_code","LA_name","All","X0to15","X16to29","X30to44","X45to64","X65plus"
"E01024872","Burnley 010A","E07000117","Burnley",-0.007829181,-0.025280899,0.035856574,-0.037037037,-0.00280112,-0.005050505
