"Code","Name","LA_code","LA_name","All","X0to15","X16to29","X30to44","X45to64","X65plus"
"E01024888","Burnley 011C","E07000117","Burnley",0.004270897,-0.018939394,-0.030701754,0.020833333,0.025263158,0.002604167
