"Code","Name","LA_code","LA_name","All","X0to15","X16to29","X30to44","X45to64","X65plus"
"E01024868","Burnley 009B","E07000117","Burnley",-0.007525084,0.030150754,-0.018404908,-0.015957447,-0.037533512,0.018315018
