"Code","Name","LA_code","LA_name","All","X0to15","X16to29","X30to44","X45to64","X65plus"
"E01024863","Burnley 008A","E07000117","Burnley",-0.021970706,0.040229885,-0.007874016,-0.055944056,-0.052486188,-0.03968254
