"Code","Name","LA_code","LA_name","All","X0to15","X16to29","X30to44","X45to64","X65plus"
"E01024876","Burnley 003C","E07000117","Burnley",0.019957234,0.004694836,0.022222222,0.005970149,0.034220532,0.082568807
