"Code","Name","LA_code","LA_name","All","X0to15","X16to29","X30to44","X45to64","X65plus"
"E01024878","Burnley 003E","E07000117","Burnley",-0.006079027,0.001757469,-0.008379888,-0.00255102,-0.041284404,0.018518519
