"Code","Name","LA_code","LA_name","All","X0to15","X16to29","X30to44","X45to64","X65plus"
"E01004972","Bury 023A","E08000002","Bury",0.001997337,-0.042079208,0,0.00955414,0.070769231,-0.037267081
