"Code","Name","LA_code","LA_name","All","X0to15","X16to29","X30to44","X45to64","X65plus"
"E01004952","Bury 010D","E08000002","Bury",0.006493506,-0.039473684,0.006535948,0.06779661,0.028571429,-0.008650519
