"Code","Name","LA_code","LA_name","All","X0to15","X16to29","X30to44","X45to64","X65plus"
"E01005059","Bury 013C","E08000002","Bury",-0.024571429,-0.014005602,-0.024316109,-0.047493404,-0.006726457,-0.037656904
