"Code","Name","LA_code","LA_name","All","X0to15","X16to29","X30to44","X45to64","X65plus"
"E01005000","Bury 012A","E08000002","Bury",-0.007189542,-0.018248175,-0.023809524,0.025830258,-0.008016032,-0.012820513
