"Code","Name","LA_code","LA_name","All","X0to15","X16to29","X30to44","X45to64","X65plus"
"E01004950","Bury 010B","E08000002","Bury",0.008825526,-0.008230453,0.134328358,-0.025125628,0.010964912,-0.006802721
