"Code","Name","LA_code","LA_name","All","X0to15","X16to29","X30to44","X45to64","X65plus"
"E01004966","Bury 005C","E08000002","Bury",-0.016685846,-0.040540541,-0.04676259,-0.020942408,-0.007894737,0.051181102
