"Code","Name","LA_code","LA_name","All","X0to15","X16to29","X30to44","X45to64","X65plus"
"E01004992","Bury 015B","E08000002","Bury",-0.013870542,0,-0.013888889,-0.006514658,0.013623978,-0.089686099
