"Code","Name","LA_code","LA_name","All","X0to15","X16to29","X30to44","X45to64","X65plus"
"E01004986","Bury 020B","E08000002","Bury",-0.002431611,-0.03125,-0.020979021,-0.015228426,0.002493766,0.048701299
