"Code","Name","LA_code","LA_name","All","X0to15","X16to29","X30to44","X45to64","X65plus"
"E01005014","Bury 001A","E08000002","Bury",-0.006779661,-0.023809524,-0.009049774,0.024561404,-0.004854369,-0.023054755
