"Code","Name","LA_code","LA_name","All","X0to15","X16to29","X30to44","X45to64","X65plus"
"E01004989","Bury 019C","E08000002","Bury",-0.008316008,-0.064150943,-0.022346369,0.015625,0.009324009,0.003184713
