"Code","Name","LA_code","LA_name","All","X0to15","X16to29","X30to44","X45to64","X65plus"
"E01005050","Bury 006C","E08000002","Bury",0.040365209,0.043298969,0.067901235,0.058823529,0.028021016,-0.003861004
