"Code","Name","LA_code","LA_name","All","X0to15","X16to29","X30to44","X45to64","X65plus"
"E01005009","Bury 016E","E08000002","Bury",-0.036734694,-0.00887574,-0.041666667,-0.002673797,-0.029350105,-0.180722892
