"Code","Name","LA_code","LA_name","All","X0to15","X16to29","X30to44","X45to64","X65plus"
"E01004969","Bury 022A","E08000002","Bury",-0.013522215,-0.028985507,-0.034934498,0.016611296,-0.001964637,-0.035830619
