"Code","Name","LA_code","LA_name","All","X0to15","X16to29","X30to44","X45to64","X65plus"
"E01005015","Bury 001B","E08000002","Bury",-0.020552344,-0.037267081,0.034782609,-0.026490066,-0.01826484,-0.045283019
