"Code","Name","LA_code","LA_name","All","X0to15","X16to29","X30to44","X45to64","X65plus"
"E01005019","Bury 002A","E08000002","Bury",-0.016894087,-0.093548387,-0.038277512,-0.012096774,0.017412935,0.018918919
