"Code","Name","LA_code","LA_name","All","X0to15","X16to29","X30to44","X45to64","X65plus"
"E01005057","Bury 017D","E08000002","Bury",-0.007010835,-0.002967359,-0.041152263,-0.003584229,0.017897092,-0.02661597
