"Code","Name","LA_code","LA_name","All","X0to15","X16to29","X30to44","X45to64","X65plus"
"E01005016","Bury 001C","E08000002","Bury",-0.012442698,0.004115226,0.069148936,-0.049723757,-0.012170385,-0.037344398
