"Code","Name","LA_code","LA_name","All","X0to15","X16to29","X30to44","X45to64","X65plus"
"E01004974","Bury 024A","E08000002","Bury",-0.004252303,0.04048583,0.00456621,-0.00754717,-0.05,0.023076923
