"Code","Name","LA_code","LA_name","All","X0to15","X16to29","X30to44","X45to64","X65plus"
"E01004962","Bury 009C","E08000002","Bury",-0.016577279,-0.025896414,-0.0225,0.011904762,-0.002386635,-0.075221239
