"Code","Name","LA_code","LA_name","All","X0to15","X16to29","X30to44","X45to64","X65plus"
"E01005001","Bury 012B","E08000002","Bury",0.026234568,0.060728745,0.038251366,0.063909774,-0.00456621,-0.018518519
