"Code","Name","LA_code","LA_name","All","X0to15","X16to29","X30to44","X45to64","X65plus"
"E01004958","Bury 008A","E08000002","Bury",0.020876827,0.022058824,0.02020202,0.039711191,-0.017326733,0.07486631
