"Code","Name","LA_code","LA_name","All","X0to15","X16to29","X30to44","X45to64","X65plus"
"E01004944","Bury 021D","E08000002","Bury",0.010204082,0.041811847,0.023809524,0.026143791,0.026258206,-0.082706767
