"Code","Name","LA_code","LA_name","All","X0to15","X16to29","X30to44","X45to64","X65plus"
"E01005046","Bury 002C","E08000002","Bury",0.0028715,-0.043269231,0.068965517,-0.005524862,0,0.011741683
