"Code","Name","LA_code","LA_name","All","X0to15","X16to29","X30to44","X45to64","X65plus"
"E01004977","Bury 004B","E08000002","Bury",0.050145773,0.131086142,0.036363636,0.056939502,0.013888889,0.041304348
