"Code","Name","LA_code","LA_name","All","X0to15","X16to29","X30to44","X45to64","X65plus"
"E01005018","Bury 001E","E08000002","Bury",-0.023358586,0.009933775,-0.028070175,-0.017647059,-0.03874092,-0.040983607
