"Code","Name","LA_code","LA_name","All","X0to15","X16to29","X30to44","X45to64","X65plus"
"E01005042","Bury 026C","E08000002","Bury",0.010031679,0.035598706,0.017421603,-0.008571429,0,-0.020080321
