"Code","Name","LA_code","LA_name","All","X0to15","X16to29","X30to44","X45to64","X65plus"
"E01004981","Bury 004D","E08000002","Bury",0.012195122,0.007722008,-0.02688172,0,0.02764977,0.023746702
