"Code","Name","LA_code","LA_name","All","X0to15","X16to29","X30to44","X45to64","X65plus"
"E01004976","Bury 004A","E08000002","Bury",0.033063428,0.032258065,0.034220532,0.044,0.004739336,0.067164179
