"Code","Name","LA_code","LA_name","All","X0to15","X16to29","X30to44","X45to64","X65plus"
"E01005033","Bury 024B","E08000002","Bury",-0.003192848,-0.027568922,0.039823009,-0.02027027,-0.033333333,0.062745098
