"Code","Name","LA_code","LA_name","All","X0to15","X16to29","X30to44","X45to64","X65plus"
"E01005053","Bury 006E","E08000002","Bury",0.008491182,0.0625,0.012,0.040955631,-0.030516432,-0.031007752
