"Code","Name","LA_code","LA_name","All","X0to15","X16to29","X30to44","X45to64","X65plus"
"E01004975","Bury 023C","E08000002","Bury",-0.014465409,0.049056604,-0.032679739,-0.009756098,-0.039787798,-0.030172414
