"Code","Name","LA_code","LA_name","All","X0to15","X16to29","X30to44","X45to64","X65plus"
"E01004983","Bury 020A","E08000002","Bury",-0.0152207,-0.04526749,-0.060377358,0,0.014749263,0.011560694
