"Code","Name","LA_code","LA_name","All","X0to15","X16to29","X30to44","X45to64","X65plus"
"E01005037","Bury 024D","E08000002","Bury",0.009643917,0.074257426,0.02247191,0.017301038,-0.007228916,-0.03030303
