"Code","Name","LA_code","LA_name","All","X0to15","X16to29","X30to44","X45to64","X65plus"
"E01004999","Bury 014C","E08000002","Bury",0.023333333,0.0625,-0.007782101,0.020491803,0.044117647,-0.029787234
