"Code","Name","LA_code","LA_name","All","X0to15","X16to29","X30to44","X45to64","X65plus"
"E01005043","Bury 026D","E08000002","Bury",0.012461059,0.002430134,-0.01754386,0.012121212,0.010204082,0.103092784
