"Code","Name","LA_code","LA_name","All","X0to15","X16to29","X30to44","X45to64","X65plus"
"E01005029","Bury 011D","E08000002","Bury",-0.021978022,-0.041749503,-0.017094017,-0.018181818,-0.012531328,-0.010989011
