"Code","Name","LA_code","LA_name","All","X0to15","X16to29","X30to44","X45to64","X65plus"
"E01005010","Bury 018B","E08000002","Bury",-0.010725552,-0.013245033,-0.031111111,0.003215434,0.010040161,-0.048192771
