"Code","Name","LA_code","LA_name","All","X0to15","X16to29","X30to44","X45to64","X65plus"
"E01005038","Bury 025D","E08000002","Bury",-0.010211524,-0.003676471,-0.010152284,-0.033210332,0.0025,-0.012987013
