"Code","Name","LA_code","LA_name","All","X0to15","X16to29","X30to44","X45to64","X65plus"
"W01001330","Caerphilly 018A","W06000018","Caerphilly",-0.020502646,-0.082781457,0,-0.006666667,0.017045455,-0.03058104
