"Code","Name","LA_code","LA_name","All","X0to15","X16to29","X30to44","X45to64","X65plus"
"W01001423","Caerphilly 024B","W06000018","Caerphilly",-0.011602611,-0.077348066,-0.078313253,-0.056768559,-0.002525253,0.061425061
