"Code","Name","LA_code","LA_name","All","X0to15","X16to29","X30to44","X45to64","X65plus"
"W01001350","Caerphilly 009C","W06000018","Caerphilly",0.002304147,-0.009615385,0.011811024,-0.020527859,0.004357298,0.024324324
