"Code","Name","LA_code","LA_name","All","X0to15","X16to29","X30to44","X45to64","X65plus"
"W01001375","Caerphilly 001B","W06000018","Caerphilly",-0.021150033,-0.027272727,-0.072916667,-0.019455253,0.002197802,-0.003412969
