"Code","Name","LA_code","LA_name","All","X0to15","X16to29","X30to44","X45to64","X65plus"
"W01001337","Caerphilly 004B","W06000018","Caerphilly",-0.037998733,-0.041825095,-0.038585209,-0.014492754,-0.051569507,-0.035335689
