"Code","Name","LA_code","LA_name","All","X0to15","X16to29","X30to44","X45to64","X65plus"
"W01001380","Caerphilly 010A","W06000018","Caerphilly",-0.008634647,0,0.006153846,-0.03313253,-0.001838235,-0.016574586
