"Code","Name","LA_code","LA_name","All","X0to15","X16to29","X30to44","X45to64","X65plus"
"W01001369","Caerphilly 012D","W06000018","Caerphilly",0.009099181,0.011080332,0.01980198,0.036111111,-0.009174312,0.005769231
