"Code","Name","LA_code","LA_name","All","X0to15","X16to29","X30to44","X45to64","X65plus"
"W01001333","Caerphilly 018D","W06000018","Caerphilly",-0.010107391,-0.036939314,-0.005780347,0.023255814,-0.016393443,-0.005235602
