"Code","Name","LA_code","LA_name","All","X0to15","X16to29","X30to44","X45to64","X65plus"
"W01001377","Caerphilly 013A","W06000018","Caerphilly",-0.013571869,-0.011764706,-0.020325203,0.01984127,-0.040339703,0
