"Code","Name","LA_code","LA_name","All","X0to15","X16to29","X30to44","X45to64","X65plus"
"W01001358","Caerphilly 006C","W06000018","Caerphilly",-0.006455778,-0.012012012,-0.039855072,-0.008583691,0.025445293,-0.00955414
