"Code","Name","LA_code","LA_name","All","X0to15","X16to29","X30to44","X45to64","X65plus"
"W01001425","Caerphilly 024D","W06000018","Caerphilly",-0.022556391,0.006410256,-0.031034483,0,-0.042462845,-0.036585366
