"Code","Name","LA_code","LA_name","All","X0to15","X16to29","X30to44","X45to64","X65plus"
"W01001433","Caerphilly 013E","W06000018","Caerphilly",-0.002199413,-0.040816327,0.009259259,-0.008583691,0.03038674,-0.012987013
