"Code","Name","LA_code","LA_name","All","X0to15","X16to29","X30to44","X45to64","X65plus"
"W01001382","Caerphilly 010C","W06000018","Caerphilly",0.019455253,-0.003623188,0.030837004,0.020833333,0.021686747,0.026041667
