"Code","Name","LA_code","LA_name","All","X0to15","X16to29","X30to44","X45to64","X65plus"
"W01001384","Caerphilly 002C","W06000018","Caerphilly",0.039769083,0.009966777,0.006734007,0.026143791,0.047732697,0.122881356
