"Code","Name","LA_code","LA_name","All","X0to15","X16to29","X30to44","X45to64","X65plus"
"W01001381","Caerphilly 010B","W06000018","Caerphilly",0.0247557,0.095238095,0.015748031,0.028037383,0.024064171,-0.051660517
