"Code","Name","LA_code","LA_name","All","X0to15","X16to29","X30to44","X45to64","X65plus"
"W01001390","Caerphilly 006E","W06000018","Caerphilly",-0.009504752,-0.017857143,-0.007092199,-0.004545455,-0.005736138,-0.013071895
