"Code","Name","LA_code","LA_name","All","X0to15","X16to29","X30to44","X45to64","X65plus"
"W01001403","Caerphilly 011C","W06000018","Caerphilly",0.031726663,0.051118211,0.003401361,0.054597701,0.01,0.042253521
