"Code","Name","LA_code","LA_name","All","X0to15","X16to29","X30to44","X45to64","X65plus"
"W01001420","Caerphilly 022D","W06000018","Caerphilly",-0.013188518,-0.079646018,0,-0.004716981,0.010126582,-0.007272727
