"Code","Name","LA_code","LA_name","All","X0to15","X16to29","X30to44","X45to64","X65plus"
"W01001386","Caerphilly 002E","W06000018","Caerphilly",-0.014916468,-0.010810811,-0.020833333,0.006666667,0.002512563,-0.05625
