"Code","Name","LA_code","LA_name","All","X0to15","X16to29","X30to44","X45to64","X65plus"
"W01001421","Caerphilly 022E","W06000018","Caerphilly",0.007096774,-0.036458333,0.013986014,0.037878788,0.007537688,0.036697248
