"Code","Name","LA_code","LA_name","All","X0to15","X16to29","X30to44","X45to64","X65plus"
"W01001363","Caerphilly 012A","W06000018","Caerphilly",0,0.021276596,-0.003164557,0.016172507,-0.004424779,-0.046948357
