"Code","Name","LA_code","LA_name","All","X0to15","X16to29","X30to44","X45to64","X65plus"
"W01001431","Caerphilly 015C","W06000018","Caerphilly",0.02327044,0.028880866,-0.029090909,0.017006803,0.024774775,0.07
