"Code","Name","LA_code","LA_name","All","X0to15","X16to29","X30to44","X45to64","X65plus"
"W01001415","Caerphilly 008B","W06000018","Caerphilly",0.005479452,0.018087855,-0.005813953,0.016806723,0.015250545,-0.028776978
