"Code","Name","LA_code","LA_name","All","X0to15","X16to29","X30to44","X45to64","X65plus"
"W01001432","Caerphilly 013D","W06000018","Caerphilly",0.007243877,0.030701754,-0.021653543,0.00802139,0.00907441,0
