"Code","Name","LA_code","LA_name","All","X0to15","X16to29","X30to44","X45to64","X65plus"
"W01001387","Caerphilly 007C","W06000018","Caerphilly",-0.013649425,-0.041522491,-0.007968127,-0.045801527,0.00280112,0.025751073
