"Code","Name","LA_code","LA_name","All","X0to15","X16to29","X30to44","X45to64","X65plus"
"W01001336","Caerphilly 004A","W06000018","Caerphilly",0.020245842,0.046728972,0.016194332,0.082987552,-0.018766756,0.003246753
