"Code","Name","LA_code","LA_name","All","X0to15","X16to29","X30to44","X45to64","X65plus"
"W01001360","Caerphilly 002A","W06000018","Caerphilly",0.027480916,0.058333333,-0.004329004,-0.013574661,0.025352113,0.064638783
