"Code","Name","LA_code","LA_name","All","X0to15","X16to29","X30to44","X45to64","X65plus"
"W01001434","Caerphilly 013F","W06000018","Caerphilly",0,0.055776892,0.041884817,0.003787879,-0.030444965,-0.041841004
