"Code","Name","LA_code","LA_name","All","X0to15","X16to29","X30to44","X45to64","X65plus"
"E01010909","Calderdale 011D","E08000033","Calderdale",-0.000585823,0.01183432,0.004366812,-0.003246753,0.006564551,-0.021333333
