"Code","Name","LA_code","LA_name","All","X0to15","X16to29","X30to44","X45to64","X65plus"
"E01010933","Calderdale 003C","E08000033","Calderdale",-0.035871617,-0.056451613,-0.039647577,-0.037174721,-0.034482759,-0.020997375
