"Code","Name","LA_code","LA_name","All","X0to15","X16to29","X30to44","X45to64","X65plus"
"E01010949","Calderdale 019E","E08000033","Calderdale",-0.022877784,0.012618297,-0.009615385,-0.022653722,-0.035555556,-0.058608059
