"Code","Name","LA_code","LA_name","All","X0to15","X16to29","X30to44","X45to64","X65plus"
"E01010993","Calderdale 018E","E08000033","Calderdale",-0.011513158,-0.03125,-0.019169329,0.01754386,-0.016736402,0.004115226
