"Code","Name","LA_code","LA_name","All","X0to15","X16to29","X30to44","X45to64","X65plus"
"E01010948","Calderdale 024E","E08000033","Calderdale",0.022354694,0.02688172,-0.012195122,-0.01980198,0.018134715,0.059405941
