"Code","Name","LA_code","LA_name","All","X0to15","X16to29","X30to44","X45to64","X65plus"
"E01010934","Calderdale 008A","E08000033","Calderdale",0.012309207,0.052469136,0,0.057142857,0,-0.029268293
