"Code","Name","LA_code","LA_name","All","X0to15","X16to29","X30to44","X45to64","X65plus"
"E01010967","Calderdale 008D","E08000033","Calderdale",-0.028423773,0.007843137,0.044982699,-0.078167116,-0.0225,-0.090128755
