"Code","Name","LA_code","LA_name","All","X0to15","X16to29","X30to44","X45to64","X65plus"
"E01010951","Calderdale 023D","E08000033","Calderdale",-0.004638834,-0.004237288,0.024096386,0.017064846,-0.034739454,-0.009146341
