"Code","Name","LA_code","LA_name","All","X0to15","X16to29","X30to44","X45to64","X65plus"
"E01010916","Calderdale 005A","E08000033","Calderdale",0.017721519,0.040632054,0.069767442,0.039344262,-0.036312849,-0.032407407
