"Code","Name","LA_code","LA_name","All","X0to15","X16to29","X30to44","X45to64","X65plus"
"E01010882","Calderdale 004B","E08000033","Calderdale",-0.026952315,-0.032258065,0.053435115,0.004310345,-0.038854806,-0.060126582
