"Code","Name","LA_code","LA_name","All","X0to15","X16to29","X30to44","X45to64","X65plus"
"E01010880","Calderdale 019D","E08000033","Calderdale",-0.007660167,-0.023255814,-0.011952191,-0.024734982,0.015,-0.004098361
