"Code","Name","LA_code","LA_name","All","X0to15","X16to29","X30to44","X45to64","X65plus"
"E01010966","Calderdale 012D","E08000033","Calderdale",-0.015037594,-0.019646365,-0.020887728,0.006864989,-0.036630037,-0.007874016
