"Code","Name","LA_code","LA_name","All","X0to15","X16to29","X30to44","X45to64","X65plus"
"E01010977","Calderdale 016D","E08000033","Calderdale",-0.032343234,0.003802281,-0.010752688,-0.021201413,-0.016317016,-0.098870056
