"Code","Name","LA_code","LA_name","All","X0to15","X16to29","X30to44","X45to64","X65plus"
"E01010971","Calderdale 021B","E08000033","Calderdale",-0.000503778,0.002267574,-0.008196721,0.00982801,-0.013618677,0.007915567
