"Code","Name","LA_code","LA_name","All","X0to15","X16to29","X30to44","X45to64","X65plus"
"E01010875","Calderdale 019A","E08000033","Calderdale",-0.00280112,-0.013605442,-0.069767442,0.038167939,-0.00965251,0.018145161
