"Code","Name","LA_code","LA_name","All","X0to15","X16to29","X30to44","X45to64","X65plus"
"E01010999","Calderdale 009D","E08000033","Calderdale",-0.021400778,-0.01459854,0.024630542,-0.03125,-0.056433409,0
