"Code","Name","LA_code","LA_name","All","X0to15","X16to29","X30to44","X45to64","X65plus"
"E01010923","Calderdale 004F","E08000033","Calderdale",-0.008957134,-0.003745318,-0.083333333,0.003355705,-0.00174216,0.018181818
