"Code","Name","LA_code","LA_name","All","X0to15","X16to29","X30to44","X45to64","X65plus"
"E01010959","Calderdale 020D","E08000033","Calderdale",0.005116543,0.024456522,-0.044776119,-0.037037037,0.028199566,0.032544379
