"Code","Name","LA_code","LA_name","All","X0to15","X16to29","X30to44","X45to64","X65plus"
"E01010937","Calderdale 003F","E08000033","Calderdale",0.011934673,0.028673835,-0.011673152,0.028469751,-0.030368764,0.063694268
