"Code","Name","LA_code","LA_name","All","X0to15","X16to29","X30to44","X45to64","X65plus"
"E01011001","Calderdale 014B","E08000033","Calderdale",0.007067138,0.064239829,-0.014184397,-0.00248139,-0.028481013,-0.02247191
