"Code","Name","LA_code","LA_name","All","X0to15","X16to29","X30to44","X45to64","X65plus"
"E01010957","Calderdale 027E","E08000033","Calderdale",-0.017983301,0.049618321,-0.005263158,0.009868421,-0.038539554,-0.077922078
