"Code","Name","LA_code","LA_name","All","X0to15","X16to29","X30to44","X45to64","X65plus"
"E01010922","Calderdale 020A","E08000033","Calderdale",-0.065206317,-0.106870229,-0.03785489,-0.07591623,-0.052373159,-0.05
