"Code","Name","LA_code","LA_name","All","X0to15","X16to29","X30to44","X45to64","X65plus"
"E01010912","Calderdale 001B","E08000033","Calderdale",0.004402516,-0.005970149,-0.02745098,0.031746032,0.007518797,0.014326648
