"Code","Name","LA_code","LA_name","All","X0to15","X16to29","X30to44","X45to64","X65plus"
"E01010965","Calderdale 012C","E08000033","Calderdale",-0.027962716,-0.040983607,-0.053892216,-0.011976048,-0.04109589,0.039772727
