"Code","Name","LA_code","LA_name","All","X0to15","X16to29","X30to44","X45to64","X65plus"
"E01010924","Calderdale 002B","E08000033","Calderdale",0.005390836,0.047008547,-0.097560976,-0.010416667,0.024169184,0.059602649
