"Code","Name","LA_code","LA_name","All","X0to15","X16to29","X30to44","X45to64","X65plus"
"E01010940","Calderdale 006B","E08000033","Calderdale",-0.088633288,-0.062992126,-0.093959732,-0.085603113,-0.083916084,-0.120833333
