"Code","Name","LA_code","LA_name","All","X0to15","X16to29","X30to44","X45to64","X65plus"
"E01010956","Calderdale 020B","E08000033","Calderdale",0.007843137,0,0.024242424,0.022222222,0.003717472,0
