"Code","Name","LA_code","LA_name","All","X0to15","X16to29","X30to44","X45to64","X65plus"
"E01010907","Calderdale 011C","E08000033","Calderdale",0.007338225,-0.016736402,-0.028806584,0.029411765,0.025948104,0.007194245
