"Code","Name","LA_code","LA_name","All","X0to15","X16to29","X30to44","X45to64","X65plus"
"E01010921","Calderdale 007E","E08000033","Calderdale",0.005402161,0.070588235,0.022727273,-0.013793103,-0.001941748,-0.049833887
