"Code","Name","LA_code","LA_name","All","X0to15","X16to29","X30to44","X45to64","X65plus"
"E01010884","Calderdale 022A","E08000033","Calderdale",0.001767826,-0.038194444,0.009174312,0.026086957,0.012750455,-0.002427184
