"Code","Name","LA_code","LA_name","All","X0to15","X16to29","X30to44","X45to64","X65plus"
"E01010998","Calderdale 010C","E08000033","Calderdale",-0.029850746,-0.076252723,-0.00310559,-0.005830904,-0.020356234,-0.02739726
