"Code","Name","LA_code","LA_name","All","X0to15","X16to29","X30to44","X45to64","X65plus"
"E01017988","Cambridge 008B","E07000008","Cambridge",-0.053540587,0.02484472,-0.079323797,-0.131979695,-0.014760148,0.14084507
