"Code","Name","LA_code","LA_name","All","X0to15","X16to29","X30to44","X45to64","X65plus"
"E01017960","Cambridge 011B","E07000008","Cambridge",-0.077190542,-0.064171123,-0.0625,-0.125382263,-0.060240964,-0.066666667
