"Code","Name","LA_code","LA_name","All","X0to15","X16to29","X30to44","X45to64","X65plus"
"E01017967","Cambridge 010C","E07000008","Cambridge",0.011989101,0.049230769,0.071929825,-0.097493036,0.026809651,-0.048076923
