"Code","Name","LA_code","LA_name","All","X0to15","X16to29","X30to44","X45to64","X65plus"
"E01017974","Cambridge 003E","E07000008","Cambridge",-0.045319022,0.003115265,-0.046242775,-0.111922141,-0.044973545,0.009049774
