"Code","Name","LA_code","LA_name","All","X0to15","X16to29","X30to44","X45to64","X65plus"
"E01017987","Cambridge 008A","E07000008","Cambridge",-0.069754145,-0.050209205,-0.09752322,-0.106824926,-0.05974026,0.084507042
