"Code","Name","LA_code","LA_name","All","X0to15","X16to29","X30to44","X45to64","X65plus"
"E01017977","Cambridge 001C","E07000008","Cambridge",-0.084546473,0.020348837,-0.058080808,-0.118095238,-0.07183908,-0.277456647
