"Code","Name","LA_code","LA_name","All","X0to15","X16to29","X30to44","X45to64","X65plus"
"E01017947","Cambridge 006E","E07000008","Cambridge",-0.038531005,-0.028571429,-0.057401813,-0.06442577,-0.020942408,-0.01659751
