"Code","Name","LA_code","LA_name","All","X0to15","X16to29","X30to44","X45to64","X65plus"
"E01017953","Cambridge 002E","E07000008","Cambridge",-0.043345543,0.007518797,-0.100263852,-0.084548105,-0.002717391,-0.017730496
