"Code","Name","LA_code","LA_name","All","X0to15","X16to29","X30to44","X45to64","X65plus"
"E01032792","Cambridge 003F","E07000008","Cambridge",-0.052356021,0.036363636,-0.003663004,-0.105769231,-0.055944056,-0.11971831
