"Code","Name","LA_code","LA_name","All","X0to15","X16to29","X30to44","X45to64","X65plus"
"E01017976","Cambridge 001B","E07000008","Cambridge",-0.048537648,0.024390244,-0.060773481,-0.093994778,-0.025974026,-0.089473684
