"Code","Name","LA_code","LA_name","All","X0to15","X16to29","X30to44","X45to64","X65plus"
"E01032795","Cambridge 012F","E07000008","Cambridge",-0.063470162,-0.020408163,-0.066455696,-0.105100464,-0.031460674,-0.066225166
