"Code","Name","LA_code","LA_name","All","X0to15","X16to29","X30to44","X45to64","X65plus"
"E01017961","Cambridge 011C","E07000008","Cambridge",-0.043514644,0.024489796,-0.107526882,-0.135416667,-0.08361204,0.146892655
