"Code","Name","LA_code","LA_name","All","X0to15","X16to29","X30to44","X45to64","X65plus"
"E01017964","Cambridge 011F","E07000008","Cambridge",-0.04350979,-0.061433447,-0.073732719,-0.08365019,-0.032738095,0.025925926
