"Code","Name","LA_code","LA_name","All","X0to15","X16to29","X30to44","X45to64","X65plus"
"E01017983","Cambridge 007C","E07000008","Cambridge",-0.063632533,-0.030674847,-0.094117647,-0.108734403,-0.04670913,0.017910448
