"Code","Name","LA_code","LA_name","All","X0to15","X16to29","X30to44","X45to64","X65plus"
"E01017954","Cambridge 002F","E07000008","Cambridge",-0.071428571,-0.061946903,-0.069852941,-0.121495327,-0.081699346,-0.01459854
