"Code","Name","LA_code","LA_name","All","X0to15","X16to29","X30to44","X45to64","X65plus"
"E01017995","Cambridge 013D","E07000008","Cambridge",-0.002638522,0.018115942,-0.052401747,-0.044052863,-0.007352941,0.042553191
