"Code","Name","LA_code","LA_name","All","X0to15","X16to29","X30to44","X45to64","X65plus"
"E01018003","Cambridge 012B","E07000008","Cambridge",-0.030022357,0.028235294,-0.068131868,-0.08969697,-0.013761468,-0.011527378
