"Code","Name","LA_code","LA_name","All","X0to15","X16to29","X30to44","X45to64","X65plus"
"E01018008","Cambridge 004C","E07000008","Cambridge",-0.048578199,-0.006557377,-0.093670886,-0.106557377,0.005249344,-0.024896266
