"Code","Name","LA_code","LA_name","All","X0to15","X16to29","X30to44","X45to64","X65plus"
"E01017994","Cambridge 013C","E07000008","Cambridge",-0.031063321,-0.010869565,-0.058641975,-0.106918239,-0.007228916,0.032128514
