"Code","Name","LA_code","LA_name","All","X0to15","X16to29","X30to44","X45to64","X65plus"
"E01017948","Cambridge 006F","E07000008","Cambridge",-0.046959663,-0.02905569,-0.084985836,-0.117318436,-0.033505155,0.127516779
