"Code","Name","LA_code","LA_name","All","X0to15","X16to29","X30to44","X45to64","X65plus"
"E01018005","Cambridge 012D","E07000008","Cambridge",-0.040671972,0.008450704,-0.051524711,-0.118918919,-0.030395137,0.031128405
