"Code","Name","LA_code","LA_name","All","X0to15","X16to29","X30to44","X45to64","X65plus"
"E01017957","Cambridge 005C","E07000008","Cambridge",-0.084766585,0.007194245,-0.081967213,-0.162361624,-0.079497908,-0.059139785
