"Code","Name","LA_code","LA_name","All","X0to15","X16to29","X30to44","X45to64","X65plus"
"E01000932","Camden 013D","E09000007","Camden",-0.001053741,-0.063291139,0.005847953,0.015202703,-0.002702703,0.010752688
