"Code","Name","LA_code","LA_name","All","X0to15","X16to29","X30to44","X45to64","X65plus"
"E01000872","Camden 005B","E09000007","Camden",-0.008177008,0,-0.009746589,0.003007519,-0.006818182,-0.068322981
