"Code","Name","LA_code","LA_name","All","X0to15","X16to29","X30to44","X45to64","X65plus"
"E01000883","Camden 008C","E09000007","Camden",0.016167665,0.017361111,0,0.03654485,-0.056338028,0.064516129
