"Code","Name","LA_code","LA_name","All","X0to15","X16to29","X30to44","X45to64","X65plus"
"E01000944","Camden 023A","E09000007","Camden",0.015732547,0.044642857,0.007633588,0.028368794,-0.008955224,0.030487805
