"Code","Name","LA_code","LA_name","All","X0to15","X16to29","X30to44","X45to64","X65plus"
"E01000917","Camden 027C","E09000007","Camden",0.007582938,-0.015695067,0.03196347,0.009950249,0.017006803,-0.021186441
