"Code","Name","LA_code","LA_name","All","X0to15","X16to29","X30to44","X45to64","X65plus"
"E01000882","Camden 008B","E09000007","Camden",0.005274262,-0.005780347,0.0078125,-0.001650165,0.011086475,0.025316456
