"Code","Name","LA_code","LA_name","All","X0to15","X16to29","X30to44","X45to64","X65plus"
"E01000974","Camden 013E","E09000007","Camden",0.046923879,0.04797048,0.07047619,0.06132879,0.043835616,-0.070588235
