"Code","Name","LA_code","LA_name","All","X0to15","X16to29","X30to44","X45to64","X65plus"
"E01000934","Camden 020D","E09000007","Camden",0.014827018,-0.005249344,0.089041096,0.01843318,0.024271845,-0.049668874
