"Code","Name","LA_code","LA_name","All","X0to15","X16to29","X30to44","X45to64","X65plus"
"E01000909","Camden 001C","E09000007","Camden",0.012110727,-0.003378378,0.048689139,0.022792023,0.002232143,0
