"Code","Name","LA_code","LA_name","All","X0to15","X16to29","X30to44","X45to64","X65plus"
"E01000916","Camden 027B","E09000007","Camden",-0.007502207,0.003610108,-0.003154574,0.005540166,-0.025974026,-0.046783626
