"Code","Name","LA_code","LA_name","All","X0to15","X16to29","X30to44","X45to64","X65plus"
"E01000873","Camden 005C","E09000007","Camden",0.010807736,0,0.061728395,0.021691974,-0.056300268,0.02293578
