"Code","Name","LA_code","LA_name","All","X0to15","X16to29","X30to44","X45to64","X65plus"
"E01000918","Camden 028C","E09000007","Camden",0.013876455,0.067307692,0.011308562,0.013931889,-0.002016129,0.00754717
