"Code","Name","LA_code","LA_name","All","X0to15","X16to29","X30to44","X45to64","X65plus"
"E01000933","Camden 020C","E09000007","Camden",0.026096033,0.013157895,0.026768642,0.025996534,0.002747253,0.075892857
