"Code","Name","LA_code","LA_name","All","X0to15","X16to29","X30to44","X45to64","X65plus"
"E01000965","Camden 016C","E09000007","Camden",0.031549296,0.082568807,0.030232558,0.024955437,-0.022801303,0.06
