"Code","Name","LA_code","LA_name","All","X0to15","X16to29","X30to44","X45to64","X65plus"
"E01000842","Camden 011A","E09000007","Camden",0.021406728,0.003759398,0.004484305,0.017612524,0.043478261,0.029962547
