"Code","Name","LA_code","LA_name","All","X0to15","X16to29","X30to44","X45to64","X65plus"
"E01000861","Camden 019B","E09000007","Camden",0.008388256,-0.009950249,0.02166065,0,-0.012195122,0.051948052
