"Code","Name","LA_code","LA_name","All","X0to15","X16to29","X30to44","X45to64","X65plus"
"E01000922","Camden 007E","E09000007","Camden",-0.020376176,-0.013661202,-0.001788909,-0.04233871,-0.028985507,-0.013513514
