"Code","Name","LA_code","LA_name","All","X0to15","X16to29","X30to44","X45to64","X65plus"
"E01000948","Camden 021D","E09000007","Camden",0.006458558,0.003424658,-0.018469657,-0.00660793,0.028446389,0.028985507
