"Code","Name","LA_code","LA_name","All","X0to15","X16to29","X30to44","X45to64","X65plus"
"E01000866","Camden 009A","E09000007","Camden",-0.085034014,-0.055961071,-0.209277238,-0.044265594,0.003717472,0.043956044
