"Code","Name","LA_code","LA_name","All","X0to15","X16to29","X30to44","X45to64","X65plus"
"E01000885","Camden 004E","E09000007","Camden",0.002541296,-0.008264463,0.011173184,0.027777778,0.002617801,-0.011049724
