"Code","Name","LA_code","LA_name","All","X0to15","X16to29","X30to44","X45to64","X65plus"
"E01000858","Camden 018B","E09000007","Camden",0.009661836,-0.010282776,0.025408348,0.031809145,-0.029279279,0.038251366
