"Code","Name","LA_code","LA_name","All","X0to15","X16to29","X30to44","X45to64","X65plus"
"E01000907","Camden 001A","E09000007","Camden",0.013565891,-0.025936599,0.009259259,0.050938338,0.021377672,0
