"Code","Name","LA_code","LA_name","All","X0to15","X16to29","X30to44","X45to64","X65plus"
"E01000953","Camden 022B","E09000007","Camden",-0.032577451,-0.126618705,0.007117438,-0.005385996,-0.030800821,-0.014925373
