"Code","Name","LA_code","LA_name","All","X0to15","X16to29","X30to44","X45to64","X65plus"
"E01000946","Camden 021B","E09000007","Camden",0.03192585,0.070671378,0.017064846,0.013157895,0.012987013,0.090517241
