"Code","Name","LA_code","LA_name","All","X0to15","X16to29","X30to44","X45to64","X65plus"
"E01000868","Camden 015D","E09000007","Camden",0.033242877,-0.007211538,0.075396825,0.005698006,0.041297935,0.146551724
