"Code","Name","LA_code","LA_name","All","X0to15","X16to29","X30to44","X45to64","X65plus"
"E01000860","Camden 018D","E09000007","Camden",0.020013803,-0.045226131,0.006134969,0.084870849,0.064197531,-0.02919708
