"Code","Name","LA_code","LA_name","All","X0to15","X16to29","X30to44","X45to64","X65plus"
"E01000921","Camden 003C","E09000007","Camden",0.025254763,0.072916667,0.012924071,0.018963338,0.047738693,-0.037267081
