"Code","Name","LA_code","LA_name","All","X0to15","X16to29","X30to44","X45to64","X65plus"
"E01000972","Camden 010D","E09000007","Camden",0.013513514,-0.016574586,0.02166065,0.005925926,0.029612756,0.03030303
