"Code","Name","LA_code","LA_name","All","X0to15","X16to29","X30to44","X45to64","X65plus"
"E01000970","Camden 010B","E09000007","Camden",-0.008807986,-0.161490683,0.004175365,0.012517385,-0.044444444,0.084033613
