"Code","Name","LA_code","LA_name","All","X0to15","X16to29","X30to44","X45to64","X65plus"
"E01000950","Camden 023D","E09000007","Camden",0.062142857,0.049723757,0.072386059,0.079545455,0.106007067,-0.076271186
