"Code","Name","LA_code","LA_name","All","X0to15","X16to29","X30to44","X45to64","X65plus"
"E01000878","Camden 004A","E09000007","Camden",0.023481368,0.060509554,0.014513788,0.026041667,0.007194245,0.017006803
