"Code","Name","LA_code","LA_name","All","X0to15","X16to29","X30to44","X45to64","X65plus"
"E01000913","Camden 001E","E09000007","Camden",0.01885746,0.014749263,-0.018867925,0.028125,0.014644351,0.037444934
