"Code","Name","LA_code","LA_name","All","X0to15","X16to29","X30to44","X45to64","X65plus"
"E01000893","Camden 002A","E09000007","Camden",0.010989011,0.011029412,0.020661157,0.014005602,-0.010822511,0.032786885
