"Code","Name","LA_code","LA_name","All","X0to15","X16to29","X30to44","X45to64","X65plus"
"E01000850","Camden 026A","E09000007","Camden",0.020644512,0.009259259,0.043381535,0.002159827,0.025423729,-0.055555556
