"Code","Name","LA_code","LA_name","All","X0to15","X16to29","X30to44","X45to64","X65plus"
"E01000848","Camden 011C","E09000007","Camden",-0.011813046,-0.069400631,0.008264463,0.006622517,0.019646365,-0.061818182
