"Code","Name","LA_code","LA_name","All","X0to15","X16to29","X30to44","X45to64","X65plus"
"E01029352","Cannock Chase 008D","E07000192","Cannock Chase",-0.008245877,-0.008928571,-0.021428571,-0.00390625,-0.002906977,-0.004347826
