"Code","Name","LA_code","LA_name","All","X0to15","X16to29","X30to44","X45to64","X65plus"
"E01029404","Cannock Chase 002E","E07000192","Cannock Chase",-0.04649721,0.022346369,0.033210332,-0.053872054,-0.021226415,-0.142533937
