"Code","Name","LA_code","LA_name","All","X0to15","X16to29","X30to44","X45to64","X65plus"
"E01029367","Cannock Chase 011E","E07000192","Cannock Chase",0.010421386,0.017045455,-0.026737968,0.048,0.01300813,0.00203666
