"Code","Name","LA_code","LA_name","All","X0to15","X16to29","X30to44","X45to64","X65plus"
"E01029397","Cannock Chase 013D","E07000192","Cannock Chase",0.011013216,0.004702194,-0.008403361,-0.003466205,0.007142857,0.084084084
