"Code","Name","LA_code","LA_name","All","X0to15","X16to29","X30to44","X45to64","X65plus"
"E01029346","Cannock Chase 003B","E07000192","Cannock Chase",0.009708738,0.014851485,0.043343653,0.003058104,-0.021226415,0.018315018
