"Code","Name","LA_code","LA_name","All","X0to15","X16to29","X30to44","X45to64","X65plus"
"E01029345","Cannock Chase 003A","E07000192","Cannock Chase",-0.003919373,-0.011764706,-0.002881844,0.015060241,0.015021459,-0.046511628
