"Code","Name","LA_code","LA_name","All","X0to15","X16to29","X30to44","X45to64","X65plus"
"E01029363","Cannock Chase 012E","E07000192","Cannock Chase",0.033093525,0.064356436,0.07027027,-0.054901961,0.017241379,0.078947368
