"Code","Name","LA_code","LA_name","All","X0to15","X16to29","X30to44","X45to64","X65plus"
"E01029385","Cannock Chase 004B","E07000192","Cannock Chase",0.007724719,0.057291667,-0.01754386,-0.004048583,-0.015350877,0.03986711
