"Code","Name","LA_code","LA_name","All","X0to15","X16to29","X30to44","X45to64","X65plus"
"E01029379","Cannock Chase 006A","E07000192","Cannock Chase",-0.055331412,-0.068601583,-0.034965035,-0.04950495,-0.06728972,-0.030534351
