"Code","Name","LA_code","LA_name","All","X0to15","X16to29","X30to44","X45to64","X65plus"
"E01029362","Cannock Chase 012D","E07000192","Cannock Chase",-0.017038778,-0.010695187,-0.01,-0.005555556,-0.018567639,-0.062827225
