"Code","Name","LA_code","LA_name","All","X0to15","X16to29","X30to44","X45to64","X65plus"
"E01029358","Cannock Chase 007E","E07000192","Cannock Chase",-0.018301611,-0.007614213,-0.008438819,-0.015822785,-0.019083969,-0.063694268
