"Code","Name","LA_code","LA_name","All","X0to15","X16to29","X30to44","X45to64","X65plus"
"E01029361","Cannock Chase 012C","E07000192","Cannock Chase",-0.030860144,0.003731343,-0.020761246,-0.044117647,-0.051094891,-0.03180212
