"Code","Name","LA_code","LA_name","All","X0to15","X16to29","X30to44","X45to64","X65plus"
"E01029371","Cannock Chase 001D","E07000192","Cannock Chase",-0.00398142,-0.006944444,-0.04743083,0.044520548,-0.004640371,-0.012345679
