"Code","Name","LA_code","LA_name","All","X0to15","X16to29","X30to44","X45to64","X65plus"
"E01029357","Cannock Chase 007D","E07000192","Cannock Chase",-0.006482027,-0.027173913,-0.037433155,0.010204082,0.00443459,0.038095238
