"Code","Name","LA_code","LA_name","All","X0to15","X16to29","X30to44","X45to64","X65plus"
"E01024048","Canterbury 016D","E07000106","Canterbury",0.011777902,0.005128205,0.016423358,0.05988024,-0.035,-0.008
