"Code","Name","LA_code","LA_name","All","X0to15","X16to29","X30to44","X45to64","X65plus"
"E01024123","Canterbury 012E","E07000106","Canterbury",0.007760532,0.013651877,0.014925373,0.016528926,0.002949853,-0.012232416
