"Code","Name","LA_code","LA_name","All","X0to15","X16to29","X30to44","X45to64","X65plus"
"E01024056","Canterbury 005A","E07000106","Canterbury",0.007113821,0.076576577,-0.022727273,0.015625,0.012944984,-0.012569832
