"Code","Name","LA_code","LA_name","All","X0to15","X16to29","X30to44","X45to64","X65plus"
"E01024067","Canterbury 012C","E07000106","Canterbury",0.006896552,-0.005649718,-0.013422819,-0.040229885,0.021806854,0.032448378
