"Code","Name","LA_code","LA_name","All","X0to15","X16to29","X30to44","X45to64","X65plus"
"E01024101","Canterbury 013C","E07000106","Canterbury",0.002824859,0.020304569,0.00789266,-0.029126214,0.007604563,-0.020942408
