"Code","Name","LA_code","LA_name","All","X0to15","X16to29","X30to44","X45to64","X65plus"
"E01024057","Canterbury 005B","E07000106","Canterbury",-0.019522777,-0.030150754,0.01,-0.037735849,-0.047368421,0.001396648
