"Code","Name","LA_code","LA_name","All","X0to15","X16to29","X30to44","X45to64","X65plus"
"E01024113","Canterbury 011E","E07000106","Canterbury",0.013981358,0.059027778,-0.012448133,-0.008130081,0.01994302,0.005319149
