"Code","Name","LA_code","LA_name","All","X0to15","X16to29","X30to44","X45to64","X65plus"
"E01024109","Canterbury 009E","E07000106","Canterbury",0.002501042,-0.025,0.022140221,0.002881844,-0.011922504,0.023943662
