"Code","Name","LA_code","LA_name","All","X0to15","X16to29","X30to44","X45to64","X65plus"
"E01024069","Canterbury 008B","E07000106","Canterbury",0.007102273,-0.003412969,-0.02247191,-0.025236593,-0.002320186,0.126984127
