"Code","Name","LA_code","LA_name","All","X0to15","X16to29","X30to44","X45to64","X65plus"
"E01032807","Canterbury 020F","E07000106","Canterbury",-0.067462687,-0.144927536,-0.065868263,-0.033457249,-0.084745763,-0.045685279
