"Code","Name","LA_code","LA_name","All","X0to15","X16to29","X30to44","X45to64","X65plus"
"E01024045","Canterbury 016B","E07000106","Canterbury",-0.011111111,-0.027118644,0.024449878,-0.029850746,0,-0.034946237
