"Code","Name","LA_code","LA_name","All","X0to15","X16to29","X30to44","X45to64","X65plus"
"E01024093","Canterbury 014E","E07000106","Canterbury",-0.025667889,-0.043010753,-0.009009009,-0.067692308,0,-0.036866359
