"Code","Name","LA_code","LA_name","All","X0to15","X16to29","X30to44","X45to64","X65plus"
"E01024046","Canterbury 016C","E07000106","Canterbury",0.007658202,0.060200669,0,0.010714286,0.012658228,-0.017094017
