"Code","Name","LA_code","LA_name","All","X0to15","X16to29","X30to44","X45to64","X65plus"
"E01024058","Canterbury 005C","E07000106","Canterbury",-0.006016847,0.012658228,0.017467249,0.003610108,-0.01048218,-0.038567493
