"Code","Name","LA_code","LA_name","All","X0to15","X16to29","X30to44","X45to64","X65plus"
"E01024106","Canterbury 008E","E07000106","Canterbury",-0.013035382,-0.050209205,0.005235602,0.009174312,0,-0.023255814
