"Code","Name","LA_code","LA_name","All","X0to15","X16to29","X30to44","X45to64","X65plus"
"E01024047","Canterbury 014A","E07000106","Canterbury",-0.006585136,-0.009708738,0.011940299,0.031746032,-0.006451613,-0.173333333
