"Code","Name","LA_code","LA_name","All","X0to15","X16to29","X30to44","X45to64","X65plus"
"E01024104","Canterbury 020A","E07000106","Canterbury",0.004440497,0.030434783,-0.00292113,0.015831135,0.006535948,-0.006451613
