"Code","Name","LA_code","LA_name","All","X0to15","X16to29","X30to44","X45to64","X65plus"
"E01024063","Canterbury 007C","E07000106","Canterbury",-0.001232286,0.036184211,0.029850746,-0.024561404,-0.018595041,-0.008595989
