"Code","Name","LA_code","LA_name","All","X0to15","X16to29","X30to44","X45to64","X65plus"
"E01024100","Canterbury 013B","E07000106","Canterbury",0.001494024,0.027027027,0.011058452,-0.033112583,-0.02970297,-0.024509804
