"Code","Name","LA_code","LA_name","All","X0to15","X16to29","X30to44","X45to64","X65plus"
"E01024079","Canterbury 003C","E07000106","Canterbury",-0.068844807,0,-0.044117647,-0.023041475,-0.034168565,-0.149579832
