"Code","Name","LA_code","LA_name","All","X0to15","X16to29","X30to44","X45to64","X65plus"
"E01024082","Canterbury 001D","E07000106","Canterbury",0.050257732,0.111111111,0.02189781,0.056939502,0.024813896,0.041666667
