"Code","Name","LA_code","LA_name","All","X0to15","X16to29","X30to44","X45to64","X65plus"
"E01024102","Canterbury 013D","E07000106","Canterbury",0.01183432,0.069767442,0.012633625,0.037037037,0.003194888,-0.033557047
