"Code","Name","LA_code","LA_name","All","X0to15","X16to29","X30to44","X45to64","X65plus"
"E01024121","Canterbury 020B","E07000106","Canterbury",0.018328841,-0.011695906,0.025358324,0.045454545,-0.016722408,0.032142857
