"Code","Name","LA_code","LA_name","All","X0to15","X16to29","X30to44","X45to64","X65plus"
"E01024099","Canterbury 013A","E07000106","Canterbury",0.000613874,-0.00913242,0.004333694,-0.026666667,-0.01793722,0.061403509
