"Code","Name","LA_code","LA_name","All","X0to15","X16to29","X30to44","X45to64","X65plus"
"E01024052","Canterbury 017A","E07000106","Canterbury",0.002030869,0.00764526,0,-0.024561404,0.020869565,0.007326007
