"Code","Name","LA_code","LA_name","All","X0to15","X16to29","X30to44","X45to64","X65plus"
"E01024129","Canterbury 019B","E07000106","Canterbury",0.01618277,0.043478261,0.00954033,0.039325843,0,0.0078125
