"Code","Name","LA_code","LA_name","All","X0to15","X16to29","X30to44","X45to64","X65plus"
"E01024086","Canterbury 010C","E07000106","Canterbury",-0.016093954,-0.029739777,0.007352941,-0.03125,-0.014814815,0
