"Code","Name","LA_code","LA_name","All","X0to15","X16to29","X30to44","X45to64","X65plus"
"E01024089","Canterbury 018D","E07000106","Canterbury",-0.006633499,0.019417476,0.012738854,0.00621118,-0.021680217,-0.022364217
