"Code","Name","LA_code","LA_name","All","X0to15","X16to29","X30to44","X45to64","X65plus"
"W01001873","Cardiff 038C","W06000015","Cardiff",-0.025027203,-0.02259887,-0.049763033,-0.035320088,0,-0.005376344
