"Code","Name","LA_code","LA_name","All","X0to15","X16to29","X30to44","X45to64","X65plus"
"W01001745","Cardiff 043D","W06000015","Cardiff",0.012269939,0.050458716,-0.047169811,0.046082949,0.021621622,-0.010452962
