"Code","Name","LA_code","LA_name","All","X0to15","X16to29","X30to44","X45to64","X65plus"
"W01001862","Cardiff 042D","W06000015","Cardiff",-0.007672634,-0.052995392,0.003577818,0.012396694,-0.017804154,0.042553191
