"Code","Name","LA_code","LA_name","All","X0to15","X16to29","X30to44","X45to64","X65plus"
"W01001859","Cardiff 034B","W06000015","Cardiff",-0.00398142,-0.054054054,-0.012618297,-0.009302326,0.033994334,0.010810811
