"Code","Name","LA_code","LA_name","All","X0to15","X16to29","X30to44","X45to64","X65plus"
"W01001759","Cardiff 046A","W06000015","Cardiff",-0.02455209,-0.017361111,-0.016447368,-0.034364261,-0.004683841,-0.076142132
