"Code","Name","LA_code","LA_name","All","X0to15","X16to29","X30to44","X45to64","X65plus"
"W01001757","Cardiff 025C","W06000015","Cardiff",-0.00268998,-0.04526749,0.016304348,-0.015576324,-0.007692308,0.045045045
