"Code","Name","LA_code","LA_name","All","X0to15","X16to29","X30to44","X45to64","X65plus"
"W01001889","Cardiff 020B","W06000015","Cardiff",-0.015122873,0.018181818,0.015384615,-0.045454545,0.008492569,-0.052631579
