"Code","Name","LA_code","LA_name","All","X0to15","X16to29","X30to44","X45to64","X65plus"
"W01001734","Cardiff 019C","W06000015","Cardiff",0.012109624,0.048231511,0.013636364,-0.011494253,-0.006696429,0.021276596
