"Code","Name","LA_code","LA_name","All","X0to15","X16to29","X30to44","X45to64","X65plus"
"W01001940","Cardiff 048A","W06000015","Cardiff",-0.011556764,-0.088235294,0.001865672,0.006060606,-0.029166667,-0.060606061
