"Code","Name","LA_code","LA_name","All","X0to15","X16to29","X30to44","X45to64","X65plus"
"W01001764","Cardiff 044A","W06000015","Cardiff",-0.003191974,-0.014953271,0,-0.014051522,0.013368984,0.013422819
