"Code","Name","LA_code","LA_name","All","X0to15","X16to29","X30to44","X45to64","X65plus"
"W01001789","Cardiff 023E","W06000015","Cardiff",0.016938111,0.015037594,-0.016194332,0.005089059,-0.009638554,0.130841121
