"Code","Name","LA_code","LA_name","All","X0to15","X16to29","X30to44","X45to64","X65plus"
"W01001887","Cardiff 020A","W06000015","Cardiff",0.01965602,0.04248366,-0.009009009,-0.007751938,0.018987342,0.038043478
