"Code","Name","LA_code","LA_name","All","X0to15","X16to29","X30to44","X45to64","X65plus"
"W01001777","Cardiff 001A","W06000015","Cardiff",-0.028781794,-0.045454545,-0.022988506,0.04519774,-0.043478261,-0.036199095
