"Code","Name","LA_code","LA_name","All","X0to15","X16to29","X30to44","X45to64","X65plus"
"W01001718","Cardiff 028A","W06000015","Cardiff",0.003601441,0.072463768,-0.000888099,-0.017241379,0.033333333,-0.06
