"Code","Name","LA_code","LA_name","All","X0to15","X16to29","X30to44","X45to64","X65plus"
"W01001871","Cardiff 037B","W06000015","Cardiff",-0.004990643,-0.038277512,0.01910828,0.005633803,0.00295858,-0.005617978
