"Code","Name","LA_code","LA_name","All","X0to15","X16to29","X30to44","X45to64","X65plus"
"W01001949","Cardiff 005F","W06000015","Cardiff",-0.052980132,-0.106312292,-0.060941828,-0.054466231,-0.053278689,0.082758621
