"Code","Name","LA_code","LA_name","All","X0to15","X16to29","X30to44","X45to64","X65plus"
"W01001797","Cardiff 005C","W06000015","Cardiff",0.00279916,-0.004016064,0,-0.008368201,0,0.019830028
