"Code","Name","LA_code","LA_name","All","X0to15","X16to29","X30to44","X45to64","X65plus"
"W01001861","Cardiff 034D","W06000015","Cardiff",0.021313364,-0.018726592,0.060538117,0.016528926,0.022038567,-0.005681818
