"Code","Name","LA_code","LA_name","All","X0to15","X16to29","X30to44","X45to64","X65plus"
"W01001753","Cardiff 031C","W06000015","Cardiff",0.004563233,-0.002564103,0.007042254,-0.006968641,0.036842105,-0.031088083
