"Code","Name","LA_code","LA_name","All","X0to15","X16to29","X30to44","X45to64","X65plus"
"W01001741","Cardiff 039E","W06000015","Cardiff",-0.003458213,0.011400651,-0.005128205,0.050541516,-0.058252427,-0.048275862
