"Code","Name","LA_code","LA_name","All","X0to15","X16to29","X30to44","X45to64","X65plus"
"W01001865","Cardiff 022C","W06000015","Cardiff",-0.00382263,-0.052208835,0.015625,-0.026548673,0.031707317,-0.008658009
