"Code","Name","LA_code","LA_name","All","X0to15","X16to29","X30to44","X45to64","X65plus"
"W01001783","Cardiff 026E","W06000015","Cardiff",0.002442997,-0.04784689,0.004739336,0.052083333,0.007894737,-0.004237288
