"Code","Name","LA_code","LA_name","All","X0to15","X16to29","X30to44","X45to64","X65plus"
"W01001895","Cardiff 010D","W06000015","Cardiff",0.021459227,0.067669173,0.017751479,0.011049724,0.014925373,0.008219178
