"Code","Name","LA_code","LA_name","All","X0to15","X16to29","X30to44","X45to64","X65plus"
"W01001699","Cardiff 049A","W06000015","Cardiff",-0.013451191,-0.044684129,-0.012857143,-0.009389671,-0.010471204,0.056034483
