"Code","Name","LA_code","LA_name","All","X0to15","X16to29","X30to44","X45to64","X65plus"
"W01001712","Cardiff 040D","W06000015","Cardiff",-0.01420839,0.058536585,-0.036630037,-0.019736842,-0.01552795,-0.040540541
