"Code","Name","LA_code","LA_name","All","X0to15","X16to29","X30to44","X45to64","X65plus"
"W01001696","Cardiff 036C","W06000015","Cardiff",0.014833127,0.014749263,-0.011682243,0.013736264,0.052478134,0.006944444
