"Code","Name","LA_code","LA_name","All","X0to15","X16to29","X30to44","X45to64","X65plus"
"W01001721","Cardiff 032A","W06000015","Cardiff",-0.010964912,-0.081632653,-0.005617978,-0.083832335,0.075471698,-0.039735099
