"Code","Name","LA_code","LA_name","All","X0to15","X16to29","X30to44","X45to64","X65plus"
"W01001853","Cardiff 004C","W06000015","Cardiff",0.00431566,0.014925373,0.055555556,-0.004081633,-0.012626263,0
