"Code","Name","LA_code","LA_name","All","X0to15","X16to29","X30to44","X45to64","X65plus"
"W01001736","Cardiff 008C","W06000015","Cardiff",-0.010891763,-0.018518519,0.017142857,-0.034482759,0.007389163,-0.023316062
