"Code","Name","LA_code","LA_name","All","X0to15","X16to29","X30to44","X45to64","X65plus"
"W01001705","Cardiff 045C","W06000015","Cardiff",-0.018056293,-0.030737705,0.008042895,-0.030054645,-0.006772009,-0.037558685
