"Code","Name","LA_code","LA_name","All","X0to15","X16to29","X30to44","X45to64","X65plus"
"W01001752","Cardiff 031B","W06000015","Cardiff",-0.01821608,-0.017361111,-0.019685039,-0.048327138,-0.00877193,-0.006153846
