"Code","Name","LA_code","LA_name","All","X0to15","X16to29","X30to44","X45to64","X65plus"
"W01001843","Cardiff 003C","W06000015","Cardiff",-0.009972801,0,-0.014204545,0.024667932,-0.017571885,-0.09178744
