"Code","Name","LA_code","LA_name","All","X0to15","X16to29","X30to44","X45to64","X65plus"
"W01001954","Cardiff 006F","W06000015","Cardiff",0.005259698,0.106666667,-0.028735632,-0.010309278,-0.004140787,-0.015730337
