"Code","Name","LA_code","LA_name","All","X0to15","X16to29","X30to44","X45to64","X65plus"
"W01001867","Cardiff 016B","W06000015","Cardiff",0.006093433,0.06557377,0.014880952,-0.012048193,-0.033994334,-0.028901734
