"Code","Name","LA_code","LA_name","All","X0to15","X16to29","X30to44","X45to64","X65plus"
"W01001836","Cardiff 030B","W06000015","Cardiff",0.029392554,0.202643172,0,0.042042042,0,-0.148514851
