"Code","Name","LA_code","LA_name","All","X0to15","X16to29","X30to44","X45to64","X65plus"
"W01001863","Cardiff 022A","W06000015","Cardiff",0.021136063,0.024390244,0.021367521,0.055147059,0.019736842,-0.009803922
