"Code","Name","LA_code","LA_name","All","X0to15","X16to29","X30to44","X45to64","X65plus"
"W01001939","Cardiff 032F","W06000015","Cardiff",-0.009787928,-0.088495575,0.009448819,-0.00310559,-0.037037037,-0.0625
