"Code","Name","LA_code","LA_name","All","X0to15","X16to29","X30to44","X45to64","X65plus"
"W01001719","Cardiff 028B","W06000015","Cardiff",-0.0075,-0.061452514,-0.002354326,0.011811024,-0.049689441,0.018691589
