"Code","Name","LA_code","LA_name","All","X0to15","X16to29","X30to44","X45to64","X65plus"
"W01001807","Cardiff 007B","W06000015","Cardiff",-0.014375,-0.002217295,-0.030769231,-0.010067114,-0.01312336,-0.027586207
