"Code","Name","LA_code","LA_name","All","X0to15","X16to29","X30to44","X45to64","X65plus"
"W01001879","Cardiff 013A","W06000015","Cardiff",-0.037821483,-0.027079304,-0.012531328,-0.046004843,-0.047381546,-0.071146245
