"Code","Name","LA_code","LA_name","All","X0to15","X16to29","X30to44","X45to64","X65plus"
"W01001775","Cardiff 021B","W06000015","Cardiff",-0.018160516,-0.037463977,-0.027777778,-0.031830239,0.011286682,-0.011904762
