"Code","Name","LA_code","LA_name","All","X0to15","X16to29","X30to44","X45to64","X65plus"
"W01001722","Cardiff 028D","W06000015","Cardiff",0.011222682,0.034090909,0.010614102,0.079710145,-0.04950495,-0.085106383
