"Code","Name","LA_code","LA_name","All","X0to15","X16to29","X30to44","X45to64","X65plus"
"W01001857","Cardiff 042C","W06000015","Cardiff",-0.030799801,0.018390805,-0.056737589,-0.063366337,-0.036697248,0.009345794
