"Code","Name","LA_code","LA_name","All","X0to15","X16to29","X30to44","X45to64","X65plus"
"W01001812","Cardiff 017C","W06000015","Cardiff",-0.012432012,-0.003558719,-0.01532567,0,-0.017793594,-0.024193548
