"Code","Name","LA_code","LA_name","All","X0to15","X16to29","X30to44","X45to64","X65plus"
"W01001832","Cardiff 033C","W06000015","Cardiff",-0.009824199,-0.236842105,0.004216444,0.037037037,-0.035714286,-0.024390244
