"Code","Name","LA_code","LA_name","All","X0to15","X16to29","X30to44","X45to64","X65plus"
"W01001746","Cardiff 041D","W06000015","Cardiff",-0.010025063,-0.011869436,-0.006756757,0.003378378,-0.019444444,-0.013029316
