"Code","Name","LA_code","LA_name","All","X0to15","X16to29","X30to44","X45to64","X65plus"
"W01001952","Cardiff 049F","W06000015","Cardiff",-0.009748589,0.0125,-0.015222482,-0.036231884,0.096446701,-0.037634409
