"Code","Name","LA_code","LA_name","All","X0to15","X16to29","X30to44","X45to64","X65plus"
"W01001855","Cardiff 042A","W06000015","Cardiff",0.001583113,-0.006355932,0.012135922,0,-0.015432099,0.040268456
