"Code","Name","LA_code","LA_name","All","X0to15","X16to29","X30to44","X45to64","X65plus"
"W01001808","Cardiff 007C","W06000015","Cardiff",0.012528474,0.041275797,0.005847953,0,-0.005747126,0
