"Code","Name","LA_code","LA_name","All","X0to15","X16to29","X30to44","X45to64","X65plus"
"W01001799","Cardiff 001D","W06000015","Cardiff",0.078925273,0.149068323,0.041958042,0.18487395,0.075418994,0.036585366
