"Code","Name","LA_code","LA_name","All","X0to15","X16to29","X30to44","X45to64","X65plus"
"W01001780","Cardiff 026B","W06000015","Cardiff",-0.000589623,-0.025210084,0.012396694,0.024509804,-0.027196653,0.023972603
