"Code","Name","LA_code","LA_name","All","X0to15","X16to29","X30to44","X45to64","X65plus"
"W01001846","Cardiff 006C","W06000015","Cardiff",0.000556483,-0.006535948,-0.004237288,0.025974026,-0.003968254,-0.014084507
