"Code","Name","LA_code","LA_name","All","X0to15","X16to29","X30to44","X45to64","X65plus"
"W01001854","Cardiff 004D","W06000015","Cardiff",-0.025753769,-0.005464481,-0.052356021,-0.044843049,-0.025380711,-0.016638935
