"Code","Name","LA_code","LA_name","All","X0to15","X16to29","X30to44","X45to64","X65plus"
"W01001834","Cardiff 033E","W06000015","Cardiff",-0.017326733,-0.073732719,-0.015060241,-0.002645503,0.004405286,-0.015384615
