"Code","Name","LA_code","LA_name","All","X0to15","X16to29","X30to44","X45to64","X65plus"
"W01001771","Cardiff 018C","W06000015","Cardiff",0.001237624,-0.032894737,0,-0.00621118,0.026200873,0.006097561
