"Code","Name","LA_code","LA_name","All","X0to15","X16to29","X30to44","X45to64","X65plus"
"W01001945","Cardiff 048D","W06000015","Cardiff",-0.001666667,-0.112149533,-0.001385042,-0.003034901,0.047101449,-0.027777778
