"Code","Name","LA_code","LA_name","All","X0to15","X16to29","X30to44","X45to64","X65plus"
"W01001788","Cardiff 023D","W06000015","Cardiff",-0.003380663,0,-0.007575758,-0.016286645,0.040322581,-0.0625
