"Code","Name","LA_code","LA_name","All","X0to15","X16to29","X30to44","X45to64","X65plus"
"W01001824","Cardiff 029C","W06000015","Cardiff",0.001909612,0.067510549,-0.006928406,0.013020833,-0.04950495,0
