"Code","Name","LA_code","LA_name","All","X0to15","X16to29","X30to44","X45to64","X65plus"
"W01001946","Cardiff 049C","W06000015","Cardiff",-0.023584906,-0.033210332,-0.040201005,-0.02244389,0,-0.008333333
