"Code","Name","LA_code","LA_name","All","X0to15","X16to29","X30to44","X45to64","X65plus"
"W01001706","Cardiff 041B","W06000015","Cardiff",-0.008339651,-0.023166023,0.04,-0.074561404,0.020710059,-0.020491803
