"Code","Name","LA_code","LA_name","All","X0to15","X16to29","X30to44","X45to64","X65plus"
"W01001726","Cardiff 028E","W06000015","Cardiff",0.005707763,0.061403509,-0.010761589,0.025773196,0.024193548,0.071428571
