"Code","Name","LA_code","LA_name","All","X0to15","X16to29","X30to44","X45to64","X65plus"
"W01001856","Cardiff 042B","W06000015","Cardiff",-0.012141816,-0.047738693,-0.017241379,-0.028960818,0.016216216,0.120967742
