"Code","Name","LA_code","LA_name","All","X0to15","X16to29","X30to44","X45to64","X65plus"
"W01001727","Cardiff 014A","W06000015","Cardiff",-0.031441048,-0.035353535,0.063492063,0.006493506,-0.041899441,-0.074433657
