"Code","Name","LA_code","LA_name","All","X0to15","X16to29","X30to44","X45to64","X65plus"
"W01001942","Cardiff 049B","W06000015","Cardiff",-0.009848982,-0.004132231,0.021978022,-0.027459954,-0.003378378,-0.048913043
