"Code","Name","LA_code","LA_name","All","X0to15","X16to29","X30to44","X45to64","X65plus"
"W01001947","Cardiff 048E","W06000015","Cardiff",0.016776817,0.015037594,0.042272127,0.018662519,-0.051383399,-0.041666667
