"Code","Name","LA_code","LA_name","All","X0to15","X16to29","X30to44","X45to64","X65plus"
"W01001891","Cardiff 020C","W06000015","Cardiff",0.011827321,0.013157895,-0.016260163,0.03313253,0.012468828,0.009803922
