"Code","Name","LA_code","LA_name","All","X0to15","X16to29","X30to44","X45to64","X65plus"
"W01001711","Cardiff 040C","W06000015","Cardiff",0.026689381,0.041994751,0.059027778,0.052486188,0.002272727,-0.020689655
