"Code","Name","LA_code","LA_name","All","X0to15","X16to29","X30to44","X45to64","X65plus"
"W01001779","Cardiff 026A","W06000015","Cardiff",-0.004922644,-0.023041475,-0.011235955,-0.011450382,-0.009456265,0.020467836
