"Code","Name","LA_code","LA_name","All","X0to15","X16to29","X30to44","X45to64","X65plus"
"W01001953","Cardiff 005G","W06000015","Cardiff",0.040384615,0.048850575,0.045296167,0.014619883,0.06557377,0.01843318
