"Code","Name","LA_code","LA_name","All","X0to15","X16to29","X30to44","X45to64","X65plus"
"E01019230","Carlisle 009C","E07000028","Carlisle",0.025725594,0.078947368,0.036036036,0.052980132,0.031007752,-0.039787798
