"Code","Name","LA_code","LA_name","All","X0to15","X16to29","X30to44","X45to64","X65plus"
"E01019248","Carlisle 012E","E07000028","Carlisle",0,-0.044871795,-0.012552301,-0.00952381,0.017667845,0.091503268
