"Code","Name","LA_code","LA_name","All","X0to15","X16to29","X30to44","X45to64","X65plus"
"E01019215","Carlisle 008C","E07000028","Carlisle",0.034482759,0.030769231,0.039855072,0.028571429,0.041975309,0.027777778
