"Code","Name","LA_code","LA_name","All","X0to15","X16to29","X30to44","X45to64","X65plus"
"E01019225","Carlisle 002D","E07000028","Carlisle",0.008243174,0.060070671,0.090497738,0.021459227,0,-0.055084746
