"Code","Name","LA_code","LA_name","All","X0to15","X16to29","X30to44","X45to64","X65plus"
"E01019243","Carlisle 004E","E07000028","Carlisle",-0.014512785,-0.026200873,-0.024630542,0.033653846,-0.03892944,-0.002525253
