"Code","Name","LA_code","LA_name","All","X0to15","X16to29","X30to44","X45to64","X65plus"
"E01019234","Carlisle 006C","E07000028","Carlisle",0.01962111,-0.039735099,0.002710027,0.010830325,0.025906736,0.071186441
