"Code","Name","LA_code","LA_name","All","X0to15","X16to29","X30to44","X45to64","X65plus"
"E01019193","Carlisle 009A","E07000028","Carlisle",-0.020419739,-0.006036217,-0.028125,0.038567493,-0.062972292,-0.069892473
