"Code","Name","LA_code","LA_name","All","X0to15","X16to29","X30to44","X45to64","X65plus"
"E01019219","Carlisle 007A","E07000028","Carlisle",0.026156002,0.023809524,0.023255814,0.075,0.030748663,-0.007662835
