"Code","Name","LA_code","LA_name","All","X0to15","X16to29","X30to44","X45to64","X65plus"
"E01019231","Carlisle 009D","E07000028","Carlisle",-0.013444302,-0.032,0.024193548,-0.023728814,-0.023419204,-0.005847953
