"Code","Name","LA_code","LA_name","All","X0to15","X16to29","X30to44","X45to64","X65plus"
"E01019201","Carlisle 002B","E07000028","Carlisle",0.001980198,-0.05859375,0.06,-0.029045643,-0.016393443,0.051150895
