"Code","Name","LA_code","LA_name","All","X0to15","X16to29","X30to44","X45to64","X65plus"
"E01019255","Carlisle 005E","E07000028","Carlisle",0.027293404,0.014563107,0.053475936,-0.036458333,0.031746032,0.054607509
