"Code","Name","LA_code","LA_name","All","X0to15","X16to29","X30to44","X45to64","X65plus"
"E01019253","Carlisle 013E","E07000028","Carlisle",-0.001142857,-0.039007092,0.022421525,-0.003401361,-0.008474576,0.018789144
