"Code","Name","LA_code","LA_name","All","X0to15","X16to29","X30to44","X45to64","X65plus"
"E01019216","Carlisle 010C","E07000028","Carlisle",0.01007109,-0.087962963,0.017578125,0.055900621,0.0234375,0
