"Code","Name","LA_code","LA_name","All","X0to15","X16to29","X30to44","X45to64","X65plus"
"E01019232","Carlisle 009E","E07000028","Carlisle",-0.036437247,-0.037593985,-0.051724138,-0.015873016,-0.032407407,-0.046666667
