"Code","Name","LA_code","LA_name","All","X0to15","X16to29","X30to44","X45to64","X65plus"
"E01019229","Carlisle 001D","E07000028","Carlisle",0.023329799,0.030651341,0.020408163,0.024,0.02690583,0.015184382
