"Code","Name","LA_code","LA_name","All","X0to15","X16to29","X30to44","X45to64","X65plus"
"E01019206","Carlisle 006B","E07000028","Carlisle",-0.062030075,-0.026845638,-0.066790353,-0.084558824,-0.025287356,-0.124378109
