"Code","Name","LA_code","LA_name","All","X0to15","X16to29","X30to44","X45to64","X65plus"
"E01019239","Carlisle 007C","E07000028","Carlisle",0.032021348,0.015873016,0.089820359,0.039473684,0.003875969,0.053571429
