"Code","Name","LA_code","LA_name","All","X0to15","X16to29","X30to44","X45to64","X65plus"
"E01019192","Carlisle 005A","E07000028","Carlisle",0.009161381,0.029411765,0.035714286,-0.013274336,0.005089059,0.002538071
