"Code","Name","LA_code","LA_name","All","X0to15","X16to29","X30to44","X45to64","X65plus"
"E01019226","Carlisle 001A","E07000028","Carlisle",0.047038328,0.126436782,0.074074074,0.038674033,-0.002688172,0.055944056
