"Code","Name","LA_code","LA_name","All","X0to15","X16to29","X30to44","X45to64","X65plus"
"E01019200","Carlisle 002A","E07000028","Carlisle",-0.008254717,-0.003787879,0,0.041666667,-0.025925926,-0.016666667
