"Code","Name","LA_code","LA_name","All","X0to15","X16to29","X30to44","X45to64","X65plus"
"E01019249","Carlisle 007D","E07000028","Carlisle",0.013568521,-0.009803922,-0.007751938,0.032967033,0.030905077,0.005928854
