"Code","Name","LA_code","LA_name","All","X0to15","X16to29","X30to44","X45to64","X65plus"
"E01019218","Carlisle 008D","E07000028","Carlisle",0.011711126,0.065671642,-0.018115942,0.023809524,0,-0.020547945
