"Code","Name","LA_code","LA_name","All","X0to15","X16to29","X30to44","X45to64","X65plus"
"E01019210","Carlisle 012B","E07000028","Carlisle",0.044786096,0.07027027,0.059859155,0.068548387,0.022038567,-0.004329004
