"Code","Name","LA_code","LA_name","All","X0to15","X16to29","X30to44","X45to64","X65plus"
"E01019212","Carlisle 013A","E07000028","Carlisle",-0.010739103,0.011278195,-0.093457944,0,-0.006711409,0.006711409
