"Code","Name","LA_code","LA_name","All","X0to15","X16to29","X30to44","X45to64","X65plus"
"W01000675","Carmarthenshire 012A","W06000010","Carmarthenshire",-0.022104757,-0.015337423,0.004484305,0.016949153,-0.053254438,-0.019607843
