"Code","Name","LA_code","LA_name","All","X0to15","X16to29","X30to44","X45to64","X65plus"
"W01000690","Carmarthenshire 019A","W06000010","Carmarthenshire",0.018922018,0.003030303,0.009174312,0.038922156,0.043583535,-0.002227171
