"Code","Name","LA_code","LA_name","All","X0to15","X16to29","X30to44","X45to64","X65plus"
"W01000732","Carmarthenshire 026D","W06000010","Carmarthenshire",-0.016891892,0.004016064,-0.053380783,0.01532567,-0.004784689,-0.04797048
