"Code","Name","LA_code","LA_name","All","X0to15","X16to29","X30to44","X45to64","X65plus"
"W01000680","Carmarthenshire 011A","W06000010","Carmarthenshire",0.001358081,-0.034482759,0.052631579,-0.002793296,-0.022222222,0.035447761
