"Code","Name","LA_code","LA_name","All","X0to15","X16to29","X30to44","X45to64","X65plus"
"W01000645","Carmarthenshire 006C","W06000010","Carmarthenshire",-0.005508262,-0.004149378,0.008152174,0.009153318,-0.030150754,-0.012820513
