"Code","Name","LA_code","LA_name","All","X0to15","X16to29","X30to44","X45to64","X65plus"
"W01000676","Carmarthenshire 004A","W06000010","Carmarthenshire",0.044386423,0.017699115,0.018604651,0.089473684,0.058064516,0.036697248
