"Code","Name","LA_code","LA_name","All","X0to15","X16to29","X30to44","X45to64","X65plus"
"W01000707","Carmarthenshire 025D","W06000010","Carmarthenshire",-0.02165088,-0.057065217,-0.003401361,-0.01659751,-0.01369863,-0.004761905
