"Code","Name","LA_code","LA_name","All","X0to15","X16to29","X30to44","X45to64","X65plus"
"W01000643","Carmarthenshire 006A","W06000010","Carmarthenshire",-0.026650515,-0.083756345,-0.007042254,-0.026785714,-0.007692308,0.012145749
