"Code","Name","LA_code","LA_name","All","X0to15","X16to29","X30to44","X45to64","X65plus"
"W01000657","Carmarthenshire 010B","W06000010","Carmarthenshire",0.020484171,0.029239766,0.018181818,-0.027586207,0,0.072580645
