"Code","Name","LA_code","LA_name","All","X0to15","X16to29","X30to44","X45to64","X65plus"
"W01000715","Carmarthenshire 013E","W06000010","Carmarthenshire",0.030694669,-0.016949153,0.061111111,0.050955414,0.024324324,0.036723164
