"Code","Name","LA_code","LA_name","All","X0to15","X16to29","X30to44","X45to64","X65plus"
"W01000716","Carmarthenshire 016D","W06000010","Carmarthenshire",-0.02143951,-0.025252525,0.009569378,-0.043243243,-0.022058824,-0.026143791
