"Code","Name","LA_code","LA_name","All","X0to15","X16to29","X30to44","X45to64","X65plus"
"W01000728","Carmarthenshire 003D","W06000010","Carmarthenshire",-0.007770763,-0.050167224,-0.038314176,0.004132231,0.011527378,0
