"Code","Name","LA_code","LA_name","All","X0to15","X16to29","X30to44","X45to64","X65plus"
"W01000662","Carmarthenshire 016A","W06000010","Carmarthenshire",0.00695088,-0.018421053,-0.011560694,0.023188406,0.020766773,0.010845987
