"Code","Name","LA_code","LA_name","All","X0to15","X16to29","X30to44","X45to64","X65plus"
"W01000724","Carmarthenshire 011C","W06000010","Carmarthenshire",-0.004314995,-0.023188406,-0.010989011,-0.039513678,0.006160164,0.030952381
