"Code","Name","LA_code","LA_name","All","X0to15","X16to29","X30to44","X45to64","X65plus"
"W01000672","Carmarthenshire 027E","W06000010","Carmarthenshire",-0.005583127,-0.049429658,0.038834951,-0.053278689,-0.001926782,0.026315789
