"Code","Name","LA_code","LA_name","All","X0to15","X16to29","X30to44","X45to64","X65plus"
"W01000710","Carmarthenshire 021D","W06000010","Carmarthenshire",-0.025549081,-0.049315068,0.01459854,-0.031847134,-0.038632987,-0.011570248
