"Code","Name","LA_code","LA_name","All","X0to15","X16to29","X30to44","X45to64","X65plus"
"W01001923","Carmarthenshire 026G","W06000010","Carmarthenshire",0.010351967,0.004464286,0.043887147,0.017421603,0.018469657,-0.05
