"Code","Name","LA_code","LA_name","All","X0to15","X16to29","X30to44","X45to64","X65plus"
"W01000723","Carmarthenshire 012E","W06000010","Carmarthenshire",0.018939394,-0.025380711,0.053691275,0.044025157,0.017467249,0.019607843
