"Code","Name","LA_code","LA_name","All","X0to15","X16to29","X30to44","X45to64","X65plus"
"W01000731","Carmarthenshire 017C","W06000010","Carmarthenshire",0.018563358,-0.006437768,0.023622047,0.018181818,0.022488756,0.032442748
