"Code","Name","LA_code","LA_name","All","X0to15","X16to29","X30to44","X45to64","X65plus"
"W01000691","Carmarthenshire 019B","W06000010","Carmarthenshire",-0.046224961,-0.071232877,-0.022292994,-0.037735849,-0.037344398,-0.057692308
