"Code","Name","LA_code","LA_name","All","X0to15","X16to29","X30to44","X45to64","X65plus"
"W01000626","Carmarthenshire 013B","W06000010","Carmarthenshire",-0.049414824,-0.011811024,-0.075812274,-0.081300813,-0.048101266,-0.035519126
