"Code","Name","LA_code","LA_name","All","X0to15","X16to29","X30to44","X45to64","X65plus"
"E01021493","Castle Point 009B","E07000069","Castle Point",-0.010512484,-0.053571429,-0.004237288,-0.056701031,0.007194245,0.011086475
