"Code","Name","LA_code","LA_name","All","X0to15","X16to29","X30to44","X45to64","X65plus"
"E01021504","Castle Point 008C","E07000069","Castle Point",-0.009421265,-0.014134276,0.009677419,-0.028880866,0,-0.029585799
