"Code","Name","LA_code","LA_name","All","X0to15","X16to29","X30to44","X45to64","X65plus"
"E01021522","Castle Point 007C","E07000069","Castle Point",-0.009274414,0.040247678,-0.027027027,-0.028169014,-0.002212389,-0.027027027
