"Code","Name","LA_code","LA_name","All","X0to15","X16to29","X30to44","X45to64","X65plus"
"E01021507","Castle Point 010E","E07000069","Castle Point",-0.015069319,-0.008333333,0.008474576,-0.045296167,0.002314815,-0.057522124
