"Code","Name","LA_code","LA_name","All","X0to15","X16to29","X30to44","X45to64","X65plus"
"E01021494","Castle Point 008B","E07000069","Castle Point",0.002016129,-0.026666667,0.012096774,-0.015873016,-0.002597403,0.04290429
