"Code","Name","LA_code","LA_name","All","X0to15","X16to29","X30to44","X45to64","X65plus"
"E01021502","Castle Point 011E","E07000069","Castle Point",-0.047930283,-0.022573363,-0.056657224,-0.031818182,-0.058371736,-0.068627451
