"Code","Name","LA_code","LA_name","All","X0to15","X16to29","X30to44","X45to64","X65plus"
"E01021530","Castle Point 005C","E07000069","Castle Point",0.026388889,0.028037383,0.054455446,0.015463918,0.025,0.018604651
