"Code","Name","LA_code","LA_name","All","X0to15","X16to29","X30to44","X45to64","X65plus"
"E01021529","Castle Point 006D","E07000069","Castle Point",-0.005252791,-0.013468013,-0.046948357,0.003389831,-0.009876543,0.028753994
