"Code","Name","LA_code","LA_name","All","X0to15","X16to29","X30to44","X45to64","X65plus"
"E01021500","Castle Point 012E","E07000069","Castle Point",0.036561265,0.069565217,0.01384083,0.020710059,0.027597403,0.050458716
