"Code","Name","LA_code","LA_name","All","X0to15","X16to29","X30to44","X45to64","X65plus"
"E01021489","Castle Point 012A","E07000069","Castle Point",-0.055236729,-0.049180328,-0.03902439,-0.052884615,-0.023866348,-0.102902375
