"Code","Name","LA_code","LA_name","All","X0to15","X16to29","X30to44","X45to64","X65plus"
"E01017603","Central Bedfordshire 020A","E06000056","Central Bedfordshire",0.024326101,0.086466165,-0.00877193,0.04137931,0.020930233,-0.016286645
