"Code","Name","LA_code","LA_name","All","X0to15","X16to29","X30to44","X45to64","X65plus"
"E01017565","Central Bedfordshire 029A","E06000056","Central Bedfordshire",0.000666223,0.033175355,-0.04587156,-0.027777778,0.013824885,0.006550218
