"Code","Name","LA_code","LA_name","All","X0to15","X16to29","X30to44","X45to64","X65plus"
"E01017594","Central Bedfordshire 030C","E06000056","Central Bedfordshire",0.010109179,0.022972973,-0.002057613,-0.008016032,0.009940358,0.032653061
