"Code","Name","LA_code","LA_name","All","X0to15","X16to29","X30to44","X45to64","X65plus"
"E01017591","Central Bedfordshire 022C","E06000056","Central Bedfordshire",0.030577576,0.042763158,0.070895522,0.023560209,0.002061856,0.036697248
