"Code","Name","LA_code","LA_name","All","X0to15","X16to29","X30to44","X45to64","X65plus"
"E01017420","Central Bedfordshire 008D","E06000056","Central Bedfordshire",0.006524318,-0.013157895,-0.004329004,-0.018461538,0.041036717,0.013937282
