"Code","Name","LA_code","LA_name","All","X0to15","X16to29","X30to44","X45to64","X65plus"
"E01017609","Central Bedfordshire 021E","E06000056","Central Bedfordshire",-0.028447445,-0.025270758,-0.045845272,-0.025052192,-0.024553571,-0.024590164
