"Code","Name","LA_code","LA_name","All","X0to15","X16to29","X30to44","X45to64","X65plus"
"E01017606","Central Bedfordshire 020D","E06000056","Central Bedfordshire",0.000618429,0.038314176,0.028409091,-0.046875,-0.008403361,0.004464286
