"Code","Name","LA_code","LA_name","All","X0to15","X16to29","X30to44","X45to64","X65plus"
"E01017385","Central Bedfordshire 005C","E06000056","Central Bedfordshire",-0.045615813,-0.083815029,-0.092391304,-0.016949153,-0.01986755,-0.027989822
