"Code","Name","LA_code","LA_name","All","X0to15","X16to29","X30to44","X45to64","X65plus"
"E01017431","Central Bedfordshire 002B","E06000056","Central Bedfordshire",0.054405677,0.114379085,0.045627376,0.058974359,0.030368764,0.029520295
