"Code","Name","LA_code","LA_name","All","X0to15","X16to29","X30to44","X45to64","X65plus"
"E01017618","Central Bedfordshire 025D","E06000056","Central Bedfordshire",-0.046338673,-0.036363636,-0.036912752,-0.057894737,-0.053527981,-0.048780488
