"Code","Name","LA_code","LA_name","All","X0to15","X16to29","X30to44","X45to64","X65plus"
"E01017407","Central Bedfordshire 016E","E06000056","Central Bedfordshire",-0.044188862,-0.09252669,-0.053459119,-0.06940874,-0.019736842,0.028846154
