"Code","Name","LA_code","LA_name","All","X0to15","X16to29","X30to44","X45to64","X65plus"
"E01017444","Central Bedfordshire 011F","E06000056","Central Bedfordshire",0.003349282,-0.00245098,-0.003623188,-0.009146341,0.019578313,-0.002415459
