"Code","Name","LA_code","LA_name","All","X0to15","X16to29","X30to44","X45to64","X65plus"
"E01017371","Central Bedfordshire 012A","E06000056","Central Bedfordshire",-0.010893246,-0.011494253,0.017241379,-0.026785714,-0.008426966,-0.016574586
