"Code","Name","LA_code","LA_name","All","X0to15","X16to29","X30to44","X45to64","X65plus"
"E01017405","Central Bedfordshire 016C","E06000056","Central Bedfordshire",0.0130674,-0.003937008,0.023255814,-0.023411371,0.002247191,0.101010101
