"Code","Name","LA_code","LA_name","All","X0to15","X16to29","X30to44","X45to64","X65plus"
"E01017377","Central Bedfordshire 010B","E06000056","Central Bedfordshire",-0.00751503,-0.02617801,-0.064935065,-0.007177033,0.016393443,0.028776978
