"Code","Name","LA_code","LA_name","All","X0to15","X16to29","X30to44","X45to64","X65plus"
"E01017417","Central Bedfordshire 009B","E06000056","Central Bedfordshire",-0.011996904,-0.033112583,-0.030107527,-0.010830325,-0.002840909,0.042801556
