"Code","Name","LA_code","LA_name","All","X0to15","X16to29","X30to44","X45to64","X65plus"
"E01017443","Central Bedfordshire 013E","E06000056","Central Bedfordshire",0.03667214,0.022857143,0.018927445,0.027777778,0.073604061,0.039823009
