"Code","Name","LA_code","LA_name","All","X0to15","X16to29","X30to44","X45to64","X65plus"
"E01017414","Central Bedfordshire 010E","E06000056","Central Bedfordshire",0.008333333,0.053691275,-0.023166023,0.014234875,0.00877193,-0.010204082
