"Code","Name","LA_code","LA_name","All","X0to15","X16to29","X30to44","X45to64","X65plus"
"E01017430","Central Bedfordshire 002A","E06000056","Central Bedfordshire",-0.023240801,-0.018927445,-0.018957346,-0.035031847,-0.018561485,-0.025362319
