"Code","Name","LA_code","LA_name","All","X0to15","X16to29","X30to44","X45to64","X65plus"
"E01017424","Central Bedfordshire 004D","E06000056","Central Bedfordshire",-0.01980198,-0.06122449,-0.016949153,-0.028708134,-0.002074689,-0.017142857
