"Code","Name","LA_code","LA_name","All","X0to15","X16to29","X30to44","X45to64","X65plus"
"E01017599","Central Bedfordshire 028F","E06000056","Central Bedfordshire",-0.048492792,-0.043360434,-0.058912387,-0.037220844,-0.045855379,-0.075268817
