"Code","Name","LA_code","LA_name","All","X0to15","X16to29","X30to44","X45to64","X65plus"
"E01017372","Central Bedfordshire 012B","E06000056","Central Bedfordshire",0.00198544,0.034013605,-0.049261084,-0.006472492,0.019851117,-0.009933775
