"Code","Name","LA_code","LA_name","All","X0to15","X16to29","X30to44","X45to64","X65plus"
"E01017625","Central Bedfordshire 031C","E06000056","Central Bedfordshire",-0.009950249,-0.038834951,0.023041475,-0.042553191,-0.00877193,0.002024291
