"Code","Name","LA_code","LA_name","All","X0to15","X16to29","X30to44","X45to64","X65plus"
"E01017561","Central Bedfordshire 033A","E06000056","Central Bedfordshire",-0.004250152,0.003533569,0.005208333,-0.023972603,-0.007984032,0.005277045
