"Code","Name","LA_code","LA_name","All","X0to15","X16to29","X30to44","X45to64","X65plus"
"E01017449","Central Bedfordshire 014D","E06000056","Central Bedfordshire",-0.013865779,-0.036516854,-0.018018018,-0.053475936,0.00990099,0.020231214
