"Code","Name","LA_code","LA_name","All","X0to15","X16to29","X30to44","X45to64","X65plus"
"E01017556","Central Bedfordshire 021B","E06000056","Central Bedfordshire",-0.027446301,-0.031518625,-0.049618321,-0.033898305,-0.037694013,0.044776119
