"Code","Name","LA_code","LA_name","All","X0to15","X16to29","X30to44","X45to64","X65plus"
"E01017388","Central Bedfordshire 005F","E06000056","Central Bedfordshire",-0.041076487,-0.082352941,-0.042145594,-0.050909091,-0.005540166,-0.038461538
