"Code","Name","LA_code","LA_name","All","X0to15","X16to29","X30to44","X45to64","X65plus"
"E01017595","Central Bedfordshire 028B","E06000056","Central Bedfordshire",-0.009393681,0.012605042,-0.038834951,-0.037037037,-0.006269592,0.01369863
