"Code","Name","LA_code","LA_name","All","X0to15","X16to29","X30to44","X45to64","X65plus"
"E01017398","Central Bedfordshire 017A","E06000056","Central Bedfordshire",0.008454106,0.028199566,-0.024390244,0.006681514,-0.001221001,0.027777778
