"Code","Name","LA_code","LA_name","All","X0to15","X16to29","X30to44","X45to64","X65plus"
"E01017577","Central Bedfordshire 019A","E06000056","Central Bedfordshire",-0.007984032,0.00856531,-0.032835821,-0.012371134,-0.0171278,0.013071895
