"Code","Name","LA_code","LA_name","All","X0to15","X16to29","X30to44","X45to64","X65plus"
"E01017590","Central Bedfordshire 022B","E06000056","Central Bedfordshire",-0.01261034,-0.045643154,0.019900498,-0.053763441,-0.017283951,0.019565217
