"Code","Name","LA_code","LA_name","All","X0to15","X16to29","X30to44","X45to64","X65plus"
"E01017607","Central Bedfordshire 020E","E06000056","Central Bedfordshire",0.007953724,-0.026200873,0.021276596,0.058823529,-0.002597403,0.007075472
