"Code","Name","LA_code","LA_name","All","X0to15","X16to29","X30to44","X45to64","X65plus"
"E01033194","Central Bedfordshire 007G","E06000056","Central Bedfordshire",-0.013398693,-0.036121673,-0.01998002,-0.011326861,-0.012195122,0.035190616
