"Code","Name","LA_code","LA_name","All","X0to15","X16to29","X30to44","X45to64","X65plus"
"W01000539","Ceredigion 005D","W06000008","Ceredigion",0.026246719,0.072992701,0.044444444,-0.00729927,0.020588235,0.017191977
