"Code","Name","LA_code","LA_name","All","X0to15","X16to29","X30to44","X45to64","X65plus"
"W01000533","Ceredigion 010D","W06000008","Ceredigion",0.015441176,0.053097345,0.049751244,-0.005524862,0.010840108,-0.010443864
