"Code","Name","LA_code","LA_name","All","X0to15","X16to29","X30to44","X45to64","X65plus"
"W01000517","Ceredigion 002D","W06000008","Ceredigion",-0.0202977,-0.139130435,0.022371365,-0.068322981,-0.083798883,-0.062015504
