"Code","Name","LA_code","LA_name","All","X0to15","X16to29","X30to44","X45to64","X65plus"
"W01000536","Ceredigion 011E","W06000008","Ceredigion",-0.030129125,-0.090497738,-0.02484472,0.03164557,-0.040816327,-0.012106538
