"Code","Name","LA_code","LA_name","All","X0to15","X16to29","X30to44","X45to64","X65plus"
"W01000518","Ceredigion 003C","W06000008","Ceredigion",-0.005352364,0.12371134,-0.063613232,-0.007092199,0.033175355,0.003584229
