"Code","Name","LA_code","LA_name","All","X0to15","X16to29","X30to44","X45to64","X65plus"
"W01000543","Ceredigion 011C","W06000008","Ceredigion",-0.016169783,-0.032448378,-0.0041841,-0.01369863,-0.017799353,-0.010183299
