"Code","Name","LA_code","LA_name","All","X0to15","X16to29","X30to44","X45to64","X65plus"
"W01000515","Ceredigion 003A","W06000008","Ceredigion",-0.011436741,0.021052632,-0.017730496,-0.016393443,-0.017910448,-0.027667984
