"Code","Name","LA_code","LA_name","All","X0to15","X16to29","X30to44","X45to64","X65plus"
"W01000512","Ceredigion 002A","W06000008","Ceredigion",-0.010925819,-0.062893082,0.005428882,-0.036809816,0.023809524,-0.057377049
