"Code","Name","LA_code","LA_name","All","X0to15","X16to29","X30to44","X45to64","X65plus"
"W01000527","Ceredigion 008A","W06000008","Ceredigion",-0.018087855,-0.087378641,-0.002998501,-0.009302326,-0.029411765,0.004504505
