"Code","Name","LA_code","LA_name","All","X0to15","X16to29","X30to44","X45to64","X65plus"
"W01000522","Ceredigion 010B","W06000008","Ceredigion",-0.068535826,-0.079136691,-0.165745856,-0.164179104,-0.020316027,-0.041343669
