"Code","Name","LA_code","LA_name","All","X0to15","X16to29","X30to44","X45to64","X65plus"
"W01000529","Ceredigion 007A","W06000008","Ceredigion",-0.01709943,-0.023648649,-0.028985507,-0.050691244,-0.004246285,-0.00257732
