"Code","Name","LA_code","LA_name","All","X0to15","X16to29","X30to44","X45to64","X65plus"
"E01025729","Charnwood 014D","E07000130","Charnwood",-0.034167175,0,0,-0.014388489,-0.050179211,-0.081355932
