"Code","Name","LA_code","LA_name","All","X0to15","X16to29","X30to44","X45to64","X65plus"
"E01025724","Charnwood 003E","E07000130","Charnwood",0.003472222,-0.104477612,0.005136986,0.017316017,-0.05982906,0.217948718
