"Code","Name","LA_code","LA_name","All","X0to15","X16to29","X30to44","X45to64","X65plus"
"E01033386","Charnwood 001E","E07000130","Charnwood",-0.001819836,0.015060241,-0.02,0.013986014,-0.013254786,0.00245098
