"Code","Name","LA_code","LA_name","All","X0to15","X16to29","X30to44","X45to64","X65plus"
"E01025736","Charnwood 016C","E07000130","Charnwood",-0.032876712,0.015463918,-0.055214724,-0.067010309,-0.026970954,-0.037470726
