"Code","Name","LA_code","LA_name","All","X0to15","X16to29","X30to44","X45to64","X65plus"
"E01025722","Charnwood 003C","E07000130","Charnwood",-0.002775208,0.025806452,-0.033472803,0.012820513,0.003205128,-0.00913242
