"Code","Name","LA_code","LA_name","All","X0to15","X16to29","X30to44","X45to64","X65plus"
"E01025685","Charnwood 015A","E07000130","Charnwood",-0.014673514,0,-0.00921659,-0.03286385,-0.041436464,0.011173184
