"Code","Name","LA_code","LA_name","All","X0to15","X16to29","X30to44","X45to64","X65plus"
"E01025711","Charnwood 010C","E07000130","Charnwood",-0.01509434,-0.023166023,0.037234043,-0.037383178,-0.029723992,-0.006550218
