"Code","Name","LA_code","LA_name","All","X0to15","X16to29","X30to44","X45to64","X65plus"
"E01025757","Charnwood 017B","E07000130","Charnwood",0.010512484,0.041522491,-0.010033445,-0.009771987,0.024774775,-0.005464481
