"Code","Name","LA_code","LA_name","All","X0to15","X16to29","X30to44","X45to64","X65plus"
"E01025734","Charnwood 012C","E07000130","Charnwood",-0.00929692,-0.013114754,-0.02293578,-0.025974026,-0.016759777,0.018604651
