"Code","Name","LA_code","LA_name","All","X0to15","X16to29","X30to44","X45to64","X65plus"
"E01025695","Charnwood 004A","E07000130","Charnwood",0.009358289,-0.01183432,0.07523511,-0.027131783,-0.015075377,0.014204545
