"Code","Name","LA_code","LA_name","All","X0to15","X16to29","X30to44","X45to64","X65plus"
"E01025715","Charnwood 009B","E07000130","Charnwood",-0.021019108,-0.023738872,-0.03943662,-0.01910828,-0.027932961,0.024271845
