"Code","Name","LA_code","LA_name","All","X0to15","X16to29","X30to44","X45to64","X65plus"
"E01025687","Charnwood 016A","E07000130","Charnwood",0.001795332,0.008230453,-0.005319149,-0.019138756,0.021937843,-0.012396694
