"Code","Name","LA_code","LA_name","All","X0to15","X16to29","X30to44","X45to64","X65plus"
"E01025699","Charnwood 002A","E07000130","Charnwood",-0.025082508,0.024509804,-0.013888889,-0.054711246,-0.035885167,-0.024509804
