"Code","Name","LA_code","LA_name","All","X0to15","X16to29","X30to44","X45to64","X65plus"
"E01025748","Charnwood 013A","E07000130","Charnwood",-0.040362812,-0.072727273,-0.037974684,-0.064935065,-0.015748031,-0.018292683
