"Code","Name","LA_code","LA_name","All","X0to15","X16to29","X30to44","X45to64","X65plus"
"E01025680","Charnwood 019B","E07000130","Charnwood",-0.001746217,-0.006269592,-0.068441065,0.040740741,-0.008385744,0.025706941
