"Code","Name","LA_code","LA_name","All","X0to15","X16to29","X30to44","X45to64","X65plus"
"E01025696","Charnwood 004B","E07000130","Charnwood",-0.055319149,-0.038461538,-0.107296137,-0.024193548,-0.031100478,-0.090252708
