"Code","Name","LA_code","LA_name","All","X0to15","X16to29","X30to44","X45to64","X65plus"
"E01025721","Charnwood 003B","E07000130","Charnwood",-0.068479355,-0.082706767,-0.067556952,-0.149606299,-0.061674009,-0.026548673
