"Code","Name","LA_code","LA_name","All","X0to15","X16to29","X30to44","X45to64","X65plus"
"E01025727","Charnwood 014B","E07000130","Charnwood",-0.016718266,-0.00617284,-0.034013605,-0.018237082,-0.028639618,0.012048193
