"Code","Name","LA_code","LA_name","All","X0to15","X16to29","X30to44","X45to64","X65plus"
"E01025681","Charnwood 019C","E07000130","Charnwood",-0.038140644,0.017241379,-0.031531532,-0.045627376,-0.057142857,-0.044585987
