"Code","Name","LA_code","LA_name","All","X0to15","X16to29","X30to44","X45to64","X65plus"
"E01025742","Charnwood 006C","E07000130","Charnwood",-0.010017678,-0.003344482,-0.018726592,-0.023411371,-0.002272727,-0.007653061
