"Code","Name","LA_code","LA_name","All","X0to15","X16to29","X30to44","X45to64","X65plus"
"E01025723","Charnwood 003D","E07000130","Charnwood",-0.002979991,-0.004098361,-0.011440108,0,0,0.090163934
