"Code","Name","LA_code","LA_name","All","X0to15","X16to29","X30to44","X45to64","X65plus"
"E01025767","Charnwood 021F","E07000130","Charnwood",0.030342156,0.063063063,0.030418251,0.041353383,0.03131524,-0.003134796
