"Code","Name","LA_code","LA_name","All","X0to15","X16to29","X30to44","X45to64","X65plus"
"E01025760","Charnwood 008A","E07000130","Charnwood",-0.006333568,0.051383399,-0.055214724,0.009345794,0.009029345,-0.054597701
