"Code","Name","LA_code","LA_name","All","X0to15","X16to29","X30to44","X45to64","X65plus"
"E01025719","Charnwood 009F","E07000130","Charnwood",-0.061557789,-0.132075472,-0.062761506,-0.036885246,-0.052795031,-0.024734982
