"Code","Name","LA_code","LA_name","All","X0to15","X16to29","X30to44","X45to64","X65plus"
"E01025712","Charnwood 010D","E07000130","Charnwood",-0.036112935,-0.045833333,-0.102702703,-0.079497908,-0.023136247,0.006382979
