"Code","Name","LA_code","LA_name","All","X0to15","X16to29","X30to44","X45to64","X65plus"
"E01025747","Charnwood 005D","E07000130","Charnwood",-0.020448878,-0.031026253,-0.054216867,-0.018561485,-0.014373717,0.014880952
