"Code","Name","LA_code","LA_name","All","X0to15","X16to29","X30to44","X45to64","X65plus"
"E01025755","Charnwood 018D","E07000130","Charnwood",0.001919386,0.023076923,-0.012345679,-0.028213166,0,0.027522936
