"Code","Name","LA_code","LA_name","All","X0to15","X16to29","X30to44","X45to64","X65plus"
"E01022136","Cheltenham 011B","E07000078","Cheltenham",-0.001438849,-0.048484848,0,-0.007518797,-0.006060606,0.026954178
