"Code","Name","LA_code","LA_name","All","X0to15","X16to29","X30to44","X45to64","X65plus"
"E01021609","Chelmsford 020E","E07000070","Chelmsford",-0.041251778,-0.05785124,-0.075555556,-0.049327354,-0.049676026,0.027667984
