"Code","Name","LA_code","LA_name","All","X0to15","X16to29","X30to44","X45to64","X65plus"
"E01021533","Chelmsford 016A","E07000070","Chelmsford",-0.009482759,0.009756098,0.006116208,-0.024875622,-0.014641288,-0.016064257
