"Code","Name","LA_code","LA_name","All","X0to15","X16to29","X30to44","X45to64","X65plus"
"E01021599","Chelmsford 009C","E07000070","Chelmsford",-0.063753213,-0.018229167,-0.116207951,-0.1,-0.063157895,-0.027777778
