"Code","Name","LA_code","LA_name","All","X0to15","X16to29","X30to44","X45to64","X65plus"
"E01021558","Chelmsford 015B","E07000070","Chelmsford",-0.01937046,-0.03125,-0.064864865,-0.048245614,-0.029255319,0.062015504
