"Code","Name","LA_code","LA_name","All","X0to15","X16to29","X30to44","X45to64","X65plus"
"E01022142","Cheltenham 008F","E07000078","Cheltenham",-0.009395973,-0.050847458,-0.019138756,0.016528926,0.005747126,-0.027173913
