"Code","Name","LA_code","LA_name","All","X0to15","X16to29","X30to44","X45to64","X65plus"
"E01033137","Chelmsford 014F","E07000070","Chelmsford",0.021354484,0.012315271,0.021352313,0.027972028,0.035087719,0
