"Code","Name","LA_code","LA_name","All","X0to15","X16to29","X30to44","X45to64","X65plus"
"E01021592","Chelmsford 006D","E07000070","Chelmsford",0.013822115,0.014164306,0.015923567,0.00310559,0.004878049,0.037735849
