"Code","Name","LA_code","LA_name","All","X0to15","X16to29","X30to44","X45to64","X65plus"
"E01022106","Cheltenham 010A","E07000078","Cheltenham",0.011072261,0.049295775,-0.021834061,-0.015822785,0.006396588,0.028708134
