"Code","Name","LA_code","LA_name","All","X0to15","X16to29","X30to44","X45to64","X65plus"
"E01021580","Chelmsford 012D","E07000070","Chelmsford",0.001982816,0.033149171,0.027932961,-0.009771987,-0.004597701,-0.039130435
