"Code","Name","LA_code","LA_name","All","X0to15","X16to29","X30to44","X45to64","X65plus"
"E01022147","Cheltenham 005C","E07000078","Cheltenham",-0.051810585,-0.056338028,-0.051490515,-0.002631579,-0.022058824,-0.155477032
