"Code","Name","LA_code","LA_name","All","X0to15","X16to29","X30to44","X45to64","X65plus"
"E01021583","Chelmsford 015C","E07000070","Chelmsford",-0.012722646,-0.045454545,0.011070111,-0.005714286,-0.012048193,-0.012
