"Code","Name","LA_code","LA_name","All","X0to15","X16to29","X30to44","X45to64","X65plus"
"E01021560","Chelmsford 013B","E07000070","Chelmsford",0.009501188,0.037878788,0.005524862,-0.030201342,0.01627907,0.01369863
