"Code","Name","LA_code","LA_name","All","X0to15","X16to29","X30to44","X45to64","X65plus"
"E01022111","Cheltenham 012F","E07000078","Cheltenham",0.018685121,0.040677966,0.061452514,0.048034934,-0.036781609,0.029315961
