"Code","Name","LA_code","LA_name","All","X0to15","X16to29","X30to44","X45to64","X65plus"
"E01021585","Chelmsford 015D","E07000070","Chelmsford",0.023094688,0.058091286,0.008849558,-0.017241379,0.045016077,0.021645022
