"Code","Name","LA_code","LA_name","All","X0to15","X16to29","X30to44","X45to64","X65plus"
"E01021590","Chelmsford 002D","E07000070","Chelmsford",0.049122807,0.075757576,0.108974359,0.025547445,0.043269231,0.025396825
