"Code","Name","LA_code","LA_name","All","X0to15","X16to29","X30to44","X45to64","X65plus"
"E01021594","Chelmsford 021B","E07000070","Chelmsford",-0.008542141,-0.036036036,-0.033057851,0.024038462,-0.003322259,-0.004149378
