"Code","Name","LA_code","LA_name","All","X0to15","X16to29","X30to44","X45to64","X65plus"
"E01021582","Chelmsford 010D","E07000070","Chelmsford",0.012863268,0.031034483,-0.016528926,-0.003478261,0.031674208,0.045454545
