"Code","Name","LA_code","LA_name","All","X0to15","X16to29","X30to44","X45to64","X65plus"
"E01021629","Chelmsford 008F","E07000070","Chelmsford",-0.028507546,-0.004854369,-0.002915452,-0.016129032,-0.056790123,-0.092307692
