"Code","Name","LA_code","LA_name","All","X0to15","X16to29","X30to44","X45to64","X65plus"
"E01021595","Chelmsford 021C","E07000070","Chelmsford",0.01754386,0.06884058,0.012244898,0.009966777,-0.012096774,0.024866785
