"Code","Name","LA_code","LA_name","All","X0to15","X16to29","X30to44","X45to64","X65plus"
"E01022103","Cheltenham 012A","E07000078","Cheltenham",-0.002035831,-0.045977011,-0.026378897,0.006655574,0.024911032,0.033898305
