"Code","Name","LA_code","LA_name","All","X0to15","X16to29","X30to44","X45to64","X65plus"
"E01022112","Cheltenham 012G","E07000078","Cheltenham",-0.015091342,-0.021428571,-0.028985507,-0.014563107,-0.015151515,0
