"Code","Name","LA_code","LA_name","All","X0to15","X16to29","X30to44","X45to64","X65plus"
"E01022154","Cheltenham 004E","E07000078","Cheltenham",0.038857143,0.280487805,-0.012222222,0.026086957,0.089361702,0.028301887
