"Code","Name","LA_code","LA_name","All","X0to15","X16to29","X30to44","X45to64","X65plus"
"E01021561","Chelmsford 013C","E07000070","Chelmsford",0.009325288,-0.031518625,0.013157895,-0.00862069,0.04576659,0.017353579
