"Code","Name","LA_code","LA_name","All","X0to15","X16to29","X30to44","X45to64","X65plus"
"E01021588","Chelmsford 006B","E07000070","Chelmsford",-0.015267176,-0.035714286,-0.005025126,0.026315789,-0.012539185,-0.044247788
