"Code","Name","LA_code","LA_name","All","X0to15","X16to29","X30to44","X45to64","X65plus"
"E01022129","Cheltenham 015B","E07000078","Cheltenham",-0.025858415,-0.029723992,-0.097345133,-0.055690073,-0.014084507,0.01147541
