"Code","Name","LA_code","LA_name","All","X0to15","X16to29","X30to44","X45to64","X65plus"
"E01022137","Cheltenham 011C","E07000078","Cheltenham",-0.001828154,0.077319588,0.020761246,-0.02173913,-0.036855037,-0.002610966
