"Code","Name","LA_code","LA_name","All","X0to15","X16to29","X30to44","X45to64","X65plus"
"E01021548","Chelmsford 013A","E07000070","Chelmsford",0.00076746,-0.018604651,-0.04950495,0.007782101,0.004889976,0.05
