"Code","Name","LA_code","LA_name","All","X0to15","X16to29","X30to44","X45to64","X65plus"
"E01021617","Chelmsford 004B","E07000070","Chelmsford",-0.002164502,0.012552301,-0.050458716,0.018587361,0.007177033,-0.012396694
