"Code","Name","LA_code","LA_name","All","X0to15","X16to29","X30to44","X45to64","X65plus"
"E01021601","Chelmsford 003E","E07000070","Chelmsford",-0.007268322,0.016528926,-0.007407407,0.015576324,-0.031496063,-0.028481013
