"Code","Name","LA_code","LA_name","All","X0to15","X16to29","X30to44","X45to64","X65plus"
"E01022128","Cheltenham 015A","E07000078","Cheltenham",-0.003807107,0.053511706,-0.015151515,-0.029962547,-0.012684989,-0.014814815
