"Code","Name","LA_code","LA_name","All","X0to15","X16to29","X30to44","X45to64","X65plus"
"E01021618","Chelmsford 007A","E07000070","Chelmsford",0.000665336,-0.03358209,0.018450185,0.024316109,-0.00660793,0
