"Code","Name","LA_code","LA_name","All","X0to15","X16to29","X30to44","X45to64","X65plus"
"E01021570","Chelmsford 016D","E07000070","Chelmsford",-0.003615702,-0.018575851,-0.037914692,0.01826484,0.00660066,-0.001733102
