"Code","Name","LA_code","LA_name","All","X0to15","X16to29","X30to44","X45to64","X65plus"
"E01022138","Cheltenham 011D","E07000078","Cheltenham",0.001740139,-0.004464286,-0.028089888,0.029315961,-0.008810573,0.023498695
