"Code","Name","LA_code","LA_name","All","X0to15","X16to29","X30to44","X45to64","X65plus"
"E01022124","Cheltenham 009D","E07000078","Cheltenham",0.008045052,0.015151515,-0.003745318,0.003344482,0.014652015,0.014792899
