"Code","Name","LA_code","LA_name","All","X0to15","X16to29","X30to44","X45to64","X65plus"
"E01021600","Chelmsford 003D","E07000070","Chelmsford",0.013286094,0,0.029761905,0,0.019662921,0.013636364
