"Code","Name","LA_code","LA_name","All","X0to15","X16to29","X30to44","X45to64","X65plus"
"E01021635","Chelmsford 011E","E07000070","Chelmsford",-0.009608278,-0.01754386,-0.046357616,-0.031746032,-0.018518519,0.021551724
