"Code","Name","LA_code","LA_name","All","X0to15","X16to29","X30to44","X45to64","X65plus"
"E01022156","Cheltenham 007E","E07000078","Cheltenham",-0.000616523,-0.006116208,-0.015831135,-0.022222222,0.020348837,0.053892216
