"Code","Name","LA_code","LA_name","All","X0to15","X16to29","X30to44","X45to64","X65plus"
"E01022122","Cheltenham 003A","E07000078","Cheltenham",-0.062857143,-0.086387435,-0.034934498,-0.089041096,-0.01048951,-0.085308057
