"Code","Name","LA_code","LA_name","All","X0to15","X16to29","X30to44","X45to64","X65plus"
"E01021587","Chelmsford 002C","E07000070","Chelmsford",-0.047814208,-0.036363636,-0.064285714,-0.036630037,-0.035443038,-0.066513761
