"Code","Name","LA_code","LA_name","All","X0to15","X16to29","X30to44","X45to64","X65plus"
"E01022165","Cheltenham 001C","E07000078","Cheltenham",0.00536193,0,0.037914692,0.053691275,-0.031674208,-0.005988024
