"Code","Name","LA_code","LA_name","All","X0to15","X16to29","X30to44","X45to64","X65plus"
"E01021568","Chelmsford 005D","E07000070","Chelmsford",-0.011180124,-0.05,-0.012578616,-0.046296296,0.006198347,0.013303769
