"Code","Name","LA_code","LA_name","All","X0to15","X16to29","X30to44","X45to64","X65plus"
"E01021578","Chelmsford 010B","E07000070","Chelmsford",0.005646527,0.009090909,0.040462428,0.022587269,0.0075,-0.100961538
