"Code","Name","LA_code","LA_name","All","X0to15","X16to29","X30to44","X45to64","X65plus"
"E01022174","Cheltenham 011E","E07000078","Cheltenham",-0.008948546,-0.004255319,-0.033333333,-0.003937008,0.019886364,-0.034285714
