"Code","Name","LA_code","LA_name","All","X0to15","X16to29","X30to44","X45to64","X65plus"
"E01021628","Chelmsford 008E","E07000070","Chelmsford",-0.033220721,-0.053050398,-0.028571429,-0.038636364,-0.052511416,0.048543689
