"Code","Name","LA_code","LA_name","All","X0to15","X16to29","X30to44","X45to64","X65plus"
"E01021562","Chelmsford 014A","E07000070","Chelmsford",0.009703196,-0.021943574,0.058823529,0.006578947,0.009960159,0.007712082
