"Code","Name","LA_code","LA_name","All","X0to15","X16to29","X30to44","X45to64","X65plus"
"E01021627","Chelmsford 010E","E07000070","Chelmsford",0.013553329,0.041420118,-0.017811705,0.010309278,0.035911602,0.017361111
