"Code","Name","LA_code","LA_name","All","X0to15","X16to29","X30to44","X45to64","X65plus"
"E01033141","Chelmsford 010G","E07000070","Chelmsford",-0.040166205,-0.156097561,0.027638191,-0.027989822,-0.039823009,-0.076576577
