"Code","Name","LA_code","LA_name","All","X0to15","X16to29","X30to44","X45to64","X65plus"
"E01022141","Cheltenham 008E","E07000078","Cheltenham",0.005657709,-0.047297297,0.037974684,0.009036145,0.017647059,-0.021582734
