"Code","Name","LA_code","LA_name","All","X0to15","X16to29","X30to44","X45to64","X65plus"
"E01022118","Cheltenham 014D","E07000078","Cheltenham",0.008253095,0.006514658,0.053892216,0.003703704,0.004319654,-0.008097166
