"Code","Name","LA_code","LA_name","All","X0to15","X16to29","X30to44","X45to64","X65plus"
"E01022113","Cheltenham 014A","E07000078","Cheltenham",-0.00120048,0.013377926,-0.056,-0.005494505,-0.019157088,0.022304833
