"Code","Name","LA_code","LA_name","All","X0to15","X16to29","X30to44","X45to64","X65plus"
"E01021621","Chelmsford 007B","E07000070","Chelmsford",0.007352941,-0.013333333,-0.010238908,0.004494382,0.032994924,0.04
