"Code","Name","LA_code","LA_name","All","X0to15","X16to29","X30to44","X45to64","X65plus"
"E01028449","Cherwell 005A","E07000177","Cherwell",0.010181818,0.040345821,0.03196347,0,-0.022364217,0
