"Code","Name","LA_code","LA_name","All","X0to15","X16to29","X30to44","X45to64","X65plus"
"E01028500","Cherwell 016D","E07000177","Cherwell",-0.003961268,0.030418251,0.010869565,0.009677419,-0.026565465,-0.048387097
