"Code","Name","LA_code","LA_name","All","X0to15","X16to29","X30to44","X45to64","X65plus"
"E01028424","Cherwell 016A","E07000177","Cherwell",0.009119607,0.018791946,0.032934132,0.011023622,0.005340454,-0.025773196
