"Code","Name","LA_code","LA_name","All","X0to15","X16to29","X30to44","X45to64","X65plus"
"E01028502","Cherwell 016F","E07000177","Cherwell",-0.010268562,0.029411765,-0.025423729,-0.004608295,-0.025252525,-0.02661597
