"Code","Name","LA_code","LA_name","All","X0to15","X16to29","X30to44","X45to64","X65plus"
"E01028498","Cherwell 016C","E07000177","Cherwell",0.161437908,0.321917808,0.231155779,0.213768116,0.047817048,0.088652482
