"Code","Name","LA_code","LA_name","All","X0to15","X16to29","X30to44","X45to64","X65plus"
"E01028435","Cherwell 004A","E07000177","Cherwell",-0.02507837,-0.055737705,-0.022075055,-0.028888889,0.028277635,-0.059936909
