"Code","Name","LA_code","LA_name","All","X0to15","X16to29","X30to44","X45to64","X65plus"
"E01028484","Cherwell 011E","E07000177","Cherwell",0.029356061,0.011428571,0.111111111,0.035714286,-0.01312336,0.069767442
