"Code","Name","LA_code","LA_name","All","X0to15","X16to29","X30to44","X45to64","X65plus"
"E01028450","Cherwell 005B","E07000177","Cherwell",-0.0136897,-0.032327586,-0.007117438,0.022857143,-0.016556291,-0.051094891
