"Code","Name","LA_code","LA_name","All","X0to15","X16to29","X30to44","X45to64","X65plus"
"E01028499","Cherwell 011F","E07000177","Cherwell",-0.002941176,0.007092199,-0.023364486,-0.030769231,-0.003913894,0.027173913
