"Code","Name","LA_code","LA_name","All","X0to15","X16to29","X30to44","X45to64","X65plus"
"E01028460","Cherwell 012B","E07000177","Cherwell",0.011899096,-0.001769912,0.018518519,0.022140221,0.001883239,0.050359712
