"Code","Name","LA_code","LA_name","All","X0to15","X16to29","X30to44","X45to64","X65plus"
"E01028489","Cherwell 017B","E07000177","Cherwell",0.015449438,-0.005464481,0.036764706,0.02688172,0,0.024714829
