"Code","Name","LA_code","LA_name","All","X0to15","X16to29","X30to44","X45to64","X65plus"
"E01028494","Cherwell 017E","E07000177","Cherwell",-0.005932203,-0.034934498,0.006060606,-0.00754717,-0.017647059,0.044198895
