"Code","Name","LA_code","LA_name","All","X0to15","X16to29","X30to44","X45to64","X65plus"
"E01028510","Cherwell 019B","E07000177","Cherwell",-0.003752345,0.031496063,-0.009803922,-0.022988506,0,-0.016042781
