"Code","Name","LA_code","LA_name","All","X0to15","X16to29","X30to44","X45to64","X65plus"
"E01028427","Cherwell 007B","E07000177","Cherwell",0.020080321,0.017301038,0.007326007,0.007109005,0.016216216,0.1
