"Code","Name","LA_code","LA_name","All","X0to15","X16to29","X30to44","X45to64","X65plus"
"E01028492","Cherwell 018A","E07000177","Cherwell",0.028228652,0.041841004,0.085106383,0.016326531,0.023809524,0.002724796
