"Code","Name","LA_code","LA_name","All","X0to15","X16to29","X30to44","X45to64","X65plus"
"E01028457","Cherwell 013C","E07000177","Cherwell",0.01174743,0.042471042,0.004405286,-0.015151515,0.024449878,-0.009852217
