"Code","Name","LA_code","LA_name","All","X0to15","X16to29","X30to44","X45to64","X65plus"
"E01028481","Cherwell 010A","E07000177","Cherwell",-0.016161616,0.01953125,-0.061538462,-0.009302326,-0.009049774,-0.033936652
