"Code","Name","LA_code","LA_name","All","X0to15","X16to29","X30to44","X45to64","X65plus"
"E01028433","Cherwell 006D","E07000177","Cherwell",0.005357143,-0.043269231,-0.016129032,0.013157895,0.025641026,0.010169492
