"Code","Name","LA_code","LA_name","All","X0to15","X16to29","X30to44","X45to64","X65plus"
"E01028476","Cherwell 008D","E07000177","Cherwell",-0.01219963,-0.015517241,-0.025,0.00257732,-0.011477762,-0.008928571
