"Code","Name","LA_code","LA_name","All","X0to15","X16to29","X30to44","X45to64","X65plus"
"E01028501","Cherwell 016E","E07000177","Cherwell",-0.014975042,-0.010204082,0.072,-0.050847458,-0.026960784,-0.016891892
