"Code","Name","LA_code","LA_name","All","X0to15","X16to29","X30to44","X45to64","X65plus"
"E01028509","Cherwell 001D","E07000177","Cherwell",-0.009043928,-0.049382716,0.068493151,-0.00921659,-0.001845018,-0.0225
