"Code","Name","LA_code","LA_name","All","X0to15","X16to29","X30to44","X45to64","X65plus"
"E01032943","Cherwell 002E","E07000177","Cherwell",0.039252336,0.026004728,0.050387597,0.051502146,0.01396648,0.1
