"Code","Name","LA_code","LA_name","All","X0to15","X16to29","X30to44","X45to64","X65plus"
"E01028485","Cherwell 009B","E07000177","Cherwell",-0.013303769,0.042402827,-0.013157895,-0.023041475,-0.016786571,-0.056338028
