"Code","Name","LA_code","LA_name","All","X0to15","X16to29","X30to44","X45to64","X65plus"
"E01028493","Cherwell 018B","E07000177","Cherwell",0.027936963,0.073643411,0.015075377,0.030888031,-0.005405405,0.035483871
