"Code","Name","LA_code","LA_name","All","X0to15","X16to29","X30to44","X45to64","X65plus"
"E01028486","Cherwell 009C","E07000177","Cherwell",-0.014693878,-0.059405941,-0.038095238,-0.01734104,-0.00245098,0.005934718
