"Code","Name","LA_code","LA_name","All","X0to15","X16to29","X30to44","X45to64","X65plus"
"E01018662","Cheshire East 002B","E06000049","Cheshire East",0.002624672,-0.014285714,0.07751938,0.013452915,-0.002941176,-0.024896266
