"Code","Name","LA_code","LA_name","All","X0to15","X16to29","X30to44","X45to64","X65plus"
"E01018578","Cheshire East 013D","E06000049","Cheshire East",0.056027165,-0.004784689,0.103703704,0.064676617,0.04735376,0.083941606
