"Code","Name","LA_code","LA_name","All","X0to15","X16to29","X30to44","X45to64","X65plus"
"E01018593","Cheshire East 004C","E06000049","Cheshire East",0.042047532,0.108786611,0.051020408,-0.006920415,0.028865979,0.048611111
