"Code","Name","LA_code","LA_name","All","X0to15","X16to29","X30to44","X45to64","X65plus"
"E01019592","Chesterfield 011E","E07000034","Chesterfield",0.009994121,0.064516129,-0.005464481,-0.005154639,-0.001956947,0.003745318
