"Code","Name","LA_code","LA_name","All","X0to15","X16to29","X30to44","X45to64","X65plus"
"E01018585","Cheshire East 001A","E06000049","Cheshire East",0.002242152,0.021164021,0,-0.07027027,-0.012903226,0.051136364
