"Code","Name","LA_code","LA_name","All","X0to15","X16to29","X30to44","X45to64","X65plus"
"E01018655","Cheshire East 003A","E06000049","Cheshire East",-0.005232178,0.016736402,0.020979021,0.054794521,-0.017326733,-0.038167939
