"Code","Name","LA_code","LA_name","All","X0to15","X16to29","X30to44","X45to64","X65plus"
"E01018686","Cheshire West and Chester 002B","E06000050","Cheshire West and Chester",0.049226442,0.003194888,0.134259259,0.08815427,0.053097345,-0.052356021
