"Code","Name","LA_code","LA_name","All","X0to15","X16to29","X30to44","X45to64","X65plus"
"E01018387","Cheshire East 040A","E06000049","Cheshire East",-0.001769912,-0.025210084,0.015873016,0.011235955,0.002314815,-0.004559271
