"Code","Name","LA_code","LA_name","All","X0to15","X16to29","X30to44","X45to64","X65plus"
"E01033388","Chesterfield 010G","E07000034","Chesterfield",-0.032994924,-0.025974026,-0.046153846,-0.031914894,-0.05511811,0.021505376
