"Code","Name","LA_code","LA_name","All","X0to15","X16to29","X30to44","X45to64","X65plus"
"E01018606","Cheshire East 010C","E06000049","Cheshire East",-0.025786164,-0.024,-0.032967033,-0.021276596,-0.04787234,-0.008830022
