"Code","Name","LA_code","LA_name","All","X0to15","X16to29","X30to44","X45to64","X65plus"
"E01019562","Chesterfield 008F","E07000034","Chesterfield",-0.001682086,-0.040462428,-0.023529412,0.014705882,0.023668639,-0.006578947
