"Code","Name","LA_code","LA_name","All","X0to15","X16to29","X30to44","X45to64","X65plus"
"E01018412","Cheshire East 022C","E06000049","Cheshire East",-0.013477089,-0.036649215,-0.021126761,-0.055555556,0.026262626,-0.028340081
