"Code","Name","LA_code","LA_name","All","X0to15","X16to29","X30to44","X45to64","X65plus"
"E01018487","Cheshire East 043B","E06000049","Cheshire East",-0.00994152,-0.011331445,0.012019231,-0.011494253,0.022284123,-0.142857143
