"Code","Name","LA_code","LA_name","All","X0to15","X16to29","X30to44","X45to64","X65plus"
"E01019532","Chesterfield 005A","E07000034","Chesterfield",-0.049044057,-0.060301508,-0.093023256,0,-0.0234375,-0.088353414
