"Code","Name","LA_code","LA_name","All","X0to15","X16to29","X30to44","X45to64","X65plus"
"E01018442","Cheshire East 031C","E06000049","Cheshire East",0.075331565,0.034759358,0.066225166,0.047169811,0.118867925,0.085872576
