"Code","Name","LA_code","LA_name","All","X0to15","X16to29","X30to44","X45to64","X65plus"
"E01018596","Cheshire East 004F","E06000049","Cheshire East",0.009995002,-0.010330579,0.014285714,0.021126761,0.019083969,0.004608295
