"Code","Name","LA_code","LA_name","All","X0to15","X16to29","X30to44","X45to64","X65plus"
"E01018388","Cheshire East 040B","E06000049","Cheshire East",0.010088272,0.019662921,0.044897959,0.038834951,-0.012690355,-0.031914894
