"Code","Name","LA_code","LA_name","All","X0to15","X16to29","X30to44","X45to64","X65plus"
"E01018563","Cheshire West and Chester 007D","E06000050","Cheshire West and Chester",0.013275924,-0.007194245,0.003430532,0.015698587,0.057513915,-0.003003003
