"Code","Name","LA_code","LA_name","All","X0to15","X16to29","X30to44","X45to64","X65plus"
"E01018448","Cheshire East 045D","E06000049","Cheshire East",0.018246027,0.024822695,-0.012698413,0.015197568,0.00621118,0.068965517
