"Code","Name","LA_code","LA_name","All","X0to15","X16to29","X30to44","X45to64","X65plus"
"E01019543","Chesterfield 004C","E07000034","Chesterfield",0.019723866,-0.007751938,-0.007220217,0.026936027,0.036407767,0.039711191
