"Code","Name","LA_code","LA_name","All","X0to15","X16to29","X30to44","X45to64","X65plus"
"E01019552","Chesterfield 006D","E07000034","Chesterfield",-0.008982036,-0.007067138,-0.008,-0.008928571,-0.012626263,-0.005464481
