"Code","Name","LA_code","LA_name","All","X0to15","X16to29","X30to44","X45to64","X65plus"
"E01018470","Cheshire East 041D","E06000049","Cheshire East",-0.006364922,-0.021164021,0.015,0.021978022,-0.02661597,0.006309148
