"Code","Name","LA_code","LA_name","All","X0to15","X16to29","X30to44","X45to64","X65plus"
"E01018583","Cheshire East 005A","E06000049","Cheshire East",-0.000537057,0.021447721,-0.012195122,0.025522042,-0.025193798,-0.013513514
