"Code","Name","LA_code","LA_name","All","X0to15","X16to29","X30to44","X45to64","X65plus"
"E01019554","Chesterfield 010B","E07000034","Chesterfield",-0.014253563,0.019230769,-0.007246377,-0.021604938,-0.002747253,-0.080745342
