"Code","Name","LA_code","LA_name","All","X0to15","X16to29","X30to44","X45to64","X65plus"
"E01018327","Cheshire West and Chester 033B","E06000050","Cheshire West and Chester",0.006696429,-0.008298755,-0.001788909,0.003838772,0.008510638,0.026726058
