"Code","Name","LA_code","LA_name","All","X0to15","X16to29","X30to44","X45to64","X65plus"
"E01018601","Cheshire East 006B","E06000049","Cheshire East",-0.0455594,-0.065292096,0,-0.063013699,-0.035634744,-0.048275862
