"Code","Name","LA_code","LA_name","All","X0to15","X16to29","X30to44","X45to64","X65plus"
"E01018455","Cheshire East 047C","E06000049","Cheshire East",-0.022883295,-0.068571429,-0.056338028,-0.005263158,-0.02173913,-0.002293578
