"Code","Name","LA_code","LA_name","All","X0to15","X16to29","X30to44","X45to64","X65plus"
"E01018626","Cheshire East 016A","E06000049","Cheshire East",-0.008572653,-0.004282655,0.031518625,-0.012773723,-0.011744966,-0.040214477
