"Code","Name","LA_code","LA_name","All","X0to15","X16to29","X30to44","X45to64","X65plus"
"E01018433","Cheshire East 032B","E06000049","Cheshire East",-0.013229572,-0.042168675,-0.028776978,0.047619048,-0.004901961,-0.025882353
