"Code","Name","LA_code","LA_name","All","X0to15","X16to29","X30to44","X45to64","X65plus"
"E01018569","Cheshire West and Chester 004B","E06000050","Cheshire West and Chester",0.017474186,0.017647059,-0.019230769,0.158415842,0.026894866,-0.011820331
