"Code","Name","LA_code","LA_name","All","X0to15","X16to29","X30to44","X45to64","X65plus"
"E01018544","Cheshire West and Chester 006C","E06000050","Cheshire West and Chester",0.010555947,0.026143791,-0.013761468,0.061538462,-0.012903226,0.020512821
