"Code","Name","LA_code","LA_name","All","X0to15","X16to29","X30to44","X45to64","X65plus"
"E01018427","Cheshire East 024D","E06000049","Cheshire East",-0.006216006,-0.03960396,0.058139535,-0.068571429,0.02293578,-0.026490066
