"Code","Name","LA_code","LA_name","All","X0to15","X16to29","X30to44","X45to64","X65plus"
"E01018446","Cheshire East 045B","E06000049","Cheshire East",-0.002873563,-0.022900763,-0.015209125,0.019305019,-0.007653061,0.018518519
