"Code","Name","LA_code","LA_name","All","X0to15","X16to29","X30to44","X45to64","X65plus"
"E01018605","Cheshire East 009A","E06000049","Cheshire East",0.019766397,0.104761905,0.051282051,0.083333333,-0.015772871,-0.034090909
