"Code","Name","LA_code","LA_name","All","X0to15","X16to29","X30to44","X45to64","X65plus"
"E01018392","Cheshire East 042C","E06000049","Cheshire East",-0.006462036,-0.038095238,0,-0.003205128,0.005576208,-0.004319654
