"Code","Name","LA_code","LA_name","All","X0to15","X16to29","X30to44","X45to64","X65plus"
"E01018609","Cheshire East 009B","E06000049","Cheshire East",-0.003552398,0,-0.039548023,0.004016064,-0.036764706,0.026132404
