"Code","Name","LA_code","LA_name","All","X0to15","X16to29","X30to44","X45to64","X65plus"
"E01018390","Cheshire East 040D","E06000049","Cheshire East",0.003658537,0.008064516,-0.005076142,0,-0.013824885,0.021235521
