"Code","Name","LA_code","LA_name","All","X0to15","X16to29","X30to44","X45to64","X65plus"
"E01018612","Cheshire East 005C","E06000049","Cheshire East",-0.011885895,-0.038194444,0.016666667,-0.024390244,-0.016447368,0.016393443
