"Code","Name","LA_code","LA_name","All","X0to15","X16to29","X30to44","X45to64","X65plus"
"E01018450","Cheshire East 051B","E06000049","Cheshire East",0.019110926,0,0.035856574,0.034161491,0.022727273,0.011904762
