"Code","Name","LA_code","LA_name","All","X0to15","X16to29","X30to44","X45to64","X65plus"
"E01018591","Cheshire East 020A","E06000049","Cheshire East",0.029583147,0.068181818,0.046610169,0.031496063,0.012362637,0.02670227
