"Code","Name","LA_code","LA_name","All","X0to15","X16to29","X30to44","X45to64","X65plus"
"E01018310","Cheshire West and Chester 029B","E06000050","Cheshire West and Chester",0.021122112,0.028011204,0.022727273,0.025179856,-0.002659574,0.045918367
