"Code","Name","LA_code","LA_name","All","X0to15","X16to29","X30to44","X45to64","X65plus"
"E01019585","Chesterfield 012G","E07000034","Chesterfield",-0.047473868,-0.06006006,-0.067864271,-0.038076152,-0.043189369,-0.027700831
