"Code","Name","LA_code","LA_name","All","X0to15","X16to29","X30to44","X45to64","X65plus"
"E01018504","Cheshire East 050D","E06000049","Cheshire East",-0.012367491,0.020833333,-0.032653061,-0.042145594,0.011210762,-0.023715415
