"Code","Name","LA_code","LA_name","All","X0to15","X16to29","X30to44","X45to64","X65plus"
"E01018321","Cheshire West and Chester 041B","E06000050","Cheshire West and Chester",0.077557756,0.151960784,0.071428571,0.130232558,0.005494505,0.079207921
