"Code","Name","LA_code","LA_name","All","X0to15","X16to29","X30to44","X45to64","X65plus"
"E01018422","Cheshire East 025D","E06000049","Cheshire East",-0.025216138,-0.043137255,-0.037037037,-0.004255319,-0.045454545,0.01048951
