"Code","Name","LA_code","LA_name","All","X0to15","X16to29","X30to44","X45to64","X65plus"
"E01018503","Cheshire East 050C","E06000049","Cheshire East",-0.001221747,-0.008264463,-0.034883721,-0.065502183,0.020100503,0.021812081
