"Code","Name","LA_code","LA_name","All","X0to15","X16to29","X30to44","X45to64","X65plus"
"E01018721","Cheshire West and Chester 003C","E06000050","Cheshire West and Chester",0.016814573,0.006802721,0.041666667,0.040955631,0.00129199,0.021276596
