"Code","Name","LA_code","LA_name","All","X0to15","X16to29","X30to44","X45to64","X65plus"
"E01019537","Chesterfield 007A","E07000034","Chesterfield",0.024633822,0.031746032,0.020833333,0.02020202,0.01026694,0.042895442
