"Code","Name","LA_code","LA_name","All","X0to15","X16to29","X30to44","X45to64","X65plus"
"E01018411","Cheshire East 022B","E06000049","Cheshire East",0.007439825,-0.008595989,0.008733624,-0.003597122,-0.003811944,0.034267913
