"Code","Name","LA_code","LA_name","All","X0to15","X16to29","X30to44","X45to64","X65plus"
"E01018425","Cheshire East 024B","E06000049","Cheshire East",-0.01843044,-0.102459016,0.008547009,0.019455253,-0.00814664,-0.019736842
