"Code","Name","LA_code","LA_name","All","X0to15","X16to29","X30to44","X45to64","X65plus"
"E01018414","Cheshire East 023B","E06000049","Cheshire East",0.028549962,0.038888889,-0.078431373,-0.024096386,0.061007958,0.039525692
