"Code","Name","LA_code","LA_name","All","X0to15","X16to29","X30to44","X45to64","X65plus"
"E01018426","Cheshire East 024C","E06000049","Cheshire East",0.043341709,0.046153846,0.066666667,0.012987013,0.027253669,0.062360802
