"Code","Name","LA_code","LA_name","All","X0to15","X16to29","X30to44","X45to64","X65plus"
"E01018418","Cheshire East 033C","E06000049","Cheshire East",-0.010582011,0,-0.058823529,0.03030303,-0.001992032,-0.025114155
