"Code","Name","LA_code","LA_name","All","X0to15","X16to29","X30to44","X45to64","X65plus"
"E01018436","Cheshire East 030A","E06000049","Cheshire East",0.011111111,0.048780488,-0.096153846,-0.010810811,-0.006681514,0.058426966
