"Code","Name","LA_code","LA_name","All","X0to15","X16to29","X30to44","X45to64","X65plus"
"E01018410","Cheshire East 028D","E06000049","Cheshire East",0.005423729,0.037383178,-0.054263566,0.040816327,-0.00228833,0
