"Code","Name","LA_code","LA_name","All","X0to15","X16to29","X30to44","X45to64","X65plus"
"E01019531","Chesterfield 003D","E07000034","Chesterfield",-0.009061489,-0.003076923,-0.034129693,-0.006578947,0.004484305,-0.016949153
