"Code","Name","LA_code","LA_name","All","X0to15","X16to29","X30to44","X45to64","X65plus"
"E01018724","Cheshire West and Chester 045C","E06000050","Cheshire West and Chester",0.034504391,0.086065574,0.034883721,0.02293578,0.02020202,0.027956989
