"Code","Name","LA_code","LA_name","All","X0to15","X16to29","X30to44","X45to64","X65plus"
"E01018484","Cheshire East 037C","E06000049","Cheshire East",0.007822149,-0.00811908,0.032183908,-0.003502627,-0.022556391,0.077192982
