"Code","Name","LA_code","LA_name","All","X0to15","X16to29","X30to44","X45to64","X65plus"
"E01018631","Cheshire East 016E","E06000049","Cheshire East",0.033595425,0.064935065,0.047169811,0.003546099,0.019851117,0.04797048
