"Code","Name","LA_code","LA_name","All","X0to15","X16to29","X30to44","X45to64","X65plus"
"E01018458","Cheshire East 051C","E06000049","Cheshire East",-0.003773585,-0.008498584,-0.025531915,0.021052632,-0.009776536,0.003766478
