"Code","Name","LA_code","LA_name","All","X0to15","X16to29","X30to44","X45to64","X65plus"
"E01018669","Cheshire East 020C","E06000049","Cheshire East",-0.004763795,-0.021333333,0.022304833,-0.029411765,0.001129944,-0.001538462
