"Code","Name","LA_code","LA_name","All","X0to15","X16to29","X30to44","X45to64","X65plus"
"E01018441","Cheshire East 031B","E06000049","Cheshire East",-0.010025063,0.010964912,-0.020618557,0.006756757,-0.030520646,-0.02
