"Code","Name","LA_code","LA_name","All","X0to15","X16to29","X30to44","X45to64","X65plus"
"E01018408","Cheshire East 028B","E06000049","Cheshire East",0.005392451,0.008,0.066176471,0.011494253,-0.00750469,-0.00204499
