"Code","Name","LA_code","LA_name","All","X0to15","X16to29","X30to44","X45to64","X65plus"
"E01018415","Cheshire East 023C","E06000049","Cheshire East",-0.009322561,-0.08,-0.044585987,0.073076923,-0.022670025,0.003669725
