"Code","Name","LA_code","LA_name","All","X0to15","X16to29","X30to44","X45to64","X65plus"
"E01019526","Chesterfield 001A","E07000034","Chesterfield",0.008295626,-0.004672897,0.028340081,0,0.02259887,-0.01171875
