"Code","Name","LA_code","LA_name","All","X0to15","X16to29","X30to44","X45to64","X65plus"
"E01018445","Cheshire East 045A","E06000049","Cheshire East",-0.012444002,-0.00856531,-0.006122449,-0.049250535,-0.01754386,0.064516129
