"Code","Name","LA_code","LA_name","All","X0to15","X16to29","X30to44","X45to64","X65plus"
"E01018509","Cheshire East 048E","E06000049","Cheshire East",0.070543375,0.074468085,0.063636364,0.068062827,0.078313253,0.061403509
