"Code","Name","LA_code","LA_name","All","X0to15","X16to29","X30to44","X45to64","X65plus"
"E01018650","Cheshire East 007E","E06000049","Cheshire East",0.000573723,0.018927445,0.032258065,0.011396011,-0.010204082,-0.029891304
