"Code","Name","LA_code","LA_name","All","X0to15","X16to29","X30to44","X45to64","X65plus"
"E01018462","Cheshire East 039A","E06000049","Cheshire East",-0.016255899,-0.03030303,0.002192982,0.007281553,-0.063218391,0
