"Code","Name","LA_code","LA_name","All","X0to15","X16to29","X30to44","X45to64","X65plus"
"E01019563","Chesterfield 002A","E07000034","Chesterfield",-0.015715949,-0.039823009,-0.005847953,-0.03601108,-0.018817204,0.068062827
