"Code","Name","LA_code","LA_name","All","X0to15","X16to29","X30to44","X45to64","X65plus"
"E01018428","Cheshire East 033D","E06000049","Cheshire East",0.030280091,0.104166667,0.029069767,0.025641026,-0.002197802,0.035830619
