"Code","Name","LA_code","LA_name","All","X0to15","X16to29","X30to44","X45to64","X65plus"
"E01019534","Chesterfield 005C","E07000034","Chesterfield",0.052186178,0.090163934,0.036842105,0.02994012,0.071428571,0.03960396
