"Code","Name","LA_code","LA_name","All","X0to15","X16to29","X30to44","X45to64","X65plus"
"E01019553","Chesterfield 003E","E07000034","Chesterfield",-0.011476265,-0.007075472,0.030487805,-0.03030303,-0.019189765,-0.025641026
