"Code","Name","LA_code","LA_name","All","X0to15","X16to29","X30to44","X45to64","X65plus"
"E01018675","Cheshire West and Chester 003A","E06000050","Cheshire West and Chester",0.007897335,0.063758389,-0.058035714,0.031468531,-0.005839416,0.009380863
