"Code","Name","LA_code","LA_name","All","X0to15","X16to29","X30to44","X45to64","X65plus"
"E01018595","Cheshire East 004E","E06000049","Cheshire East",0.001260239,0.016393443,-0.036199095,0.003278689,-0.002475248,0.014204545
