"Code","Name","LA_code","LA_name","All","X0to15","X16to29","X30to44","X45to64","X65plus"
"E01019544","Chesterfield 004D","E07000034","Chesterfield",0.031612903,0.032727273,0.056994819,0.023622047,0.014423077,0.041262136
