"Code","Name","LA_code","LA_name","All","X0to15","X16to29","X30to44","X45to64","X65plus"
"E01018514","Cheshire East 051E","E06000049","Cheshire East",0.015196078,-0.018461538,0.073732719,0.02247191,0.008264463,0.017821782
