"Code","Name","LA_code","LA_name","All","X0to15","X16to29","X30to44","X45to64","X65plus"
"E01018486","Cheshire East 043A","E06000049","Cheshire East",0.00128783,0.012711864,-0.014669927,-0.008595989,0.032432432,-0.021164021
