"Code","Name","LA_code","LA_name","All","X0to15","X16to29","X30to44","X45to64","X65plus"
"E01018485","Cheshire East 037D","E06000049","Cheshire East",0.008951407,-0.022277228,0.03960396,-0.003012048,0.020527859,0.027173913
