"Code","Name","LA_code","LA_name","All","X0to15","X16to29","X30to44","X45to64","X65plus"
"E01018735","Cheshire West and Chester 042B","E06000050","Cheshire West and Chester",0.020849421,-0.048076923,0.026548673,0.020833333,0.024064171,0.068825911
