"Code","Name","LA_code","LA_name","All","X0to15","X16to29","X30to44","X45to64","X65plus"
"E01018330","Cheshire West and Chester 034D","E06000050","Cheshire West and Chester",0.045709703,0.148760331,0.016722408,0.051282051,0.041860465,0.076433121
