"Code","Name","LA_code","LA_name","All","X0to15","X16to29","X30to44","X45to64","X65plus"
"E01018656","Cheshire East 003B","E06000049","Cheshire East",0.035433071,-0.025316456,0.02,0.091891892,-0.036363636,0.109375
