"Code","Name","LA_code","LA_name","All","X0to15","X16to29","X30to44","X45to64","X65plus"
"E01018510","Cheshire East 044A","E06000049","Cheshire East",-0.007848267,-0.003472222,-0.004048583,0.017241379,-0.014861996,-0.034334764
