"Code","Name","LA_code","LA_name","All","X0to15","X16to29","X30to44","X45to64","X65plus"
"E01018633","Cheshire East 017E","E06000049","Cheshire East",0.038987688,0.075,0.06547619,0.057471264,0.064220183,-0.01446281
