"Code","Name","LA_code","LA_name","All","X0to15","X16to29","X30to44","X45to64","X65plus"
"E01018416","Cheshire East 023D","E06000049","Cheshire East",0.002512563,-0.006711409,-0.016393443,0.003846154,-0.002074689,0.024390244
