"Code","Name","LA_code","LA_name","All","X0to15","X16to29","X30to44","X45to64","X65plus"
"E01019580","Chesterfield 007D","E07000034","Chesterfield",-0.00122549,-0.010033445,-0.005830904,0.036065574,0.005089059,-0.034246575
