"Code","Name","LA_code","LA_name","All","X0to15","X16to29","X30to44","X45to64","X65plus"
"E01018353","Cheshire West and Chester 044C","E06000050","Cheshire West and Chester",0.01758794,0.077170418,0.007722008,0.022813688,0.002145923,-0.017064846
