"Code","Name","LA_code","LA_name","All","X0to15","X16to29","X30to44","X45to64","X65plus"
"E01018505","Cheshire East 046D","E06000049","Cheshire East",-0.017142857,-0.020689655,-0.046357616,0,-0.01396648,-0.010948905
