"Code","Name","LA_code","LA_name","All","X0to15","X16to29","X30to44","X45to64","X65plus"
"E01018659","Cheshire East 003D","E06000049","Cheshire East",0,0.063953488,-0.089430894,0.041958042,-0.005479452,-0.00867679
