"Code","Name","LA_code","LA_name","All","X0to15","X16to29","X30to44","X45to64","X65plus"
"E01018526","Cheshire West and Chester 016A","E06000050","Cheshire West and Chester",0.016613419,0.027559055,0.021367521,-0.004504505,0.003992016,0.036723164
