"Code","Name","LA_code","LA_name","All","X0to15","X16to29","X30to44","X45to64","X65plus"
"E01018476","Cheshire East 035B","E06000049","Cheshire East",0.001477105,-0.007009346,-0.024691358,-0.008163265,0.012195122,0.052083333
