"Code","Name","LA_code","LA_name","All","X0to15","X16to29","X30to44","X45to64","X65plus"
"E01018400","Cheshire East 026C","E06000049","Cheshire East",0.010540184,-0.009380863,-0.005063291,-0.002252252,-0.001751313,0.098802395
