"Code","Name","LA_code","LA_name","All","X0to15","X16to29","X30to44","X45to64","X65plus"
"E01018579","Cheshire East 013E","E06000049","Cheshire East",-0.009124088,-0.03125,0,0.021978022,0.006389776,-0.038297872
