"Code","Name","LA_code","LA_name","All","X0to15","X16to29","X30to44","X45to64","X65plus"
"E01018666","Cheshire East 011A","E06000049","Cheshire East",-0.011544805,0.034965035,-0.034285714,0,-0.013377926,-0.02915952
