"Code","Name","LA_code","LA_name","All","X0to15","X16to29","X30to44","X45to64","X65plus"
"E01018429","Cheshire East 033E","E06000049","Cheshire East",-0.002610966,-0.018604651,0.081521739,-0.052380952,-0.022,0.016548463
