"Code","Name","LA_code","LA_name","All","X0to15","X16to29","X30to44","X45to64","X65plus"
"E01019578","Chesterfield 013D","E07000034","Chesterfield",0.013793103,0.019230769,0.035031847,0.034013605,0.005025126,-0.025270758
