"Code","Name","LA_code","LA_name","All","X0to15","X16to29","X30to44","X45to64","X65plus"
"E01018461","Cheshire East 036C","E06000049","Cheshire East",-0.014276003,0.00330033,-0.016806723,0.011029412,-0.027108434,-0.036809816
