"Code","Name","LA_code","LA_name","All","X0to15","X16to29","X30to44","X45to64","X65plus"
"E01019587","Chesterfield 011B","E07000034","Chesterfield",-0.068013468,-0.090497738,-0.093333333,-0.068376068,-0.055555556,-0.053156146
