"Code","Name","LA_code","LA_name","All","X0to15","X16to29","X30to44","X45to64","X65plus"
"E01018718","Cheshire West and Chester 017D","E06000050","Cheshire West and Chester",0.007312614,0.035856574,0.019607843,-0.028673835,0.007079646,0.006872852
