"Code","Name","LA_code","LA_name","All","X0to15","X16to29","X30to44","X45to64","X65plus"
"E01018534","Cheshire West and Chester 001A","E06000050","Cheshire West and Chester",0.002375297,0.009708738,0.021582734,0.020408163,-0.009049774,-0.027210884
