"Code","Name","LA_code","LA_name","All","X0to15","X16to29","X30to44","X45to64","X65plus"
"E01018652","Cheshire East 006D","E06000049","Cheshire East",0.032960199,0.016949153,0.046783626,0.071917808,0.01369863,0.039285714
