"Code","Name","LA_code","LA_name","All","X0to15","X16to29","X30to44","X45to64","X65plus"
"E01018477","Cheshire East 035C","E06000049","Cheshire East",-0.006289308,-0.019704433,0.034188034,0.003584229,-0.02994012,-0.002967359
