"Code","Name","LA_code","LA_name","All","X0to15","X16to29","X30to44","X45to64","X65plus"
"E01031508","Chichester 003A","E07000225","Chichester",0.007526342,0.006622517,0.030434783,0.020576132,0.002936858,-0.001862197
