"Code","Name","LA_code","LA_name","All","X0to15","X16to29","X30to44","X45to64","X65plus"
"E01031539","Chichester 012F","E07000225","Chichester",-0.017953321,-0.046296296,-0.038251366,-0.010714286,0.025547445,-0.043478261
