"Code","Name","LA_code","LA_name","All","X0to15","X16to29","X30to44","X45to64","X65plus"
"E01031526","Chichester 014E","E07000225","Chichester",-0.028115502,-0.037974684,0,-0.007407407,-0.066137566,-0.00965251
