"Code","Name","LA_code","LA_name","All","X0to15","X16to29","X30to44","X45to64","X65plus"
"E01031532","Chichester 009C","E07000225","Chichester",0.010559006,0.012886598,0.010548523,0.022556391,0.005128205,-0.019480519
