"Code","Name","LA_code","LA_name","All","X0to15","X16to29","X30to44","X45to64","X65plus"
"E01031499","Chichester 013A","E07000225","Chichester",-0.061707989,-0.121710526,-0.020325203,-0.109717868,-0.048780488,-0.024229075
