"Code","Name","LA_code","LA_name","All","X0to15","X16to29","X30to44","X45to64","X65plus"
"E01031494","Chichester 008E","E07000225","Chichester",0.036105738,0.072164948,0.018382353,0.0375,0.025575448,0.030812325
