"Code","Name","LA_code","LA_name","All","X0to15","X16to29","X30to44","X45to64","X65plus"
"E01031498","Chichester 005C","E07000225","Chichester",-0.01759015,-0.00990099,-0.050724638,-0.068027211,0.013404826,-0.02166065
