"Code","Name","LA_code","LA_name","All","X0to15","X16to29","X30to44","X45to64","X65plus"
"E01031502","Chichester 001A","E07000225","Chichester",-0.023650697,-0.017977528,-0.006329114,0.006493506,-0.021008403,-0.083969466
