"Code","Name","LA_code","LA_name","All","X0to15","X16to29","X30to44","X45to64","X65plus"
"E01031476","Chichester 009B","E07000225","Chichester",0.005909389,0.021459227,0.05785124,-0.025906736,-0.011261261,0.013157895
