"Code","Name","LA_code","LA_name","All","X0to15","X16to29","X30to44","X45to64","X65plus"
"E01031535","Chichester 009E","E07000225","Chichester",-0.017169923,0.014285714,0.065693431,0.030567686,-0.004123711,-0.084229391
