"Code","Name","LA_code","LA_name","All","X0to15","X16to29","X30to44","X45to64","X65plus"
"E01031504","Chichester 001C","E07000225","Chichester",0.017225326,0.058411215,0.03125,0.049140049,0,-0.026070764
