"Code","Name","LA_code","LA_name","All","X0to15","X16to29","X30to44","X45to64","X65plus"
"E01031485","Chichester 006B","E07000225","Chichester",0.024096386,0.08994709,0.016574586,0.021276596,0.012048193,0.014084507
