"Code","Name","LA_code","LA_name","All","X0to15","X16to29","X30to44","X45to64","X65plus"
"E01031514","Chichester 005D","E07000225","Chichester",0.007696537,-0.011904762,0.096969697,-0.017621145,0.006134969,0.002915452
