"Code","Name","LA_code","LA_name","All","X0to15","X16to29","X30to44","X45to64","X65plus"
"E01031519","Chichester 001D","E07000225","Chichester",0.015714286,-0.071672355,0.097402597,-0.031496063,0.018648019,0.103703704
