"Code","Name","LA_code","LA_name","All","X0to15","X16to29","X30to44","X45to64","X65plus"
"E01031489","Chichester 012A","E07000225","Chichester",-0.009102731,-0.039473684,0.006872852,0.038626609,-0.03440367,-0.002857143
