"Code","Name","LA_code","LA_name","All","X0to15","X16to29","X30to44","X45to64","X65plus"
"E01031506","Chichester 007A","E07000225","Chichester",0.023790642,0.019417476,-0.034188034,0.098684211,-0.014285714,0.057377049
