"Code","Name","LA_code","LA_name","All","X0to15","X16to29","X30to44","X45to64","X65plus"
"E01031515","Chichester 005E","E07000225","Chichester",0.033678756,0.045751634,0.037383178,0.0234375,0.023809524,0.040229885
