"Code","Name","LA_code","LA_name","All","X0to15","X16to29","X30to44","X45to64","X65plus"
"E01017780","Chiltern 003C","E07000005","Chiltern",0.011931394,0.047794118,-0.017241379,-0.024489796,0.006993007,0.040723982
