"Code","Name","LA_code","LA_name","All","X0to15","X16to29","X30to44","X45to64","X65plus"
"E01017790","Chiltern 002E","E07000005","Chiltern",-0.013651877,-0.0234375,-0.007434944,0,-0.033333333,0.009478673
