"Code","Name","LA_code","LA_name","All","X0to15","X16to29","X30to44","X45to64","X65plus"
"E01017761","Chiltern 010C","E07000005","Chiltern",0.020131086,-0.010416667,0.031111111,0.055374593,0.015360983,0.029598309
