"Code","Name","LA_code","LA_name","All","X0to15","X16to29","X30to44","X45to64","X65plus"
"E01017786","Chiltern 005D","E07000005","Chiltern",-0.016545334,-0.034591195,0.012195122,-0.017777778,-0.035864979,0.015151515
