"Code","Name","LA_code","LA_name","All","X0to15","X16to29","X30to44","X45to64","X65plus"
"E01017791","Chiltern 004B","E07000005","Chiltern",0.001940492,-0.017094017,-0.023696682,-0.002906977,0.004761905,0.059090909
