"Code","Name","LA_code","LA_name","All","X0to15","X16to29","X30to44","X45to64","X65plus"
"E01017741","Chiltern 006A","E07000005","Chiltern",0,-0.026109661,-0.005813953,-0.006688963,0.016203704,0.015151515
