"Code","Name","LA_code","LA_name","All","X0to15","X16to29","X30to44","X45to64","X65plus"
"E01017789","Chiltern 002D","E07000005","Chiltern",0.010212097,-0.0041841,-0.063926941,-0.012244898,0.06116208,0.04526749
