"Code","Name","LA_code","LA_name","All","X0to15","X16to29","X30to44","X45to64","X65plus"
"E01017787","Chiltern 005E","E07000005","Chiltern",-0.009253547,0.006514658,-0.009345794,-0.004807692,-0.006355932,-0.026190476
