"Code","Name","LA_code","LA_name","All","X0to15","X16to29","X30to44","X45to64","X65plus"
"E01017754","Chiltern 011A","E07000005","Chiltern",-0.006849315,0.038869258,-0.051643192,-0.004484305,0.012711864,-0.038554217
