"Code","Name","LA_code","LA_name","All","X0to15","X16to29","X30to44","X45to64","X65plus"
"E01017759","Chiltern 010A","E07000005","Chiltern",-0.002254791,0.031161473,0.014354067,-0.029411765,-0.035781544,0.02200489
