"Code","Name","LA_code","LA_name","All","X0to15","X16to29","X30to44","X45to64","X65plus"
"E01017773","Chiltern 013A","E07000005","Chiltern",0.015312916,0.036,0.035502959,-0.01,0.027659574,-0.007263923
