"Code","Name","LA_code","LA_name","All","X0to15","X16to29","X30to44","X45to64","X65plus"
"E01024931","Chorley 006C","E07000118","Chorley",0.031654676,0.025236593,0.039130435,0.013793103,0.057401813,0.018018018
