"Code","Name","LA_code","LA_name","All","X0to15","X16to29","X30to44","X45to64","X65plus"
"E01024978","Chorley 002B","E07000118","Chorley",-0.019896831,-0.011450382,-0.03125,-0.007407407,-0.026066351,-0.023696682
