"Code","Name","LA_code","LA_name","All","X0to15","X16to29","X30to44","X45to64","X65plus"
"E01024970","Chorley 005D","E07000118","Chorley",-0.013353116,0.034482759,-0.025157233,0.004291845,-0.028037383,-0.037162162
