"Code","Name","LA_code","LA_name","All","X0to15","X16to29","X30to44","X45to64","X65plus"
"E01024959","Chorley 013B","E07000118","Chorley",-0.003452244,0.013812155,0.032967033,0,-0.022522523,-0.036231884
