"Code","Name","LA_code","LA_name","All","X0to15","X16to29","X30to44","X45to64","X65plus"
"E01024943","Chorley 012B","E07000118","Chorley",-0.047344586,-0.054927302,-0.034,-0.052919708,-0.039033457,-0.0625
