"Code","Name","LA_code","LA_name","All","X0to15","X16to29","X30to44","X45to64","X65plus"
"E01024934","Chorley 008C","E07000118","Chorley",0.022516556,-0.059633028,-0.018404908,0.064356436,0.028446389,0.05106383
