"Code","Name","LA_code","LA_name","All","X0to15","X16to29","X30to44","X45to64","X65plus"
"E01024955","Chorley 003C","E07000118","Chorley",-0.023026316,-0.072727273,0.01793722,-0.03514377,-0.006396588,-0.030508475
