"Code","Name","LA_code","LA_name","All","X0to15","X16to29","X30to44","X45to64","X65plus"
"E01024980","Chorley 002D","E07000118","Chorley",0.000695894,-0.007462687,0.044692737,-0.029535865,-0.004618938,0.0125
