"Code","Name","LA_code","LA_name","All","X0to15","X16to29","X30to44","X45to64","X65plus"
"E01024936","Chorley 010A","E07000118","Chorley",-0.005714286,0.022727273,0.016556291,-0.024861878,0.005376344,-0.047272727
