"Code","Name","LA_code","LA_name","All","X0to15","X16to29","X30to44","X45to64","X65plus"
"E01024947","Chorley 003B","E07000118","Chorley",0.004354136,-0.016339869,0.029585799,0,-0.012244898,0.072289157
