"Code","Name","LA_code","LA_name","All","X0to15","X16to29","X30to44","X45to64","X65plus"
"E01024920","Chorley 008B","E07000118","Chorley",-0.012182741,-0.033057851,0,-0.014492754,-0.010791367,-0.008391608
