"Code","Name","LA_code","LA_name","All","X0to15","X16to29","X30to44","X45to64","X65plus"
"E01024979","Chorley 002C","E07000118","Chorley",-0.002834869,0.007968127,0.029761905,0.004273504,-0.019189765,-0.010380623
