"Code","Name","LA_code","LA_name","All","X0to15","X16to29","X30to44","X45to64","X65plus"
"E01024919","Chorley 008A","E07000118","Chorley",0.02870494,0.043516101,0.049566295,0.008,0.017902813,0.036745407
