"Code","Name","LA_code","LA_name","All","X0to15","X16to29","X30to44","X45to64","X65plus"
"E01024958","Chorley 003F","E07000118","Chorley",0.022288262,0.027586207,0.012820513,0.052631579,0.006006006,0.005405405
