"Code","Name","LA_code","LA_name","All","X0to15","X16to29","X30to44","X45to64","X65plus"
"E01024973","Chorley 014E","E07000118","Chorley",-0.002272727,0.018518519,-0.041237113,-0.010526316,-0.006868132,0.015734266
