"Code","Name","LA_code","LA_name","All","X0to15","X16to29","X30to44","X45to64","X65plus"
"E01020343","Christchurch 001A","E07000048","Christchurch",0.003878474,0.005714286,0.044444444,-0.010928962,0.015184382,-0.019880716
