"Code","Name","LA_code","LA_name","All","X0to15","X16to29","X30to44","X45to64","X65plus"
"E01020358","Christchurch 003D","E07000048","Christchurch",0.003773585,-0.005347594,0.037037037,0.032258065,-0.043165468,0.020926756
