"Code","Name","LA_code","LA_name","All","X0to15","X16to29","X30to44","X45to64","X65plus"
"E01020346","Christchurch 005A","E07000048","Christchurch",-0.009242144,0.009230769,-0.015810277,-0.03358209,0,-0.014662757
