"Code","Name","LA_code","LA_name","All","X0to15","X16to29","X30to44","X45to64","X65plus"
"E01020363","Christchurch 005D","E07000048","Christchurch",0.003350084,-0.004405286,-0.027472527,0.048582996,-0.008571429,0.005319149
