"Code","Name","LA_code","LA_name","All","X0to15","X16to29","X30to44","X45to64","X65plus"
"E01020344","Christchurch 001B","E07000048","Christchurch",-0.014248705,-0.032876712,0.030769231,-0.020771513,-0.012787724,-0.031413613
