"Code","Name","LA_code","LA_name","All","X0to15","X16to29","X30to44","X45to64","X65plus"
"E01020360","Christchurch 006A","E07000048","Christchurch",0.013434579,0.050847458,0.011904762,0.005089059,-0.007894737,0.009009009
