"Code","Name","LA_code","LA_name","All","X0to15","X16to29","X30to44","X45to64","X65plus"
"E01020367","Christchurch 006D","E07000048","Christchurch",0.007494647,-0.017021277,-0.017094017,0.012605042,0.0125,0.019966722
