"Code","Name","LA_code","LA_name","All","X0to15","X16to29","X30to44","X45to64","X65plus"
"E01032739","City of London 001F","E09000001","City of London",-0.307754443,-0.032258065,-0.52247191,-0.389867841,-0.071684588,0.089285714
