"Code","Name","LA_code","LA_name","All","X0to15","X16to29","X30to44","X45to64","X65plus"
"E01000002","City of London 001B","E09000001","City of London",-0.176079734,-0.041450777,-0.398876404,-0.343949045,-0.112288136,-0.07183908
