"Code","Name","LA_code","LA_name","All","X0to15","X16to29","X30to44","X45to64","X65plus"
"E01021664","Colchester 016C","E07000071","Colchester",0.011701609,0.010869565,0.015184382,-0.009925558,0.022821577,0.017804154
