"Code","Name","LA_code","LA_name","All","X0to15","X16to29","X30to44","X45to64","X65plus"
"E01021705","Colchester 022G","E07000071","Colchester",0.009849663,0.033444816,0.00867052,0.024691358,0.006666667,-0.016666667
