"Code","Name","LA_code","LA_name","All","X0to15","X16to29","X30to44","X45to64","X65plus"
"E01021657","Colchester 016A","E07000071","Colchester",-0.011585366,-0.035483871,0.008888889,0.023809524,0,-0.058823529
