"Code","Name","LA_code","LA_name","All","X0to15","X16to29","X30to44","X45to64","X65plus"
"E01021663","Colchester 010C","E07000071","Colchester",-0.004725898,-0.047904192,-0.039215686,0.048951049,0.011560694,-0.013333333
