"Code","Name","LA_code","LA_name","All","X0to15","X16to29","X30to44","X45to64","X65plus"
"E01021699","Colchester 008D","E07000071","Colchester",0.001955671,-0.025454545,0.028503563,-0.010676157,-0.013029316,0.02
