"Code","Name","LA_code","LA_name","All","X0to15","X16to29","X30to44","X45to64","X65plus"
"E01021681","Colchester 004C","E07000071","Colchester",0.003685504,0.021276596,0.020862309,0.005382131,-0.010558069,-0.041916168
