"Code","Name","LA_code","LA_name","All","X0to15","X16to29","X30to44","X45to64","X65plus"
"E01021704","Colchester 022F","E07000071","Colchester",0.004527814,-0.007352941,0.003164557,0.027303754,0.024937656,-0.037878788
