"Code","Name","LA_code","LA_name","All","X0to15","X16to29","X30to44","X45to64","X65plus"
"E01021650","Colchester 007E","E07000071","Colchester",0.003098716,0.015831135,0.012216405,-0.012102874,-0.038647343,0.077586207
