"Code","Name","LA_code","LA_name","All","X0to15","X16to29","X30to44","X45to64","X65plus"
"E01021722","Colchester 012E","E07000071","Colchester",0.003092784,-0.00990099,0.010948905,-0.007772021,-0.001996008,0.029333333
