"Code","Name","LA_code","LA_name","All","X0to15","X16to29","X30to44","X45to64","X65plus"
"E01021733","Colchester 021C","E07000071","Colchester",-0.01297097,0.02661597,-0.026143791,-0.013574661,-0.00477327,-0.03374778
