"Code","Name","LA_code","LA_name","All","X0to15","X16to29","X30to44","X45to64","X65plus"
"E01021674","Colchester 009B","E07000071","Colchester",-0.050171821,-0.032069971,-0.013651877,-0.003194888,-0.084337349,-0.166666667
