"Code","Name","LA_code","LA_name","All","X0to15","X16to29","X30to44","X45to64","X65plus"
"E01033721","Colchester 002G","E07000071","Colchester",0.012759171,-0.025641026,0.071129707,0.003717472,0.035955056,0.054054054
