"Code","Name","LA_code","LA_name","All","X0to15","X16to29","X30to44","X45to64","X65plus"
"E01021710","Colchester 022C","E07000071","Colchester",-0.004119464,-0.033333333,-0.019920319,-0.003115265,0.005319149,0.009881423
