"Code","Name","LA_code","LA_name","All","X0to15","X16to29","X30to44","X45to64","X65plus"
"E01021698","Colchester 008C","E07000071","Colchester",0.043233083,0.082352941,0.032831737,0.02,0.028571429,0.078787879
