"Code","Name","LA_code","LA_name","All","X0to15","X16to29","X30to44","X45to64","X65plus"
"E01021690","Colchester 014B","E07000071","Colchester",0,-0.003968254,-0.034146341,0.01659751,0.025252525,-0.026666667
