"Code","Name","LA_code","LA_name","All","X0to15","X16to29","X30to44","X45to64","X65plus"
"E01021740","Colchester 017E","E07000071","Colchester",0.032758621,-0.028481013,0.083636364,0.040268456,0.002173913,0.076726343
