"Code","Name","LA_code","LA_name","All","X0to15","X16to29","X30to44","X45to64","X65plus"
"E01021680","Colchester 004B","E07000071","Colchester",0.005175983,0.029850746,0.030107527,-0.002557545,-0.01540832,-0.021084337
