"Code","Name","LA_code","LA_name","All","X0to15","X16to29","X30to44","X45to64","X65plus"
"E01021694","Colchester 019D","E07000071","Colchester",-0.00206754,0.023809524,0.007575758,-0.024038462,-0.007575758,0
