"Code","Name","LA_code","LA_name","All","X0to15","X16to29","X30to44","X45to64","X65plus"
"E01021734","Colchester 021D","E07000071","Colchester",-0.00074129,-0.083916084,0,-0.02739726,-0.017241379,0.042553191
