"Code","Name","LA_code","LA_name","All","X0to15","X16to29","X30to44","X45to64","X65plus"
"E01021643","Colchester 019A","E07000071","Colchester",0.046634225,0.052313883,0.050595238,0.028301887,0.036505867,0.07239819
