"Code","Name","LA_code","LA_name","All","X0to15","X16to29","X30to44","X45to64","X65plus"
"E01021737","Colchester 017B","E07000071","Colchester",0.027619821,0.043010753,0.041509434,0.033333333,0.065217391,-0.034013605
