"Code","Name","LA_code","LA_name","All","X0to15","X16to29","X30to44","X45to64","X65plus"
"E01021667","Colchester 016F","E07000071","Colchester",0.001287001,0.017361111,0.013289037,-0.023529412,0.01627907,-0.028571429
