"Code","Name","LA_code","LA_name","All","X0to15","X16to29","X30to44","X45to64","X65plus"
"E01021730","Colchester 003D","E07000071","Colchester",0.001191895,0.021126761,-0.032653061,0.014652015,-0.007968127,0.010695187
