"Code","Name","LA_code","LA_name","All","X0to15","X16to29","X30to44","X45to64","X65plus"
"E01021648","Colchester 007C","E07000071","Colchester",0.011726648,0.002336449,0.03777336,0.022653722,-0.007692308,-0.002475248
