"Code","Name","LA_code","LA_name","All","X0to15","X16to29","X30to44","X45to64","X65plus"
"E01021738","Colchester 017C","E07000071","Colchester",-0.011489174,-0.065326633,0.003344482,-0.012847966,0.003100775,0.00660793
