"Code","Name","LA_code","LA_name","All","X0to15","X16to29","X30to44","X45to64","X65plus"
"E01021697","Colchester 008B","E07000071","Colchester",0.010557185,-0.024861878,0.023872679,0.051020408,-0.015306122,0.032142857
