"Code","Name","LA_code","LA_name","All","X0to15","X16to29","X30to44","X45to64","X65plus"
"E01021739","Colchester 017D","E07000071","Colchester",-0.001236094,-0.007662835,0.010050251,0.030418251,-0.018907563,-0.002386635
