"Code","Name","LA_code","LA_name","All","X0to15","X16to29","X30to44","X45to64","X65plus"
"E01021702","Colchester 022D","E07000071","Colchester",-0.001458789,-0.066176471,-0.012048193,0.035335689,0.003257329,0.030769231
