"Code","Name","LA_code","LA_name","All","X0to15","X16to29","X30to44","X45to64","X65plus"
"E01021639","Colchester 018C","E07000071","Colchester",-0.04511895,-0.113402062,-0.054095827,-0.019163763,-0.033755274,0.111801242
