"Code","Name","LA_code","LA_name","All","X0to15","X16to29","X30to44","X45to64","X65plus"
"E01021665","Colchester 016D","E07000071","Colchester",-0.011165387,-0.028571429,0.008474576,-0.006535948,-0.026809651,0.014778325
