"Code","Name","LA_code","LA_name","All","X0to15","X16to29","X30to44","X45to64","X65plus"
"E01021696","Colchester 008A","E07000071","Colchester",0.007046389,0.01285347,0.004597701,0.034722222,0.002785515,-0.025862069
