"Code","Name","LA_code","LA_name","All","X0to15","X16to29","X30to44","X45to64","X65plus"
"E01021637","Colchester 018A","E07000071","Colchester",0.02173913,-0.02173913,0.042944785,0.056338028,0.005617978,0.04787234
