"Code","Name","LA_code","LA_name","All","X0to15","X16to29","X30to44","X45to64","X65plus"
"E01021723","Colchester 020A","E07000071","Colchester",-0.097098875,-0.098765432,-0.00862069,-0.084,-0.100671141,-0.13926499
