"Code","Name","LA_code","LA_name","All","X0to15","X16to29","X30to44","X45to64","X65plus"
"E01021646","Colchester 007A","E07000071","Colchester",0.006442706,-0.035928144,0.018556701,0.022018349,0.017676768,-0.004842615
