"Code","Name","LA_code","LA_name","All","X0to15","X16to29","X30to44","X45to64","X65plus"
"W01000149","Conwy 005A","W06000003","Conwy",-0.000665779,-0.008583691,0.046511628,-0.005291005,-0.031400966,0.01417004
