"Code","Name","LA_code","LA_name","All","X0to15","X16to29","X30to44","X45to64","X65plus"
"W01000142","Conwy 010D","W06000003","Conwy",-0.038163001,-0.025157233,0.028248588,-0.034965035,-0.057082452,-0.047138047
