"Code","Name","LA_code","LA_name","All","X0to15","X16to29","X30to44","X45to64","X65plus"
"W01000190","Conwy 014D","W06000003","Conwy",-0.010737294,-0.014354067,0.053571429,0.008928571,-0.00443459,-0.060869565
