"Code","Name","LA_code","LA_name","All","X0to15","X16to29","X30to44","X45to64","X65plus"
"W01000176","Conwy 011D","W06000003","Conwy",0.02532391,0.063091483,0.005434783,0.033950617,0.024213075,0
