"Code","Name","LA_code","LA_name","All","X0to15","X16to29","X30to44","X45to64","X65plus"
"W01000175","Conwy 003D","W06000003","Conwy",-0.00747198,0.035294118,-0.026666667,-0.054054054,-0.021276596,0.004195804
