"Code","Name","LA_code","LA_name","All","X0to15","X16to29","X30to44","X45to64","X65plus"
"W01001928","Conwy 010H","W06000003","Conwy",0,-0.013071895,0.085271318,-0.085365854,-0.034574468,0.050139276
