"Code","Name","LA_code","LA_name","All","X0to15","X16to29","X30to44","X45to64","X65plus"
"W01000170","Conwy 013C","W06000003","Conwy",0.025735294,0.006024096,0.017793594,0.041522491,0.010638298,0.054794521
