"Code","Name","LA_code","LA_name","All","X0to15","X16to29","X30to44","X45to64","X65plus"
"W01000171","Conwy 013D","W06000003","Conwy",-0.003324468,-0.014563107,-0.028455285,0,0,0.012820513
