"Code","Name","LA_code","LA_name","All","X0to15","X16to29","X30to44","X45to64","X65plus"
"W01000158","Conwy 004D","W06000003","Conwy",-0.00446144,0.034682081,-0.033783784,0.05952381,-0.037878788,-0.004385965
