"Code","Name","LA_code","LA_name","All","X0to15","X16to29","X30to44","X45to64","X65plus"
"W01001926","Conwy 011F","W06000003","Conwy",0.005829596,0,0.020408163,-0.016949153,0.010869565,0.007575758
