"Code","Name","LA_code","LA_name","All","X0to15","X16to29","X30to44","X45to64","X65plus"
"W01000155","Conwy 004A","W06000003","Conwy",-0.028610354,-0.016304348,-0.048484848,-0.01242236,-0.002666667,-0.048027444
