"Code","Name","LA_code","LA_name","All","X0to15","X16to29","X30to44","X45to64","X65plus"
"W01000135","Conwy 006A","W06000003","Conwy",-0.002351834,-0.069868996,-0.009708738,0.018348624,-0.008474576,0.01585504
