"Code","Name","LA_code","LA_name","All","X0to15","X16to29","X30to44","X45to64","X65plus"
"W01000177","Conwy 011E","W06000003","Conwy",0.029411765,0.153374233,-0.078534031,0,0.041543027,0.033088235
