"Code","Name","LA_code","LA_name","All","X0to15","X16to29","X30to44","X45to64","X65plus"
"W01000137","Conwy 015C","W06000003","Conwy",0.013342228,0.036697248,0.01010101,0.064676617,-0.004175365,-0.00248139
