"Code","Name","LA_code","LA_name","All","X0to15","X16to29","X30to44","X45to64","X65plus"
"W01000150","Conwy 005B","W06000003","Conwy",-0.039597315,-0.045833333,-0.066326531,-0.047619048,-0.04375,-0.012987013
