"Code","Name","LA_code","LA_name","All","X0to15","X16to29","X30to44","X45to64","X65plus"
"W01000129","Conwy 012B","W06000003","Conwy",-0.014585232,-0.004901961,0,-0.011049724,0,-0.056034483
