"Code","Name","LA_code","LA_name","All","X0to15","X16to29","X30to44","X45to64","X65plus"
"W01000138","Conwy 008A","W06000003","Conwy",-0.045533141,-0.006849315,-0.070175439,-0.030567686,-0.075949367,-0.03515625
