"Code","Name","LA_code","LA_name","All","X0to15","X16to29","X30to44","X45to64","X65plus"
"W01000141","Conwy 010C","W06000003","Conwy",0.043024772,0.0375,0.10483871,0.038961039,0.042134831,0.035135135
