"Code","Name","LA_code","LA_name","All","X0to15","X16to29","X30to44","X45to64","X65plus"
"W01000188","Conwy 002D","W06000003","Conwy",0.000594177,0.017777778,0.008230453,-0.019138756,-0.013752456,0.012072435
