"Code","Name","LA_code","LA_name","All","X0to15","X16to29","X30to44","X45to64","X65plus"
"W01000136","Conwy 006B","W06000003","Conwy",-0.010665686,-0.043668122,-0.025714286,0.035805627,0.006578947,-0.025
