"Code","Name","LA_code","LA_name","All","X0to15","X16to29","X30to44","X45to64","X65plus"
"W01000181","Conwy 008D","W06000003","Conwy",-0.018120805,-0.016722408,-0.024,-0.029411765,-0.030092593,0.021097046
