"Code","Name","LA_code","LA_name","All","X0to15","X16to29","X30to44","X45to64","X65plus"
"W01000151","Conwy 005C","W06000003","Conwy",0.010321797,0.016990291,0.055776892,0.006042296,-0.005102041,-0.01532567
