"Code","Name","LA_code","LA_name","All","X0to15","X16to29","X30to44","X45to64","X65plus"
"W01000174","Conwy 003C","W06000003","Conwy",0.004692082,0.025735294,0.003937008,-0.017699115,-0.004405286,0.012024048
