"Code","Name","LA_code","LA_name","All","X0to15","X16to29","X30to44","X45to64","X65plus"
"W01000157","Conwy 004C","W06000003","Conwy",0.004081633,0.013986014,0.007434944,0.021201413,0.015060241,-0.036666667
