"Code","Name","LA_code","LA_name","All","X0to15","X16to29","X30to44","X45to64","X65plus"
"W01000122","Conwy 014A","W06000003","Conwy",0.000946074,-0.040625,-0.03358209,0.022580645,0.024602026,0
