"Code","Name","LA_code","LA_name","All","X0to15","X16to29","X30to44","X45to64","X65plus"
"W01000167","Conwy 011C","W06000003","Conwy",0.010065425,-0.004672897,0.041666667,0.026455026,0.01026694,-0.012315271
