"Code","Name","LA_code","LA_name","All","X0to15","X16to29","X30to44","X45to64","X65plus"
"E01019261","Copeland 003A","E07000029","Copeland",-0.026385224,-0.00308642,-0.039426523,-0.006779661,-0.045454545,-0.019498607
