"Code","Name","LA_code","LA_name","All","X0to15","X16to29","X30to44","X45to64","X65plus"
"E01019289","Copeland 008C","E07000029","Copeland",0.009364548,-0.010169492,0.057268722,0.022321429,0.011037528,-0.02027027
