"Code","Name","LA_code","LA_name","All","X0to15","X16to29","X30to44","X45to64","X65plus"
"E01019294","Copeland 005C","E07000029","Copeland",0.022032694,0.070175439,-0.030701754,-0.02811245,0.021505376,0.062271062
