"Code","Name","LA_code","LA_name","All","X0to15","X16to29","X30to44","X45to64","X65plus"
"E01019287","Copeland 003F","E07000029","Copeland",0.002597403,-0.010810811,-0.022222222,0.043715847,0.006006006,-0.006269592
