"Code","Name","LA_code","LA_name","All","X0to15","X16to29","X30to44","X45to64","X65plus"
"E01019295","Copeland 005D","E07000029","Copeland",-0.007083065,-0.008602151,-0.027950311,-0.011406844,0.008849558,0.012195122
