"Code","Name","LA_code","LA_name","All","X0to15","X16to29","X30to44","X45to64","X65plus"
"E01019284","Copeland 003C","E07000029","Copeland",0.001640689,0.02970297,0.024154589,0.004975124,-0.02,-0.012944984
