"Code","Name","LA_code","LA_name","All","X0to15","X16to29","X30to44","X45to64","X65plus"
"E01019299","Copeland 008G","E07000029","Copeland",0.006704487,0.00867052,0.022082019,0.027950311,-0.015151515,0.004694836
