"Code","Name","LA_code","LA_name","All","X0to15","X16to29","X30to44","X45to64","X65plus"
"E01019258","Copeland 007B","E07000029","Copeland",-0.002012072,0.044554455,0.040268456,-0.018518519,0,-0.037634409
