"Code","Name","LA_code","LA_name","All","X0to15","X16to29","X30to44","X45to64","X65plus"
"E01019283","Copeland 008B","E07000029","Copeland",-0.025698324,0.024096386,-0.025280899,-0.037783375,-0.025641026,-0.034739454
