"Code","Name","LA_code","LA_name","All","X0to15","X16to29","X30to44","X45to64","X65plus"
"E01019279","Copeland 007C","E07000029","Copeland",-0.007380074,-0.040697674,0,-0.040816327,0.002380952,0.009029345
