"Code","Name","LA_code","LA_name","All","X0to15","X16to29","X30to44","X45to64","X65plus"
"E01019266","Copeland 004E","E07000029","Copeland",-0.003646973,-0.025510204,0.027131783,-0.018779343,-0.004273504,-0.004237288
