"Code","Name","LA_code","LA_name","All","X0to15","X16to29","X30to44","X45to64","X65plus"
"E01019264","Copeland 004C","E07000029","Copeland",-0.007647059,-0.013333333,-0.009433962,0.028070175,-0.042168675,0.023411371
