"Code","Name","LA_code","LA_name","All","X0to15","X16to29","X30to44","X45to64","X65plus"
"E01019282","Copeland 002D","E07000029","Copeland",-0.004177109,0.034146341,0.011627907,-0.009302326,0.015228426,-0.085308057
