"Code","Name","LA_code","LA_name","All","X0to15","X16to29","X30to44","X45to64","X65plus"
"E01019300","Copeland 007D","E07000029","Copeland",0.004142012,0.024911032,-0.019900498,-0.011363636,-0.020905923,0.051351351
