"Code","Name","LA_code","LA_name","All","X0to15","X16to29","X30to44","X45to64","X65plus"
"E01026976","Corby 002D","E07000150","Corby",-0.041420118,-0.058823529,-0.028368794,-0.050595238,-0.017902813,-0.064516129
