"Code","Name","LA_code","LA_name","All","X0to15","X16to29","X30to44","X45to64","X65plus"
"E01026966","Corby 006E","E07000150","Corby",0.013268156,0.053459119,0.037656904,-0.048780488,0.01369863,0
