"Code","Name","LA_code","LA_name","All","X0to15","X16to29","X30to44","X45to64","X65plus"
"E01026971","Corby 001A","E07000150","Corby",0.039466048,0.006514658,0.068592058,0.06969697,0.033402923,0.024242424
