"Code","Name","LA_code","LA_name","All","X0to15","X16to29","X30to44","X45to64","X65plus"
"E01026985","Corby 004F","E07000150","Corby",0.045945946,0.008230453,0.065116279,0.041493776,0.084705882,0.016853933
