"Code","Name","LA_code","LA_name","All","X0to15","X16to29","X30to44","X45to64","X65plus"
"E01026983","Corby 002F","E07000150","Corby",-0.00361991,0.044052863,-0.041237113,-0.052631579,0.03,-0.022857143
