"Code","Name","LA_code","LA_name","All","X0to15","X16to29","X30to44","X45to64","X65plus"
"E01032963","Corby 009B","E07000150","Corby",0.03817734,0.081232493,0.028481013,0.01980198,0.016166282,0.078947368
