"Code","Name","LA_code","LA_name","All","X0to15","X16to29","X30to44","X45to64","X65plus"
"E01026967","Corby 006F","E07000150","Corby",-0.00653239,-0.00234192,0.016778523,-0.029339853,-0.025821596,0.025270758
