"Code","Name","LA_code","LA_name","All","X0to15","X16to29","X30to44","X45to64","X65plus"
"E01026955","Corby 008C","E07000150","Corby",0.011713031,0.078817734,-0.037634409,0.00952381,0.018726592,-0.021459227
