"Code","Name","LA_code","LA_name","All","X0to15","X16to29","X30to44","X45to64","X65plus"
"E01026963","Corby 009A","E07000150","Corby",-0.005925926,-0.005571031,0.019762846,0.003533569,0.014792899,-0.145299145
