"Code","Name","LA_code","LA_name","All","X0to15","X16to29","X30to44","X45to64","X65plus"
"E01026950","Corby 005B","E07000150","Corby",0.001253918,-0.002570694,0.023026316,0.002906977,0.021390374,-0.070652174
