"Code","Name","LA_code","LA_name","All","X0to15","X16to29","X30to44","X45to64","X65plus"
"E01026961","Corby 006C","E07000150","Corby",0.004379562,-0.017910448,0.008,0.01,0.002915452,0.042253521
