"Code","Name","LA_code","LA_name","All","X0to15","X16to29","X30to44","X45to64","X65plus"
"E01032965","Corby 009D","E07000150","Corby",0.096861472,0.071929825,0.110701107,0.112903226,0.083892617,0.146067416
