"Code","Name","LA_code","LA_name","All","X0to15","X16to29","X30to44","X45to64","X65plus"
"E01026958","Corby 003B","E07000150","Corby",0.001038961,-0.020560748,-0.009646302,0.008333333,0.028634361,-0.006896552
