"Code","Name","LA_code","LA_name","All","X0to15","X16to29","X30to44","X45to64","X65plus"
"E01018817","Cornwall 047B","E06000052","Cornwall",0.009495252,-0.009375,0.044444444,0.032142857,0.011075949,-0.003395586
