"Code","Name","LA_code","LA_name","All","X0to15","X16to29","X30to44","X45to64","X65plus"
"E01018799","Cornwall 029C","E06000052","Cornwall",-0.000862813,-0.022222222,-0.047904192,-0.005319149,0.003174603,0.045454545
