"Code","Name","LA_code","LA_name","All","X0to15","X16to29","X30to44","X45to64","X65plus"
"E01018998","Cornwall 068B","E06000052","Cornwall",-0.020180932,0,-0.028571429,-0.047457627,-0.012787724,-0.012552301
