"Code","Name","LA_code","LA_name","All","X0to15","X16to29","X30to44","X45to64","X65plus"
"E01018899","Cornwall 066C","E06000052","Cornwall",0.000601504,-0.020408163,0.003575077,0.021505376,0,-0.013297872
