"Code","Name","LA_code","LA_name","All","X0to15","X16to29","X30to44","X45to64","X65plus"
"E01018979","Cornwall 061B","E06000052","Cornwall",0.010623229,-0.032,0.010309278,0.044715447,-0.011574074,0.051724138
