"Code","Name","LA_code","LA_name","All","X0to15","X16to29","X30to44","X45to64","X65plus"
"E01019042","Cornwall 039C","E06000052","Cornwall",0.059161401,0.049689441,0.032448378,0.055737705,0.088888889,0.058461538
