"Code","Name","LA_code","LA_name","All","X0to15","X16to29","X30to44","X45to64","X65plus"
"E01019033","Cornwall 039A","E06000052","Cornwall",-0.010709505,0.071428571,-0.025179856,-0.029268293,-0.002463054,-0.056657224
