"Code","Name","LA_code","LA_name","All","X0to15","X16to29","X30to44","X45to64","X65plus"
"E01019030","Cornwall 020C","E06000052","Cornwall",0.006441224,0.036423841,0.031128405,0.015665796,-0.031481481,0.010498688
