"Code","Name","LA_code","LA_name","All","X0to15","X16to29","X30to44","X45to64","X65plus"
"E01018949","Cornwall 005D","E06000052","Cornwall",0.013494318,0.057534247,-0.004149378,0.011235955,0,-0.020833333
