"Code","Name","LA_code","LA_name","All","X0to15","X16to29","X30to44","X45to64","X65plus"
"E01018957","Cornwall 008D","E06000052","Cornwall",0.015117158,0.032520325,-0.009615385,0.009615385,0.029239766,0.006269592
