"Code","Name","LA_code","LA_name","All","X0to15","X16to29","X30to44","X45to64","X65plus"
"E01018831","Cornwall 032B","E06000052","Cornwall",0.028551035,0.078231293,-0.010752688,0.063291139,0.014527845,-0.007380074
