"Code","Name","LA_code","LA_name","All","X0to15","X16to29","X30to44","X45to64","X65plus"
"E01018790","Cornwall 025C","E06000052","Cornwall",0.014319809,-0.014184397,0.033018868,0,0.011695906,0.047619048
