"Code","Name","LA_code","LA_name","All","X0to15","X16to29","X30to44","X45to64","X65plus"
"E01018937","Cornwall 001B","E06000052","Cornwall",-0.014636449,-0.026966292,-0.043243243,-0.005376344,0.012962963,-0.020460358
