"Code","Name","LA_code","LA_name","All","X0to15","X16to29","X30to44","X45to64","X65plus"
"E01018909","Cornwall 046B","E06000052","Cornwall",0.02039555,0.021538462,-0.010948905,0.04137931,0.033936652,0.006968641
