"Code","Name","LA_code","LA_name","All","X0to15","X16to29","X30to44","X45to64","X65plus"
"E01018860","Cornwall 062E","E06000052","Cornwall",0.003684211,0.002816901,0.025568182,0.020905923,0.004158004,-0.025882353
