"Code","Name","LA_code","LA_name","All","X0to15","X16to29","X30to44","X45to64","X65plus"
"E01019040","Cornwall 041C","E06000052","Cornwall",0.02259887,0.039215686,0.02739726,-0.032051282,-0.005076142,0.064102564
