"Code","Name","LA_code","LA_name","All","X0to15","X16to29","X30to44","X45to64","X65plus"
"E01018919","Cornwall 050D","E06000052","Cornwall",0.000690131,-0.004385965,-0.051428571,0.018248175,-0.007653061,0.023684211
