"Code","Name","LA_code","LA_name","All","X0to15","X16to29","X30to44","X45to64","X65plus"
"E01019026","Cornwall 035C","E06000052","Cornwall",-0.002024291,0.048648649,-0.084269663,0.00617284,-0.025104603,0.029227557
