"Code","Name","LA_code","LA_name","All","X0to15","X16to29","X30to44","X45to64","X65plus"
"E01018825","Cornwall 040A","E06000052","Cornwall",-0.000650618,-0.006802721,0,0.006006006,0.016166282,-0.027027027
