"Code","Name","LA_code","LA_name","All","X0to15","X16to29","X30to44","X45to64","X65plus"
"E01018908","Cornwall 046A","E06000052","Cornwall",0.039580908,0.043478261,0.041044776,0.035573123,0.028901734,0.051764706
