"Code","Name","LA_code","LA_name","All","X0to15","X16to29","X30to44","X45to64","X65plus"
"E01018907","Cornwall 072E","E06000052","Cornwall",0.025538707,-0.035714286,0.115606936,0.036809816,-0.005263158,0.04398827
