"Code","Name","LA_code","LA_name","All","X0to15","X16to29","X30to44","X45to64","X65plus"
"E01018836","Cornwall 060C","E06000052","Cornwall",0.013505218,0.003676471,0.045045045,0.012383901,0.00536193,-0.023041475
