"Code","Name","LA_code","LA_name","All","X0to15","X16to29","X30to44","X45to64","X65plus"
"E01018896","Cornwall 051C","E06000052","Cornwall",-0.028878442,-0.025104603,0,-0.038793103,-0.037610619,-0.028871391
