"Code","Name","LA_code","LA_name","All","X0to15","X16to29","X30to44","X45to64","X65plus"
"E01018839","Cornwall 062B","E06000052","Cornwall",0.011638317,0.072164948,0.006289308,0.005464481,0.022813688,-0.01171875
