"Code","Name","LA_code","LA_name","All","X0to15","X16to29","X30to44","X45to64","X65plus"
"E01019035","Cornwall 027A","E06000052","Cornwall",-0.008207071,-0.009708738,-0.037267081,-0.01,-0.020120724,0.013461538
