"Code","Name","LA_code","LA_name","All","X0to15","X16to29","X30to44","X45to64","X65plus"
"E01018786","Cornwall 025A","E06000052","Cornwall",-0.022744503,-0.008298755,-0.02259887,-0.013215859,-0.016901408,-0.047021944
