"Code","Name","LA_code","LA_name","All","X0to15","X16to29","X30to44","X45to64","X65plus"
"E01018752","Cornwall 013C","E06000052","Cornwall",0.0009298,-0.023195876,-0.003194888,0,0.036521739,-0.018404908
