"Code","Name","LA_code","LA_name","All","X0to15","X16to29","X30to44","X45to64","X65plus"
"E01018811","Cornwall 064A","E06000052","Cornwall",-0.007284768,0.003937008,0.00877193,-0.020408163,-0.009195402,-0.014367816
