"Code","Name","LA_code","LA_name","All","X0to15","X16to29","X30to44","X45to64","X65plus"
"E01018972","Cornwall 009C","E06000052","Cornwall",0.017325393,-0.022727273,0.003521127,0.039634146,0.010940919,0.042553191
