"Code","Name","LA_code","LA_name","All","X0to15","X16to29","X30to44","X45to64","X65plus"
"E01018804","Cornwall 063B","E06000052","Cornwall",0.014627011,0.106060606,0.003210273,0.021551724,-0.036144578,0.083333333
