"Code","Name","LA_code","LA_name","All","X0to15","X16to29","X30to44","X45to64","X65plus"
"E01018841","Cornwall 062D","E06000052","Cornwall",-0.00405954,-0.012903226,0.008928571,-0.066115702,-0.002659574,0.056074766
