"Code","Name","LA_code","LA_name","All","X0to15","X16to29","X30to44","X45to64","X65plus"
"E01018900","Cornwall 066D","E06000052","Cornwall",-0.033354311,0.04950495,-0.066037736,-0.070539419,-0.04233871,-0.025114155
