"Code","Name","LA_code","LA_name","All","X0to15","X16to29","X30to44","X45to64","X65plus"
"E01018893","Cornwall 045E","E06000052","Cornwall",0.014136905,-0.019047619,0.032894737,0.033149171,-0.011235955,0.047752809
