"Code","Name","LA_code","LA_name","All","X0to15","X16to29","X30to44","X45to64","X65plus"
"E01018952","Cornwall 006B","E06000052","Cornwall",-0.038047974,0.010928962,-0.120805369,-0.012903226,-0.026525199,-0.052173913
