"Code","Name","LA_code","LA_name","All","X0to15","X16to29","X30to44","X45to64","X65plus"
"E01019069","Cornwall 030A","E06000052","Cornwall",-0.002245509,-0.04887218,-0.004504505,0,0.015151515,0.027624309
