"Code","Name","LA_code","LA_name","All","X0to15","X16to29","X30to44","X45to64","X65plus"
"E01019061","Cornwall 019B","E06000052","Cornwall",0,-0.043731778,0.024390244,-0.021472393,0.006437768,0.036516854
