"Code","Name","LA_code","LA_name","All","X0to15","X16to29","X30to44","X45to64","X65plus"
"E01018766","Cornwall 028D","E06000052","Cornwall",-0.01214128,-0.025,-0.010638298,0.012765957,-0.008291874,-0.021978022
