"Code","Name","LA_code","LA_name","All","X0to15","X16to29","X30to44","X45to64","X65plus"
"E01018880","Cornwall 066B","E06000052","Cornwall",-0.009395973,0.013736264,0.012658228,-0.008595989,-0.029874214,-0.010785824
