"Code","Name","LA_code","LA_name","All","X0to15","X16to29","X30to44","X45to64","X65plus"
"E01018924","Cornwall 007A","E06000052","Cornwall",0.005384615,-0.104868914,-0.033898305,0.029069767,0.039702233,0.071174377
