"Code","Name","LA_code","LA_name","All","X0to15","X16to29","X30to44","X45to64","X65plus"
"E01018755","Cornwall 010C","E06000052","Cornwall",0.004160888,-0.01986755,-0.011428571,0.12,-0.034155598,0.025056948
