"Code","Name","LA_code","LA_name","All","X0to15","X16to29","X30to44","X45to64","X65plus"
"E01019066","Cornwall 041D","E06000052","Cornwall",-0.015406162,-0.052845528,-0.04950495,0.004464286,-0.007594937,0.008310249
