"Code","Name","LA_code","LA_name","All","X0to15","X16to29","X30to44","X45to64","X65plus"
"E01018890","Cornwall 045B","E06000052","Cornwall",-0.005502063,-0.068493151,0.093567251,0.009615385,-0.034013605,0.009638554
