"Code","Name","LA_code","LA_name","All","X0to15","X16to29","X30to44","X45to64","X65plus"
"E01018968","Cornwall 004C","E06000052","Cornwall",0.006134969,0.004987531,0.022058824,-0.025139665,-0.013157895,0.037786775
