"Code","Name","LA_code","LA_name","All","X0to15","X16to29","X30to44","X45to64","X65plus"
"E01018771","Cornwall 017C","E06000052","Cornwall",0.023651146,-0.046511628,0.036231884,0.033613445,0.028248588,0.051851852
