"Code","Name","LA_code","LA_name","All","X0to15","X16to29","X30to44","X45to64","X65plus"
"E01018822","Cornwall 043B","E06000052","Cornwall",0.010785824,-0.004926108,0.04494382,0.037383178,0,-0.003184713
