"Code","Name","LA_code","LA_name","All","X0to15","X16to29","X30to44","X45to64","X65plus"
"E01018895","Cornwall 051B","E06000052","Cornwall",0,-0.002824859,0.027491409,0.04494382,-0.030364372,-0.021390374
