"Code","Name","LA_code","LA_name","All","X0to15","X16to29","X30to44","X45to64","X65plus"
"E01019005","Cornwall 069C","E06000052","Cornwall",-0.000928074,0.008174387,0.038793103,-0.002985075,0.007541478,-0.032258065
