"Code","Name","LA_code","LA_name","All","X0to15","X16to29","X30to44","X45to64","X65plus"
"E01018756","Cornwall 010D","E06000052","Cornwall",-0.010278114,0.004405286,-0.019230769,0.010869565,0.007736944,-0.036842105
