"Code","Name","LA_code","LA_name","All","X0to15","X16to29","X30to44","X45to64","X65plus"
"E01018944","Cornwall 011C","E06000052","Cornwall",-0.012406948,0.040268456,0,0.025974026,-0.012562814,-0.060422961
