"Code","Name","LA_code","LA_name","All","X0to15","X16to29","X30to44","X45to64","X65plus"
"E01018829","Cornwall 056C","E06000052","Cornwall",0.017130621,0.016064257,0.005617978,-0.034146341,0.033039648,0.034920635
