"Code","Name","LA_code","LA_name","All","X0to15","X16to29","X30to44","X45to64","X65plus"
"E01019028","Cornwall 020A","E06000052","Cornwall",-0.007785467,0,-0.010695187,-0.02688172,-0.012844037,0.018604651
