"Code","Name","LA_code","LA_name","All","X0to15","X16to29","X30to44","X45to64","X65plus"
"E01018915","Cornwall 049D","E06000052","Cornwall",-0.019836136,-0.021126761,-0.032338308,-0.016393443,-0.024761905,-0.00742115
