"Code","Name","LA_code","LA_name","All","X0to15","X16to29","X30to44","X45to64","X65plus"
"E01018870","Cornwall 055B","E06000052","Cornwall",-0.015544041,-0.027777778,0.024054983,-0.037190083,-0.012539185,-0.035971223
