"Code","Name","LA_code","LA_name","All","X0to15","X16to29","X30to44","X45to64","X65plus"
"E01018981","Cornwall 057B","E06000052","Cornwall",0.002887392,-0.013289037,0.031620553,-0.008982036,0.003584229,0.004746835
