"Code","Name","LA_code","LA_name","All","X0to15","X16to29","X30to44","X45to64","X65plus"
"E01018922","Cornwall 059D","E06000052","Cornwall",-0.014948859,-0.016091954,0.016042781,-0.037533512,-0.016706444,-0.017241379
