"Code","Name","LA_code","LA_name","All","X0to15","X16to29","X30to44","X45to64","X65plus"
"E01018871","Cornwall 055C","E06000052","Cornwall",0.006150062,0.041237113,0.022522523,0.03125,0.002197802,-0.039800995
