"Code","Name","LA_code","LA_name","All","X0to15","X16to29","X30to44","X45to64","X65plus"
"E01018824","Cornwall 042B","E06000052","Cornwall",0.016595909,0.040350877,-0.005952381,0.016771488,-0.008658009,0.038834951
