"Code","Name","LA_code","LA_name","All","X0to15","X16to29","X30to44","X45to64","X65plus"
"E01018845","Cornwall 048A","E06000052","Cornwall",-0.009168704,-0.042071197,-0.058536585,0.008547009,0.010080645,0.007653061
