"Code","Name","LA_code","LA_name","All","X0to15","X16to29","X30to44","X45to64","X65plus"
"E01019070","Cornwall 030B","E06000052","Cornwall",0.007572172,0.00952381,-0.014534884,0.028248588,0.005154639,0.00968523
