"Code","Name","LA_code","LA_name","All","X0to15","X16to29","X30to44","X45to64","X65plus"
"E01019053","Cornwall 024B","E06000052","Cornwall",-0.034774436,-0.042328042,-0.029090909,-0.046391753,-0.027823241,-0.031512605
