"Code","Name","LA_code","LA_name","All","X0to15","X16to29","X30to44","X45to64","X65plus"
"E01018764","Cornwall 022A","E06000052","Cornwall",-0.009549795,-0.028846154,-0.051094891,0.048672566,-0.007905138,-0.020565553
