"Code","Name","LA_code","LA_name","All","X0to15","X16to29","X30to44","X45to64","X65plus"
"E01018940","Cornwall 003A","E06000052","Cornwall",-0.00496586,-0.029850746,-0.078431373,0,-0.010416667,0.036876356
