"Code","Name","LA_code","LA_name","All","X0to15","X16to29","X30to44","X45to64","X65plus"
"E01019044","Cornwall 039E","E06000052","Cornwall",-0.021011162,-0.005050505,-0.034883721,-0.030927835,0.004796163,-0.038745387
