"Code","Name","LA_code","LA_name","All","X0to15","X16to29","X30to44","X45to64","X65plus"
"E01018962","Cornwall 007B","E06000052","Cornwall",0.007582938,0.022292994,0.02955665,-0.017482517,-0.003424658,0.013831259
