"Code","Name","LA_code","LA_name","All","X0to15","X16to29","X30to44","X45to64","X65plus"
"E01018942","Cornwall 003C","E06000052","Cornwall",0.01330672,0.120689655,-0.056603774,-0.021978022,-0.007827789,0.033542977
