"Code","Name","LA_code","LA_name","All","X0to15","X16to29","X30to44","X45to64","X65plus"
"E01019057","Cornwall 031B","E06000052","Cornwall",-0.050320671,-0.053072626,-0.012861736,-0.032738095,-0.037174721,-0.099173554
