"Code","Name","LA_code","LA_name","All","X0to15","X16to29","X30to44","X45to64","X65plus"
"E01018905","Cornwall 072C","E06000052","Cornwall",0.017667845,0.017699115,-0.045,0.080213904,0.033185841,0
