"Code","Name","LA_code","LA_name","All","X0to15","X16to29","X30to44","X45to64","X65plus"
"E01018951","Cornwall 002B","E06000052","Cornwall",0.002124044,-0.019230769,0,0.039156627,-0.010498688,0.01384083
