"Code","Name","LA_code","LA_name","All","X0to15","X16to29","X30to44","X45to64","X65plus"
"E01018787","Cornwall 022B","E06000052","Cornwall",0.081684748,0.090614887,0.172897196,0.066202091,0.065439673,0.044776119
