"Code","Name","LA_code","LA_name","All","X0to15","X16to29","X30to44","X45to64","X65plus"
"E01018892","Cornwall 045D","E06000052","Cornwall",0.002642008,0.060283688,-0.031413613,0,-0.004366812,-0.015873016
