"Code","Name","LA_code","LA_name","All","X0to15","X16to29","X30to44","X45to64","X65plus"
"E01018970","Cornwall 009A","E06000052","Cornwall",-0.029355456,-0.025641026,0.021276596,-0.045045045,-0.0501002,-0.026525199
