"Code","Name","LA_code","LA_name","All","X0to15","X16to29","X30to44","X45to64","X65plus"
"E01018842","Cornwall 033B","E06000052","Cornwall",0.023709902,0.015748031,0.087591241,-0.003521127,0.017326733,0.033802817
