"Code","Name","LA_code","LA_name","All","X0to15","X16to29","X30to44","X45to64","X65plus"
"E01018955","Cornwall 008B","E06000052","Cornwall",0.020568663,0.028469751,0.04787234,0.02173913,0,0.023255814
