"Code","Name","LA_code","LA_name","All","X0to15","X16to29","X30to44","X45to64","X65plus"
"E01018852","Cornwall 040D","E06000052","Cornwall",-0.002132196,-0.001686341,0,0.00589391,-0.003984064,-0.007874016
