"Code","Name","LA_code","LA_name","All","X0to15","X16to29","X30to44","X45to64","X65plus"
"E01018844","Cornwall 033D","E06000052","Cornwall",-0.005063291,-0.06,-0.032520325,0.029288703,0.013071895,-0.003154574
