"Code","Name","LA_code","LA_name","All","X0to15","X16to29","X30to44","X45to64","X65plus"
"E01018785","Cornwall 023D","E06000052","Cornwall",0.024108488,0.050505051,0.066945607,0.032128514,0.008746356,0.005769231
