"Code","Name","LA_code","LA_name","All","X0to15","X16to29","X30to44","X45to64","X65plus"
"E01018971","Cornwall 009B","E06000052","Cornwall",0.001905669,-0.018575851,-0.009009009,0.019292605,0.026819923,-0.0110957
