"Code","Name","LA_code","LA_name","All","X0to15","X16to29","X30to44","X45to64","X65plus"
"E01018760","Cornwall 028B","E06000052","Cornwall",0.038753159,0.040935673,-0.029850746,0,0.0275,0.098765432
