"Code","Name","LA_code","LA_name","All","X0to15","X16to29","X30to44","X45to64","X65plus"
"E01018901","Cornwall 066E","E06000052","Cornwall",0.021468927,0.047272727,0.012618297,0.040590406,0.020785219,0.002109705
