"Code","Name","LA_code","LA_name","All","X0to15","X16to29","X30to44","X45to64","X65plus"
"E01019076","Cornwall 027F","E06000052","Cornwall",-0.019797199,-0.024489796,-0.026578073,-0.019950125,-0.031365314,0.011869436
