"Code","Name","LA_code","LA_name","All","X0to15","X16to29","X30to44","X45to64","X65plus"
"E01018954","Cornwall 008A","E06000052","Cornwall",0.011295681,0.022277228,-0.022222222,0.017191977,0.014005602,0.004651163
