"Code","Name","LA_code","LA_name","All","X0to15","X16to29","X30to44","X45to64","X65plus"
"E01022224","Cotswold 010C","E07000079","Cotswold",-0.001243008,-0.022624434,-0.03271028,-0.010928962,0.012433393,0.011682243
