"Code","Name","LA_code","LA_name","All","X0to15","X16to29","X30to44","X45to64","X65plus"
"E01022176","Cotswold 011A","E07000079","Cotswold",-0.019477191,-0.026946108,0.028436019,-0.025089606,-0.012295082,-0.048101266
