"Code","Name","LA_code","LA_name","All","X0to15","X16to29","X30to44","X45to64","X65plus"
"E01022213","Cotswold 005C","E07000079","Cotswold",0.009249184,0.030769231,-0.010471204,0.014285714,0.008833922,0
