"Code","Name","LA_code","LA_name","All","X0to15","X16to29","X30to44","X45to64","X65plus"
"E01022175","Cotswold 005A","E07000079","Cotswold",-0.014675052,-0.023346304,0,0.007194245,-0.035820896,0
