"Code","Name","LA_code","LA_name","All","X0to15","X16to29","X30to44","X45to64","X65plus"
"E01022196","Cotswold 006D","E07000079","Cotswold",-0.009158558,0.003115265,0,0.01369863,-0.005555556,-0.045685279
