"Code","Name","LA_code","LA_name","All","X0to15","X16to29","X30to44","X45to64","X65plus"
"E01022216","Cotswold 004D","E07000079","Cotswold",0.014949279,0.05625,0.019704433,-0.003257329,0.017488076,-0.009661836
