"Code","Name","LA_code","LA_name","All","X0to15","X16to29","X30to44","X45to64","X65plus"
"E01022187","Cotswold 004B","E07000079","Cotswold",-0.016657991,0.020289855,-0.01607717,-0.021008403,-0.02292769,-0.034782609
