"Code","Name","LA_code","LA_name","All","X0to15","X16to29","X30to44","X45to64","X65plus"
"E01022203","Cotswold 009B","E07000079","Cotswold",0.031300594,0.038123167,0.031390135,0.087301587,0.019736842,0.012048193
