"Code","Name","LA_code","LA_name","All","X0to15","X16to29","X30to44","X45to64","X65plus"
"E01022191","Cotswold 008A","E07000079","Cotswold",-0.030133146,-0.025641026,-0.04778157,-0.007604563,-0.010443864,-0.066929134
