"Code","Name","LA_code","LA_name","All","X0to15","X16to29","X30to44","X45to64","X65plus"
"E01020750","County Durham 016A","E06000047","County Durham",-0.024227235,-0.084745763,-0.015706806,-0.034246575,-0.025171625,0
