"Code","Name","LA_code","LA_name","All","X0to15","X16to29","X30to44","X45to64","X65plus"
"E01020660","County Durham 024D","E06000047","County Durham",-0.006031363,-0.013468013,-0.021551724,0.007352941,-0.026209677,0.027700831
