"Code","Name","LA_code","LA_name","All","X0to15","X16to29","X30to44","X45to64","X65plus"
"E01020834","County Durham 062D","E06000047","County Durham",-0.020104244,-0.045627376,0.004587156,-0.012711864,0.016042781,-0.075396825
