"Code","Name","LA_code","LA_name","All","X0to15","X16to29","X30to44","X45to64","X65plus"
"E01020784","County Durham 017F","E06000047","County Durham",0.017554859,0.045283019,-0.003717472,0.017241379,0.002145923,0.036065574
