"Code","Name","LA_code","LA_name","All","X0to15","X16to29","X30to44","X45to64","X65plus"
"E01020813","County Durham 060A","E06000047","County Durham",-0.007142857,-0.021276596,-0.048951049,-0.014851485,0.026525199,-0.01320132
