"Code","Name","LA_code","LA_name","All","X0to15","X16to29","X30to44","X45to64","X65plus"
"E01020664","County Durham 020B","E06000047","County Durham",0.018335684,0.114942529,0.084615385,0.065217391,0.004132231,-0.042600897
