"Code","Name","LA_code","LA_name","All","X0to15","X16to29","X30to44","X45to64","X65plus"
"E01020634","County Durham 001A","E06000047","County Durham",0.013350286,-0.007722008,0.014084507,0.01754386,0.022371365,0.013550136
