"Code","Name","LA_code","LA_name","All","X0to15","X16to29","X30to44","X45to64","X65plus"
"E01020801","County Durham 059A","E06000047","County Durham",0.004771643,-0.004761905,0.012820513,0.031620553,-0.033936652,0.036585366
