"Code","Name","LA_code","LA_name","All","X0to15","X16to29","X30to44","X45to64","X65plus"
"E01020775","County Durham 018F","E06000047","County Durham",-0.019629837,0,-0.034161491,-0.00990099,0.00973236,-0.073529412
