"Code","Name","LA_code","LA_name","All","X0to15","X16to29","X30to44","X45to64","X65plus"
"E01020879","County Durham 046B","E06000047","County Durham",-0.015730337,-0.025252525,0,-0.048780488,-0.01384083,0.010288066
