"Code","Name","LA_code","LA_name","All","X0to15","X16to29","X30to44","X45to64","X65plus"
"E01020691","County Durham 028D","E06000047","County Durham",-0.005116959,0.016877637,-0.03960396,0.025396825,-0.011173184,-0.02734375
