"Code","Name","LA_code","LA_name","All","X0to15","X16to29","X30to44","X45to64","X65plus"
"E01020722","County Durham 029B","E06000047","County Durham",0.015602837,0.035369775,0.024390244,-0.002673797,-0.002463054,0.021406728
