"Code","Name","LA_code","LA_name","All","X0to15","X16to29","X30to44","X45to64","X65plus"
"E01020818","County Durham 047B","E06000047","County Durham",0.004216444,0.00456621,0.005154639,0.027149321,0.002403846,-0.008042895
