"Code","Name","LA_code","LA_name","All","X0to15","X16to29","X30to44","X45to64","X65plus"
"E01020682","County Durham 028A","E06000047","County Durham",0.004402862,-0.023255814,0.018867925,-0.034090909,0.027484144,0.010558069
