"Code","Name","LA_code","LA_name","All","X0to15","X16to29","X30to44","X45to64","X65plus"
"E01020663","County Durham 004C","E06000047","County Durham",0.008055854,0.021671827,0.004694836,0.010582011,0.026871401,-0.025761124
