"Code","Name","LA_code","LA_name","All","X0to15","X16to29","X30to44","X45to64","X65plus"
"E01020633","County Durham 020A","E06000047","County Durham",0.014536644,0.071917808,0,-0.021943574,0.016032064,0.006134969
