"Code","Name","LA_code","LA_name","All","X0to15","X16to29","X30to44","X45to64","X65plus"
"E01020790","County Durham 040C","E06000047","County Durham",-0.026033691,0.023809524,-0.0546875,-0.053191489,-0.005899705,-0.051660517
