"Code","Name","LA_code","LA_name","All","X0to15","X16to29","X30to44","X45to64","X65plus"
"E01020872","County Durham 056C","E06000047","County Durham",-0.010917031,-0.052447552,-0.052434457,0,0.00990099,0.008230453
