"Code","Name","LA_code","LA_name","All","X0to15","X16to29","X30to44","X45to64","X65plus"
"E01020895","County Durham 057C","E06000047","County Durham",0.018518519,-0.022727273,-0.004081633,0.025830258,0.032178218,0.051094891
