"Code","Name","LA_code","LA_name","All","X0to15","X16to29","X30to44","X45to64","X65plus"
"E01020743","County Durham 018A","E06000047","County Durham",-0.013148789,-0.004938272,-0.003663004,-0.041800643,0.00974026,-0.040540541
