"Code","Name","LA_code","LA_name","All","X0to15","X16to29","X30to44","X45to64","X65plus"
"E01020770","County Durham 035D","E06000047","County Durham",0.013536379,-0.004149378,0.010752688,0.035714286,0,0.03902439
