"Code","Name","LA_code","LA_name","All","X0to15","X16to29","X30to44","X45to64","X65plus"
"E01020648","County Durham 008B","E06000047","County Durham",0.031696429,0.061403509,0.012376238,0.026530612,0.045081967,-0.013888889
