"Code","Name","LA_code","LA_name","All","X0to15","X16to29","X30to44","X45to64","X65plus"
"E01020752","County Durham 025B","E06000047","County Durham",0.010648596,0.036809816,0.004761905,0,0.037414966,-0.037037037
