"Code","Name","LA_code","LA_name","All","X0to15","X16to29","X30to44","X45to64","X65plus"
"E01020799","County Durham 050C","E06000047","County Durham",-0.082265678,-0.090909091,-0.071713147,-0.071428571,-0.0496614,-0.146520147
