"Code","Name","LA_code","LA_name","All","X0to15","X16to29","X30to44","X45to64","X65plus"
"E01020598","County Durham 007C","E06000047","County Durham",-0.00896861,0.028806584,0.015503876,-0.010752688,-0.018518519,-0.028957529
