"Code","Name","LA_code","LA_name","All","X0to15","X16to29","X30to44","X45to64","X65plus"
"E01020905","County Durham 042D","E06000047","County Durham",0.010478062,-0.013043478,0.079268293,-0.007936508,-0.011363636,0.029478458
