"Code","Name","LA_code","LA_name","All","X0to15","X16to29","X30to44","X45to64","X65plus"
"E01020900","County Durham 051C","E06000047","County Durham",0.006744329,0.020467836,-0.060728745,0.038596491,0.012711864,0.007017544
