"Code","Name","LA_code","LA_name","All","X0to15","X16to29","X30to44","X45to64","X65plus"
"E01020903","County Durham 046E","E06000047","County Durham",-0.027657736,-0.052884615,0.012195122,-0.065326633,-0.013513514,-0.023148148
