"Code","Name","LA_code","LA_name","All","X0to15","X16to29","X30to44","X45to64","X65plus"
"E01020657","County Durham 003F","E06000047","County Durham",0.005336891,-0.023622047,0.019047619,-0.003546099,0.029598309,-0.010714286
