"Code","Name","LA_code","LA_name","All","X0to15","X16to29","X30to44","X45to64","X65plus"
"E01020891","County Durham 042C","E06000047","County Durham",-0.014742015,-0.029126214,-0.00591716,-0.015625,-0.013745704,-0.012526096
