"Code","Name","LA_code","LA_name","All","X0to15","X16to29","X30to44","X45to64","X65plus"
"E01020765","County Durham 032F","E06000047","County Durham",-0.000618047,0.041522491,-0.025,-0.020833333,-0.004008016,0.013513514
