"Code","Name","LA_code","LA_name","All","X0to15","X16to29","X30to44","X45to64","X65plus"
"E01020692","County Durham 028E","E06000047","County Durham",0.003579098,-0.044871795,0.044692737,-0.004504505,-0.005665722,0.014373717
