"Code","Name","LA_code","LA_name","All","X0to15","X16to29","X30to44","X45to64","X65plus"
"E01020830","County Durham 054D","E06000047","County Durham",-0.001943005,0.008438819,-0.005128205,-0.012875536,-0.013921114,0.011160714
