"Code","Name","LA_code","LA_name","All","X0to15","X16to29","X30to44","X45to64","X65plus"
"E01020702","County Durham 033B","E06000047","County Durham",0.018546556,0.056737589,0.016774194,0.014522822,0.001788909,0.009925558
