"Code","Name","LA_code","LA_name","All","X0to15","X16to29","X30to44","X45to64","X65plus"
"E01020745","County Durham 032A","E06000047","County Durham",-0.002329193,-0.00877193,-0.031674208,-0.059360731,-0.00872093,0.079710145
