"Code","Name","LA_code","LA_name","All","X0to15","X16to29","X30to44","X45to64","X65plus"
"E01020827","County Durham 048E","E06000047","County Durham",0.012457531,-0.012461059,0,0.051515152,-0.001901141,0.029673591
