"Code","Name","LA_code","LA_name","All","X0to15","X16to29","X30to44","X45to64","X65plus"
"E01020593","County Durham 011B","E06000047","County Durham",-0.005617978,0.025806452,0.014492754,-0.025423729,-0.01183432,-0.020746888
