"Code","Name","LA_code","LA_name","All","X0to15","X16to29","X30to44","X45to64","X65plus"
"E01020869","County Durham 055B","E06000047","County Durham",-0.037356322,0.038297872,-0.038793103,-0.064285714,-0.055555556,-0.048192771
