"Code","Name","LA_code","LA_name","All","X0to15","X16to29","X30to44","X45to64","X65plus"
"E01020758","County Durham 032D","E06000047","County Durham",0.024175824,0.070967742,0.051383399,0.03358209,0.002890173,-0.063829787
