"Code","Name","LA_code","LA_name","All","X0to15","X16to29","X30to44","X45to64","X65plus"
"E01020866","County Durham 065D","E06000047","County Durham",0.019507187,0,0.015384615,0.033112583,0.025477707,0.017241379
