"Code","Name","LA_code","LA_name","All","X0to15","X16to29","X30to44","X45to64","X65plus"
"E01020706","County Durham 031B","E06000047","County Durham",-0.002698327,0.011952191,-0.008510638,0.03030303,0.012944984,-0.050884956
