"Code","Name","LA_code","LA_name","All","X0to15","X16to29","X30to44","X45to64","X65plus"
"E01020777","County Durham 037C","E06000047","County Durham",0.024182077,-0.016064257,0.040268456,0.008097166,-0.013192612,0.124463519
