"Code","Name","LA_code","LA_name","All","X0to15","X16to29","X30to44","X45to64","X65plus"
"E01020793","County Durham 043B","E06000047","County Durham",-0.015294118,0,0.003846154,-0.026706231,-0.016563147,-0.036363636
