"Code","Name","LA_code","LA_name","All","X0to15","X16to29","X30to44","X45to64","X65plus"
"E01020653","County Durham 006D","E06000047","County Durham",0.004498715,0.056140351,0.044776119,-0.035971223,-0.010126582,-0.021212121
