"Code","Name","LA_code","LA_name","All","X0to15","X16to29","X30to44","X45to64","X65plus"
"E01020647","County Durham 008A","E06000047","County Durham",0.003255814,0.011844332,0.004784689,0.016587678,-0.003824092,-0.035714286
