"Code","Name","LA_code","LA_name","All","X0to15","X16to29","X30to44","X45to64","X65plus"
"E01020888","County Durham 057B","E06000047","County Durham",0.007680492,0.020895522,-0.013986014,-0.047761194,0.022865854,0.038123167
