"Code","Name","LA_code","LA_name","All","X0to15","X16to29","X30to44","X45to64","X65plus"
"E01020672","County Durham 009E","E06000047","County Durham",0.005110733,0.019672131,-0.012779553,0.024054983,0.007272727,-0.013245033
