"Code","Name","LA_code","LA_name","All","X0to15","X16to29","X30to44","X45to64","X65plus"
"E01020855","County Durham 066D","E06000047","County Durham",0.00762066,0.067226891,0.017751479,-0.015873016,-0.012406948,0.013736264
