"Code","Name","LA_code","LA_name","All","X0to15","X16to29","X30to44","X45to64","X65plus"
"E01020599","County Durham 011C","E06000047","County Durham",-0.016685846,0.023411371,-0.041198502,0,-0.011764706,-0.05026455
