"Code","Name","LA_code","LA_name","All","X0to15","X16to29","X30to44","X45to64","X65plus"
"E01020771","County Durham 035E","E06000047","County Durham",0.02213667,-0.027522936,0.034090909,0.023809524,0.022813688,0.069767442
