"Code","Name","LA_code","LA_name","All","X0to15","X16to29","X30to44","X45to64","X65plus"
"E01020678","County Durham 004E","E06000047","County Durham",0.01582517,-0.004347826,0.013888889,0.040201005,0.009661836,0.026119403
