"Code","Name","LA_code","LA_name","All","X0to15","X16to29","X30to44","X45to64","X65plus"
"E01020843","County Durham 047E","E06000047","County Durham",0.006948831,0.040178571,0,-0.007843137,0.011928429,-0.005128205
