"Code","Name","LA_code","LA_name","All","X0to15","X16to29","X30to44","X45to64","X65plus"
"E01020625","County Durham 009B","E06000047","County Durham",0.010244735,0.075949367,-0.010714286,0.003205128,0.016563147,-0.032786885
