"Code","Name","LA_code","LA_name","All","X0to15","X16to29","X30to44","X45to64","X65plus"
"E01020850","County Durham 060E","E06000047","County Durham",-0.005752637,0.014669927,0.015873016,-0.020737327,-0.007173601,-0.038961039
