"Code","Name","LA_code","LA_name","All","X0to15","X16to29","X30to44","X45to64","X65plus"
"E01020740","County Durham 017A","E06000047","County Durham",0.029496403,0.046153846,-0.004830918,0.026229508,0.005012531,0.091324201
