"Code","Name","LA_code","LA_name","All","X0to15","X16to29","X30to44","X45to64","X65plus"
"E01020873","County Durham 051A","E06000047","County Durham",-0.003367003,-0.012618297,0.003731343,-0.004545455,-0.002512563,0
