"Code","Name","LA_code","LA_name","All","X0to15","X16to29","X30to44","X45to64","X65plus"
"E01020705","County Durham 031A","E06000047","County Durham",-0.021317829,-0.044217687,0.018315018,0.008,-0.022332506,-0.054878049
