"Code","Name","LA_code","LA_name","All","X0to15","X16to29","X30to44","X45to64","X65plus"
"E01020797","County Durham 050A","E06000047","County Durham",-0.000825764,-0.013477089,0,0.008645533,0.008230453,-0.0096
