"Code","Name","LA_code","LA_name","All","X0to15","X16to29","X30to44","X45to64","X65plus"
"E01020858","County Durham 064B","E06000047","County Durham",0.025974026,0.091503268,-0.025641026,0.041420118,0.024793388,0.003623188
