"Code","Name","LA_code","LA_name","All","X0to15","X16to29","X30to44","X45to64","X65plus"
"E01020847","County Durham 061C","E06000047","County Durham",0.018372703,0.004608295,0.042253521,-0.00295858,0.01910828,0.058441558
