"Code","Name","LA_code","LA_name","All","X0to15","X16to29","X30to44","X45to64","X65plus"
"E01020833","County Durham 062C","E06000047","County Durham",-0.006319115,0,0.004901961,0.008733624,-0.017492711,-0.019685039
