"Code","Name","LA_code","LA_name","All","X0to15","X16to29","X30to44","X45to64","X65plus"
"E01020896","County Durham 057D","E06000047","County Durham",-0.039408867,-0.073593074,0.005847953,-0.043668122,-0.018087855,-0.05707196
