"Code","Name","LA_code","LA_name","All","X0to15","X16to29","X30to44","X45to64","X65plus"
"E01020602","County Durham 011E","E06000047","County Durham",-0.001658375,-0.043189369,0.033755274,0.003690037,0.004081633,-0.001960784
