"Code","Name","LA_code","LA_name","All","X0to15","X16to29","X30to44","X45to64","X65plus"
"E01020711","County Durham 023C","E06000047","County Durham",0.001618123,-0.042016807,0.01119403,-0.039787798,-0.031120332,0.121621622
