"Code","Name","LA_code","LA_name","All","X0to15","X16to29","X30to44","X45to64","X65plus"
"E01020651","County Durham 012B","E06000047","County Durham",0.005193306,0.007722008,-0.008583691,0.007434944,0.020920502,-0.006072874
