"Code","Name","LA_code","LA_name","All","X0to15","X16to29","X30to44","X45to64","X65plus"
"E01020852","County Durham 066A","E06000047","County Durham",-0.02980713,-0.025423729,0.022875817,-0.069444444,0,-0.070075758
