"Code","Name","LA_code","LA_name","All","X0to15","X16to29","X30to44","X45to64","X65plus"
"E01020591","County Durham 015B","E06000047","County Durham",0.006232687,0.008230453,-0.021459227,0.022123894,0,0.020958084
