"Code","Name","LA_code","LA_name","All","X0to15","X16to29","X30to44","X45to64","X65plus"
"E01020725","County Durham 027A","E06000047","County Durham",-0.000693481,-0.013043478,-0.033707865,-0.019455253,0.021008403,0.009966777
