"Code","Name","LA_code","LA_name","All","X0to15","X16to29","X30to44","X45to64","X65plus"
"E01020819","County Durham 047C","E06000047","County Durham",-0.014746544,-0.024038462,-0.016483516,0.005128205,-0.010791367,-0.027027027
