"Code","Name","LA_code","LA_name","All","X0to15","X16to29","X30to44","X45to64","X65plus"
"E01020781","County Durham 016B","E06000047","County Durham",0.006294964,-0.01459854,0.04137931,-0.040935673,0.014925373,0.015432099
