"Code","Name","LA_code","LA_name","All","X0to15","X16to29","X30to44","X45to64","X65plus"
"E01020631","County Durham 014B","E06000047","County Durham",-0.00799508,-0.003597122,0,-0.035460993,-0.010729614,0.008450704
