"Code","Name","LA_code","LA_name","All","X0to15","X16to29","X30to44","X45to64","X65plus"
"E01020646","County Durham 024A","E06000047","County Durham",0.032808399,0.042857143,0.08040201,0.006872852,0.004115226,0.067164179
