"Code","Name","LA_code","LA_name","All","X0to15","X16to29","X30to44","X45to64","X65plus"
"E01020655","County Durham 003D","E06000047","County Durham",-0.005867971,-0.015243902,0.02,-0.008241758,-0.003159558,-0.014893617
