"Code","Name","LA_code","LA_name","All","X0to15","X16to29","X30to44","X45to64","X65plus"
"E01020736","County Durham 039A","E06000047","County Durham",-0.006339144,-0.02,0.008928571,0.013157895,-0.021390374,-0.004237288
