"Code","Name","LA_code","LA_name","All","X0to15","X16to29","X30to44","X45to64","X65plus"
"E01020861","County Durham 064E","E06000047","County Durham",-0.007407407,0,0.019354839,0.019607843,-0.051136364,0.006289308
