"Code","Name","LA_code","LA_name","All","X0to15","X16to29","X30to44","X45to64","X65plus"
"E01020719","County Durham 022D","E06000047","County Durham",0.039808917,-0.004132231,0.022727273,0.054393305,0.030470914,0.096638655
