"Code","Name","LA_code","LA_name","All","X0to15","X16to29","X30to44","X45to64","X65plus"
"E01020825","County Durham 062A","E06000047","County Durham",0.005177994,0.026717557,0.037037037,-0.016129032,-0.016018307,0.008450704
