"Code","Name","LA_code","LA_name","All","X0to15","X16to29","X30to44","X45to64","X65plus"
"E01020661","County Durham 004A","E06000047","County Durham",0.009036145,0.005291005,0.017804154,-0.01344086,0.009784736,0.025380711
