"Code","Name","LA_code","LA_name","All","X0to15","X16to29","X30to44","X45to64","X65plus"
"E01020783","County Durham 017E","E06000047","County Durham",0.024077047,0.088235294,0.018348624,-0.033018868,-0.010471204,0.082608696
