"Code","Name","LA_code","LA_name","All","X0to15","X16to29","X30to44","X45to64","X65plus"
"E01020675","County Durham 008E","E06000047","County Durham",-0.018508438,-0.047770701,-0.029900332,-0.045614035,-0.010162602,0.017977528
