"Code","Name","LA_code","LA_name","All","X0to15","X16to29","X30to44","X45to64","X65plus"
"E01020683","County Durham 028B","E06000047","County Durham",-0.013565891,-0.04887218,0.023809524,-0.065972222,0.002427184,0.014492754
