"Code","Name","LA_code","LA_name","All","X0to15","X16to29","X30to44","X45to64","X65plus"
"E01020798","County Durham 050B","E06000047","County Durham",0.009543286,-0.034220532,0.028301887,0.022727273,-0.010075567,0.042666667
