"Code","Name","LA_code","LA_name","All","X0to15","X16to29","X30to44","X45to64","X65plus"
"E01033197","County Durham 030F","E06000047","County Durham",-0.020309478,-0.24137931,-0.01375,-0.074626866,0.031413613,-0.010810811
