"Code","Name","LA_code","LA_name","All","X0to15","X16to29","X30to44","X45to64","X65plus"
"E01020615","County Durham 005B","E06000047","County Durham",0.013904983,0.008403361,0.029520295,0.010033445,0.026373626,-0.005813953
