"Code","Name","LA_code","LA_name","All","X0to15","X16to29","X30to44","X45to64","X65plus"
"E01020611","County Durham 007D","E06000047","County Durham",0.014105419,0.015625,0.032467532,0.021164021,0.004854369,0.0125
