"Code","Name","LA_code","LA_name","All","X0to15","X16to29","X30to44","X45to64","X65plus"
"E01020627","County Durham 003A","E06000047","County Durham",-0.007915567,-0.018018018,0.023923445,-0.014760148,-0.013671875,-0.006622517
