"Code","Name","LA_code","LA_name","All","X0to15","X16to29","X30to44","X45to64","X65plus"
"E01009715","Coventry 019C","E08000026","Coventry",0.022479564,-0.002949853,0.035714286,0.026392962,0.049382716,0
