"Code","Name","LA_code","LA_name","All","X0to15","X16to29","X30to44","X45to64","X65plus"
"E01009713","Coventry 019B","E08000026","Coventry",0,0.026239067,0.019230769,-0.016722408,0.012084592,-0.061674009
