"Code","Name","LA_code","LA_name","All","X0to15","X16to29","X30to44","X45to64","X65plus"
"E01009672","Coventry 040E","E08000026","Coventry",0.003855422,-0.011527378,-0.01,-0.03058104,0.022641509,0.022767075
