"Code","Name","LA_code","LA_name","All","X0to15","X16to29","X30to44","X45to64","X65plus"
"E01009541","Coventry 039C","E08000026","Coventry",-0.0214326,-0.014134276,-0.018475751,-0.046728972,-0.025510204,-0.002906977
