"Code","Name","LA_code","LA_name","All","X0to15","X16to29","X30to44","X45to64","X65plus"
"E01009632","Coventry 020D","E08000026","Coventry",0.009695291,0.0875,0.024070022,-0.032482599,-0.035230352,0.023584906
