"Code","Name","LA_code","LA_name","All","X0to15","X16to29","X30to44","X45to64","X65plus"
"E01009626","Coventry 011D","E08000026","Coventry",-0.012276786,0,-0.027027027,-0.024175824,0.002840909,-0.015789474
