"Code","Name","LA_code","LA_name","All","X0to15","X16to29","X30to44","X45to64","X65plus"
"E01009548","Coventry 031A","E08000026","Coventry",-0.005757467,-0.015267176,0.000924214,-0.004622496,-0.0225,0.003921569
