"Code","Name","LA_code","LA_name","All","X0to15","X16to29","X30to44","X45to64","X65plus"
"E01009530","Coventry 014C","E08000026","Coventry",-0.046558704,-0.066465257,-0.012345679,-0.074074074,-0.028350515,-0.049327354
