"Code","Name","LA_code","LA_name","All","X0to15","X16to29","X30to44","X45to64","X65plus"
"E01009686","Coventry 026D","E08000026","Coventry",0.023770039,0.118243243,-0.017994859,-0.022959184,0.034934498,0.02919708
