"Code","Name","LA_code","LA_name","All","X0to15","X16to29","X30to44","X45to64","X65plus"
"E01009718","Coventry 019E","E08000026","Coventry",-0.006253257,-0.023872679,0.009852217,-0.032,-0.00982801,0.025423729
