"Code","Name","LA_code","LA_name","All","X0to15","X16to29","X30to44","X45to64","X65plus"
"E01009708","Coventry 033F","E08000026","Coventry",-0.008530184,-0.03515625,-0.011627907,-0.010791367,0.010443864,-0.005730659
