"Code","Name","LA_code","LA_name","All","X0to15","X16to29","X30to44","X45to64","X65plus"
"E01009558","Coventry 034E","E08000026","Coventry",0.003376097,0.014218009,0.002906977,0.006042296,0.033591731,-0.067307692
