"Code","Name","LA_code","LA_name","All","X0to15","X16to29","X30to44","X45to64","X65plus"
"E01009666","Coventry 041A","E08000026","Coventry",-0.015753938,-0.023622047,-0.034313725,0.017391304,-0.010498688,-0.03030303
