"Code","Name","LA_code","LA_name","All","X0to15","X16to29","X30to44","X45to64","X65plus"
"E01032531","Coventry 036E","E08000026","Coventry",-0.020346898,0.002560819,-0.022696929,-0.04173913,-0.039927405,0
