"Code","Name","LA_code","LA_name","All","X0to15","X16to29","X30to44","X45to64","X65plus"
"E01009670","Coventry 041D","E08000026","Coventry",-0.014319809,-0.052147239,-0.026217228,0.028985507,0,-0.031746032
