"Code","Name","LA_code","LA_name","All","X0to15","X16to29","X30to44","X45to64","X65plus"
"E01009552","Coventry 037E","E08000026","Coventry",-0.037974684,-0.058139535,-0.031578947,-0.027355623,-0.022038567,-0.050295858
