"Code","Name","LA_code","LA_name","All","X0to15","X16to29","X30to44","X45to64","X65plus"
"E01009527","Coventry 006C","E08000026","Coventry",0.009439528,0.035820896,0.013850416,-0.022099448,-0.030837004,0.114754098
