"Code","Name","LA_code","LA_name","All","X0to15","X16to29","X30to44","X45to64","X65plus"
"E01009570","Coventry 015B","E08000026","Coventry",0.000981354,-0.017574692,0.002169197,-0.017578125,0.035928144,0.049382716
