"Code","Name","LA_code","LA_name","All","X0to15","X16to29","X30to44","X45to64","X65plus"
"E01009562","Coventry 040C","E08000026","Coventry",0.013302487,0.055147059,0.015625,0.009615385,-0.015250545,0.018604651
