"Code","Name","LA_code","LA_name","All","X0to15","X16to29","X30to44","X45to64","X65plus"
"E01009599","Coventry 013A","E08000026","Coventry",-0.022447502,-0.047445255,-0.025316456,-0.050925926,-0.003236246,0
