"Code","Name","LA_code","LA_name","All","X0to15","X16to29","X30to44","X45to64","X65plus"
"E01009606","Coventry 005C","E08000026","Coventry",0.001243008,0.032171582,0.006920415,-0.033707865,0,0
