"Code","Name","LA_code","LA_name","All","X0to15","X16to29","X30to44","X45to64","X65plus"
"E01009638","Coventry 024C","E08000026","Coventry",-0.009345794,-0.050724638,-0.007772021,-0.01002004,0.022727273,0.057142857
