"Code","Name","LA_code","LA_name","All","X0to15","X16to29","X30to44","X45to64","X65plus"
"E01009639","Coventry 024D","E08000026","Coventry",-0.006325474,-0.025,-0.023255814,0.017073171,0.018796992,-0.006535948
