"Code","Name","LA_code","LA_name","All","X0to15","X16to29","X30to44","X45to64","X65plus"
"E01009578","Coventry 008B","E08000026","Coventry",0.028425656,0.090047393,0.081632653,0.029411765,-0.024229075,0.029304029
