"Code","Name","LA_code","LA_name","All","X0to15","X16to29","X30to44","X45to64","X65plus"
"E01009538","Coventry 035D","E08000026","Coventry",0.006821282,-0.00990099,0.011538462,-0.011583012,0.004889976,0.046808511
