"Code","Name","LA_code","LA_name","All","X0to15","X16to29","X30to44","X45to64","X65plus"
"E01009644","Coventry 017B","E08000026","Coventry",-0.010638298,-0.01734104,-0.027439024,-0.029333333,0,0.023178808
