"Code","Name","LA_code","LA_name","All","X0to15","X16to29","X30to44","X45to64","X65plus"
"E01009660","Coventry 021D","E08000026","Coventry",0.002597403,-0.025210084,-0.005385996,0.004950495,0.019512195,0.035532995
