"Code","Name","LA_code","LA_name","All","X0to15","X16to29","X30to44","X45to64","X65plus"
"E01032536","Coventry 001F","E08000026","Coventry",-0.018597997,0.01055409,-0.012578616,-0.033333333,-0.038167939,-0.004219409
