"Code","Name","LA_code","LA_name","All","X0to15","X16to29","X30to44","X45to64","X65plus"
"E01009525","Coventry 006B","E08000026","Coventry",0.058655222,0.008032129,0.079812207,0.08,0.061111111,0.063122924
