"Code","Name","LA_code","LA_name","All","X0to15","X16to29","X30to44","X45to64","X65plus"
"E01009696","Coventry 023B","E08000026","Coventry",-0.009727626,-0.025641026,0.076923077,-0.031128405,-0.002673797,-0.037280702
