"Code","Name","LA_code","LA_name","All","X0to15","X16to29","X30to44","X45to64","X65plus"
"E01009536","Coventry 033C","E08000026","Coventry",0.002647253,0.029288703,-0.017094017,-0.032846715,0.021276596,0.005154639
