"Code","Name","LA_code","LA_name","All","X0to15","X16to29","X30to44","X45to64","X65plus"
"E01009539","Coventry 039A","E08000026","Coventry",0.011009174,0.032520325,0.007594937,-0.008823529,0.02266289,-0.011235955
