"Code","Name","LA_code","LA_name","All","X0to15","X16to29","X30to44","X45to64","X65plus"
"E01009567","Coventry 009C","E08000026","Coventry",0.002048131,0.003424658,0.029339853,-0.004444444,-0.019283747,-0.006802721
