"Code","Name","LA_code","LA_name","All","X0to15","X16to29","X30to44","X45to64","X65plus"
"E01009702","Coventry 029E","E08000026","Coventry",0.030229746,0.064356436,0.010526316,0.009202454,0.006097561,0.069444444
