"Code","Name","LA_code","LA_name","All","X0to15","X16to29","X30to44","X45to64","X65plus"
"E01009540","Coventry 039B","E08000026","Coventry",0.006520727,-0.004155125,0.011494253,0.045258621,0.008426966,-0.070588235
