"Code","Name","LA_code","LA_name","All","X0to15","X16to29","X30to44","X45to64","X65plus"
"E01009605","Coventry 004B","E08000026","Coventry",-0.002189381,0.004395604,0.005602241,-0.026954178,-0.026004728,0.058823529
