"Code","Name","LA_code","LA_name","All","X0to15","X16to29","X30to44","X45to64","X65plus"
"E01032528","Coventry 035H","E08000026","Coventry",-0.009398496,-0.074303406,0.010600707,0.003378378,0.014409222,0
