"Code","Name","LA_code","LA_name","All","X0to15","X16to29","X30to44","X45to64","X65plus"
"E01009568","Coventry 009D","E08000026","Coventry",-0.003241491,-0.039783002,0.028947368,-0.027459954,0.03164557,0.042424242
