"Code","Name","LA_code","LA_name","All","X0to15","X16to29","X30to44","X45to64","X65plus"
"E01009620","Coventry 027E","E08000026","Coventry",0.010813149,0.018832392,0.039812646,-0.003478261,-0.004166667,0.006688963
