"Code","Name","LA_code","LA_name","All","X0to15","X16to29","X30to44","X45to64","X65plus"
"E01009682","Coventry 032C","E08000026","Coventry",-0.021451104,-0.006514658,-0.009584665,-0.026162791,-0.041551247,-0.019230769
