"Code","Name","LA_code","LA_name","All","X0to15","X16to29","X30to44","X45to64","X65plus"
"E01009690","Coventry 030C","E08000026","Coventry",0.008469791,0.036458333,0.020656136,-0.028169014,0.02661597,-0.043478261
