"Code","Name","LA_code","LA_name","All","X0to15","X16to29","X30to44","X45to64","X65plus"
"E01009589","Coventry 001A","E08000026","Coventry",-0.01014885,-0.01618123,0.036923077,-0.003194888,-0.055882353,-0.010471204
