"Code","Name","LA_code","LA_name","All","X0to15","X16to29","X30to44","X45to64","X65plus"
"E01009650","Coventry 020E","E08000026","Coventry",-0.002414293,-0.065217391,0.020292208,-0.031446541,-0.022641509,-0.042372881
