"Code","Name","LA_code","LA_name","All","X0to15","X16to29","X30to44","X45to64","X65plus"
"E01009560","Coventry 040A","E08000026","Coventry",0.045338442,0.058823529,0.066420664,0.044052863,0.042154567,0.024390244
