"Code","Name","LA_code","LA_name","All","X0to15","X16to29","X30to44","X45to64","X65plus"
"E01009669","Coventry 042B","E08000026","Coventry",0.014716703,0.024647887,-0.025641026,0.012765957,0.036939314,0.015957447
