"Code","Name","LA_code","LA_name","All","X0to15","X16to29","X30to44","X45to64","X65plus"
"E01009647","Coventry 017C","E08000026","Coventry",-0.030563003,-0.029239766,-0.027777778,-0.02955665,-0.037783375,-0.027777778
