"Code","Name","LA_code","LA_name","All","X0to15","X16to29","X30to44","X45to64","X65plus"
"E01009659","Coventry 016C","E08000026","Coventry",0.00980873,-0.031809145,0.011804384,0.008988764,0.008571429,0.148648649
