"Code","Name","LA_code","LA_name","All","X0to15","X16to29","X30to44","X45to64","X65plus"
"E01009607","Coventry 004C","E08000026","Coventry",0.021289178,0.062678063,0.015267176,0.041666667,-0.008988764,-0.012048193
