"Code","Name","LA_code","LA_name","All","X0to15","X16to29","X30to44","X45to64","X65plus"
"E01009581","Coventry 007C","E08000026","Coventry",0.018776499,0.009592326,0.018181818,-0.003496503,0.050704225,0.015209125
