"Code","Name","LA_code","LA_name","All","X0to15","X16to29","X30to44","X45to64","X65plus"
"E01009612","Coventry 035F","E08000026","Coventry",0.038303694,0.055263158,0.047021944,0.024464832,0.013937282,0.053691275
