"Code","Name","LA_code","LA_name","All","X0to15","X16to29","X30to44","X45to64","X65plus"
"E01009700","Coventry 029C","E08000026","Coventry",-0.019662921,-0.050632911,-0.012820513,-0.020512821,-0.005076142,0
