"Code","Name","LA_code","LA_name","All","X0to15","X16to29","X30to44","X45to64","X65plus"
"E01009580","Coventry 019A","E08000026","Coventry",-0.002215657,0.07826087,-0.040935673,-0.035587189,0,-0.011661808
