"Code","Name","LA_code","LA_name","All","X0to15","X16to29","X30to44","X45to64","X65plus"
"E01009528","Coventry 010C","E08000026","Coventry",0.013012048,0.097435897,0,-0.004914005,-0.018518519,0
