"Code","Name","LA_code","LA_name","All","X0to15","X16to29","X30to44","X45to64","X65plus"
"E01009587","Coventry 011A","E08000026","Coventry",-0.008995502,-0.027874564,0.002207506,0.004484305,-0.017492711,0.005405405
