"Code","Name","LA_code","LA_name","All","X0to15","X16to29","X30to44","X45to64","X65plus"
"E01009574","Coventry 015F","E08000026","Coventry",-0.004589788,-0.006521739,0.016161616,-0.002531646,-0.018587361,-0.056451613
