"Code","Name","LA_code","LA_name","All","X0to15","X16to29","X30to44","X45to64","X65plus"
"E01009703","Coventry 025C","E08000026","Coventry",-0.004376368,-0.014569536,0.00844773,-0.012972973,0.002762431,-0.009836066
