"Code","Name","LA_code","LA_name","All","X0to15","X16to29","X30to44","X45to64","X65plus"
"E01009573","Coventry 015E","E08000026","Coventry",0.004326329,0.004175365,0.014018692,-0.014124294,0.067193676,-0.125
