"Code","Name","LA_code","LA_name","All","X0to15","X16to29","X30to44","X45to64","X65plus"
"E01009693","Coventry 022C","E08000026","Coventry",0.012258065,-0.021352313,0.019455253,-0.012618297,0.023188406,0.045714286
