"Code","Name","LA_code","LA_name","All","X0to15","X16to29","X30to44","X45to64","X65plus"
"E01009716","Coventry 018E","E08000026","Coventry",-0.012378902,-0.03271028,0.002777778,-0.0225,-0.002309469,0
