"Code","Name","LA_code","LA_name","All","X0to15","X16to29","X30to44","X45to64","X65plus"
"E01009621","Coventry 027F","E08000026","Coventry",0.010302198,0.017421603,0.050793651,0.002985075,-0.003174603,-0.029411765
