"Code","Name","LA_code","LA_name","All","X0to15","X16to29","X30to44","X45to64","X65plus"
"E01009643","Coventry 017A","E08000026","Coventry",-0.007124352,-0.020833333,-0.003649635,0.014705882,-0.014044944,-0.012605042
