"Code","Name","LA_code","LA_name","All","X0to15","X16to29","X30to44","X45to64","X65plus"
"E01009664","Coventry 016E","E08000026","Coventry",-0.005066498,0.00257732,-0.006622517,-0.00877193,-0.023872679,0.029411765
