"Code","Name","LA_code","LA_name","All","X0to15","X16to29","X30to44","X45to64","X65plus"
"E01009665","Coventry 042A","E08000026","Coventry",-0.015661707,-0.089285714,0.021008403,0.047904192,-0.03343465,-0.018666667
