"Code","Name","LA_code","LA_name","All","X0to15","X16to29","X30to44","X45to64","X65plus"
"E01027571","Craven 003B","E07000163","Craven",-0.010914761,-0.073394495,-0.033457249,0.046153846,0.005136986,0
