"Code","Name","LA_code","LA_name","All","X0to15","X16to29","X30to44","X45to64","X65plus"
"E01027562","Craven 002A","E07000163","Craven",-0.037300178,-0.054545455,-0.010582011,-0.015789474,-0.036163522,-0.050660793
