"Code","Name","LA_code","LA_name","All","X0to15","X16to29","X30to44","X45to64","X65plus"
"E01027583","Craven 008E","E07000163","Craven",-0.010038241,0.004938272,-0.010380623,-0.020231214,0.009124088,-0.035714286
