"Code","Name","LA_code","LA_name","All","X0to15","X16to29","X30to44","X45to64","X65plus"
"E01027579","Craven 005D","E07000163","Craven",0.00085034,-0.003676471,0.02247191,-0.00862069,-0.016611296,0.025906736
