"Code","Name","LA_code","LA_name","All","X0to15","X16to29","X30to44","X45to64","X65plus"
"E01027577","Craven 005C","E07000163","Craven",0,0.018404908,-0.006688963,0.012084592,-0.018151815,0.006976744
