"Code","Name","LA_code","LA_name","All","X0to15","X16to29","X30to44","X45to64","X65plus"
"E01027561","Craven 004B","E07000163","Craven",0.017516744,0.044378698,0.035532995,0.025723473,0.010398614,-0.003861004
