"Code","Name","LA_code","LA_name","All","X0to15","X16to29","X30to44","X45to64","X65plus"
"E01027564","Craven 008B","E07000163","Craven",0.032207384,-0.054298643,0,0.032258065,0.013468013,0.107969152
