"Code","Name","LA_code","LA_name","All","X0to15","X16to29","X30to44","X45to64","X65plus"
"E01027565","Craven 008C","E07000163","Craven",-0.012491782,0.019607843,0.018181818,-0.042253521,-0.009009009,-0.038560411
