"Code","Name","LA_code","LA_name","All","X0to15","X16to29","X30to44","X45to64","X65plus"
"E01027558","Craven 001A","E07000163","Craven",-0.003634476,0.011538462,0.052380952,0.013215859,-0.023391813,-0.014678899
