"Code","Name","LA_code","LA_name","All","X0to15","X16to29","X30to44","X45to64","X65plus"
"E01027556","Craven 007A","E07000163","Craven",0.025959368,0.026785714,0.025906736,0.034364261,0.016528926,0.034582133
