"Code","Name","LA_code","LA_name","All","X0to15","X16to29","X30to44","X45to64","X65plus"
"E01027570","Craven 001D","E07000163","Craven",0.00947672,-0.02173913,0.005934718,0.006711409,0.02811245,0.006915629
