"Code","Name","LA_code","LA_name","All","X0to15","X16to29","X30to44","X45to64","X65plus"
"E01031573","Crawley 001A","E07000226","Crawley",-0.00229753,-0.023809524,0.032374101,0.014218009,0.007751938,-0.057291667
