"Code","Name","LA_code","LA_name","All","X0to15","X16to29","X30to44","X45to64","X65plus"
"E01031553","Crawley 012C","E07000226","Crawley",0.003180662,0.002487562,0.021333333,0.014084507,-0.014084507,-0.047058824
