"Code","Name","LA_code","LA_name","All","X0to15","X16to29","X30to44","X45to64","X65plus"
"E01031579","Crawley 009E","E07000226","Crawley",-0.075413857,-0.104225352,-0.059800664,-0.1,-0.034574468,-0.055045872
