"Code","Name","LA_code","LA_name","All","X0to15","X16to29","X30to44","X45to64","X65plus"
"E01031576","Crawley 001D","E07000226","Crawley",-0.01146789,-0.002247191,0.023255814,-0.015544041,-0.028497409,-0.039823009
