"Code","Name","LA_code","LA_name","All","X0to15","X16to29","X30to44","X45to64","X65plus"
"E01031593","Crawley 002E","E07000226","Crawley",0.019377163,0.01984127,0,0.015873016,0.047945205,-0.013333333
