"Code","Name","LA_code","LA_name","All","X0to15","X16to29","X30to44","X45to64","X65plus"
"E01031589","Crawley 005A","E07000226","Crawley",0.011738401,0.08358209,0.011627907,0.002439024,-0.022421525,-0.002941176
