"Code","Name","LA_code","LA_name","All","X0to15","X16to29","X30to44","X45to64","X65plus"
"E01031586","Crawley 002A","E07000226","Crawley",0.011557512,0.01242236,0,0.013833992,0,0.039408867
