"Code","Name","LA_code","LA_name","All","X0to15","X16to29","X30to44","X45to64","X65plus"
"E01031609","Crawley 003D","E07000226","Crawley",0.013793103,0.022508039,0.04,0.017647059,-0.016393443,0.020661157
