"Code","Name","LA_code","LA_name","All","X0to15","X16to29","X30to44","X45to64","X65plus"
"E01031591","Crawley 005B","E07000226","Crawley",0.016322089,-0.002352941,0.031152648,0.014285714,0.012531328,0.044334975
