"Code","Name","LA_code","LA_name","All","X0to15","X16to29","X30to44","X45to64","X65plus"
"E01031585","Crawley 004C","E07000226","Crawley",0.020503808,0.046511628,-0.006024096,0.040100251,0.010899183,0.00974026
