"Code","Name","LA_code","LA_name","All","X0to15","X16to29","X30to44","X45to64","X65plus"
"E01031562","Crawley 009C","E07000226","Crawley",-0.013353116,0.022140221,0.004739336,-0.030418251,-0.021943574,-0.035211268
