"Code","Name","LA_code","LA_name","All","X0to15","X16to29","X30to44","X45to64","X65plus"
"E01031604","Crawley 011B","E07000226","Crawley",0.0128783,-0.003367003,0.008403361,0.005865103,0.043701799,0
