"Code","Name","LA_code","LA_name","All","X0to15","X16to29","X30to44","X45to64","X65plus"
"E01031595","Crawley 011A","E07000226","Crawley",0.002986858,-0.039370079,-0.006535948,0,0.019021739,0.061983471
