"Code","Name","LA_code","LA_name","All","X0to15","X16to29","X30to44","X45to64","X65plus"
"E01031594","Crawley 005C","E07000226","Crawley",-0.016337645,-0.017142857,0.052884615,-0.011940299,-0.03539823,-0.054852321
