"Code","Name","LA_code","LA_name","All","X0to15","X16to29","X30to44","X45to64","X65plus"
"E01031597","Crawley 007B","E07000226","Crawley",0.003236246,0.06122449,-0.024271845,0.016666667,0.006622517,-0.038123167
