"Code","Name","LA_code","LA_name","All","X0to15","X16to29","X30to44","X45to64","X65plus"
"E01031603","Crawley 005E","E07000226","Crawley",-0.003263708,-0.013651877,0.027303754,-0.002967359,-0.009876543,-0.019607843
