"Code","Name","LA_code","LA_name","All","X0to15","X16to29","X30to44","X45to64","X65plus"
"E01031583","Crawley 004A","E07000226","Crawley",-0.004708098,0.009569378,-0.004484305,-0.003284072,-0.002053388,-0.054878049
