"Code","Name","LA_code","LA_name","All","X0to15","X16to29","X30to44","X45to64","X65plus"
"E01031598","Crawley 007C","E07000226","Crawley",-0.00754498,0,0.043478261,-0.014018692,-0.02189781,-0.034602076
