"Code","Name","LA_code","LA_name","All","X0to15","X16to29","X30to44","X45to64","X65plus"
"E01031564","Crawley 006A","E07000226","Crawley",-0.005171299,-0.023972603,0,-0.029154519,0.016528926,0.010238908
