"Code","Name","LA_code","LA_name","All","X0to15","X16to29","X30to44","X45to64","X65plus"
"E01032835","Crawley 004F","E07000226","Crawley",-0.005255614,-0.015350877,0.015317287,-0.004489338,0.031413613,-0.132653061
