"Code","Name","LA_code","LA_name","All","X0to15","X16to29","X30to44","X45to64","X65plus"
"E01001065","Croydon 034E","E09000008","Croydon",0.013708514,0.004975124,0.004807692,0.037383178,0.027027027,-0.017482517
