"Code","Name","LA_code","LA_name","All","X0to15","X16to29","X30to44","X45to64","X65plus"
"E01001096","Croydon 037D","E09000008","Croydon",0.001369863,0.024291498,0.005025126,-0.047008547,0.002096436,0.01650165
