"Code","Name","LA_code","LA_name","All","X0to15","X16to29","X30to44","X45to64","X65plus"
"E01001143","Croydon 008B","E09000008","Croydon",-0.000951928,-0.013861386,-0.007462687,-0.006896552,0.021072797,0
