"Code","Name","LA_code","LA_name","All","X0to15","X16to29","X30to44","X45to64","X65plus"
"E01001120","Croydon 033A","E09000008","Croydon",-0.007412898,-0.041841004,-0.004405286,-0.021008403,0.007263923,0.012931034
