"Code","Name","LA_code","LA_name","All","X0to15","X16to29","X30to44","X45to64","X65plus"
"E01001086","Croydon 003B","E09000008","Croydon",0.007449857,0.012158055,-0.01048951,-0.010989011,0.003960396,0.053639847
