"Code","Name","LA_code","LA_name","All","X0to15","X16to29","X30to44","X45to64","X65plus"
"E01001063","Croydon 026B","E09000008","Croydon",0.006993007,0.038461538,-0.014388489,-0.016949153,-0.011235955,0.056603774
