"Code","Name","LA_code","LA_name","All","X0to15","X16to29","X30to44","X45to64","X65plus"
"E01001074","Croydon 041E","E09000008","Croydon",-0.001884126,-0.018367347,0,0.005639098,0,0.007905138
