"Code","Name","LA_code","LA_name","All","X0to15","X16to29","X30to44","X45to64","X65plus"
"E01001170","Croydon 027E","E09000008","Croydon",0.004172462,0.034557235,-0.010204082,0.001818182,-0.011111111,0.003311258
