"Code","Name","LA_code","LA_name","All","X0to15","X16to29","X30to44","X45to64","X65plus"
"E01001056","Croydon 030D","E09000008","Croydon",0.008,0.015037594,0.019178082,-0.025641026,0.011594203,0.036363636
