"Code","Name","LA_code","LA_name","All","X0to15","X16to29","X30to44","X45to64","X65plus"
"E01001165","Croydon 024C","E09000008","Croydon",0.018583043,0.038356164,0.026578073,0,-0.004484305,0.084507042
