"Code","Name","LA_code","LA_name","All","X0to15","X16to29","X30to44","X45to64","X65plus"
"E01000984","Croydon 022F","E09000008","Croydon",-0.016975309,-0.017994859,-0.016,-0.047034765,0.033018868,-0.041198502
