"Code","Name","LA_code","LA_name","All","X0to15","X16to29","X30to44","X45to64","X65plus"
"E01001178","Croydon 015D","E09000008","Croydon",-0.053058677,-0.070564516,-0.038709677,-0.037433155,-0.018404908,-0.1875
