"Code","Name","LA_code","LA_name","All","X0to15","X16to29","X30to44","X45to64","X65plus"
"E01001154","Croydon 006E","E09000008","Croydon",-0.002014099,-0.013645224,-0.020057307,-0.004694836,0.011214953,0.036809816
