"Code","Name","LA_code","LA_name","All","X0to15","X16to29","X30to44","X45to64","X65plus"
"E01001039","Croydon 029D","E09000008","Croydon",-0.015181518,0.036666667,-0.021164021,-0.051779935,-0.006833713,-0.039568345
