"Code","Name","LA_code","LA_name","All","X0to15","X16to29","X30to44","X45to64","X65plus"
"E01001171","Croydon 028C","E09000008","Croydon",0.021860987,0.010362694,0.018469657,0.045325779,0.005128205,0.036231884
