"Code","Name","LA_code","LA_name","All","X0to15","X16to29","X30to44","X45to64","X65plus"
"E01001053","Croydon 032A","E09000008","Croydon",-0.014981273,-0.047961631,-0.023809524,-0.014492754,-0.007125891,0.051546392
