"Code","Name","LA_code","LA_name","All","X0to15","X16to29","X30to44","X45to64","X65plus"
"E01001183","Croydon 011E","E09000008","Croydon",0.020751542,0.043378995,0.020289855,0.026570048,0.037878788,-0.078947368
