"Code","Name","LA_code","LA_name","All","X0to15","X16to29","X30to44","X45to64","X65plus"
"E01000981","Croydon 017B","E09000008","Croydon",0.070133011,0.089005236,0.082987552,0.033936652,0.073825503,0.098591549
