"Code","Name","LA_code","LA_name","All","X0to15","X16to29","X30to44","X45to64","X65plus"
"E01000994","Croydon 009A","E09000008","Croydon",0.003921569,0.03313253,0.007604563,-0.009375,0.016393443,-0.058510638
