"Code","Name","LA_code","LA_name","All","X0to15","X16to29","X30to44","X45to64","X65plus"
"E01001177","Croydon 016C","E09000008","Croydon",0.013010053,0.031319911,-0.029585799,0.005012531,0.015306122,0.086956522
