"Code","Name","LA_code","LA_name","All","X0to15","X16to29","X30to44","X45to64","X65plus"
"E01001188","Croydon 014D","E09000008","Croydon",0.02484472,0.046121593,0.027190332,0.013129103,0,0.078014184
