"Code","Name","LA_code","LA_name","All","X0to15","X16to29","X30to44","X45to64","X65plus"
"E01001087","Croydon 003C","E09000008","Croydon",0.01264881,0.036563071,0.015625,-0.002941176,0.008103728,0.007462687
