"Code","Name","LA_code","LA_name","All","X0to15","X16to29","X30to44","X45to64","X65plus"
"E01000985","Croydon 021A","E09000008","Croydon",-0.002033898,0.007434944,-0.045454545,0.010050251,0.014989293,-0.010067114
