"Code","Name","LA_code","LA_name","All","X0to15","X16to29","X30to44","X45to64","X65plus"
"E01001186","Croydon 014C","E09000008","Croydon",-0.024851432,-0.050125313,-0.046376812,-0.029213483,-0.021786492,0.064039409
