"Code","Name","LA_code","LA_name","All","X0to15","X16to29","X30to44","X45to64","X65plus"
"E01001012","Croydon 020A","E09000008","Croydon",0.009886307,0.018367347,-0.006912442,0.023897059,0.009708738,-0.020979021
