"Code","Name","LA_code","LA_name","All","X0to15","X16to29","X30to44","X45to64","X65plus"
"E01001080","Croydon 036C","E09000008","Croydon",0.000593472,-0.063180828,-0.028469751,-0.014836795,0.021978022,0.143442623
