"Code","Name","LA_code","LA_name","All","X0to15","X16to29","X30to44","X45to64","X65plus"
"E01001029","Croydon 038B","E09000008","Croydon",0,0.046263345,-0.033088235,-0.016666667,0.010121457,-0.011940299
