"Code","Name","LA_code","LA_name","All","X0to15","X16to29","X30to44","X45to64","X65plus"
"E01001025","Croydon 043C","E09000008","Croydon",-0.006998445,-0.053030303,0.023255814,0.018181818,-0.012755102,0.008403361
