"Code","Name","LA_code","LA_name","All","X0to15","X16to29","X30to44","X45to64","X65plus"
"E01000980","Croydon 017A","E09000008","Croydon",-0.110123119,-0.130434783,-0.13229572,-0.144144144,-0.054187192,-0.099173554
