"Code","Name","LA_code","LA_name","All","X0to15","X16to29","X30to44","X45to64","X65plus"
"E01001069","Croydon 040A","E09000008","Croydon",-0.007735584,-0.036231884,-0.06,0.00621118,0.031914894,-0.012096774
