"Code","Name","LA_code","LA_name","All","X0to15","X16to29","X30to44","X45to64","X65plus"
"E01001035","Croydon 027A","E09000008","Croydon",-0.003672613,-0.011976048,-0.005347594,0.001594896,-0.037735849,0.06
