"Code","Name","LA_code","LA_name","All","X0to15","X16to29","X30to44","X45to64","X65plus"
"E01001172","Croydon 028D","E09000008","Croydon",0.000922509,0.004601227,-0.004926108,0.021028037,0,-0.051948052
