"Code","Name","LA_code","LA_name","All","X0to15","X16to29","X30to44","X45to64","X65plus"
"E01001082","Croydon 032E","E09000008","Croydon",0.010269576,0.010309278,-0.006153846,0.029304029,0.007594937,0.016949153
