"Code","Name","LA_code","LA_name","All","X0to15","X16to29","X30to44","X45to64","X65plus"
"E01001146","Croydon 006A","E09000008","Croydon",0.005464481,0.028248588,0.006968641,-0.029126214,-0.001879699,0.042424242
