"Code","Name","LA_code","LA_name","All","X0to15","X16to29","X30to44","X45to64","X65plus"
"E01001016","Croydon 041B","E09000008","Croydon",0.015873016,-0.02173913,0.022321429,0.015479876,0.03164557,0.029333333
