"Code","Name","LA_code","LA_name","All","X0to15","X16to29","X30to44","X45to64","X65plus"
"E01001149","Croydon 006B","E09000008","Croydon",0.01086262,0.020671835,-0.004115226,0.028328612,-0.002325581,0.006578947
