"Code","Name","LA_code","LA_name","All","X0to15","X16to29","X30to44","X45to64","X65plus"
"E01001054","Croydon 030C","E09000008","Croydon",0.006900518,0.023809524,0.009174312,0.022435897,-0.014051522,-0.014218009
