"Code","Name","LA_code","LA_name","All","X0to15","X16to29","X30to44","X45to64","X65plus"
"E01001015","Croydon 041A","E09000008","Croydon",-0.007115136,0,-0.040322581,-0.029220779,0.031707317,-0.023584906
