"Code","Name","LA_code","LA_name","All","X0to15","X16to29","X30to44","X45to64","X65plus"
"E01001145","Croydon 008C","E09000008","Croydon",-0.011982027,-0.013468013,0.005076142,-0.006012024,-0.02195122,-0.056603774
