"Code","Name","LA_code","LA_name","All","X0to15","X16to29","X30to44","X45to64","X65plus"
"E01001003","Croydon 010C","E09000008","Croydon",0.003687769,-0.014251781,0,0.025906736,0.00245098,0.00591716
