"Code","Name","LA_code","LA_name","All","X0to15","X16to29","X30to44","X45to64","X65plus"
"E01001057","Croydon 030E","E09000008","Croydon",0.015576324,0.015584416,0.037593985,0.005633803,0,0.012048193
