"Code","Name","LA_code","LA_name","All","X0to15","X16to29","X30to44","X45to64","X65plus"
"E01000976","Croydon 022B","E09000008","Croydon",0.002477701,-0.017857143,-0.010498688,0.013289037,0.019704433,0.005524862
