"Code","Name","LA_code","LA_name","All","X0to15","X16to29","X30to44","X45to64","X65plus"
"E01001013","Croydon 020B","E09000008","Croydon",-0.031292517,-0.051851852,-0.034416826,0.021141649,-0.028077754,-0.097087379
