"Code","Name","LA_code","LA_name","All","X0to15","X16to29","X30to44","X45to64","X65plus"
"E01000992","Croydon 014A","E09000008","Croydon",-0.000988142,-0.030549898,0.00982801,0.026252983,0.02247191,-0.080924855
