"Code","Name","LA_code","LA_name","All","X0to15","X16to29","X30to44","X45to64","X65plus"
"E01001160","Croydon 002D","E09000008","Croydon",0.008345606,-0.015463918,0.015873016,-0.008426966,0.003623188,0.056666667
