"Code","Name","LA_code","LA_name","All","X0to15","X16to29","X30to44","X45to64","X65plus"
"E01001114","Croydon 013E","E09000008","Croydon",0.014935989,0.016746411,0,0.017391304,0.043333333,-0.056179775
