"Code","Name","LA_code","LA_name","All","X0to15","X16to29","X30to44","X45to64","X65plus"
"E01001058","Croydon 034A","E09000008","Croydon",-0.011406844,-0.013651877,0,-0.045801527,0.014204545,-0.018518519
