"Code","Name","LA_code","LA_name","All","X0to15","X16to29","X30to44","X45to64","X65plus"
"E01001128","Croydon 025B","E09000008","Croydon",0.010155317,-0.002057613,0.009584665,0.022292994,0.026378897,-0.020833333
