"Code","Name","LA_code","LA_name","All","X0to15","X16to29","X30to44","X45to64","X65plus"
"E01001078","Croydon 032D","E09000008","Croydon",0.028225806,0.025575448,0.018181818,0.018181818,0.062162162,-0.005649718
