"Code","Name","LA_code","LA_name","All","X0to15","X16to29","X30to44","X45to64","X65plus"
"E01000997","Croydon 009D","E09000008","Croydon",0.011469534,0.03202847,0.016949153,0.011673152,-0.007407407,0.013888889
