"Code","Name","LA_code","LA_name","All","X0to15","X16to29","X30to44","X45to64","X65plus"
"E01001020","Croydon 044C","E09000008","Croydon",0.012836186,0.00955414,-0.020512821,0.030508475,0.014675052,0.016901408
