"Code","Name","LA_code","LA_name","All","X0to15","X16to29","X30to44","X45to64","X65plus"
"E01001159","Croydon 002C","E09000008","Croydon",-0.002534212,0.01703163,-0.007092199,0.012684989,-0.012,-0.03257329
