"Code","Name","LA_code","LA_name","All","X0to15","X16to29","X30to44","X45to64","X65plus"
"E01001067","Croydon 041D","E09000008","Croydon",-0.002300173,0.020833333,-0.016129032,0.03,0.011363636,-0.067278287
