"Code","Name","LA_code","LA_name","All","X0to15","X16to29","X30to44","X45to64","X65plus"
"E01001193","Croydon 014E","E09000008","Croydon",-0.009653606,-0.02195122,-0.006833713,-0.016556291,-0.010060362,0.044247788
