"Code","Name","LA_code","LA_name","All","X0to15","X16to29","X30to44","X45to64","X65plus"
"E01001111","Croydon 010D","E09000008","Croydon",-0.006650544,0.019900498,0.003322259,-0.021108179,0.002364066,-0.087248322
