"Code","Name","LA_code","LA_name","All","X0to15","X16to29","X30to44","X45to64","X65plus"
"E01001030","Croydon 038C","E09000008","Croydon",-0.004961021,-0.048109966,-0.029411765,0.037344398,0.045346062,-0.05859375
