"Code","Name","LA_code","LA_name","All","X0to15","X16to29","X30to44","X45to64","X65plus"
"E01001135","Croydon 025D","E09000008","Croydon",0.004574042,0.033112583,0.019607843,0,-0.022222222,0.007978723
