"Code","Name","LA_code","LA_name","All","X0to15","X16to29","X30to44","X45to64","X65plus"
"E01001157","Croydon 002B","E09000008","Croydon",0.015285126,0.017045455,-0.022727273,0.047904192,0.002057613,0.045248869
