"Code","Name","LA_code","LA_name","All","X0to15","X16to29","X30to44","X45to64","X65plus"
"E01001187","Croydon 017E","E09000008","Croydon",0.049358342,0.058232932,0.027247956,0.053677932,0.021956088,0.146496815
