"Code","Name","LA_code","LA_name","All","X0to15","X16to29","X30to44","X45to64","X65plus"
"E01001032","Croydon 035A","E09000008","Croydon",0.024104683,0.055970149,0.022727273,0.046511628,-0.010471204,0.02173913
