"Code","Name","LA_code","LA_name","All","X0to15","X16to29","X30to44","X45to64","X65plus"
"E01001091","Croydon 004E","E09000008","Croydon",-0.007756563,-0.011904762,0.034351145,-0.016853933,-0.002257336,-0.039426523
