"Code","Name","LA_code","LA_name","All","X0to15","X16to29","X30to44","X45to64","X65plus"
"E01001007","Croydon 016B","E09000008","Croydon",0.020761246,0.008,0.007594937,0.017777778,0.018218623,0.097826087
