"Code","Name","LA_code","LA_name","All","X0to15","X16to29","X30to44","X45to64","X65plus"
"E01000993","Croydon 021D","E09000008","Croydon",0.004191617,0.017751479,-0.003636364,0.005249344,0.029279279,-0.056034483
