"Code","Name","LA_code","LA_name","All","X0to15","X16to29","X30to44","X45to64","X65plus"
"E01023409","Dacorum 017A","E07000096","Dacorum",-0.013706453,-0.013550136,-0.039735099,-0.016085791,-0.004796163,0.003448276
