"Code","Name","LA_code","LA_name","All","X0to15","X16to29","X30to44","X45to64","X65plus"
"E01023385","Dacorum 016C","E07000096","Dacorum",0.02247191,0.045112782,-0.003378378,0.003389831,0.002040816,0.072674419
