"Code","Name","LA_code","LA_name","All","X0to15","X16to29","X30to44","X45to64","X65plus"
"E01023347","Dacorum 013C","E07000096","Dacorum",-0.024932615,0.008658009,0,0.008928571,0.007731959,-0.096703297
