"Code","Name","LA_code","LA_name","All","X0to15","X16to29","X30to44","X45to64","X65plus"
"E01023363","Dacorum 009C","E07000096","Dacorum",-0.00125,-0.011396011,0.026315789,-0.013888889,-0.021645022,0.050632911
