"Code","Name","LA_code","LA_name","All","X0to15","X16to29","X30to44","X45to64","X65plus"
"E01033023","Dacorum 018H","E07000096","Dacorum",0.090351366,0.036423841,0.098837209,0.110074627,0.169191919,-0.041860465
