"Code","Name","LA_code","LA_name","All","X0to15","X16to29","X30to44","X45to64","X65plus"
"E01023371","Dacorum 012C","E07000096","Dacorum",-0.022092268,-0.021857923,0.021978022,-0.060070671,0.004329004,-0.06097561
