"Code","Name","LA_code","LA_name","All","X0to15","X16to29","X30to44","X45to64","X65plus"
"E01023348","Dacorum 013D","E07000096","Dacorum",0.044072005,0,0.003816794,-0.030726257,0.054545455,0.267857143
