"Code","Name","LA_code","LA_name","All","X0to15","X16to29","X30to44","X45to64","X65plus"
"E01023345","Dacorum 013A","E07000096","Dacorum",-0.004229607,-0.01529052,0,0.020100503,-0.020785219,-0.004739336
