"Code","Name","LA_code","LA_name","All","X0to15","X16to29","X30to44","X45to64","X65plus"
"E01023364","Dacorum 009D","E07000096","Dacorum",-0.008308157,-0.02247191,0,-0.00877193,0.010471204,-0.023569024
