"Code","Name","LA_code","LA_name","All","X0to15","X16to29","X30to44","X45to64","X65plus"
"E01023359","Dacorum 020C","E07000096","Dacorum",0.02010582,0.044025157,0,0.015765766,0.006928406,0.033816425
