"Code","Name","LA_code","LA_name","All","X0to15","X16to29","X30to44","X45to64","X65plus"
"E01023387","Dacorum 019B","E07000096","Dacorum",-0.001412429,-0.01510574,-0.028846154,-0.009771987,0.005376344,0.050505051
