"Code","Name","LA_code","LA_name","All","X0to15","X16to29","X30to44","X45to64","X65plus"
"E01023422","Dacorum 004C","E07000096","Dacorum",0.007770008,0.017699115,-0.038461538,0,0.009925558,0.020231214
