"Code","Name","LA_code","LA_name","All","X0to15","X16to29","X30to44","X45to64","X65plus"
"E01023365","Dacorum 014A","E07000096","Dacorum",-0.003894081,0.058536585,-0.068783069,0.020467836,-0.042042042,0.013953488
