"Code","Name","LA_code","LA_name","All","X0to15","X16to29","X30to44","X45to64","X65plus"
"E01023397","Dacorum 007E","E07000096","Dacorum",0,-0.002793296,0.04,-0.028368794,0.011173184,-0.034722222
