"Code","Name","LA_code","LA_name","All","X0to15","X16to29","X30to44","X45to64","X65plus"
"E01023433","Dacorum 001D","E07000096","Dacorum",0.013812155,0.026119403,0.004405286,-0.021563342,0.029925187,0.044198895
