"Code","Name","LA_code","LA_name","All","X0to15","X16to29","X30to44","X45to64","X65plus"
"E01023410","Dacorum 017B","E07000096","Dacorum",0.013254786,0.018518519,-0.06,0.103448276,0.034013605,-0.007317073
