"Code","Name","LA_code","LA_name","All","X0to15","X16to29","X30to44","X45to64","X65plus"
"E01023396","Dacorum 007D","E07000096","Dacorum",-0.008069522,-0.05,-0.042918455,0.02,0.00896861,0.018018018
