"Code","Name","LA_code","LA_name","All","X0to15","X16to29","X30to44","X45to64","X65plus"
"E01023374","Dacorum 021B","E07000096","Dacorum",0.00890411,-0.003816794,0.028708134,0.024489796,-0.039906103,0.059748428
