"Code","Name","LA_code","LA_name","All","X0to15","X16to29","X30to44","X45to64","X65plus"
"E01023379","Dacorum 018C","E07000096","Dacorum",0.003705991,0.042105263,-0.034334764,0.027355623,-0.018828452,0.006802721
