"Code","Name","LA_code","LA_name","All","X0to15","X16to29","X30to44","X45to64","X65plus"
"E01023358","Dacorum 020B","E07000096","Dacorum",-0.051216389,-0.054373522,-0.024734982,-0.032934132,-0.069164265,-0.085714286
