"Code","Name","LA_code","LA_name","All","X0to15","X16to29","X30to44","X45to64","X65plus"
"E01023423","Dacorum 002A","E07000096","Dacorum",-0.025974026,-0.074468085,0.034246575,0.031818182,-0.008948546,-0.067934783
