"Code","Name","LA_code","LA_name","All","X0to15","X16to29","X30to44","X45to64","X65plus"
"E01023434","Dacorum 005A","E07000096","Dacorum",-0.007527504,-0.01369863,0,-0.011990408,0.016706444,-0.047619048
