"Code","Name","LA_code","LA_name","All","X0to15","X16to29","X30to44","X45to64","X65plus"
"E01012346","Darlington 015E","E06000005","Darlington",-0.010952903,-0.040609137,0.020080321,-0.027932961,-0.005042017,0.017391304
