"Code","Name","LA_code","LA_name","All","X0to15","X16to29","X30to44","X45to64","X65plus"
"E01012325","Darlington 005A","E06000005","Darlington",-0.015503876,0.009803922,0.014150943,-0.040540541,-0.00896861,-0.041791045
