"Code","Name","LA_code","LA_name","All","X0to15","X16to29","X30to44","X45to64","X65plus"
"E01012337","Darlington 011B","E06000005","Darlington",0.012835473,0.01509434,-0.020304569,0.043668122,0.012,0.011472275
