"Code","Name","LA_code","LA_name","All","X0to15","X16to29","X30to44","X45to64","X65plus"
"E01032546","Darlington 002F","E06000005","Darlington",0.005803831,-0.003205128,0.042654028,0.026022305,-0.005434783,-0.005277045
