"Code","Name","LA_code","LA_name","All","X0to15","X16to29","X30to44","X45to64","X65plus"
"E01012324","Darlington 002D","E06000005","Darlington",0.014577259,0.037974684,0.058823529,0.032921811,-0.021164021,-0.003225806
