"Code","Name","LA_code","LA_name","All","X0to15","X16to29","X30to44","X45to64","X65plus"
"E01012331","Darlington 003D","E06000005","Darlington",-0.037162162,0.023255814,0,-0.005952381,0.02173913,-0.202205882
