"Code","Name","LA_code","LA_name","All","X0to15","X16to29","X30to44","X45to64","X65plus"
"E01012358","Darlington 014C","E06000005","Darlington",0.037414966,0.065637066,0.169642857,-0.007092199,0.011792453,-0.010676157
