"Code","Name","LA_code","LA_name","All","X0to15","X16to29","X30to44","X45to64","X65plus"
"E01012355","Darlington 008D","E06000005","Darlington",0.0269179,0.059027778,-0.015686275,0.051546392,0.002906977,0.028436019
