"Code","Name","LA_code","LA_name","All","X0to15","X16to29","X30to44","X45to64","X65plus"
"E01012345","Darlington 015D","E06000005","Darlington",0.012787724,0.052941176,-0.015625,-0.025531915,0.008791209,0.03125
