"Code","Name","LA_code","LA_name","All","X0to15","X16to29","X30to44","X45to64","X65plus"
"E01012353","Darlington 008B","E06000005","Darlington",-0.001228501,-0.027918782,0.005571031,0.028132992,0.008797654,-0.048951049
