"Code","Name","LA_code","LA_name","All","X0to15","X16to29","X30to44","X45to64","X65plus"
"E01012314","Darlington 006F","E06000005","Darlington",0.012583272,0.027027027,0.049792531,0.026785714,-0.032786885,0.013392857
