"Code","Name","LA_code","LA_name","All","X0to15","X16to29","X30to44","X45to64","X65plus"
"E01024176","Dartford 004B","E07000107","Dartford",-0.003779698,0,-0.022435897,0.007334963,-0.006507592,0
