"Code","Name","LA_code","LA_name","All","X0to15","X16to29","X30to44","X45to64","X65plus"
"E01024179","Dartford 002D","E07000107","Dartford",0.005919003,0.002430134,-0.007142857,0.005359057,0.023972603,0.017647059
