"Code","Name","LA_code","LA_name","All","X0to15","X16to29","X30to44","X45to64","X65plus"
"E01024165","Dartford 009A","E07000107","Dartford",0.000632111,-0.002666667,-0.014084507,0.005405405,0.0125,0
