"Code","Name","LA_code","LA_name","All","X0to15","X16to29","X30to44","X45to64","X65plus"
"E01024139","Dartford 008E","E07000107","Dartford",0.011830986,0.051660517,-0.029304029,-0.012232416,0.004132231,0.04047619
