"Code","Name","LA_code","LA_name","All","X0to15","X16to29","X30to44","X45to64","X65plus"
"E01024174","Dartford 012D","E07000107","Dartford",-0.001823154,-0.018292683,-0.051136364,0.026737968,-0.005617978,0.03271028
