"Code","Name","LA_code","LA_name","All","X0to15","X16to29","X30to44","X45to64","X65plus"
"E01024183","Dartford 003D","E07000107","Dartford",0.05078125,0.117647059,0.039325843,0.139013453,0.007556675,-0.026431718
