"Code","Name","LA_code","LA_name","All","X0to15","X16to29","X30to44","X45to64","X65plus"
"E01024185","Dartford 003F","E07000107","Dartford",-0.01332741,0.037924152,-0.002898551,-0.020676692,-0.024390244,-0.076923077
