"Code","Name","LA_code","LA_name","All","X0to15","X16to29","X30to44","X45to64","X65plus"
"E01024187","Dartford 011B","E07000107","Dartford",-0.004504505,-0.010752688,-0.070588235,-0.024242424,-0.006430868,0.053956835
