"Code","Name","LA_code","LA_name","All","X0to15","X16to29","X30to44","X45to64","X65plus"
"E01024151","Dartford 010B","E07000107","Dartford",0.018030513,0.063157895,-0.059602649,-0.00617284,0.049095607,0.009057971
