"Code","Name","LA_code","LA_name","All","X0to15","X16to29","X30to44","X45to64","X65plus"
"E01024142","Dartford 004A","E07000107","Dartford",0.021289355,0.007320644,0.023383769,0.030241935,0.032448378,-0.011764706
