"Code","Name","LA_code","LA_name","All","X0to15","X16to29","X30to44","X45to64","X65plus"
"E01024178","Dartford 004D","E07000107","Dartford",-0.026650515,-0.031007752,-0.031914894,-0.017291066,-0.0155902,-0.053763441
