"Code","Name","LA_code","LA_name","All","X0to15","X16to29","X30to44","X45to64","X65plus"
"E01024144","Dartford 007A","E07000107","Dartford",0.01774744,0.020618557,0.047619048,-0.03202847,0.004640371,0.069264069
