"Code","Name","LA_code","LA_name","All","X0to15","X16to29","X30to44","X45to64","X65plus"
"E01024157","Dartford 013A","E07000107","Dartford",-0.006402794,-0.010752688,-0.061674009,-0.012396694,0,0.021582734
