"Code","Name","LA_code","LA_name","All","X0to15","X16to29","X30to44","X45to64","X65plus"
"E01024149","Dartford 001B","E07000107","Dartford",-0.01659292,-0.010769231,-0.004694836,-0.037604457,-0.012012012,0.018796992
