"Code","Name","LA_code","LA_name","All","X0to15","X16to29","X30to44","X45to64","X65plus"
"E01024170","Dartford 006B","E07000107","Dartford",0.009055627,0.030470914,0.015772871,0.006329114,-0.002793296,-0.015463918
