"Code","Name","LA_code","LA_name","All","X0to15","X16to29","X30to44","X45to64","X65plus"
"E01024155","Dartford 001D","E07000107","Dartford",-0.006043956,0,-0.047058824,0,0.029411765,-0.024509804
