"Code","Name","LA_code","LA_name","All","X0to15","X16to29","X30to44","X45to64","X65plus"
"E01024135","Dartford 012C","E07000107","Dartford",-0.01691475,-0.01369863,-0.013574661,-0.035019455,0,-0.028481013
