"Code","Name","LA_code","LA_name","All","X0to15","X16to29","X30to44","X45to64","X65plus"
"E01024177","Dartford 004C","E07000107","Dartford",0.030549898,0.054441261,0.045112782,0.016233766,0.014492754,0.019512195
