"Code","Name","LA_code","LA_name","All","X0to15","X16to29","X30to44","X45to64","X65plus"
"E01024152","Dartford 010C","E07000107","Dartford",-0.001064963,0.001451379,-0.026262626,0.009677419,-0.009174312,0.04
