"Code","Name","LA_code","LA_name","All","X0to15","X16to29","X30to44","X45to64","X65plus"
"E01026987","Daventry 006A","E07000151","Daventry",0.01758794,0.034285714,0.044585987,0.028735632,-0.022727273,0.04109589
