"Code","Name","LA_code","LA_name","All","X0to15","X16to29","X30to44","X45to64","X65plus"
"E01027029","Daventry 010D","E07000151","Daventry",-0.007747318,-0.030136986,0.017921147,0.009966777,-0.012448133,-0.015936255
