"Code","Name","LA_code","LA_name","All","X0to15","X16to29","X30to44","X45to64","X65plus"
"E01026994","Daventry 003A","E07000151","Daventry",0.008754864,0.138461538,0.06741573,-0.068181818,-0.011204482,-0.00625
