"Code","Name","LA_code","LA_name","All","X0to15","X16to29","X30to44","X45to64","X65plus"
"E01027018","Daventry 005B","E07000151","Daventry",-0.013333333,-0.011538462,-0.037433155,0.032110092,-0.017716535,-0.020964361
