"Code","Name","LA_code","LA_name","All","X0to15","X16to29","X30to44","X45to64","X65plus"
"E01026997","Daventry 005A","E07000151","Daventry",-0.005621135,0.043624161,0.015873016,-0.061068702,-0.027444254,0.013422819
