"Code","Name","LA_code","LA_name","All","X0to15","X16to29","X30to44","X45to64","X65plus"
"E01027028","Daventry 010C","E07000151","Daventry",0.000478469,0.042492918,-0.04137931,0,-0.003984064,0.002666667
