"Code","Name","LA_code","LA_name","All","X0to15","X16to29","X30to44","X45to64","X65plus"
"E01027004","Daventry 010B","E07000151","Daventry",-0.002152853,0.003533569,0,0.010948905,-0.0144,0.00210084
