"Code","Name","LA_code","LA_name","All","X0to15","X16to29","X30to44","X45to64","X65plus"
"E01027023","Daventry 005E","E07000151","Daventry",0.000947418,-0.032911392,0.044715447,0.010600707,0,0.002061856
