"Code","Name","LA_code","LA_name","All","X0to15","X16to29","X30to44","X45to64","X65plus"
"E01027008","Daventry 008B","E07000151","Daventry",-0.019638243,0,-0.01607717,-0.016620499,-0.01607717,-0.05
