"Code","Name","LA_code","LA_name","All","X0to15","X16to29","X30to44","X45to64","X65plus"
"E01026990","Daventry 006C","E07000151","Daventry",-0.003808966,0.019329897,-0.004444444,-0.003460208,-0.013853904,-0.03654485
