"Code","Name","LA_code","LA_name","All","X0to15","X16to29","X30to44","X45to64","X65plus"
"E01027005","Daventry 001A","E07000151","Daventry",-0.030561798,-0.046683047,-0.013274336,-0.048022599,-0.017687075,-0.031809145
