"Code","Name","LA_code","LA_name","All","X0to15","X16to29","X30to44","X45to64","X65plus"
"E01026991","Daventry 007C","E07000151","Daventry",0.002515723,0.052980132,0.01863354,-0.024630542,-0.023364486,0.01236476
