"Code","Name","LA_code","LA_name","All","X0to15","X16to29","X30to44","X45to64","X65plus"
"E01027024","Daventry 009C","E07000151","Daventry",0.002298851,0,-0.04519774,0.013468013,0.014059754,0
