"Code","Name","LA_code","LA_name","All","X0to15","X16to29","X30to44","X45to64","X65plus"
"E01027022","Daventry 002E","E07000151","Daventry",0.021360315,0.013468013,0.015,-0.007604563,0.035836177,0.027713626
