"Code","Name","LA_code","LA_name","All","X0to15","X16to29","X30to44","X45to64","X65plus"
"E01027015","Daventry 004B","E07000151","Daventry",0.000794281,0.024509804,-0.028169014,-0.028248588,0.030379747,-0.020527859
