"Code","Name","LA_code","LA_name","All","X0to15","X16to29","X30to44","X45to64","X65plus"
"W01000192","Denbighshire 016A","W06000004","Denbighshire",-0.000968054,-0.029411765,0.0625,-0.0234375,0.005730659,-0.01369863
