"Code","Name","LA_code","LA_name","All","X0to15","X16to29","X30to44","X45to64","X65plus"
"W01000246","Denbighshire 010B","W06000004","Denbighshire",0.008626001,-0.025925926,0.019011407,0.016666667,0.032537961,-0.007712082
