"Code","Name","LA_code","LA_name","All","X0to15","X16to29","X30to44","X45to64","X65plus"
"W01000204","Denbighshire 013B","W06000004","Denbighshire",-0.00405954,0.01980198,0.01910828,-0.016483516,-0.013916501,-0.006912442
