"Code","Name","LA_code","LA_name","All","X0to15","X16to29","X30to44","X45to64","X65plus"
"W01000238","Denbighshire 006C","W06000004","Denbighshire",-0.045950603,-0.048648649,-0.034883721,-0.010135135,-0.07311828,-0.04887218
