"Code","Name","LA_code","LA_name","All","X0to15","X16to29","X30to44","X45to64","X65plus"
"W01000229","Denbighshire 017E","W06000004","Denbighshire",-0.038575668,-0.019920319,-0.021929825,-0.086956522,-0.0243309,-0.044247788
