"Code","Name","LA_code","LA_name","All","X0to15","X16to29","X30to44","X45to64","X65plus"
"W01000212","Denbighshire 003A","W06000004","Denbighshire",0.006554307,-0.015151515,0.016611296,0.026415094,0,0.01208981
