"Code","Name","LA_code","LA_name","All","X0to15","X16to29","X30to44","X45to64","X65plus"
"W01000201","Denbighshire 008B","W06000004","Denbighshire",-0.018649518,-0.005540166,-0.01119403,-0.03187251,0.007894737,-0.06440678
