"Code","Name","LA_code","LA_name","All","X0to15","X16to29","X30to44","X45to64","X65plus"
"W01000206","Denbighshire 013C","W06000004","Denbighshire",0.01739971,0.028571429,0.078947368,-0.007142857,0.013313609,-0.010893246
