"Code","Name","LA_code","LA_name","All","X0to15","X16to29","X30to44","X45to64","X65plus"
"W01000200","Denbighshire 008A","W06000004","Denbighshire",-0.00309119,-0.012987013,-0.032786885,-0.04245283,0.013157895,0.03125
