"Code","Name","LA_code","LA_name","All","X0to15","X16to29","X30to44","X45to64","X65plus"
"E01013579","Derby 003F","E06000015","Derby",0.001427552,-0.012605042,-0.011764706,0.060344828,0.009615385,-0.038461538
