"Code","Name","LA_code","LA_name","All","X0to15","X16to29","X30to44","X45to64","X65plus"
"E01033168","Derby 030E","E06000015","Derby",0.033861671,0.078804348,0.038043478,-0.006514658,0.028037383,0.019230769
