"Code","Name","LA_code","LA_name","All","X0to15","X16to29","X30to44","X45to64","X65plus"
"E01019601","Derbyshire Dales 003B","E07000035","Derbyshire Dales",0.02446877,0.053398058,0.025,0.068571429,-0.007159905,0.023608769
