"Code","Name","LA_code","LA_name","All","X0to15","X16to29","X30to44","X45to64","X65plus"
"E01013571","Derby 023B","E06000015","Derby",-0.012138189,-0.021812081,0.020151134,0,-0.002369668,-0.059701493
