"Code","Name","LA_code","LA_name","All","X0to15","X16to29","X30to44","X45to64","X65plus"
"E01013599","Derby 010D","E06000015","Derby",0.008397481,-0.004830918,0.051020408,-0.004830918,0.018276762,-0.006880734
