"Code","Name","LA_code","LA_name","All","X0to15","X16to29","X30to44","X45to64","X65plus"
"E01019606","Derbyshire Dales 002C","E07000035","Derbyshire Dales",0.019476567,0.106557377,0.045801527,-0.009090909,0,0.003717472
