"Code","Name","LA_code","LA_name","All","X0to15","X16to29","X30to44","X45to64","X65plus"
"E01019617","Derbyshire Dales 003D","E07000035","Derbyshire Dales",0.001886792,0.018348624,-0.005882353,-0.067264574,-0.005928854,0.038054968
