"Code","Name","LA_code","LA_name","All","X0to15","X16to29","X30to44","X45to64","X65plus"
"E01013468","Derby 002D","E06000015","Derby",-0.019290604,-0.076335878,-0.010152284,-0.022421525,-0.004464286,-0.004192872
