"Code","Name","LA_code","LA_name","All","X0to15","X16to29","X30to44","X45to64","X65plus"
"E01013463","Derby 001C","E06000015","Derby",0.015789474,0.009836066,-0.028901734,0.031007752,0.013333333,0.035928144
