"Code","Name","LA_code","LA_name","All","X0to15","X16to29","X30to44","X45to64","X65plus"
"E01013521","Derby 030D","E06000015","Derby",0.005279035,-0.012,0.009803922,0.01369863,0.01754386,-0.003215434
