"Code","Name","LA_code","LA_name","All","X0to15","X16to29","X30to44","X45to64","X65plus"
"E01013464","Derby 001D","E06000015","Derby",-0.031746032,-0.097345133,0,-0.065326633,-0.014164306,-0.008583691
