"Code","Name","LA_code","LA_name","All","X0to15","X16to29","X30to44","X45to64","X65plus"
"E01013497","Derby 026B","E06000015","Derby",0.009797518,-0.028169014,-0.003322259,0.027586207,0.042735043,0.030674847
