"Code","Name","LA_code","LA_name","All","X0to15","X16to29","X30to44","X45to64","X65plus"
"E01033167","Derby 018G","E06000015","Derby",0.017470882,0.005347594,-0.00310559,0.026119403,0.013937282,0.072463768
