"Code","Name","LA_code","LA_name","All","X0to15","X16to29","X30to44","X45to64","X65plus"
"E01013551","Derby 011C","E06000015","Derby",0.004888647,-0.018604651,-0.000957854,0.014652015,-0.00877193,0.148148148
