"Code","Name","LA_code","LA_name","All","X0to15","X16to29","X30to44","X45to64","X65plus"
"E01013453","Derby 013A","E06000015","Derby",0.01390593,0.037931034,-0.00093633,0.003824092,-0.024456522,0.158163265
