"Code","Name","LA_code","LA_name","All","X0to15","X16to29","X30to44","X45to64","X65plus"
"E01013470","Derby 024A","E06000015","Derby",-0.006802721,0.01119403,0.029661017,0,0.013262599,-0.071428571
