"Code","Name","LA_code","LA_name","All","X0to15","X16to29","X30to44","X45to64","X65plus"
"E01013556","Derby 015A","E06000015","Derby",0.005032351,-0.004219409,0.036144578,0.067567568,0.005050505,-0.040540541
