"Code","Name","LA_code","LA_name","All","X0to15","X16to29","X30to44","X45to64","X65plus"
"E01013455","Derby 017A","E06000015","Derby",-0.045183714,-0.086455331,-0.068181818,-0.049350649,-0.030909091,0.005952381
