"Code","Name","LA_code","LA_name","All","X0to15","X16to29","X30to44","X45to64","X65plus"
"E01013576","Derby 003C","E06000015","Derby",0.021557719,0.008264463,0.007751938,-0.007633588,0.002150538,0.132701422
