"Code","Name","LA_code","LA_name","All","X0to15","X16to29","X30to44","X45to64","X65plus"
"E01013469","Derby 002E","E06000015","Derby",0,-0.019607843,0.033333333,-0.026666667,0.018656716,-0.008635579
