"Code","Name","LA_code","LA_name","All","X0to15","X16to29","X30to44","X45to64","X65plus"
"E01013499","Derby 028C","E06000015","Derby",0.019164956,0.041958042,-0.004149378,0.033898305,0.017857143,0.006535948
