"Code","Name","LA_code","LA_name","All","X0to15","X16to29","X30to44","X45to64","X65plus"
"E01013593","Derby 014A","E06000015","Derby",0.005150846,-0.004651163,-0.024271845,0.037383178,0.019662921,-0.005434783
