"Code","Name","LA_code","LA_name","All","X0to15","X16to29","X30to44","X45to64","X65plus"
"E01013587","Derby 029D","E06000015","Derby",-0.000616523,0.01038961,0.004115226,0,-0.029810298,0.019083969
