"Code","Name","LA_code","LA_name","All","X0to15","X16to29","X30to44","X45to64","X65plus"
"E01013495","Derby 027D","E06000015","Derby",-0.018630137,-0.030690537,-0.00990099,-0.050938338,-0.016736402,0.028571429
