"Code","Name","LA_code","LA_name","All","X0to15","X16to29","X30to44","X45to64","X65plus"
"E01013561","Derby 019C","E06000015","Derby",0.007289596,-0.064516129,0.035502959,0.0625,0.014563107,0
