"Code","Name","LA_code","LA_name","All","X0to15","X16to29","X30to44","X45to64","X65plus"
"E01033169","Derby 030F","E06000015","Derby",0.033498078,0.009950249,0.041353383,0.027837259,0.046511628,0.132653061
