"Code","Name","LA_code","LA_name","All","X0to15","X16to29","X30to44","X45to64","X65plus"
"E01013460","Derby 013E","E06000015","Derby",-0.002431907,0.075376884,-0.005514706,0.00234192,-0.042471042,-0.048192771
