"Code","Name","LA_code","LA_name","All","X0to15","X16to29","X30to44","X45to64","X65plus"
"E01013501","Derby 028E","E06000015","Derby",-0.019466474,-0.045454545,0,-0.100478469,-0.005221932,0.013089005
