"Code","Name","LA_code","LA_name","All","X0to15","X16to29","X30to44","X45to64","X65plus"
"E01013527","Derby 005B","E06000015","Derby",0.01164295,0.02640264,0.017647059,0.01953125,0.021459227,-0.022792023
