"Code","Name","LA_code","LA_name","All","X0to15","X16to29","X30to44","X45to64","X65plus"
"E01013519","Derby 031C","E06000015","Derby",0.033480733,0.025531915,0.048582996,0.01971831,0.049140049,0.019230769
