"Code","Name","LA_code","LA_name","All","X0to15","X16to29","X30to44","X45to64","X65plus"
"E01013502","Derby 025E","E06000015","Derby",-0.009715475,-0.021212121,-0.023904382,0.008368201,-0.010840108,0.003968254
