"Code","Name","LA_code","LA_name","All","X0to15","X16to29","X30to44","X45to64","X65plus"
"E01013477","Derby 025D","E06000015","Derby",-0.000557103,0,-0.011527378,-0.002932551,-0.028384279,0.056478405
