"Code","Name","LA_code","LA_name","All","X0to15","X16to29","X30to44","X45to64","X65plus"
"E01019616","Derbyshire Dales 008D","E07000035","Derbyshire Dales",0.014764338,-0.01532567,0.012269939,0.014285714,0.015358362,0.029574861
