"Code","Name","LA_code","LA_name","All","X0to15","X16to29","X30to44","X45to64","X65plus"
"E01013485","Derby 016C","E06000015","Derby",-0.003297221,-0.027565084,-0.020576132,0.004,0.011049724,0.12295082
