"Code","Name","LA_code","LA_name","All","X0to15","X16to29","X30to44","X45to64","X65plus"
"E01013536","Derby 007C","E06000015","Derby",-0.013714967,-0.030837004,-0.011396011,-0.015197568,-0.024813896,0.071428571
