"Code","Name","LA_code","LA_name","All","X0to15","X16to29","X30to44","X45to64","X65plus"
"E01013578","Derby 003E","E06000015","Derby",-0.004181185,-0.007518797,-0.010169492,0.007220217,-0.014989293,0.030769231
