"Code","Name","LA_code","LA_name","All","X0to15","X16to29","X30to44","X45to64","X65plus"
"E01013458","Derby 017B","E06000015","Derby",-0.002913753,-0.034602076,-0.020648968,0.010416667,0.019277108,0.002597403
