"Code","Name","LA_code","LA_name","All","X0to15","X16to29","X30to44","X45to64","X65plus"
"E01013504","Derby 026C","E06000015","Derby",0.005535984,0.003533569,0.00511509,-0.011389522,0.005,0.052356021
