"Code","Name","LA_code","LA_name","All","X0to15","X16to29","X30to44","X45to64","X65plus"
"E01013522","Derby 008A","E06000015","Derby",-0.001092896,-0.022900763,-0.003164557,0.005698006,-0.008196721,0.03196347
