"Code","Name","LA_code","LA_name","All","X0to15","X16to29","X30to44","X45to64","X65plus"
"E01013507","Derby 012A","E06000015","Derby",-0.003351206,0.012605042,-0.008130081,-0.016806723,-0.011086475,0.009404389
