"Code","Name","LA_code","LA_name","All","X0to15","X16to29","X30to44","X45to64","X65plus"
"E01013466","Derby 002B","E06000015","Derby",0.009222661,0.021097046,0.08,-0.013452915,-0.00610998,0.007194245
