"Code","Name","LA_code","LA_name","All","X0to15","X16to29","X30to44","X45to64","X65plus"
"E01013595","Derby 014B","E06000015","Derby",0.005681818,0.02247191,-0.002141328,-0.001785714,0.018867925,-0.016085791
