"Code","Name","LA_code","LA_name","All","X0to15","X16to29","X30to44","X45to64","X65plus"
"E01019620","Derbyshire Dales 006B","E07000035","Derbyshire Dales",0.015131579,0.00952381,-0.005681818,0.013574661,0.026548673,0.011494253
