"Code","Name","LA_code","LA_name","All","X0to15","X16to29","X30to44","X45to64","X65plus"
"E01013476","Derby 024C","E06000015","Derby",0.007741027,-0.069364162,-0.018726592,-0.003952569,0.035164835,0.047619048
