"Code","Name","LA_code","LA_name","All","X0to15","X16to29","X30to44","X45to64","X65plus"
"E01013563","Derby 019E","E06000015","Derby",-0.005952381,0.034825871,-0.021505376,0.02016129,-0.048723898,0.017985612
