"Code","Name","LA_code","LA_name","All","X0to15","X16to29","X30to44","X45to64","X65plus"
"E01013493","Derby 027B","E06000015","Derby",-0.032026144,-0.028776978,-0.011494253,-0.027210884,-0.0626703,-0.021212121
