"Code","Name","LA_code","LA_name","All","X0to15","X16to29","X30to44","X45to64","X65plus"
"E01013489","Derby 022B","E06000015","Derby",-0.039365079,-0.007633588,-0.037383178,-0.011235955,-0.042183623,-0.074592075
