"Code","Name","LA_code","LA_name","All","X0to15","X16to29","X30to44","X45to64","X65plus"
"E01013526","Derby 005A","E06000015","Derby",0.000638162,-0.007246377,-0.025641026,0.014981273,0,0.01061008
