"Code","Name","LA_code","LA_name","All","X0to15","X16to29","X30to44","X45to64","X65plus"
"E01013473","Derby 025B","E06000015","Derby",0.011919699,0.016216216,0.009708738,0.031518625,0.033742331,-0.05
