"Code","Name","LA_code","LA_name","All","X0to15","X16to29","X30to44","X45to64","X65plus"
"E01013596","Derby 010C","E06000015","Derby",-0.001301236,0.037037037,0.010752688,0.022321429,-0.016241299,-0.020833333
