"Code","Name","LA_code","LA_name","All","X0to15","X16to29","X30to44","X45to64","X65plus"
"E01013531","Derby 004B","E06000015","Derby",0.004304161,0.009345794,-0.02,-0.008474576,0.053521127,-0.038793103
