"Code","Name","LA_code","LA_name","All","X0to15","X16to29","X30to44","X45to64","X65plus"
"E01019604","Derbyshire Dales 002B","E07000035","Derbyshire Dales",-0.009566685,-0.063106796,0.016528926,0.016129032,0,-0.02014652
