"Code","Name","LA_code","LA_name","All","X0to15","X16to29","X30to44","X45to64","X65plus"
"E01019610","Derbyshire Dales 004B","E07000035","Derbyshire Dales",0.001993355,0.075829384,0.035928144,0.004545455,-0.025806452,-0.018099548
