"Code","Name","LA_code","LA_name","All","X0to15","X16to29","X30to44","X45to64","X65plus"
"E01019634","Derbyshire Dales 007B","E07000035","Derbyshire Dales",-0.006281407,-0.031496063,0.009478673,0.062222222,0.001926782,-0.049608355
