"Code","Name","LA_code","LA_name","All","X0to15","X16to29","X30to44","X45to64","X65plus"
"E01007561","Doncaster 006D","E08000017","Doncaster",0.004294918,-0.013824885,0.009302326,0.016666667,0.014492754,-0.005390836
