"Code","Name","LA_code","LA_name","All","X0to15","X16to29","X30to44","X45to64","X65plus"
"E01007602","Doncaster 026D","E08000017","Doncaster",0.0029274,-0.023054755,0.064356436,0.034246575,-0.005747126,-0.020289855
