"Code","Name","LA_code","LA_name","All","X0to15","X16to29","X30to44","X45to64","X65plus"
"E01007507","Doncaster 009G","E08000017","Doncaster",-0.025399129,-0.020671835,0.003636364,-0.02238806,-0.04,-0.073170732
