"Code","Name","LA_code","LA_name","All","X0to15","X16to29","X30to44","X45to64","X65plus"
"E01007528","Doncaster 024C","E08000017","Doncaster",-0.013812155,-0.039755352,-0.028169014,0.035460993,-0.03630363,0
