"Code","Name","LA_code","LA_name","All","X0to15","X16to29","X30to44","X45to64","X65plus"
"E01007582","Doncaster 016B","E08000017","Doncaster",-0.007072136,-0.020242915,-0.042056075,-0.008438819,0.017857143,-0.007462687
