"Code","Name","LA_code","LA_name","All","X0to15","X16to29","X30to44","X45to64","X65plus"
"E01007645","Doncaster 022E","E08000017","Doncaster",0.006978654,0.002008032,0.007132668,0,0.014925373,0.019704433
