"Code","Name","LA_code","LA_name","All","X0to15","X16to29","X30to44","X45to64","X65plus"
"E01007595","Doncaster 037D","E08000017","Doncaster",0.021016949,0.083333333,0.046511628,-0.028571429,0.033942559,-0.027692308
