"Code","Name","LA_code","LA_name","All","X0to15","X16to29","X30to44","X45to64","X65plus"
"E01007650","Doncaster 015B","E08000017","Doncaster",-0.008074534,-0.047619048,-0.029535865,-0.006896552,0.021459227,-0.011682243
