"Code","Name","LA_code","LA_name","All","X0to15","X16to29","X30to44","X45to64","X65plus"
"E01007647","Doncaster 019C","E08000017","Doncaster",0.018384767,-0.036082474,-0.026415094,-0.006993007,0.014403292,0.126712329
