"Code","Name","LA_code","LA_name","All","X0to15","X16to29","X30to44","X45to64","X65plus"
"E01007544","Doncaster 032D","E08000017","Doncaster",0.000569152,0.032258065,0.003267974,-0.033898305,-0.0215311,0.017910448
