"Code","Name","LA_code","LA_name","All","X0to15","X16to29","X30to44","X45to64","X65plus"
"E01007473","Doncaster 005E","E08000017","Doncaster",-0.010745467,-0.011267606,-0.025362319,0.016339869,0.016997167,-0.08040201
