"Code","Name","LA_code","LA_name","All","X0to15","X16to29","X30to44","X45to64","X65plus"
"E01007617","Doncaster 021C","E08000017","Doncaster",0.012549538,0.012096774,0,-0.018691589,0.02027027,0.025
