"Code","Name","LA_code","LA_name","All","X0to15","X16to29","X30to44","X45to64","X65plus"
"E01007579","Doncaster 030C","E08000017","Doncaster",-0.005006827,0.010989011,-0.004901961,-0.019493177,-0.023339318,0.034090909
