"Code","Name","LA_code","LA_name","All","X0to15","X16to29","X30to44","X45to64","X65plus"
"E01007646","Doncaster 019B","E08000017","Doncaster",-0.020090732,-0.061538462,0.013651877,-0.002777778,0,-0.076655052
