"Code","Name","LA_code","LA_name","All","X0to15","X16to29","X30to44","X45to64","X65plus"
"E01007527","Doncaster 027B","E08000017","Doncaster",-0.020785219,-0.040899796,-0.04245283,-0.012345679,-0.011544012,0
