"Code","Name","LA_code","LA_name","All","X0to15","X16to29","X30to44","X45to64","X65plus"
"E01007626","Doncaster 004B","E08000017","Doncaster",0.000757002,-0.009009009,-0.024793388,0.019512195,0,0.019685039
