"Code","Name","LA_code","LA_name","All","X0to15","X16to29","X30to44","X45to64","X65plus"
"E01007613","Doncaster 033D","E08000017","Doncaster",0.007556675,0.05027933,0.026315789,0.051401869,-0.010600707,-0.01594533
