"Code","Name","LA_code","LA_name","All","X0to15","X16to29","X30to44","X45to64","X65plus"
"E01007607","Doncaster 025E","E08000017","Doncaster",-0.003937008,0,-0.008695652,0.046594982,0.015748031,-0.068047337
