"Code","Name","LA_code","LA_name","All","X0to15","X16to29","X30to44","X45to64","X65plus"
"E01007565","Doncaster 018B","E08000017","Doncaster",0.013888889,0.038327526,-0.020408163,0.04,0.019277108,-0.014749263
