"Code","Name","LA_code","LA_name","All","X0to15","X16to29","X30to44","X45to64","X65plus"
"E01007581","Doncaster 016A","E08000017","Doncaster",-0.014295439,0.013636364,-0.023041475,-0.029288703,-0.033057851,0.012944984
