"Code","Name","LA_code","LA_name","All","X0to15","X16to29","X30to44","X45to64","X65plus"
"E01007555","Doncaster 006B","E08000017","Doncaster",0.001352265,0.015384615,0.01980198,0,-0.01,-0.008797654
