"Code","Name","LA_code","LA_name","All","X0to15","X16to29","X30to44","X45to64","X65plus"
"E01007552","Doncaster 033C","E08000017","Doncaster",0.026765799,-0.004807692,0.02688172,0.0041841,0.037783375,0.050793651
