"Code","Name","LA_code","LA_name","All","X0to15","X16to29","X30to44","X45to64","X65plus"
"E01007534","Doncaster 028D","E08000017","Doncaster",0.011722272,0.006342495,0.013011152,0.017331023,0.016427105,-0.013986014
