"Code","Name","LA_code","LA_name","All","X0to15","X16to29","X30to44","X45to64","X65plus"
"E01007633","Doncaster 001B","E08000017","Doncaster",-0.011235955,-0.002695418,0.012987013,-0.010600707,-0.011142061,-0.061111111
