"Code","Name","LA_code","LA_name","All","X0to15","X16to29","X30to44","X45to64","X65plus"
"E01007516","Doncaster 013C","E08000017","Doncaster",0.023771791,0.064676617,0.009852217,0.034825871,0.007371007,0.02
