"Code","Name","LA_code","LA_name","All","X0to15","X16to29","X30to44","X45to64","X65plus"
"E01007623","Doncaster 007C","E08000017","Doncaster",-0.007154213,-0.059907834,0.1,-0.01369863,-0.031791908,0.014450867
