"Code","Name","LA_code","LA_name","All","X0to15","X16to29","X30to44","X45to64","X65plus"
"E01007631","Doncaster 007F","E08000017","Doncaster",-0.035923141,-0.044871795,-0.034188034,-0.127516779,-0.010282776,-0.023316062
