"Code","Name","LA_code","LA_name","All","X0to15","X16to29","X30to44","X45to64","X65plus"
"E01007539","Doncaster 035C","E08000017","Doncaster",0.00611413,0.017964072,-0.021818182,0.045751634,-0.023460411,0.013888889
