"Code","Name","LA_code","LA_name","All","X0to15","X16to29","X30to44","X45to64","X65plus"
"E01007568","Doncaster 018E","E08000017","Doncaster",0.037530266,0.015452539,0.023411371,0.021978022,0.078740157,0.064516129
