"Code","Name","LA_code","LA_name","All","X0to15","X16to29","X30to44","X45to64","X65plus"
"E01007642","Doncaster 003G","E08000017","Doncaster",-0.001251564,-0.017948718,0.02661597,0.003154574,-0.010050251,0.004347826
