"Code","Name","LA_code","LA_name","All","X0to15","X16to29","X30to44","X45to64","X65plus"
"E01007577","Doncaster 031F","E08000017","Doncaster",-0.026124819,-0.048442907,-0.026415094,-0.043918919,0.006153846,-0.019704433
