"Code","Name","LA_code","LA_name","All","X0to15","X16to29","X30to44","X45to64","X65plus"
"E01007517","Doncaster 013D","E08000017","Doncaster",-0.003263708,-0.036253776,0.023809524,-0.010714286,0.01,-0.010810811
