"Code","Name","LA_code","LA_name","All","X0to15","X16to29","X30to44","X45to64","X65plus"
"E01007549","Doncaster 034D","E08000017","Doncaster",-0.011188811,-0.038626609,0.008849558,0.018957346,-0.024570025,-0.008498584
