"Code","Name","LA_code","LA_name","All","X0to15","X16to29","X30to44","X45to64","X65plus"
"E01007652","Doncaster 015D","E08000017","Doncaster",0.021220159,0.022026432,0.03003003,0.010335917,0.030905077,0.007751938
