"Code","Name","LA_code","LA_name","All","X0to15","X16to29","X30to44","X45to64","X65plus"
"E01007553","Doncaster 008A","E08000017","Doncaster",0.017272186,0.05952381,0.041198502,0.014492754,-0.004301075,0.002386635
