"Code","Name","LA_code","LA_name","All","X0to15","X16to29","X30to44","X45to64","X65plus"
"E01007630","Doncaster 007E","E08000017","Doncaster",-0.002210759,0.022099448,-0.057971014,-0.044585987,-0.010335917,0.024291498
