"Code","Name","LA_code","LA_name","All","X0to15","X16to29","X30to44","X45to64","X65plus"
"E01007641","Doncaster 003F","E08000017","Doncaster",0.003506311,0.075757576,-0.018957346,0.011278195,0.006976744,-0.066666667
