"Code","Name","LA_code","LA_name","All","X0to15","X16to29","X30to44","X45to64","X65plus"
"E01007573","Doncaster 031C","E08000017","Doncaster",0.019193858,0.083333333,0.019417476,0.035031847,-0.016528926,-0.043668122
