"Code","Name","LA_code","LA_name","All","X0to15","X16to29","X30to44","X45to64","X65plus"
"E01007572","Doncaster 031B","E08000017","Doncaster",-0.009665428,-0.025,0.005154639,0.039772727,0,-0.047169811
