"Code","Name","LA_code","LA_name","All","X0to15","X16to29","X30to44","X45to64","X65plus"
"E01007477","Doncaster 011C","E08000017","Doncaster",-0.002917578,-0.004201681,0.005235602,-0.014492754,-0.002512563,0
