"Code","Name","LA_code","LA_name","All","X0to15","X16to29","X30to44","X45to64","X65plus"
"E01007639","Doncaster 003D","E08000017","Doncaster",-0.014985015,-0.055393586,-0.022580645,-0.033573141,0.001934236,0.021686747
