"Code","Name","LA_code","LA_name","All","X0to15","X16to29","X30to44","X45to64","X65plus"
"E01007536","Doncaster 032A","E08000017","Doncaster",0.034587996,0.064327485,0.072386059,0.005063291,0.016304348,0.026315789
