"Code","Name","LA_code","LA_name","All","X0to15","X16to29","X30to44","X45to64","X65plus"
"E01007580","Doncaster 030D","E08000017","Doncaster",-0.002307692,0.021126761,-0.063291139,0.005586592,0.012953368,-0.004597701
