"Code","Name","LA_code","LA_name","All","X0to15","X16to29","X30to44","X45to64","X65plus"
"E01007649","Doncaster 019E","E08000017","Doncaster",-0.070440252,-0.079422383,-0.085106383,-0.060702875,-0.067391304,-0.056872038
