"Code","Name","LA_code","LA_name","All","X0to15","X16to29","X30to44","X45to64","X65plus"
"E01007495","Doncaster 028A","E08000017","Doncaster",0.002724796,-0.015584416,0,0.020050125,0.020930233,-0.026548673
