"Code","Name","LA_code","LA_name","All","X0to15","X16to29","X30to44","X45to64","X65plus"
"E01007486","Doncaster 017D","E08000017","Doncaster",0.002321981,-0.106666667,0.006622517,0.04379562,0.013477089,0.014492754
