"Code","Name","LA_code","LA_name","All","X0to15","X16to29","X30to44","X45to64","X65plus"
"E01007564","Doncaster 018A","E08000017","Doncaster",-0.008663366,0.007772021,-0.020408163,0.002881844,-0.020725389,-0.019704433
