"Code","Name","LA_code","LA_name","All","X0to15","X16to29","X30to44","X45to64","X65plus"
"E01007503","Doncaster 029F","E08000017","Doncaster",0.011313639,-0.013651877,0.004807692,-0.006309148,0.009090909,0.057057057
