"Code","Name","LA_code","LA_name","All","X0to15","X16to29","X30to44","X45to64","X65plus"
"E01007537","Doncaster 035A","E08000017","Doncaster",-0.015697674,0.006024096,-0.01,-0.020477816,-0.008213552,-0.051948052
