"Code","Name","LA_code","LA_name","All","X0to15","X16to29","X30to44","X45to64","X65plus"
"E01033259","Doncaster 014E","E08000017","Doncaster",-0.048566413,-0.090659341,-0.075630252,-0.072368421,-0.011049724,0.082352941
