"Code","Name","LA_code","LA_name","All","X0to15","X16to29","X30to44","X45to64","X65plus"
"E01007494","Doncaster 023A","E08000017","Doncaster",0.042028019,0.038194444,0.038793103,0.070552147,0.053304904,-0.027173913
