"Code","Name","LA_code","LA_name","All","X0to15","X16to29","X30to44","X45to64","X65plus"
"E01007525","Doncaster 024B","E08000017","Doncaster",0.020449898,-0.017421603,0.048192771,0.029304029,0,0.052816901
