"Code","Name","LA_code","LA_name","All","X0to15","X16to29","X30to44","X45to64","X65plus"
"E01007532","Doncaster 023B","E08000017","Doncaster",0.016657991,0.036312849,-0.016025641,0.011450382,-0.00621118,0.086065574
