"Code","Name","LA_code","LA_name","All","X0to15","X16to29","X30to44","X45to64","X65plus"
"E01007575","Doncaster 030A","E08000017","Doncaster",-0.025417574,-0.045138889,0.041198502,-0.048034934,-0.036923077,-0.037313433
