"Code","Name","LA_code","LA_name","All","X0to15","X16to29","X30to44","X45to64","X65plus"
"E01007604","Doncaster 024D","E08000017","Doncaster",-0.010744986,0,0.02020202,0.024875622,-0.028888889,-0.030470914
