"Code","Name","LA_code","LA_name","All","X0to15","X16to29","X30to44","X45to64","X65plus"
"E01007512","Doncaster 012A","E08000017","Doncaster",-0.004166667,0.047619048,-0.032520325,-0.018823529,-0.023655914,0.015267176
