"Code","Name","LA_code","LA_name","All","X0to15","X16to29","X30to44","X45to64","X65plus"
"E01007466","Doncaster 009C","E08000017","Doncaster",0.016853933,0.026217228,0.020588235,0.050420168,0.005464481,-0.06010929
