"Code","Name","LA_code","LA_name","All","X0to15","X16to29","X30to44","X45to64","X65plus"
"E01007632","Doncaster 001A","E08000017","Doncaster",-0.002496879,-0.002702703,0.023648649,-0.025270758,0.026258206,-0.074257426
