"Code","Name","LA_code","LA_name","All","X0to15","X16to29","X30to44","X45to64","X65plus"
"E01007522","Doncaster 024A","E08000017","Doncaster",0.012071156,0.041811847,-0.008,-0.003663004,-0.00243309,0.031161473
