"Code","Name","LA_code","LA_name","All","X0to15","X16to29","X30to44","X45to64","X65plus"
"E01007533","Doncaster 023C","E08000017","Doncaster",-0.010128292,-0.053380783,0.024054983,0.011627907,-0.027918782,0.003891051
