"Code","Name","LA_code","LA_name","All","X0to15","X16to29","X30to44","X45to64","X65plus"
"E01007482","Doncaster 014D","E08000017","Doncaster",-0.009318996,-0.056818182,0.056122449,0.014354067,-0.016483516,-0.016574586
