"Code","Name","LA_code","LA_name","All","X0to15","X16to29","X30to44","X45to64","X65plus"
"E01024222","Dover 007B","E07000108","Dover",0.041147132,0.038709677,-0.007067138,0.018450185,0.047916667,0.107692308
