"Code","Name","LA_code","LA_name","All","X0to15","X16to29","X30to44","X45to64","X65plus"
"E01024254","Dover 010E","E07000108","Dover",0.010083297,-0.013133208,0.037037037,0.012295082,-0.003616637,0.036553525
