"Code","Name","LA_code","LA_name","All","X0to15","X16to29","X30to44","X45to64","X65plus"
"E01033209","Dover 012E","E07000108","Dover",-0.033043478,0.093457944,-0.049180328,-0.044198895,-0.081690141,-0.00617284
