"Code","Name","LA_code","LA_name","All","X0to15","X16to29","X30to44","X45to64","X65plus"
"E01024213","Dover 014C","E07000108","Dover",0.015895954,0,0.054347826,0.007633588,-0.004662005,0.041522491
