"Code","Name","LA_code","LA_name","All","X0to15","X16to29","X30to44","X45to64","X65plus"
"E01024245","Dover 002E","E07000108","Dover",0.007186291,-0.010416667,-0.023584906,0.00921659,0.011182109,0.025751073
