"Code","Name","LA_code","LA_name","All","X0to15","X16to29","X30to44","X45to64","X65plus"
"E01033210","Dover 010G","E07000108","Dover",-0.000403388,-0.008403361,0.041139241,0.010840108,0.011450382,-0.036866359
