"Code","Name","LA_code","LA_name","All","X0to15","X16to29","X30to44","X45to64","X65plus"
"E01024208","Dover 001C","E07000108","Dover",-0.010682493,-0.051612903,0.060606061,-0.014285714,0.006224066,-0.031325301
