"Code","Name","LA_code","LA_name","All","X0to15","X16to29","X30to44","X45to64","X65plus"
"E01024191","Dover 006B","E07000108","Dover",-0.001122965,0.008333333,-0.003205128,-0.002949853,-0.002136752,-0.006622517
