"Code","Name","LA_code","LA_name","All","X0to15","X16to29","X30to44","X45to64","X65plus"
"E01024198","Dover 014A","E07000108","Dover",-0.006229236,-0.008163265,0.021929825,-0.025531915,-0.008610086,-0.005636979
