"Code","Name","LA_code","LA_name","All","X0to15","X16to29","X30to44","X45to64","X65plus"
"E01024240","Dover 011F","E07000108","Dover",-0.013473931,-0.032432432,-0.003067485,-0.003039514,-0.002754821,-0.014925373
