"Code","Name","LA_code","LA_name","All","X0to15","X16to29","X30to44","X45to64","X65plus"
"E01024206","Dover 001A","E07000108","Dover",0.005013928,-0.009708738,0.055276382,-0.020242915,0.014975042,-0.006833713
