"Code","Name","LA_code","LA_name","All","X0to15","X16to29","X30to44","X45to64","X65plus"
"E01024242","Dover 002B","E07000108","Dover",0.012870733,0,0.012931034,0.014423077,0.012844037,0.019569472
