"Code","Name","LA_code","LA_name","All","X0to15","X16to29","X30to44","X45to64","X65plus"
"E01024195","Dover 011C","E07000108","Dover",0.011772853,0,0.034351145,0.031690141,0.01216545,-0.032786885
