"Code","Name","LA_code","LA_name","All","X0to15","X16to29","X30to44","X45to64","X65plus"
"E01024227","Dover 003D","E07000108","Dover",-0.008535785,-0.02166065,0.008474576,-0.033472803,0,-0.00310559
