"Code","Name","LA_code","LA_name","All","X0to15","X16to29","X30to44","X45to64","X65plus"
"E01024247","Dover 012D","E07000108","Dover",0.023381295,-0.002638522,0.026004728,0,0.030560272,0.066666667
