"Code","Name","LA_code","LA_name","All","X0to15","X16to29","X30to44","X45to64","X65plus"
"E01024249","Dover 013E","E07000108","Dover",0.011358473,0.028708134,-0.007425743,0.019184652,0.00744879,0.009411765
