"Code","Name","LA_code","LA_name","All","X0to15","X16to29","X30to44","X45to64","X65plus"
"E01024197","Dover 011E","E07000108","Dover",-0.003841229,-0.032786885,0.026143791,0.011111111,-0.030456853,0.017421603
