"Code","Name","LA_code","LA_name","All","X0to15","X16to29","X30to44","X45to64","X65plus"
"E01009849","Dudley 038C","E08000027","Dudley",-0.012870013,-0.014336918,-0.045627376,-0.048543689,0.030373832,-0.007272727
