"Code","Name","LA_code","LA_name","All","X0to15","X16to29","X30to44","X45to64","X65plus"
"E01009766","Dudley 004B","E08000027","Dudley",0.009469697,0.014234875,0.012,0.034602076,0.002155172,-0.01
