"Code","Name","LA_code","LA_name","All","X0to15","X16to29","X30to44","X45to64","X65plus"
"E01009839","Dudley 013B","E08000027","Dudley",0.001761597,0.026954178,0.03030303,-0.044164038,0.011904762,-0.023489933
