"Code","Name","LA_code","LA_name","All","X0to15","X16to29","X30to44","X45to64","X65plus"
"E01009777","Dudley 002B","E08000027","Dudley",-0.013550136,-0.028169014,-0.019011407,0.012195122,0,-0.04
