"Code","Name","LA_code","LA_name","All","X0to15","X16to29","X30to44","X45to64","X65plus"
"E01009753","Dudley 017C","E08000027","Dudley",0.001291156,0.007407407,0.003246753,-0.010638298,0.023255814,-0.033333333
