"Code","Name","LA_code","LA_name","All","X0to15","X16to29","X30to44","X45to64","X65plus"
"E01009723","Dudley 028B","E08000027","Dudley",-0.015936255,-0.01369863,-0.017045455,0,-0.009280742,-0.045454545
