"Code","Name","LA_code","LA_name","All","X0to15","X16to29","X30to44","X45to64","X65plus"
"E01009813","Dudley 033B","E08000027","Dudley",0.013316424,0.039473684,0.017167382,0,-0.00511509,0.014705882
