"Code","Name","LA_code","LA_name","All","X0to15","X16to29","X30to44","X45to64","X65plus"
"E01009775","Dudley 004E","E08000027","Dudley",0.03961039,0.040268456,0.056537102,0.055319149,0.060674157,-0.025089606
