"Code","Name","LA_code","LA_name","All","X0to15","X16to29","X30to44","X45to64","X65plus"
"E01009820","Dudley 012D","E08000027","Dudley",-0.006501951,0.022556391,0.034653465,-0.01953125,-0.023201856,-0.020887728
