"Code","Name","LA_code","LA_name","All","X0to15","X16to29","X30to44","X45to64","X65plus"
"E01009758","Dudley 005A","E08000027","Dudley",-0.032351242,-0.044917258,-0.080385852,0.00310559,-0.022727273,-0.014336918
