"Code","Name","LA_code","LA_name","All","X0to15","X16to29","X30to44","X45to64","X65plus"
"E01009878","Dudley 025E","E08000027","Dudley",-0.006006006,-0.030092593,0.007194245,-0.025522042,0.013779528,0.008595989
