"Code","Name","LA_code","LA_name","All","X0to15","X16to29","X30to44","X45to64","X65plus"
"E01009914","Dudley 021D","E08000027","Dudley",-0.005860806,-0.044444444,-0.006329114,-0.031746032,-0.026109661,0.037362637
