"Code","Name","LA_code","LA_name","All","X0to15","X16to29","X30to44","X45to64","X65plus"
"E01009792","Dudley 026B","E08000027","Dudley",-0.00390117,0,-0.015209125,-0.059701493,0.034300792,0.02016129
