"Code","Name","LA_code","LA_name","All","X0to15","X16to29","X30to44","X45to64","X65plus"
"E01009768","Dudley 004C","E08000027","Dudley",-0.044525547,0,-0.092307692,-0.079069767,-0.03962704,-0.03125
