"Code","Name","LA_code","LA_name","All","X0to15","X16to29","X30to44","X45to64","X65plus"
"E01009800","Dudley 036A","E08000027","Dudley",0.011605416,0.01532567,-0.004807692,-0.018656716,0.048469388,0.002369668
