"Code","Name","LA_code","LA_name","All","X0to15","X16to29","X30to44","X45to64","X65plus"
"E01009807","Dudley 043A","E08000027","Dudley",0.011320755,-0.00862069,0.009661836,0.00931677,0.010245902,0.028571429
