"Code","Name","LA_code","LA_name","All","X0to15","X16to29","X30to44","X45to64","X65plus"
"E01009815","Dudley 014B","E08000027","Dudley",0.001533742,-0.014492754,-0.015625,-0.01025641,-0.013574661,0.059701493
