"Code","Name","LA_code","LA_name","All","X0to15","X16to29","X30to44","X45to64","X65plus"
"E01009726","Dudley 031C","E08000027","Dudley",0.038284839,0.037037037,0.053140097,-0.004219409,0.041666667,0.061776062
