"Code","Name","LA_code","LA_name","All","X0to15","X16to29","X30to44","X45to64","X65plus"
"E01009841","Dudley 017E","E08000027","Dudley",-0.015834348,0.026315789,-0.003597122,-0.042813456,-0.046321526,-0.01984127
