"Code","Name","LA_code","LA_name","All","X0to15","X16to29","X30to44","X45to64","X65plus"
"E01009749","Dudley 016A","E08000027","Dudley",0.02240566,-0.007168459,0.020618557,-0.010033445,0.0248307,0.067708333
