"Code","Name","LA_code","LA_name","All","X0to15","X16to29","X30to44","X45to64","X65plus"
"E01009863","Dudley 033E","E08000027","Dudley",-0.002929688,-0.007905138,0.011600928,0.023655914,-0.035714286,-0.013274336
