"Code","Name","LA_code","LA_name","All","X0to15","X16to29","X30to44","X45to64","X65plus"
"E01009795","Dudley 026C","E08000027","Dudley",0.019888129,0.019662921,0.023972603,0.01744186,0.041162228,-0.024509804
