"Code","Name","LA_code","LA_name","All","X0to15","X16to29","X30to44","X45to64","X65plus"
"E01009920","Dudley 024D","E08000027","Dudley",0.070289855,0.026431718,0.061904762,0.099656357,0.091346154,0.046610169
