"Code","Name","LA_code","LA_name","All","X0to15","X16to29","X30to44","X45to64","X65plus"
"E01009826","Dudley 019B","E08000027","Dudley",-0.010273973,0.028985507,0.186440678,-0.044843049,-0.012755102,-0.053846154
