"Code","Name","LA_code","LA_name","All","X0to15","X16to29","X30to44","X45to64","X65plus"
"E01009838","Dudley 037D","E08000027","Dudley",0.007303713,0.073619632,0.033333333,-0.019292605,-0.004926108,-0.046666667
