"Code","Name","LA_code","LA_name","All","X0to15","X16to29","X30to44","X45to64","X65plus"
"E01009806","Dudley 039F","E08000027","Dudley",0.00067659,-0.028436019,-0.028037383,0,0.004524887,0.032448378
