"Code","Name","LA_code","LA_name","All","X0to15","X16to29","X30to44","X45to64","X65plus"
"E01009779","Dudley 008A","E08000027","Dudley",-0.015482055,-0.005291005,-0.068807339,0,0,-0.015151515
