"Code","Name","LA_code","LA_name","All","X0to15","X16to29","X30to44","X45to64","X65plus"
"E01009772","Dudley 005C","E08000027","Dudley",0.020689655,0.030201342,0.003921569,0.015936255,0.013550136,0.060606061
