"Code","Name","LA_code","LA_name","All","X0to15","X16to29","X30to44","X45to64","X65plus"
"E01009884","Dudley 013D","E08000027","Dudley",0.014857881,0.045138889,0.016835017,0.01734104,-0.015873016,0.020920502
