"Code","Name","LA_code","LA_name","All","X0to15","X16to29","X30to44","X45to64","X65plus"
"E01009757","Dudley 006C","E08000027","Dudley",-0.032777778,-0.064102564,-0.022857143,-0.047761194,-0.017977528,-0.007142857
