"Code","Name","LA_code","LA_name","All","X0to15","X16to29","X30to44","X45to64","X65plus"
"E01009762","Dudley 006F","E08000027","Dudley",-0.002883922,0.007444169,0.007168459,-0.034602076,-0.044609665,0.088435374
