"Code","Name","LA_code","LA_name","All","X0to15","X16to29","X30to44","X45to64","X65plus"
"E01009860","Dudley 042D","E08000027","Dudley",-0.008985879,0.045801527,0,-0.019047619,-0.009195402,-0.035643564
