"Code","Name","LA_code","LA_name","All","X0to15","X16to29","X30to44","X45to64","X65plus"
"E01009786","Dudley 007B","E08000027","Dudley",-0.020012912,-0.014164306,-0.007326007,0,-0.030898876,-0.054166667
