"Code","Name","LA_code","LA_name","All","X0to15","X16to29","X30to44","X45to64","X65plus"
"E01009859","Dudley 040D","E08000027","Dudley",-0.024268824,-0.048689139,-0.048543689,-0.044444444,0.006423983,-0.017632242
