"Code","Name","LA_code","LA_name","All","X0to15","X16to29","X30to44","X45to64","X65plus"
"E01009879","Dudley 011B","E08000027","Dudley",0.018117543,0.055343511,0.02955665,0.003952569,0.001883239,-0.010135135
