"Code","Name","LA_code","LA_name","All","X0to15","X16to29","X30to44","X45to64","X65plus"
"E01009883","Dudley 013C","E08000027","Dudley",-0.026865672,-0.051660517,-0.048582996,-0.076923077,0.031609195,-0.008810573
