"Code","Name","LA_code","LA_name","All","X0to15","X16to29","X30to44","X45to64","X65plus"
"E01009720","Dudley 028A","E08000027","Dudley",0.013293944,0.034334764,-0.033333333,0.026548673,0.010460251,0.028985507
