"Code","Name","LA_code","LA_name","All","X0to15","X16to29","X30to44","X45to64","X65plus"
"E01009735","Dudley 034B","E08000027","Dudley",-0.013793103,-0.008064516,0,0,-0.010121457,-0.049342105
