"Code","Name","LA_code","LA_name","All","X0to15","X16to29","X30to44","X45to64","X65plus"
"E01009881","Dudley 011C","E08000027","Dudley",-0.00954033,-0.027334852,-0.002314815,0.006134969,-0.030981067,0.016438356
