"Code","Name","LA_code","LA_name","All","X0to15","X16to29","X30to44","X45to64","X65plus"
"E01009857","Dudley 040B","E08000027","Dudley",0.041866029,0.066481994,0.056179775,0.038781163,0.026960784,0.021818182
