"Code","Name","LA_code","LA_name","All","X0to15","X16to29","X30to44","X45to64","X65plus"
"E01009808","Dudley 043B","E08000027","Dudley",-0.004350979,0.015306122,-0.031446541,0.035087719,-0.00228833,-0.030640669
