"Code","Name","LA_code","LA_name","All","X0to15","X16to29","X30to44","X45to64","X65plus"
"E01009787","Dudley 009C","E08000027","Dudley",0.006008011,0.053497942,0.022727273,-0.039370079,0.001851852,0
