"Code","Name","LA_code","LA_name","All","X0to15","X16to29","X30to44","X45to64","X65plus"
"E01009903","Dudley 029A","E08000027","Dudley",-0.022267206,-0.02764977,-0.02189781,-0.020242915,-0.021126761,-0.021978022
