"Code","Name","LA_code","LA_name","All","X0to15","X16to29","X30to44","X45to64","X65plus"
"E01009897","Dudley 003B","E08000027","Dudley",-0.009695291,-0.03,0.029761905,0.037914692,-0.010416667,-0.035343035
