"Code","Name","LA_code","LA_name","All","X0to15","X16to29","X30to44","X45to64","X65plus"
"E01009846","Dudley 041B","E08000027","Dudley",0.003357958,0.025974026,-0.004545455,-0.005181347,-0.011135857,0.015151515
