"Code","Name","LA_code","LA_name","All","X0to15","X16to29","X30to44","X45to64","X65plus"
"E01009877","Dudley 020E","E08000027","Dudley",-0.017292785,-0.035087719,-0.021276596,-0.006622517,-0.030054645,0.03125
