"Code","Name","LA_code","LA_name","All","X0to15","X16to29","X30to44","X45to64","X65plus"
"E01009736","Dudley 034C","E08000027","Dudley",0.011716058,0.049382716,0.043478261,0,0,-0.007832898
