"Code","Name","LA_code","LA_name","All","X0to15","X16to29","X30to44","X45to64","X65plus"
"E01001371","Ealing 037E","E09000009","Ealing",0.003050109,0.030110935,0.010443864,-0.003533569,-0.039447732,0.028846154
