"Code","Name","LA_code","LA_name","All","X0to15","X16to29","X30to44","X45to64","X65plus"
"E01001229","Ealing 031A","E09000009","Ealing",-0.005277045,0.01986755,0.022727273,-0.039267016,0.002717391,-0.03
