"Code","Name","LA_code","LA_name","All","X0to15","X16to29","X30to44","X45to64","X65plus"
"E01001222","Ealing 019A","E09000009","Ealing",0.004253674,0.024489796,-0.012522361,0.010309278,0.015009381,-0.083969466
