"Code","Name","LA_code","LA_name","All","X0to15","X16to29","X30to44","X45to64","X65plus"
"E01001365","Ealing 026F","E09000009","Ealing",0.010167993,0.050359712,0.015873016,0.008976661,0.003610108,-0.060714286
