"Code","Name","LA_code","LA_name","All","X0to15","X16to29","X30to44","X45to64","X65plus"
"E01001346","Ealing 007B","E09000009","Ealing",-0.006996771,-0.009975062,0.046153846,0.004750594,-0.036016949,-0.019736842
