"Code","Name","LA_code","LA_name","All","X0to15","X16to29","X30to44","X45to64","X65plus"
"E01001220","Ealing 029B","E09000009","Ealing",-0.009622502,0.00877193,-0.025179856,0.003546099,-0.041800643,0.02173913
