"Code","Name","LA_code","LA_name","All","X0to15","X16to29","X30to44","X45to64","X65plus"
"E01001389","Ealing 028F","E09000009","Ealing",-0.00794101,-0.009230769,0,-0.008680556,0.020172911,-0.058558559
