"Code","Name","LA_code","LA_name","All","X0to15","X16to29","X30to44","X45to64","X65plus"
"E01001302","Ealing 039C","E09000009","Ealing",0.012586532,0.053412463,0.035856574,0.007025761,0.01312336,-0.077720207
