"Code","Name","LA_code","LA_name","All","X0to15","X16to29","X30to44","X45to64","X65plus"
"E01001283","Ealing 016C","E09000009","Ealing",-0.01127321,-0.04601227,0.005076142,0,0.018918919,-0.033557047
