"Code","Name","LA_code","LA_name","All","X0to15","X16to29","X30to44","X45to64","X65plus"
"E01001364","Ealing 026E","E09000009","Ealing",-0.01431127,-0.029154519,0.012779553,-0.032786885,-0.017721519,0.003846154
