"Code","Name","LA_code","LA_name","All","X0to15","X16to29","X30to44","X45to64","X65plus"
"E01001262","Ealing 010C","E09000009","Ealing",-0.001261034,-0.016348774,-0.003663004,0.021671827,-0.028089888,0.029962547
