"Code","Name","LA_code","LA_name","All","X0to15","X16to29","X30to44","X45to64","X65plus"
"E01001355","Ealing 033B","E09000009","Ealing",-0.00401837,-0.030864198,0.026143791,-0.013157895,-0.029023747,0.064676617
