"Code","Name","LA_code","LA_name","All","X0to15","X16to29","X30to44","X45to64","X65plus"
"E01001275","Ealing 020H","E09000009","Ealing",-0.012133468,-0.053140097,-0.014534884,0.001615509,-0.00265252,0.013392857
