"Code","Name","LA_code","LA_name","All","X0to15","X16to29","X30to44","X45to64","X65plus"
"E01001296","Ealing 017C","E09000009","Ealing",0.018597997,0.015037594,0.029090909,0.016778523,-0.012626263,0.085889571
