"Code","Name","LA_code","LA_name","All","X0to15","X16to29","X30to44","X45to64","X65plus"
"E01001380","Ealing 040C","E09000009","Ealing",-0.00377562,-0.027548209,0.025454545,0.01598579,-0.02676399,-0.008264463
