"Code","Name","LA_code","LA_name","All","X0to15","X16to29","X30to44","X45to64","X65plus"
"E01001360","Ealing 026B","E09000009","Ealing",0.021994885,0.005952381,0.035135135,0.028639618,0.016949153,0.023411371
