"Code","Name","LA_code","LA_name","All","X0to15","X16to29","X30to44","X45to64","X65plus"
"E01001352","Ealing 027D","E09000009","Ealing",0.005821475,-0.023904382,-0.005540166,-0.007575758,0.037037037,0.0375
