"Code","Name","LA_code","LA_name","All","X0to15","X16to29","X30to44","X45to64","X65plus"
"E01001203","Ealing 025D","E09000009","Ealing",-0.005675369,-0.025889968,-0.006472492,0.009276438,0.004524887,-0.042944785
