"Code","Name","LA_code","LA_name","All","X0to15","X16to29","X30to44","X45to64","X65plus"
"E01001321","Ealing 003F","E09000009","Ealing",0.041583166,0.081677704,0.02507837,0.051391863,0.002222222,0.042345277
