"Code","Name","LA_code","LA_name","All","X0to15","X16to29","X30to44","X45to64","X65plus"
"E01001385","Ealing 032D","E09000009","Ealing",0.029571515,0.028735632,0.028985507,-0.01459854,0.0657277,0.045918367
