"Code","Name","LA_code","LA_name","All","X0to15","X16to29","X30to44","X45to64","X65plus"
"E01001317","Ealing 003C","E09000009","Ealing",-0.023955148,-0.008,-0.002898551,-0.035019455,-0.012224939,-0.097938144
