"Code","Name","LA_code","LA_name","All","X0to15","X16to29","X30to44","X45to64","X65plus"
"E01001201","Ealing 025B","E09000009","Ealing",-0.004229607,-0.043624161,0.019774011,-0.004555809,-0.004975124,0.018518519
