"Code","Name","LA_code","LA_name","All","X0to15","X16to29","X30to44","X45to64","X65plus"
"E01001281","Ealing 013D","E09000009","Ealing",-0.020050125,-0.023195876,0.033519553,-0.020408163,-0.034391534,-0.029220779
