"Code","Name","LA_code","LA_name","All","X0to15","X16to29","X30to44","X45to64","X65plus"
"E01001208","Ealing 018E","E09000009","Ealing",-0.004421518,0.058461538,-0.096446701,0.064220183,-0.034574468,-0.029045643
