"Code","Name","LA_code","LA_name","All","X0to15","X16to29","X30to44","X45to64","X65plus"
"E01001234","Ealing 027B","E09000009","Ealing",-0.00564573,0.021621622,-0.012307692,0.024038462,-0.047619048,-0.012903226
