"Code","Name","LA_code","LA_name","All","X0to15","X16to29","X30to44","X45to64","X65plus"
"E01001204","Ealing 018A","E09000009","Ealing",0.010781671,0.03968254,0.008130081,-0.003344482,0.004662005,0.011627907
