"Code","Name","LA_code","LA_name","All","X0to15","X16to29","X30to44","X45to64","X65plus"
"E01001228","Ealing 019E","E09000009","Ealing",0.013266998,0.010638298,0.019774011,0.042990654,-0.017948718,-0.008064516
