"Code","Name","LA_code","LA_name","All","X0to15","X16to29","X30to44","X45to64","X65plus"
"E01001247","Ealing 015E","E09000009","Ealing",0.024836601,0.054187192,0.031613977,0.018897638,-0.016431925,0.04845815
