"Code","Name","LA_code","LA_name","All","X0to15","X16to29","X30to44","X45to64","X65plus"
"E01001286","Ealing 016E","E09000009","Ealing",0.014313598,0.023866348,0.026666667,0.016997167,0,0
