"Code","Name","LA_code","LA_name","All","X0to15","X16to29","X30to44","X45to64","X65plus"
"E01001254","Ealing 030D","E09000009","Ealing",0.009852217,0.005420054,0.025773196,-0.009852217,0.019230769,0.021390374
