"Code","Name","LA_code","LA_name","All","X0to15","X16to29","X30to44","X45to64","X65plus"
"E01001251","Ealing 030A","E09000009","Ealing",0.012665862,0.013157895,0.040540541,0.013274336,-0.011494253,0.035502959
