"Code","Name","LA_code","LA_name","All","X0to15","X16to29","X30to44","X45to64","X65plus"
"E01001348","Ealing 007D","E09000009","Ealing",0.010982306,-0.003003003,0.055776892,0.019354839,0.030898876,-0.064102564
