"Code","Name","LA_code","LA_name","All","X0to15","X16to29","X30to44","X45to64","X65plus"
"E01001249","Ealing 028A","E09000009","Ealing",-0.004359198,-0.019193858,0.002192982,-0.011126565,0,0.037837838
