"Code","Name","LA_code","LA_name","All","X0to15","X16to29","X30to44","X45to64","X65plus"
"E01001369","Ealing 038D","E09000009","Ealing",-0.002880461,-0.022,0.031518625,-0.007104796,-0.00209205,-0.005181347
