"Code","Name","LA_code","LA_name","All","X0to15","X16to29","X30to44","X45to64","X65plus"
"E01001350","Ealing 027C","E09000009","Ealing",-0.011394102,-0.089219331,0.034965035,0.023738872,0,-0.048034934
