"Code","Name","LA_code","LA_name","All","X0to15","X16to29","X30to44","X45to64","X65plus"
"E01001338","Ealing 029E","E09000009","Ealing",-0.004371585,-0.028871391,0.02173913,0.004301075,-0.011682243,0
