"Code","Name","LA_code","LA_name","All","X0to15","X16to29","X30to44","X45to64","X65plus"
"E01001322","Ealing 004C","E09000009","Ealing",-0.02369413,-0.03125,-0.030395137,0.011876485,-0.029535865,-0.055299539
