"Code","Name","LA_code","LA_name","All","X0to15","X16to29","X30to44","X45to64","X65plus"
"E01001387","Ealing 032E","E09000009","Ealing",0.003752345,-0.034883721,0.01618123,0.004301075,0.002666667,0.036458333
