"Code","Name","LA_code","LA_name","All","X0to15","X16to29","X30to44","X45to64","X65plus"
"E01001357","Ealing 033D","E09000009","Ealing",0.030131827,0.03803132,-0.003546099,0.058536585,0.033033033,-0.024793388
