"Code","Name","LA_code","LA_name","All","X0to15","X16to29","X30to44","X45to64","X65plus"
"E01001339","Ealing 029F","E09000009","Ealing",-0.007027407,0.003115265,0,0,-0.020618557,-0.021276596
