"Code","Name","LA_code","LA_name","All","X0to15","X16to29","X30to44","X45to64","X65plus"
"E01001226","Ealing 019C","E09000009","Ealing",-0.013614704,-0.048327138,-0.022727273,-0.012135922,-0.006349206,0.019762846
