"Code","Name","LA_code","LA_name","All","X0to15","X16to29","X30to44","X45to64","X65plus"
"E01001272","Ealing 006D","E09000009","Ealing",-0.001230769,0.03125,0.020618557,-0.021634615,-0.005235602,-0.032407407
