"Code","Name","LA_code","LA_name","All","X0to15","X16to29","X30to44","X45to64","X65plus"
"E01001261","Ealing 012C","E09000009","Ealing",0.012861736,0.043196544,0.00443459,-0.009310987,0.022633745,0
