"Code","Name","LA_code","LA_name","All","X0to15","X16to29","X30to44","X45to64","X65plus"
"E01001377","Ealing 034B","E09000009","Ealing",-0.005232558,0.020997375,0.025,-0.033536585,0.00210084,-0.044067797
