"Code","Name","LA_code","LA_name","All","X0to15","X16to29","X30to44","X45to64","X65plus"
"E01032572","Ealing 040D","E09000009","Ealing",-0.004081633,-0.053497942,-0.020661157,0.057395143,0,-0.092715232
