"Code","Name","LA_code","LA_name","All","X0to15","X16to29","X30to44","X45to64","X65plus"
"E01001306","Ealing 035D","E09000009","Ealing",0.021578298,0.008849558,0.036082474,0.025641026,0.018099548,0.027522936
