"Code","Name","LA_code","LA_name","All","X0to15","X16to29","X30to44","X45to64","X65plus"
"E01001243","Ealing 024D","E09000009","Ealing",-0.068312757,-0.08974359,-0.043209877,-0.078492936,-0.053497942,-0.065989848
