"Code","Name","LA_code","LA_name","All","X0to15","X16to29","X30to44","X45to64","X65plus"
"E01001196","Ealing 015A","E09000009","Ealing",0.005537099,0.0302267,0.00295858,-0.004524887,0.005181347,-0.012345679
