"Code","Name","LA_code","LA_name","All","X0to15","X16to29","X30to44","X45to64","X65plus"
"E01001361","Ealing 023E","E09000009","Ealing",0.029027576,0.061185468,0.014245014,0.028735632,0.028747433,-0.032608696
