"Code","Name","LA_code","LA_name","All","X0to15","X16to29","X30to44","X45to64","X65plus"
"E01001237","Ealing 031E","E09000009","Ealing",0.011371237,0.063829787,0.038961039,-0.014457831,0.008426966,-0.01754386
