"Code","Name","LA_code","LA_name","All","X0to15","X16to29","X30to44","X45to64","X65plus"
"E01001384","Ealing 032C","E09000009","Ealing",-0.00358209,-0.016997167,0.043824701,0.030828516,-0.005434783,-0.135869565
