"Code","Name","LA_code","LA_name","All","X0to15","X16to29","X30to44","X45to64","X65plus"
"E01001244","Ealing 024E","E09000009","Ealing",0.024551118,-0.003389831,0.042397661,0.034340659,0.046747967,-0.034042553
