"Code","Name","LA_code","LA_name","All","X0to15","X16to29","X30to44","X45to64","X65plus"
"E01001231","Ealing 027A","E09000009","Ealing",0.009906439,-0.040590406,0.033333333,0.02283105,0,0.016666667
