"Code","Name","LA_code","LA_name","All","X0to15","X16to29","X30to44","X45to64","X65plus"
"E01001255","Ealing 028C","E09000009","Ealing",0.015594542,0.021978022,0.01826484,0.010958904,-0.002403846,0.051428571
