"Code","Name","LA_code","LA_name","All","X0to15","X16to29","X30to44","X45to64","X65plus"
"E01001367","Ealing 037B","E09000009","Ealing",0.001794527,-0.02680067,0.017412935,0.009057971,-0.007575758,0.08
