"Code","Name","LA_code","LA_name","All","X0to15","X16to29","X30to44","X45to64","X65plus"
"E01001325","Ealing 009A","E09000009","Ealing",0.006904488,-0.007042254,-0.00304878,0.00660066,-0.012987013,0.091324201
