"Code","Name","LA_code","LA_name","All","X0to15","X16to29","X30to44","X45to64","X65plus"
"E01032743","Ealing 010F","E09000009","Ealing",0.008760951,0.019379845,0.009237875,0.031117397,-0.071240106,0.067307692
