"Code","Name","LA_code","LA_name","All","X0to15","X16to29","X30to44","X45to64","X65plus"
"E01001372","Ealing 037F","E09000009","Ealing",0.023186976,-0.005434783,0.024793388,0.041745731,0.015217391,0.096
