"Code","Name","LA_code","LA_name","All","X0to15","X16to29","X30to44","X45to64","X65plus"
"E01001259","Ealing 014B","E09000009","Ealing",-0.023474178,0.024922118,-0.061403509,-0.015151515,-0.052785924,-0.024390244
