"Code","Name","LA_code","LA_name","All","X0to15","X16to29","X30to44","X45to64","X65plus"
"E01001284","Ealing 022A","E09000009","Ealing",-0.00198939,0.028125,-0.029126214,0.009259259,0.022670025,-0.068965517
