"Code","Name","LA_code","LA_name","All","X0to15","X16to29","X30to44","X45to64","X65plus"
"E01001315","Ealing 003A","E09000009","Ealing",0.020804438,-0.006060606,0.096330275,0.04610951,-0.005263158,-0.017964072
