"Code","Name","LA_code","LA_name","All","X0to15","X16to29","X30to44","X45to64","X65plus"
"E01020924","Eastbourne 001A","E07000061","Eastbourne",0.018705036,0.032786885,0.007751938,0,0.01758794,0.035019455
