"Code","Name","LA_code","LA_name","All","X0to15","X16to29","X30to44","X45to64","X65plus"
"E01020948","Eastbourne 008A","E07000061","Eastbourne",-0.012371134,-0.005813953,-0.032258065,0.020833333,-0.037142857,-0.005119454
