"Code","Name","LA_code","LA_name","All","X0to15","X16to29","X30to44","X45to64","X65plus"
"E01029469","East Staffordshire 010B","E07000193","East Staffordshire",0.010050251,0.013559322,-0.012987013,0.045296167,-0.007604563,0.017699115
