"Code","Name","LA_code","LA_name","All","X0to15","X16to29","X30to44","X45to64","X65plus"
"E01020406","East Dorset 004D","E07000049","East Dorset",-0.017094017,-0.025773196,-0.02259887,-0.040697674,-0.007225434,-0.01719457
