"Code","Name","LA_code","LA_name","All","X0to15","X16to29","X30to44","X45to64","X65plus"
"E01013018","East Riding of Yorkshire 026A","E06000011","East Riding of Yorkshire",0.095020034,-0.005479452,0.485549133,0.316981132,-0.007648184,0.009501188
