"Code","Name","LA_code","LA_name","All","X0to15","X16to29","X30to44","X45to64","X65plus"
"E01022627","East Hampshire 007F","E07000085","East Hampshire",-0.007730787,0.011560694,-0.047794118,-0.00729927,-0.007566204,0
