"Code","Name","LA_code","LA_name","All","X0to15","X16to29","X30to44","X45to64","X65plus"
"E01020425","East Dorset 006E","E07000049","East Dorset",-0.001686341,-0.028248588,-0.056962025,0.04516129,0.013100437,-0.002406739
