"Code","Name","LA_code","LA_name","All","X0to15","X16to29","X30to44","X45to64","X65plus"
"E01026050","East Lindsey 010C","E07000137","East Lindsey",-0.036007581,-0.083333333,0,0.060344828,-0.034324943,-0.049079755
