"Code","Name","LA_code","LA_name","All","X0to15","X16to29","X30to44","X45to64","X65plus"
"E01022688","Eastleigh 015A","E07000086","Eastleigh",0.037658802,0.043604651,0.090614887,0.078817734,0.025714286,-0.02247191
