"Code","Name","LA_code","LA_name","All","X0to15","X16to29","X30to44","X45to64","X65plus"
"E01018056","East Cambridgeshire 002E","E07000009","East Cambridgeshire",0.011861784,-0.012987013,-0.026515152,0.04784689,0.020134228,0.020114943
