"Code","Name","LA_code","LA_name","All","X0to15","X16to29","X30to44","X45to64","X65plus"
"E01026068","East Lindsey 009B","E07000137","East Lindsey",0.001902045,-0.048507463,0.044642857,0.038610039,0.00665779,-0.013311148
