"Code","Name","LA_code","LA_name","All","X0to15","X16to29","X30to44","X45to64","X65plus"
"E01022703","Eastleigh 011E","E07000086","Eastleigh",0.016812374,0.050179211,0.039473684,-0.007168459,-0.014925373,0.033444816
