"Code","Name","LA_code","LA_name","All","X0to15","X16to29","X30to44","X45to64","X65plus"
"E01019906","East Devon 015C","E07000040","East Devon",0.023255814,0.024390244,0.056179775,0.016129032,0.012254902,0.024793388
