"Code","Name","LA_code","LA_name","All","X0to15","X16to29","X30to44","X45to64","X65plus"
"E01020953","Eastbourne 007D","E07000061","Eastbourne",-0.000639386,-0.018126888,0.030172414,0.010638298,-0.014893617,0.008032129
