"Code","Name","LA_code","LA_name","All","X0to15","X16to29","X30to44","X45to64","X65plus"
"E01019965","East Devon 014C","E07000040","East Devon",-0.012161415,-0.04842615,0.037974684,0.012698413,0.00210084,-0.029082774
