"Code","Name","LA_code","LA_name","All","X0to15","X16to29","X30to44","X45to64","X65plus"
"E01032665","East Hampshire 012G","E07000085","East Hampshire",0.011721612,0.008,-0.043290043,0.026819923,0.008595989,0.051094891
