"Code","Name","LA_code","LA_name","All","X0to15","X16to29","X30to44","X45to64","X65plus"
"E01022709","Eastleigh 001E","E07000086","Eastleigh",0.017174515,0.015189873,0.051886792,-0.010989011,0.018475751,0.018292683
