"Code","Name","LA_code","LA_name","All","X0to15","X16to29","X30to44","X45to64","X65plus"
"E01019903","East Devon 006D","E07000040","East Devon",0.024817518,-0.002949853,0.063636364,0.062091503,0.012066365,0.020872865
