"Code","Name","LA_code","LA_name","All","X0to15","X16to29","X30to44","X45to64","X65plus"
"E01013022","East Riding of Yorkshire 018A","E06000011","East Riding of Yorkshire",-0.009414226,-0.022435897,-0.017621145,-0.017301038,0.015320334,-0.035519126
