"Code","Name","LA_code","LA_name","All","X0to15","X16to29","X30to44","X45to64","X65plus"
"E01029454","East Staffordshire 005A","E07000193","East Staffordshire",0.010262989,-0.054621849,0.052132701,0.050847458,0.005671078,0.014851485
