"Code","Name","LA_code","LA_name","All","X0to15","X16to29","X30to44","X45to64","X65plus"
"E01023441","East Hertfordshire 005D","E07000097","East Hertfordshire",0.004536617,0.01344086,-0.002754821,0.037383178,0.026755853,-0.090425532
