"Code","Name","LA_code","LA_name","All","X0to15","X16to29","X30to44","X45to64","X65plus"
"E01026049","East Lindsey 010B","E07000137","East Lindsey",-0.009517766,-0.070175439,-0.082089552,0.04379562,-0.008849558,0.012302285
