"Code","Name","LA_code","LA_name","All","X0to15","X16to29","X30to44","X45to64","X65plus"
"E01026053","East Lindsey 016C","E07000137","East Lindsey",0.028289178,0.00764526,0.047923323,0.056862745,0.028571429,0
