"Code","Name","LA_code","LA_name","All","X0to15","X16to29","X30to44","X45to64","X65plus"
"E01020376","East Dorset 009B","E07000049","East Dorset",-0.014349776,0.047297297,0.013793103,-0.034722222,-0.027607362,-0.03125
