"Code","Name","LA_code","LA_name","All","X0to15","X16to29","X30to44","X45to64","X65plus"
"E01022577","East Hampshire 003D","E07000085","East Hampshire",0.005131495,-0.016,0.052941176,0.038327526,0.005540166,-0.020366599
