"Code","Name","LA_code","LA_name","All","X0to15","X16to29","X30to44","X45to64","X65plus"
"E01029406","East Staffordshire 001B","E07000193","East Staffordshire",0.025785657,0.191860465,-0.062893082,0.048128342,0.015837104,-0.024911032
