"Code","Name","LA_code","LA_name","All","X0to15","X16to29","X30to44","X45to64","X65plus"
"E01022699","Eastleigh 012E","E07000086","Eastleigh",-0.014531755,-0.044917258,-0.003816794,0.008356546,-0.023655914,0.00286533
