"Code","Name","LA_code","LA_name","All","X0to15","X16to29","X30to44","X45to64","X65plus"
"E01033495","East Riding of Yorkshire 032G","E06000011","East Riding of Yorkshire",0.145703611,0.079726651,0.134920635,0.083682008,0.191977077,0.659090909
