"Code","Name","LA_code","LA_name","All","X0to15","X16to29","X30to44","X45to64","X65plus"
"E01013110","East Riding of Yorkshire 027B","E06000011","East Riding of Yorkshire",-0.006199628,-0.041401274,-0.027027027,-0.028368794,0.036866359,0.002770083
