"Code","Name","LA_code","LA_name","All","X0to15","X16to29","X30to44","X45to64","X65plus"
"E01020960","Eastbourne 014A","E07000061","Eastbourne",-0.002754821,0,-0.043927649,0.016587678,0.00728863,-0.003252033
