"Code","Name","LA_code","LA_name","All","X0to15","X16to29","X30to44","X45to64","X65plus"
"E01022606","East Hampshire 014A","E07000085","East Hampshire",-0.00255102,0.04494382,0.02295082,-0.021021021,-0.007352941,-0.029520295
