"Code","Name","LA_code","LA_name","All","X0to15","X16to29","X30to44","X45to64","X65plus"
"E01029420","East Staffordshire 012C","E07000193","East Staffordshire",0.080722892,-0.010869565,0.136363636,0.079051383,0.095634096,0.095348837
