"Code","Name","LA_code","LA_name","All","X0to15","X16to29","X30to44","X45to64","X65plus"
"E01019923","East Devon 018D","E07000040","East Devon",-0.033387622,0,0.065693431,-0.054166667,-0.050746269,-0.064516129
