"Code","Name","LA_code","LA_name","All","X0to15","X16to29","X30to44","X45to64","X65plus"
"E01022590","East Hampshire 013C","E07000085","East Hampshire",0.007427414,0.017857143,0.05027933,-0.032432432,0.004255319,0.004728132
