"Code","Name","LA_code","LA_name","All","X0to15","X16to29","X30to44","X45to64","X65plus"
"E01022715","Eastleigh 009C","E07000086","Eastleigh",0.008308605,-0.027874564,0.043165468,0.027173913,-0.007159905,0.009009009
