"Code","Name","LA_code","LA_name","All","X0to15","X16to29","X30to44","X45to64","X65plus"
"E01029461","East Staffordshire 003C","E07000193","East Staffordshire",0.013499481,0.005730659,0.030555556,0.029850746,0.020912548,-0.02247191
