"Code","Name","LA_code","LA_name","All","X0to15","X16to29","X30to44","X45to64","X65plus"
"E01013019","East Riding of Yorkshire 026B","E06000011","East Riding of Yorkshire",0.043696275,-0.032786885,-0.004878049,0.079365079,0.091116173,0.011811024
