"Code","Name","LA_code","LA_name","All","X0to15","X16to29","X30to44","X45to64","X65plus"
"E01020387","East Dorset 012F","E07000049","East Dorset",0.006272401,0.070063694,0.062015504,-0.018348624,0.035928144,-0.056847545
