"Code","Name","LA_code","LA_name","All","X0to15","X16to29","X30to44","X45to64","X65plus"
"E01026070","East Lindsey 009C","E07000137","East Lindsey",0.009803922,-0.003703704,0.053719008,0.041841004,-0.006410256,0.001776199
