"Code","Name","LA_code","LA_name","All","X0to15","X16to29","X30to44","X45to64","X65plus"
"E01026081","East Lindsey 004A","E07000137","East Lindsey",0.005850397,-0.014251781,0.023504274,-0.022883295,0.026845638,0.006369427
