"Code","Name","LA_code","LA_name","All","X0to15","X16to29","X30to44","X45to64","X65plus"
"E01013091","East Riding of Yorkshire 035D","E06000011","East Riding of Yorkshire",-0.003717472,-0.011406844,-0.043010753,-0.019920319,-0.016427105,0.042154567
