"Code","Name","LA_code","LA_name","All","X0to15","X16to29","X30to44","X45to64","X65plus"
"E01020428","East Dorset 010C","E07000049","East Dorset",-0.041585127,-0.007575758,-0.05078125,0.021052632,0.009940358,-0.110054348
