"Code","Name","LA_code","LA_name","All","X0to15","X16to29","X30to44","X45to64","X65plus"
"E01019899","East Devon 007A","E07000040","East Devon",0.006540698,0,0.01910828,0.010989011,-0.012254902,0.02200489
