"Code","Name","LA_code","LA_name","All","X0to15","X16to29","X30to44","X45to64","X65plus"
"E01029440","East Staffordshire 015B","E07000193","East Staffordshire",0.039389068,0.07079646,0.034188034,0.05027933,0.025404157,0.031141869
