"Code","Name","LA_code","LA_name","All","X0to15","X16to29","X30to44","X45to64","X65plus"
"E01029418","East Staffordshire 012A","E07000193","East Staffordshire",-0.021094927,-0.009771987,-0.02962963,-0.015337423,-0.004016064,-0.06744868
