"Code","Name","LA_code","LA_name","All","X0to15","X16to29","X30to44","X45to64","X65plus"
"E01027060","East Northamptonshire 009C","E07000152","East Northamptonshire",-0.016008004,0.018181818,-0.011049724,-0.030701754,0.006507592,-0.071641791
