"Code","Name","LA_code","LA_name","All","X0to15","X16to29","X30to44","X45to64","X65plus"
"E01018053","East Cambridgeshire 005E","E07000009","East Cambridgeshire",0.032542747,0.015345269,0.080717489,0.006872852,0.033271719,0.040871935
