"Code","Name","LA_code","LA_name","All","X0to15","X16to29","X30to44","X45to64","X65plus"
"E01026054","East Lindsey 016D","E07000137","East Lindsey",0.02170062,0.049668874,0.053521127,-0.002427184,0.017326733,-0.023255814
