"Code","Name","LA_code","LA_name","All","X0to15","X16to29","X30to44","X45to64","X65plus"
"E01012979","East Riding of Yorkshire 045B","E06000011","East Riding of Yorkshire",-0.013384321,-0.067193676,-0.037190083,0.019685039,0.012594458,-0.011820331
