"Code","Name","LA_code","LA_name","All","X0to15","X16to29","X30to44","X45to64","X65plus"
"E01022697","Eastleigh 012C","E07000086","Eastleigh",0.029981262,-0.01119403,0.089108911,0.077981651,0.002222222,0.032397408
