"Code","Name","LA_code","LA_name","All","X0to15","X16to29","X30to44","X45to64","X65plus"
"E01022690","Eastleigh 015C","E07000086","Eastleigh",-0.034756703,0.007075472,-0.054711246,-0.047120419,-0.046966732,-0.035326087
