"Code","Name","LA_code","LA_name","All","X0to15","X16to29","X30to44","X45to64","X65plus"
"E01023456","East Hertfordshire 008A","E07000097","East Hertfordshire",0.002141328,0.05704698,-0.050251256,0.006644518,-0.004415011,-0.026666667
