"Code","Name","LA_code","LA_name","All","X0to15","X16to29","X30to44","X45to64","X65plus"
"E01020945","Eastbourne 004D","E07000061","Eastbourne",-0.004246285,0.00462963,-0.037914692,-0.029126214,0.010771993,-0.001440922
