"Code","Name","LA_code","LA_name","All","X0to15","X16to29","X30to44","X45to64","X65plus"
"E01023510","East Hertfordshire 013A","E07000097","East Hertfordshire",-0.014879107,-0.016949153,-0.041884817,-0.048701299,0.002012072,0.00931677
