"Code","Name","LA_code","LA_name","All","X0to15","X16to29","X30to44","X45to64","X65plus"
"E01020939","Eastbourne 009B","E07000061","Eastbourne",0.003766478,-0.00530504,-0.009661836,-0.031578947,0.02247191,0.032258065
