"Code","Name","LA_code","LA_name","All","X0to15","X16to29","X30to44","X45to64","X65plus"
"E01019933","East Devon 002C","E07000040","East Devon",-0.007898894,-0.011428571,-0.045454545,-0.026666667,-0.006410256,0.021164021
