"Code","Name","LA_code","LA_name","All","X0to15","X16to29","X30to44","X45to64","X65plus"
"E01020925","Eastbourne 001B","E07000061","Eastbourne",0.014313598,0.02259887,0,-0.003610108,0.016431925,0.042553191
