"Code","Name","LA_code","LA_name","All","X0to15","X16to29","X30to44","X45to64","X65plus"
"E01020408","East Dorset 009E","E07000049","East Dorset",-0.020282187,-0.066115702,-0.041958042,-0.02962963,0,-0.012315271
