"Code","Name","LA_code","LA_name","All","X0to15","X16to29","X30to44","X45to64","X65plus"
"E01012977","East Riding of Yorkshire 044B","E06000011","East Riding of Yorkshire",0.008174387,0.017582418,0.005208333,0.013986014,-0.001226994,0.012345679
