"Code","Name","LA_code","LA_name","All","X0to15","X16to29","X30to44","X45to64","X65plus"
"E01026118","East Lindsey 016E","E07000137","East Lindsey",0.004683841,-0.017316017,-0.025157233,0.08,0.050359712,-0.026170799
