"Code","Name","LA_code","LA_name","All","X0to15","X16to29","X30to44","X45to64","X65plus"
"E01012942","East Riding of Yorkshire 002E","E06000011","East Riding of Yorkshire",0.00084317,-0.144736842,0.013333333,0.040540541,0.016339869,0.004580153
