"Code","Name","LA_code","LA_name","All","X0to15","X16to29","X30to44","X45to64","X65plus"
"E01022717","Eastleigh 009E","E07000086","Eastleigh",-0.074346405,-0.077777778,-0.042857143,-0.131914894,-0.063569682,-0.057894737
