"Code","Name","LA_code","LA_name","All","X0to15","X16to29","X30to44","X45to64","X65plus"
"E01022718","Eastleigh 009F","E07000086","Eastleigh",-0.000637349,0.003636364,-0.033195021,-0.025641026,0.006493506,0.031446541
