"Code","Name","LA_code","LA_name","All","X0to15","X16to29","X30to44","X45to64","X65plus"
"E01012927","East Riding of Yorkshire 013D","E06000011","East Riding of Yorkshire",0.006414368,0.052380952,-0.027322404,0.01744186,0.019493177,-0.018711019
