"Code","Name","LA_code","LA_name","All","X0to15","X16to29","X30to44","X45to64","X65plus"
"E01020429","East Dorset 010D","E07000049","East Dorset",0.001970443,0.021220159,-0.005602241,0.041558442,-0.060546875,0.032581454
