"Code","Name","LA_code","LA_name","All","X0to15","X16to29","X30to44","X45to64","X65plus"
"E01023484","East Hertfordshire 016C","E07000097","East Hertfordshire",-0.005118362,-0.053763441,0.042145594,0.005602241,-0.012195122,0.024539877
