"Code","Name","LA_code","LA_name","All","X0to15","X16to29","X30to44","X45to64","X65plus"
"E01019956","East Devon 012A","E07000040","East Devon",-0.002422774,-0.048484848,0.006289308,-0.027777778,0.013274336,0.002877698
