"Code","Name","LA_code","LA_name","All","X0to15","X16to29","X30to44","X45to64","X65plus"
"E01029441","East Staffordshire 015C","E07000193","East Staffordshire",0.025740026,0.016,-0.012048193,0.056994819,0.026365348,0.031400966
