"Code","Name","LA_code","LA_name","All","X0to15","X16to29","X30to44","X45to64","X65plus"
"E01022643","Eastleigh 005A","E07000086","Eastleigh",-0.006918239,-0.040892193,-0.024691358,0,0.006912442,0.009966777
