"Code","Name","LA_code","LA_name","All","X0to15","X16to29","X30to44","X45to64","X65plus"
"E01019896","East Devon 017C","E07000040","East Devon",-0.029765674,-0.090322581,-0.06122449,-0.040650407,-0.035460993,-0.008974359
