"Code","Name","LA_code","LA_name","All","X0to15","X16to29","X30to44","X45to64","X65plus"
"E01023487","East Hertfordshire 015A","E07000097","East Hertfordshire",0.013148789,0.020338983,-0.008888889,-0.020408163,0.015151515,0.063829787
