"Code","Name","LA_code","LA_name","All","X0to15","X16to29","X30to44","X45to64","X65plus"
"E01013064","East Riding of Yorkshire 016A","E06000011","East Riding of Yorkshire",-0.002083333,-0.003787879,-0.050458716,0.038610039,0.002109705,-0.008888889
