"Code","Name","LA_code","LA_name","All","X0to15","X16to29","X30to44","X45to64","X65plus"
"E01013003","East Riding of Yorkshire 038A","E06000011","East Riding of Yorkshire",-0.002042206,-0.019417476,-0.037433155,-0.008849558,0.006928406,0.016786571
