"Code","Name","LA_code","LA_name","All","X0to15","X16to29","X30to44","X45to64","X65plus"
"E01018020","East Cambridgeshire 002A","E07000009","East Cambridgeshire",0.108481262,0.071917808,0.112820513,0.127340824,0.120408163,0.104693141
