"Code","Name","LA_code","LA_name","All","X0to15","X16to29","X30to44","X45to64","X65plus"
"E01023476","East Hertfordshire 017B","E07000097","East Hertfordshire",0.015180266,0.025157233,0.058064516,0.003891051,0.022371365,-0.00990099
