"Code","Name","LA_code","LA_name","All","X0to15","X16to29","X30to44","X45to64","X65plus"
"E01022644","Eastleigh 005B","E07000086","Eastleigh",0.017557861,0.012931034,0.005405405,-0.008695652,0.022670025,0.052631579
