"Code","Name","LA_code","LA_name","All","X0to15","X16to29","X30to44","X45to64","X65plus"
"E01026110","East Lindsey 017B","E07000137","East Lindsey",0.057280883,0.109195402,0.045454545,0.011695906,0.048421053,0.068432671
