"Code","Name","LA_code","LA_name","All","X0to15","X16to29","X30to44","X45to64","X65plus"
"E01019948","East Devon 010C","E07000040","East Devon",-0.028396009,-0.096153846,-0.029411765,0.00862069,-0.006042296,-0.030100334
