"Code","Name","LA_code","LA_name","All","X0to15","X16to29","X30to44","X45to64","X65plus"
"E01020940","Eastbourne 006A","E07000061","Eastbourne",-0.001951854,0.033112583,0.005405405,0.049261084,-0.028301887,-0.028368794
