"Code","Name","LA_code","LA_name","All","X0to15","X16to29","X30to44","X45to64","X65plus"
"E01019949","East Devon 010D","E07000040","East Devon",-0.006784261,0.036363636,-0.068493151,-0.011363636,0.018404908,-0.015128593
