"Code","Name","LA_code","LA_name","All","X0to15","X16to29","X30to44","X45to64","X65plus"
"E01022618","East Hampshire 010C","E07000085","East Hampshire",-0.00989011,0.036666667,-0.041420118,0.068627451,-0.02247191,-0.039151713
