"Code","Name","LA_code","LA_name","All","X0to15","X16to29","X30to44","X45to64","X65plus"
"E01020947","Eastbourne 006E","E07000061","Eastbourne",-0.001930502,-0.024734982,-0.034482759,-0.035573123,0.014184397,0.03087886
