"Code","Name","LA_code","LA_name","All","X0to15","X16to29","X30to44","X45to64","X65plus"
"E01018046","East Cambridgeshire 001E","E07000009","East Cambridgeshire",0.000771605,-0.002881844,-0.011337868,0.017886179,-0.007476636,0.006514658
