"Code","Name","LA_code","LA_name","All","X0to15","X16to29","X30to44","X45to64","X65plus"
"E01027068","East Northamptonshire 010C","E07000152","East Northamptonshire",0.037798408,0.032258065,0.026373626,0.014040562,0.026172301,0.127937337
