"Code","Name","LA_code","LA_name","All","X0to15","X16to29","X30to44","X45to64","X65plus"
"E01019940","East Devon 008B","E07000040","East Devon",-0.005040958,0.051724138,-0.0390625,-0.027210884,-0.024048096,0.00172117
