"Code","Name","LA_code","LA_name","All","X0to15","X16to29","X30to44","X45to64","X65plus"
"E01026079","East Lindsey 002C","E07000137","East Lindsey",0.006339144,0.011583012,-0.008403361,0.044052863,-0.010416667,0.011804384
