"Code","Name","LA_code","LA_name","All","X0to15","X16to29","X30to44","X45to64","X65plus"
"E01023508","East Hertfordshire 002D","E07000097","East Hertfordshire",0.046764894,0.074074074,0.014778325,0.043636364,0.054216867,0.03125
