"Code","Name","LA_code","LA_name","All","X0to15","X16to29","X30to44","X45to64","X65plus"
"E01026073","East Lindsey 005B","E07000137","East Lindsey",-0.031449893,-0.047058824,-0.061728395,-0.017699115,-0.038461538,-0.011551155
