"Code","Name","LA_code","LA_name","All","X0to15","X16to29","X30to44","X45to64","X65plus"
"E01018017","East Cambridgeshire 011A","E07000009","East Cambridgeshire",0.025188917,0.037234043,0.052173913,-0.004366812,0.052117264,0.005681818
