"Code","Name","LA_code","LA_name","All","X0to15","X16to29","X30to44","X45to64","X65plus"
"E01020941","Eastbourne 006B","E07000061","Eastbourne",0.024169184,0.053921569,0.029520295,0.003215434,0.007109005,0.024691358
