"Code","Name","LA_code","LA_name","All","X0to15","X16to29","X30to44","X45to64","X65plus"
"E01026077","East Lindsey 003A","E07000137","East Lindsey",-0.031337047,-0.026946108,-0.004484305,-0.005681818,-0.014577259,-0.080555556
