"Code","Name","LA_code","LA_name","All","X0to15","X16to29","X30to44","X45to64","X65plus"
"E01018012","East Cambridgeshire 009B","E07000009","East Cambridgeshire",0.003838772,0.020710059,0.093567251,-0.011363636,0.004889976,-0.041994751
