"Code","Name","LA_code","LA_name","All","X0to15","X16to29","X30to44","X45to64","X65plus"
"E01013096","East Riding of Yorkshire 029C","E06000011","East Riding of Yorkshire",0.002164502,-0.032520325,0.003891051,0.013736264,0.007797271,0.017391304
