"Code","Name","LA_code","LA_name","All","X0to15","X16to29","X30to44","X45to64","X65plus"
"E01022665","Eastleigh 003E","E07000086","Eastleigh",0.05819398,0.102803738,0.099206349,0.09252669,0.014457831,0.024024024
