"Code","Name","LA_code","LA_name","All","X0to15","X16to29","X30to44","X45to64","X65plus"
"E01022668","Eastleigh 006A","E07000086","Eastleigh",-0.02333427,-0.058152794,-0.003605769,-0.018137848,-0.014184397,-0.012658228
