"Code","Name","LA_code","LA_name","All","X0to15","X16to29","X30to44","X45to64","X65plus"
"E01013061","East Riding of Yorkshire 009D","E06000011","East Riding of Yorkshire",0.004388715,0.024390244,-0.046082949,0.00921659,0.021484375,-0.004962779
