"Code","Name","LA_code","LA_name","All","X0to15","X16to29","X30to44","X45to64","X65plus"
"E01020914","Eastbourne 007A","E07000061","Eastbourne",-0.042510121,-0.040302267,-0.039267016,-0.028169014,-0.079822616,-0.012048193
