"Code","Name","LA_code","LA_name","All","X0to15","X16to29","X30to44","X45to64","X65plus"
"E01022672","Eastleigh 004C","E07000086","Eastleigh",-0.005579665,-0.02295082,0.019762846,0.012307692,0.004640371,-0.043478261
