"Code","Name","LA_code","LA_name","All","X0to15","X16to29","X30to44","X45to64","X65plus"
"E01019907","East Devon 015D","E07000040","East Devon",-0.002675585,-0.055299539,0,0.075117371,0.007518797,-0.021400778
