"Code","Name","LA_code","LA_name","All","X0to15","X16to29","X30to44","X45to64","X65plus"
"E01018032","East Cambridgeshire 003D","E07000009","East Cambridgeshire",0.069758224,0.123318386,0.103773585,0.078846154,0.054545455,0.018998273
