"Code","Name","LA_code","LA_name","All","X0to15","X16to29","X30to44","X45to64","X65plus"
"E01022636","East Hampshire 006D","E07000085","East Hampshire",0.034508627,0.041152263,-0.015748031,0.027131783,0.031707317,0.119047619
