"Code","Name","LA_code","LA_name","All","X0to15","X16to29","X30to44","X45to64","X65plus"
"E01020400","East Dorset 011C","E07000049","East Dorset",-0.02288188,-0.064935065,-0.055,-0.060913706,-0.013833992,0.005357143
