"Code","Name","LA_code","LA_name","All","X0to15","X16to29","X30to44","X45to64","X65plus"
"E01013084","East Riding of Yorkshire 039D","E06000011","East Riding of Yorkshire",0.00210084,-0.041509434,0.024875622,0.039325843,-0.011173184,0.014084507
