"Code","Name","LA_code","LA_name","All","X0to15","X16to29","X30to44","X45to64","X65plus"
"E01027043","East Northamptonshire 001B","E07000152","East Northamptonshire",0.014018692,0.029850746,0.028880866,0.036312849,0.005839416,-0.010619469
