"Code","Name","LA_code","LA_name","All","X0to15","X16to29","X30to44","X45to64","X65plus"
"E01020942","Eastbourne 006C","E07000061","Eastbourne",-0.017945545,-0.042979943,0.005102041,-0.029739777,-0.014344262,0
