"Code","Name","LA_code","LA_name","All","X0to15","X16to29","X30to44","X45to64","X65plus"
"E01019888","East Devon 005C","E07000040","East Devon",0.009590793,0.006896552,0.02,-0.023923445,0.052884615,-0.011784512
