"Code","Name","LA_code","LA_name","All","X0to15","X16to29","X30to44","X45to64","X65plus"
"E01022700","Eastleigh 011C","E07000086","Eastleigh",0.003883495,0.016129032,-0.025,0.00887574,0.016085791,-0.007042254
