"Code","Name","LA_code","LA_name","All","X0to15","X16to29","X30to44","X45to64","X65plus"
"E01019958","East Devon 012C","E07000040","East Devon",-0.02433748,-0.008032129,0,-0.046632124,-0.049079755,-0.012987013
