"Code","Name","LA_code","LA_name","All","X0to15","X16to29","X30to44","X45to64","X65plus"
"E01026060","East Lindsey 009A","E07000137","East Lindsey",-0.007380074,-0.054794521,0.026315789,-0.081967213,0.006535948,0.00210084
