"Code","Name","LA_code","LA_name","All","X0to15","X16to29","X30to44","X45to64","X65plus"
"E01019898","East Devon 014A","E07000040","East Devon",0.03106383,0.02247191,0.074626866,0.00887574,0.030042918,0.034391534
