"Code","Name","LA_code","LA_name","All","X0to15","X16to29","X30to44","X45to64","X65plus"
"E01029452","East Staffordshire 014D","E07000193","East Staffordshire",-0.019846351,-0.033707865,-0.022988506,-0.043956044,-0.004484305,-0.006349206
