"Code","Name","LA_code","LA_name","All","X0to15","X16to29","X30to44","X45to64","X65plus"
"E01022659","Eastleigh 002A","E07000086","Eastleigh",0.007619048,0.012345679,0.034042553,-0.005524862,0.00245098,0.004065041
