"Code","Name","LA_code","LA_name","All","X0to15","X16to29","X30to44","X45to64","X65plus"
"E01022664","Eastleigh 003D","E07000086","Eastleigh",-0.000659631,0.040441176,-0.074626866,-0.025270758,0.032786885,-0.01179941
