"Code","Name","LA_code","LA_name","All","X0to15","X16to29","X30to44","X45to64","X65plus"
"E01013072","East Riding of Yorkshire 042A","E06000011","East Riding of Yorkshire",0.065940714,0.063380282,0.070247934,0.057971014,0.087755102,0.041551247
