"Code","Name","LA_code","LA_name","All","X0to15","X16to29","X30to44","X45to64","X65plus"
"E01026096","East Lindsey 015C","E07000137","East Lindsey",0.010848756,-0.021582734,0.032786885,0.014336918,-0.00886918,0.045212766
