"Code","Name","LA_code","LA_name","All","X0to15","X16to29","X30to44","X45to64","X65plus"
"E01026051","East Lindsey 016A","E07000137","East Lindsey",0.002423263,0,-0.012820513,0.083769634,-0.043367347,0.019607843
