"Code","Name","LA_code","LA_name","All","X0to15","X16to29","X30to44","X45to64","X65plus"
"E01020943","Eastbourne 009C","E07000061","Eastbourne",0.003690037,-0.012121212,-0.009345794,0.009345794,-0.002336449,0.03003003
