"Code","Name","LA_code","LA_name","All","X0to15","X16to29","X30to44","X45to64","X65plus"
"E01023455","East Hertfordshire 003D","E07000097","East Hertfordshire",-0.031837916,-0.014084507,-0.047058824,-0.056910569,-0.017326733,-0.039568345
