"Code","Name","LA_code","LA_name","All","X0to15","X16to29","X30to44","X45to64","X65plus"
"E01026115","East Lindsey 012C","E07000137","East Lindsey",0.028621495,0.068181818,0.029411765,0.021164021,0.018450185,0.025380711
