"Code","Name","LA_code","LA_name","All","X0to15","X16to29","X30to44","X45to64","X65plus"
"E01020933","Eastbourne 012C","E07000061","Eastbourne",-0.026605505,0.00621118,0.057692308,0.009345794,-0.020689655,-0.090425532
