"Code","Name","LA_code","LA_name","All","X0to15","X16to29","X30to44","X45to64","X65plus"
"E01027051","East Northamptonshire 005A","E07000152","East Northamptonshire",0.00856531,0.00308642,0.031055901,-0.005181347,0.019417476,-0.009345794
