"Code","Name","LA_code","LA_name","All","X0to15","X16to29","X30to44","X45to64","X65plus"
"E01013073","East Riding of Yorkshire 042B","E06000011","East Riding of Yorkshire",0.001258653,0.042801556,-0.009852217,0.007751938,0.001897533,-0.029069767
