"Code","Name","LA_code","LA_name","All","X0to15","X16to29","X30to44","X45to64","X65plus"
"E01029455","East Staffordshire 005B","E07000193","East Staffordshire",0.007878447,0.003003003,-0.022624434,-0.023026316,0.015267176,0.043037975
