"Code","Name","LA_code","LA_name","All","X0to15","X16to29","X30to44","X45to64","X65plus"
"E01022679","Eastleigh 007E","E07000086","Eastleigh",0.046940928,0.055555556,0.05787037,0.059382423,0.020316027,0.037634409
