"Code","Name","LA_code","LA_name","All","X0to15","X16to29","X30to44","X45to64","X65plus"
"E01023515","East Hertfordshire 013C","E07000097","East Hertfordshire",0.004394225,0.013986014,0.039711191,-0.019886364,-0.004329004,0.00462963
