"Code","Name","LA_code","LA_name","All","X0to15","X16to29","X30to44","X45to64","X65plus"
"E01022686","Eastleigh 008F","E07000086","Eastleigh",-0.021828909,-0.022222222,-0.041509434,-0.012539185,-0.00203252,-0.05019305
