"Code","Name","LA_code","LA_name","All","X0to15","X16to29","X30to44","X45to64","X65plus"
"E01018040","East Cambridgeshire 007C","E07000009","East Cambridgeshire",0.020516717,-0.003831418,0.021428571,0.094170404,0.012690355,-0.003355705
