"Code","Name","LA_code","LA_name","All","X0to15","X16to29","X30to44","X45to64","X65plus"
"E01012987","East Riding of Yorkshire 010B","E06000011","East Riding of Yorkshire",-0.002301496,0.042471042,0.013157895,-0.008510638,-0.008547009,-0.025522042
