"Code","Name","LA_code","LA_name","All","X0to15","X16to29","X30to44","X45to64","X65plus"
"E01022675","Eastleigh 002C","E07000086","Eastleigh",0,0.014218009,-0.030150754,-0.019417476,0.002309469,0.017910448
