"Code","Name","LA_code","LA_name","All","X0to15","X16to29","X30to44","X45to64","X65plus"
"E01023485","East Hertfordshire 010A","E07000097","East Hertfordshire",0.004674883,0.033248082,-0.003144654,0.041420118,-0.026515152,0.011673152
