"Code","Name","LA_code","LA_name","All","X0to15","X16to29","X30to44","X45to64","X65plus"
"E01023446","East Hertfordshire 007D","E07000097","East Hertfordshire",-0.005356407,0.018518519,-0.021052632,-0.006402049,-0.012820513,0.003076923
