"Code","Name","LA_code","LA_name","All","X0to15","X16to29","X30to44","X45to64","X65plus"
"E01029458","East Staffordshire 005E","E07000193","East Staffordshire",0.000702247,-0.024793388,0.045977011,0.040816327,-0.010775862,-0.011494253
