"Code","Name","LA_code","LA_name","All","X0to15","X16to29","X30to44","X45to64","X65plus"
"E01029437","East Staffordshire 007D","E07000193","East Staffordshire",0.010768659,-0.0129683,0.011764706,-0.009146341,0.027613412,0.073619632
