"Code","Name","LA_code","LA_name","All","X0to15","X16to29","X30to44","X45to64","X65plus"
"E01026082","East Lindsey 007B","E07000137","East Lindsey",0.020258621,0.041984733,0.074074074,-0.023529412,0.015748031,0.016969697
