"Code","Name","LA_code","LA_name","All","X0to15","X16to29","X30to44","X45to64","X65plus"
"E01013062","East Riding of Yorkshire 019E","E06000011","East Riding of Yorkshire",-0.009163103,-0.005154639,0.042056075,-0.061068702,-0.018382353,0.007092199
