"Code","Name","LA_code","LA_name","All","X0to15","X16to29","X30to44","X45to64","X65plus"
"E01013028","East Riding of Yorkshire 031A","E06000011","East Riding of Yorkshire",-0.017532468,-0.042654028,0.009852217,-0.008695652,-0.001968504,-0.043814433
