"Code","Name","LA_code","LA_name","All","X0to15","X16to29","X30to44","X45to64","X65plus"
"E01023486","East Hertfordshire 010B","E07000097","East Hertfordshire",-0.023791822,-0.075697211,-0.003012048,0.009803922,-0.010262258,-0.03502627
