"Code","Name","LA_code","LA_name","All","X0to15","X16to29","X30to44","X45to64","X65plus"
"E01022712","Eastleigh 014C","E07000086","Eastleigh",-0.000584112,0.006042296,0.01119403,-0.029411765,0.008264463,0.003921569
