"Code","Name","LA_code","LA_name","All","X0to15","X16to29","X30to44","X45to64","X65plus"
"E01020411","East Dorset 003A","E07000049","East Dorset",0.010869565,0.047368421,-0.013605442,-0.0125,0.007575758,0.014577259
