"Code","Name","LA_code","LA_name","All","X0to15","X16to29","X30to44","X45to64","X65plus"
"E01013119","East Riding of Yorkshire 011G","E06000011","East Riding of Yorkshire",0.004723347,0.031531532,0.02688172,-0.034313725,-0.012867647,0.027607362
