"Code","Name","LA_code","LA_name","All","X0to15","X16to29","X30to44","X45to64","X65plus"
"E01022582","East Hampshire 001B","E07000085","East Hampshire",0.011440108,-0.068345324,0.049382716,0.011235955,0.001890359,0.073746313
