"Code","Name","LA_code","LA_name","All","X0to15","X16to29","X30to44","X45to64","X65plus"
"E01019936","East Devon 007D","E07000040","East Devon",-0.006352087,0.076388889,0.021052632,-0.03968254,-0.01510574,-0.024630542
