"Code","Name","LA_code","LA_name","All","X0to15","X16to29","X30to44","X45to64","X65plus"
"E01020409","East Dorset 005C","E07000049","East Dorset",0.075384615,-0.029787234,0.020408163,0.036585366,0.07424594,0.198142415
