"Code","Name","LA_code","LA_name","All","X0to15","X16to29","X30to44","X45to64","X65plus"
"E01013000","East Riding of Yorkshire 041C","E06000011","East Riding of Yorkshire",0.011893435,0.027160494,0.00203666,0.010373444,0.001919386,0.034482759
