"Code","Name","LA_code","LA_name","All","X0to15","X16to29","X30to44","X45to64","X65plus"
"E01023445","East Hertfordshire 007C","E07000097","East Hertfordshire",-0.013774105,0.025641026,-0.012861736,-0.008379888,-0.034408602,-0.033333333
