"Code","Name","LA_code","LA_name","All","X0to15","X16to29","X30to44","X45to64","X65plus"
"E01022584","East Hampshire 009B","E07000085","East Hampshire",-0.000557103,-0.011695906,0.037735849,0.027303754,0.029288703,-0.069544365
