"Code","Name","LA_code","LA_name","All","X0to15","X16to29","X30to44","X45to64","X65plus"
"E01012943","East Riding of Yorkshire 004B","E06000011","East Riding of Yorkshire",-0.015186916,-0.027777778,-0.042345277,-0.026578073,0.013761468,-0.003246753
