"Code","Name","LA_code","LA_name","All","X0to15","X16to29","X30to44","X45to64","X65plus"
"E01019901","East Devon 009B","E07000040","East Devon",-0.002253944,0.016304348,0.014492754,-0.06097561,0,0.004728132
