"Code","Name","LA_code","LA_name","All","X0to15","X16to29","X30to44","X45to64","X65plus"
"E01012946","East Riding of Yorkshire 003D","E06000011","East Riding of Yorkshire",0.00942285,-0.00477327,-0.023809524,0.052631579,0.010526316,0.022346369
