"Code","Name","LA_code","LA_name","All","X0to15","X16to29","X30to44","X45to64","X65plus"
"E01022694","Eastleigh 010E","E07000086","Eastleigh",0.003252033,-0.020790021,-0.013468013,0.01891253,-0.003921569,0.104477612
