"Code","Name","LA_code","LA_name","All","X0to15","X16to29","X30to44","X45to64","X65plus"
"E01012923","East Riding of Yorkshire 013B","E06000011","East Riding of Yorkshire",0.016362492,0.020134228,0.014814815,0.012658228,-0.013667426,0.067669173
