"Code","Name","LA_code","LA_name","All","X0to15","X16to29","X30to44","X45to64","X65plus"
"E01027033","East Northamptonshire 001A","E07000152","East Northamptonshire",0.01059322,0.035460993,0.04784689,0.015923567,0.010622155,-0.028301887
