"Code","Name","LA_code","LA_name","All","X0to15","X16to29","X30to44","X45to64","X65plus"
"E01022647","Eastleigh 005D","E07000086","Eastleigh",-0.00843061,-0.003448276,-0.037234043,-0.014760148,-0.002096436,0
