"Code","Name","LA_code","LA_name","All","X0to15","X16to29","X30to44","X45to64","X65plus"
"E01020422","East Dorset 006B","E07000049","East Dorset",-0.01447597,-0.097297297,-0.021276596,-0.012578616,0.014492754,-0.007058824
