"Code","Name","LA_code","LA_name","All","X0to15","X16to29","X30to44","X45to64","X65plus"
"E01019947","East Devon 010B","E07000040","East Devon",0.002678093,-0.067357513,0.055045872,0.037974684,0.004237288,-0.00669344
