"Code","Name","LA_code","LA_name","All","X0to15","X16to29","X30to44","X45to64","X65plus"
"E01012952","East Riding of Yorkshire 004D","E06000011","East Riding of Yorkshire",-0.013659238,0.009756098,-0.028571429,-0.008733624,-0.013245033,-0.024316109
