"Code","Name","LA_code","LA_name","All","X0to15","X16to29","X30to44","X45to64","X65plus"
"E01026069","East Lindsey 010D","E07000137","East Lindsey",-0.002575107,0.011673152,0.00234192,0.003412969,-0.004885993,-0.01082544
