"Code","Name","LA_code","LA_name","All","X0to15","X16to29","X30to44","X45to64","X65plus"
"E01023505","East Hertfordshire 018F","E07000097","East Hertfordshire",0.006968641,-0.003278689,-0.004081633,-0.007575758,0.025369979,0.01650165
