"Code","Name","LA_code","LA_name","All","X0to15","X16to29","X30to44","X45to64","X65plus"
"E01022680","Eastleigh 006D","E07000086","Eastleigh",0.008147746,-0.023255814,0.020134228,0.005194805,0.014634146,0.027700831
