"Code","Name","LA_code","LA_name","All","X0to15","X16to29","X30to44","X45to64","X65plus"
"E01020395","East Dorset 011A","E07000049","East Dorset",0.022210471,0.195876289,0.046666667,-0.037593985,0.004901961,0.017225748
