"Code","Name","LA_code","LA_name","All","X0to15","X16to29","X30to44","X45to64","X65plus"
"E01012978","East Riding of Yorkshire 008A","E06000011","East Riding of Yorkshire",-0.029801325,-0.039800995,0.061728395,-0.108247423,-0.030150754,-0.025225225
