"Code","Name","LA_code","LA_name","All","X0to15","X16to29","X30to44","X45to64","X65plus"
"E01018038","East Cambridgeshire 005C","E07000009","East Cambridgeshire",0.013315579,0.007142857,0.012738854,0.046594982,0.00212766,0.006329114
