"Code","Name","LA_code","LA_name","All","X0to15","X16to29","X30to44","X45to64","X65plus"
"E01020968","Eastbourne 011D","E07000061","Eastbourne",-0.023770039,-0.028436019,-0.018666667,-0.05,-0.024390244,-0.006072874
