"Code","Name","LA_code","LA_name","All","X0to15","X16to29","X30to44","X45to64","X65plus"
"E01020382","East Dorset 012A","E07000049","East Dorset",0.015276894,0.058608059,-0.011904762,0,0.022267206,0
