"Code","Name","LA_code","LA_name","All","X0to15","X16to29","X30to44","X45to64","X65plus"
"E01020911","Eastbourne 010B","E07000061","Eastbourne",0,-0.015432099,0.014662757,-0.001862197,0.010504202,-0.048913043
