"Code","Name","LA_code","LA_name","All","X0to15","X16to29","X30to44","X45to64","X65plus"
"E01029430","East Staffordshire 002A","E07000193","East Staffordshire",0.020590254,0.011363636,0.070707071,0.047808765,0.015730337,-0.02006689
