"Code","Name","LA_code","LA_name","All","X0to15","X16to29","X30to44","X45to64","X65plus"
"E01022716","Eastleigh 009D","E07000086","Eastleigh",0.036866359,0.03030303,0.025547445,0.055555556,0.051162791,0.004132231
