"Code","Name","LA_code","LA_name","All","X0to15","X16to29","X30to44","X45to64","X65plus"
"E01026120","East Lindsey 016G","E07000137","East Lindsey",0.005928854,-0.042372881,0.004424779,0.049723757,0.028205128,-0.004123711
