"Code","Name","LA_code","LA_name","All","X0to15","X16to29","X30to44","X45to64","X65plus"
"E01018029","East Cambridgeshire 003C","E07000009","East Cambridgeshire",-0.011070111,-0.016845329,0.01372549,-0.008454106,-0.045307443,0.016129032
