"Code","Name","LA_code","LA_name","All","X0to15","X16to29","X30to44","X45to64","X65plus"
"E01027039","East Northamptonshire 006B","E07000152","East Northamptonshire",0.052358491,0.033482143,0.069252078,0.044334975,0.060661765,0.055401662
