"Code","Name","LA_code","LA_name","All","X0to15","X16to29","X30to44","X45to64","X65plus"
"E01012996","East Riding of Yorkshire 037A","E06000011","East Riding of Yorkshire",0.014176019,0.007407407,0.004926108,-0.003690037,0.010288066,0.036717063
