"Code","Name","LA_code","LA_name","All","X0to15","X16to29","X30to44","X45to64","X65plus"
"E01012956","East Riding of Yorkshire 022B","E06000011","East Riding of Yorkshire",-0.012386457,-0.019607843,0.007142857,0.005405405,-0.017326733,-0.021582734
