"Code","Name","LA_code","LA_name","All","X0to15","X16to29","X30to44","X45to64","X65plus"
"E01019921","East Devon 018B","E07000040","East Devon",0.016763378,0.006802721,-0.01025641,0.021201413,0.01635514,0.037037037
