"Code","Name","LA_code","LA_name","All","X0to15","X16to29","X30to44","X45to64","X65plus"
"E01019952","East Devon 011A","E07000040","East Devon",0.016156953,0.146919431,0.073333333,-0.010050251,-0.027027027,0.001445087
