"Code","Name","LA_code","LA_name","All","X0to15","X16to29","X30to44","X45to64","X65plus"
"E01029419","East Staffordshire 012B","E07000193","East Staffordshire",-0.026045236,0.009478673,-0.036697248,0.034934498,-0.032258065,-0.074404762
