"Code","Name","LA_code","LA_name","All","X0to15","X16to29","X30to44","X45to64","X65plus"
"E01022670","Eastleigh 007C","E07000086","Eastleigh",-0.020240354,-0.048710602,-0.037572254,0.013774105,-0.0302267,0.03968254
