"Code","Name","LA_code","LA_name","All","X0to15","X16to29","X30to44","X45to64","X65plus"
"E01022652","Eastleigh 011A","E07000086","Eastleigh",-0.00280112,0.009933775,-0.003436426,-0.021201413,-0.014675052,0.013888889
