"Code","Name","LA_code","LA_name","All","X0to15","X16to29","X30to44","X45to64","X65plus"
"E01020922","Eastbourne 004C","E07000061","Eastbourne",0.007984032,0,-0.003968254,-0.004444444,-0.01937046,0.073333333
