"Code","Name","LA_code","LA_name","All","X0to15","X16to29","X30to44","X45to64","X65plus"
"E01029425","East Staffordshire 006D","E07000193","East Staffordshire",0.009983361,0.018779343,0.013618677,-0.010050251,0.004484305,0.03892944
