"Code","Name","LA_code","LA_name","All","X0to15","X16to29","X30to44","X45to64","X65plus"
"E01013078","East Riding of Yorkshire 031B","E06000011","East Riding of Yorkshire",0.000701754,0.031111111,-0.006666667,0.020833333,0.029661017,-0.059585492
