"Code","Name","LA_code","LA_name","All","X0to15","X16to29","X30to44","X45to64","X65plus"
"E01013046","East Riding of Yorkshire 012A","E06000011","East Riding of Yorkshire",0.013990268,0.012269939,0.060402685,0.004830918,0.01511879,0.006042296
