"Code","Name","LA_code","LA_name","All","X0to15","X16to29","X30to44","X45to64","X65plus"
"E01022677","Eastleigh 006B","E07000086","Eastleigh",-0.022589754,-0.0056926,-0.031512605,-0.03525641,-0.018382353,-0.019480519
