"Code","Name","LA_code","LA_name","All","X0to15","X16to29","X30to44","X45to64","X65plus"
"E01019917","East Devon 019B","E07000040","East Devon",-0.019392372,-0.062706271,-0.008368201,0.018691589,-0.052132701,0.026717557
