"Code","Name","LA_code","LA_name","All","X0to15","X16to29","X30to44","X45to64","X65plus"
"E01026052","East Lindsey 016B","E07000137","East Lindsey",-0.015923567,0.002109705,-0.008746356,0.008982036,-0.076719577,-0.005633803
