"Code","Name","LA_code","LA_name","All","X0to15","X16to29","X30to44","X45to64","X65plus"
"E01026076","East Lindsey 002B","E07000137","East Lindsey",0.00091617,-0.016611296,0,0.024305556,-0.007894737,0.009852217
