"Code","Name","LA_code","LA_name","All","X0to15","X16to29","X30to44","X45to64","X65plus"
"E01013041","East Riding of Yorkshire 019D","E06000011","East Riding of Yorkshire",0.036621382,-0.049723757,0.056994819,0.112970711,0.064220183,0.007763975
