"Code","Name","LA_code","LA_name","All","X0to15","X16to29","X30to44","X45to64","X65plus"
"E01020402","East Dorset 011E","E07000049","East Dorset",-0.043003851,-0.115555556,-0.011695906,-0.085561497,-0.016666667,-0.03030303
