"Code","Name","LA_code","LA_name","All","X0to15","X16to29","X30to44","X45to64","X65plus"
"E01026085","East Lindsey 012B","E07000137","East Lindsey",-0.012345679,-0.051612903,0,-0.03654485,0.005597015,-0.00462963
