"Code","Name","LA_code","LA_name","All","X0to15","X16to29","X30to44","X45to64","X65plus"
"E01020403","East Dorset 004A","E07000049","East Dorset",-0.002552648,-0.036842105,0.056122449,-0.027586207,-0.00984252,0.001893939
