"Code","Name","LA_code","LA_name","All","X0to15","X16to29","X30to44","X45to64","X65plus"
"E01022708","Eastleigh 001D","E07000086","Eastleigh",0.016976999,-0.009708738,-0.026086957,0.025125628,0.03,0.049222798
