"Code","Name","LA_code","LA_name","All","X0to15","X16to29","X30to44","X45to64","X65plus"
"E01013080","East Riding of Yorkshire 039B","E06000011","East Riding of Yorkshire",0.00997151,0.027027027,-0.008888889,-0.009090909,0.014164306,0.014652015
