"Code","Name","LA_code","LA_name","All","X0to15","X16to29","X30to44","X45to64","X65plus"
"E01018013","East Cambridgeshire 008A","E07000009","East Cambridgeshire",0.001160093,-0.048192771,0.012658228,-0.018939394,0.01026694,0.033126294
