"Code","Name","LA_code","LA_name","All","X0to15","X16to29","X30to44","X45to64","X65plus"
"E01020951","Eastbourne 013B","E07000061","Eastbourne",-0.013944223,-0.054421769,-0.029288703,0.022364217,-0.034313725,0.035714286
