"Code","Name","LA_code","LA_name","All","X0to15","X16to29","X30to44","X45to64","X65plus"
"E01020916","Eastbourne 010D","E07000061","Eastbourne",-0.012745619,-0.012195122,-0.010230179,0.002096436,-0.018087855,-0.041284404
