"Code","Name","LA_code","LA_name","All","X0to15","X16to29","X30to44","X45to64","X65plus"
"E01019330","Eden 004E","E07000030","Eden",-0.001423488,-0.009569378,-0.014218009,-0.008064516,0.019323671,-0.009287926
