"Code","Name","LA_code","LA_name","All","X0to15","X16to29","X30to44","X45to64","X65plus"
"E01019338","Eden 002D","E07000030","Eden",0.041522491,0.093406593,0.029268293,0.098265896,0.003731343,0.051575931
