"Code","Name","LA_code","LA_name","All","X0to15","X16to29","X30to44","X45to64","X65plus"
"E01019316","Eden 002B","E07000030","Eden",0.042385057,0.089361702,0.012244898,0.058510638,0.063876652,-0.018518519
