"Code","Name","LA_code","LA_name","All","X0to15","X16to29","X30to44","X45to64","X65plus"
"E01019310","Eden 006C","E07000030","Eden",0.013646702,0.06043956,-0.056,-0.006451613,0.018947368,0.015706806
