"Code","Name","LA_code","LA_name","All","X0to15","X16to29","X30to44","X45to64","X65plus"
"E01019326","Eden 004B","E07000030","Eden",-0.003236246,-0.017621145,-0.021621622,0.029850746,-0.025477707,0.019522777
