"Code","Name","LA_code","LA_name","All","X0to15","X16to29","X30to44","X45to64","X65plus"
"E01019323","Eden 006E","E07000030","Eden",-0.028192371,-0.057471264,-0.076023392,-0.044585987,-0.031331593,0.024922118
