"Code","Name","LA_code","LA_name","All","X0to15","X16to29","X30to44","X45to64","X65plus"
"E01019314","Eden 001B","E07000030","Eden",0.007593014,-0.03271028,0.065693431,-0.090909091,0.008547009,0.052325581
