"Code","Name","LA_code","LA_name","All","X0to15","X16to29","X30to44","X45to64","X65plus"
"E01019312","Eden 004A","E07000030","Eden",-0.007534247,-0.041450777,-0.037037037,0.040358744,-0.04,0.024070022
