"Code","Name","LA_code","LA_name","All","X0to15","X16to29","X30to44","X45to64","X65plus"
"E01030311","Elmbridge 014A","E07000207","Elmbridge",0.026525199,-0.011661808,0.033149171,0.065281899,0.021917808,0.028368794
