"Code","Name","LA_code","LA_name","All","X0to15","X16to29","X30to44","X45to64","X65plus"
"E01030314","Elmbridge 010B","E07000207","Elmbridge",0.040342298,0.016304348,0.089385475,0.070381232,0.026004728,0.027692308
