"Code","Name","LA_code","LA_name","All","X0to15","X16to29","X30to44","X45to64","X65plus"
"E01030362","Elmbridge 004B","E07000207","Elmbridge",0.035168196,0.015151515,0.145,0.018450185,0.028037383,-0.010752688
