"Code","Name","LA_code","LA_name","All","X0to15","X16to29","X30to44","X45to64","X65plus"
"E01030324","Elmbridge 006C","E07000207","Elmbridge",0.057825267,0.017241379,0.19858156,0.084656085,0.04494382,0.022624434
