"Code","Name","LA_code","LA_name","All","X0to15","X16to29","X30to44","X45to64","X65plus"
"E01030331","Elmbridge 001B","E07000207","Elmbridge",0.024128686,-0.02020202,0.066666667,0.123239437,-0.002136752,-0.006825939
