"Code","Name","LA_code","LA_name","All","X0to15","X16to29","X30to44","X45to64","X65plus"
"E01030348","Elmbridge 016C","E07000207","Elmbridge",-0.017566688,-0.035598706,0.01459854,0.003058104,-0.017582418,-0.035598706
