"Code","Name","LA_code","LA_name","All","X0to15","X16to29","X30to44","X45to64","X65plus"
"E01030357","Elmbridge 007A","E07000207","Elmbridge",0.003043214,0.023411371,0.101796407,-0.01369863,-0.023201856,-0.010498688
