"Code","Name","LA_code","LA_name","All","X0to15","X16to29","X30to44","X45to64","X65plus"
"E01030304","Elmbridge 017D","E07000207","Elmbridge",0.029922202,0.025062657,0.123404255,0.051771117,0.007142857,-0.044
