"Code","Name","LA_code","LA_name","All","X0to15","X16to29","X30to44","X45to64","X65plus"
"E01030375","Elmbridge 012E","E07000207","Elmbridge",0.003374578,-0.06185567,0.122171946,0.056561086,-0.032967033,-0.025735294
