"Code","Name","LA_code","LA_name","All","X0to15","X16to29","X30to44","X45to64","X65plus"
"E01030370","Elmbridge 009E","E07000207","Elmbridge",0.033470346,0.023529412,0.102150538,0.032608696,0.02892562,0.008333333
