"Code","Name","LA_code","LA_name","All","X0to15","X16to29","X30to44","X45to64","X65plus"
"E01030317","Elmbridge 014E","E07000207","Elmbridge",0.058012636,0.033163265,0.165605096,0.085,0.060465116,0.005524862
