"Code","Name","LA_code","LA_name","All","X0to15","X16to29","X30to44","X45to64","X65plus"
"E01030355","Elmbridge 008B","E07000207","Elmbridge",0.105006954,0.014749263,0.091428571,0.089041096,0.015,0.422413793
