"Code","Name","LA_code","LA_name","All","X0to15","X16to29","X30to44","X45to64","X65plus"
"E01030373","Elmbridge 012C","E07000207","Elmbridge",0.024885396,-0.008241758,0.049586777,0.040106952,0.031707317,0.027131783
