"Code","Name","LA_code","LA_name","All","X0to15","X16to29","X30to44","X45to64","X65plus"
"E01030334","Elmbridge 003A","E07000207","Elmbridge",0.018918919,0.002949853,0.100478469,0.053797468,-0.025787966,-0.007490637
