"Code","Name","LA_code","LA_name","All","X0to15","X16to29","X30to44","X45to64","X65plus"
"E01030349","Elmbridge 016D","E07000207","Elmbridge",0.000591716,-0.032258065,0.052287582,0.036363636,-0.002079002,-0.011363636
