"Code","Name","LA_code","LA_name","All","X0to15","X16to29","X30to44","X45to64","X65plus"
"E01030335","Elmbridge 003B","E07000207","Elmbridge",0.026315789,0.005540166,0.066666667,0.029649596,0.015904573,0.03630363
