"Code","Name","LA_code","LA_name","All","X0to15","X16to29","X30to44","X45to64","X65plus"
"E01030354","Elmbridge 008A","E07000207","Elmbridge",0.032853026,0.046121593,0.096153846,0.030075188,0.015189873,-0.085526316
