"Code","Name","LA_code","LA_name","All","X0to15","X16to29","X30to44","X45to64","X65plus"
"E01030301","Elmbridge 017B","E07000207","Elmbridge",0.039053254,0.039312039,0.048484848,0.053191489,0.023809524,0.045180723
