"Code","Name","LA_code","LA_name","All","X0to15","X16to29","X30to44","X45to64","X65plus"
"E01030341","Elmbridge 011D","E07000207","Elmbridge",0.009061834,-0.01891253,0.191082803,0.025714286,-0.005576208,-0.026960784
