"Code","Name","LA_code","LA_name","All","X0to15","X16to29","X30to44","X45to64","X65plus"
"E01030325","Elmbridge 006D","E07000207","Elmbridge",0.031806616,0.023622047,0.170588235,0.073529412,-0.022916667,0.011152416
