"Code","Name","LA_code","LA_name","All","X0to15","X16to29","X30to44","X45to64","X65plus"
"E01001551","Enfield 002E","E09000010","Enfield",-0.035982814,-0.047835991,-0.023460411,-0.037135279,-0.028708134,-0.041811847
