"Code","Name","LA_code","LA_name","All","X0to15","X16to29","X30to44","X45to64","X65plus"
"E01001407","Enfield 005A","E09000010","Enfield",0.075046904,0.102857143,0.04676259,0.056657224,0.085051546,0.07826087
