"Code","Name","LA_code","LA_name","All","X0to15","X16to29","X30to44","X45to64","X65plus"
"E01001543","Enfield 009C","E09000010","Enfield",0.00497822,0.061594203,0.003663004,-0.021201413,0.004246285,-0.019736842
