"Code","Name","LA_code","LA_name","All","X0to15","X16to29","X30to44","X45to64","X65plus"
"E01001398","Enfield 021A","E09000010","Enfield",-0.012381646,0.029962547,-0.015228426,0.013745704,-0.04842615,-0.029268293
