"Code","Name","LA_code","LA_name","All","X0to15","X16to29","X30to44","X45to64","X65plus"
"E01001440","Enfield 012A","E09000010","Enfield",0.002880184,-0.018867925,-0.003058104,0.027190332,0.02195122,-0.016393443
