"Code","Name","LA_code","LA_name","All","X0to15","X16to29","X30to44","X45to64","X65plus"
"E01001463","Enfield 031A","E09000010","Enfield",0.001815981,-0.011267606,0.002994012,0.02,-0.002564103,0
