"Code","Name","LA_code","LA_name","All","X0to15","X16to29","X30to44","X45to64","X65plus"
"E01001399","Enfield 021B","E09000010","Enfield",-0.003364738,-0.054744526,-0.018248175,0.017391304,0.002309469,0.036363636
