"Code","Name","LA_code","LA_name","All","X0to15","X16to29","X30to44","X45to64","X65plus"
"E01001536","Enfield 008B","E09000010","Enfield",-0.005826271,0.008130081,-0.00660066,-0.023201856,-0.022727273,0.029900332
