"Code","Name","LA_code","LA_name","All","X0to15","X16to29","X30to44","X45to64","X65plus"
"E01001415","Enfield 011A","E09000010","Enfield",-0.013780707,-0.023076923,0.003164557,-0.017804154,-0.005154639,-0.027173913
