"Code","Name","LA_code","LA_name","All","X0to15","X16to29","X30to44","X45to64","X65plus"
"E01001511","Enfield 016D","E09000010","Enfield",0.003878116,0.011061947,0.016835017,-0.009803922,-0.025,0.057692308
