"Code","Name","LA_code","LA_name","All","X0to15","X16to29","X30to44","X45to64","X65plus"
"E01001474","Enfield 010E","E09000010","Enfield",-0.008989952,-0.042207792,-0.09057971,0.020979021,-0.010460251,0.0425
