"Code","Name","LA_code","LA_name","All","X0to15","X16to29","X30to44","X45to64","X65plus"
"E01001450","Enfield 015C","E09000010","Enfield",0.012861736,0.002237136,0.007389163,0.018771331,0.048837209,-0.025974026
