"Code","Name","LA_code","LA_name","All","X0to15","X16to29","X30to44","X45to64","X65plus"
"E01001515","Enfield 015E","E09000010","Enfield",-0.036671368,-0.005328597,-0.030973451,-0.011627907,-0.049327354,-0.22
