"Code","Name","LA_code","LA_name","All","X0to15","X16to29","X30to44","X45to64","X65plus"
"E01001409","Enfield 005B","E09000010","Enfield",0.036335722,0.057731959,0.024930748,0.0456621,0.019354839,0.024390244
