"Code","Name","LA_code","LA_name","All","X0to15","X16to29","X30to44","X45to64","X65plus"
"E01001438","Enfield 007E","E09000010","Enfield",-0.000588582,-0.033412888,-0.002724796,0.023809524,-0.012886598,0.058201058
