"Code","Name","LA_code","LA_name","All","X0to15","X16to29","X30to44","X45to64","X65plus"
"E01001532","Enfield 028C","E09000010","Enfield",-0.002292264,0.010033445,-0.038922156,-0.025974026,-0.01369863,0.071672355
