"Code","Name","LA_code","LA_name","All","X0to15","X16to29","X30to44","X45to64","X65plus"
"E01001481","Enfield 018C","E09000010","Enfield",-0.007352941,0.007075472,-0.012269939,-0.008287293,-0.014423077,-0.0125
