"Code","Name","LA_code","LA_name","All","X0to15","X16to29","X30to44","X45to64","X65plus"
"E01001430","Enfield 030E","E09000010","Enfield",-0.003580563,-0.006493506,-0.01285347,0,0.002518892,0.006666667
