"Code","Name","LA_code","LA_name","All","X0to15","X16to29","X30to44","X45to64","X65plus"
"E01001553","Enfield 037B","E09000010","Enfield",0.046622833,0.061946903,0.036697248,0.038781163,0.012987013,0.128378378
