"Code","Name","LA_code","LA_name","All","X0to15","X16to29","X30to44","X45to64","X65plus"
"E01001545","Enfield 002B","E09000010","Enfield",-0.008581524,-0.012844037,0.017902813,-0.025056948,-0.017857143,0.012658228
