"Code","Name","LA_code","LA_name","All","X0to15","X16to29","X30to44","X45to64","X65plus"
"E01001396","Enfield 036D","E09000010","Enfield",0.019859065,0.008474576,0.025477707,0.005208333,0.015625,0.053497942
