"Code","Name","LA_code","LA_name","All","X0to15","X16to29","X30to44","X45to64","X65plus"
"E01001447","Enfield 003C","E09000010","Enfield",0.006730769,-0.017636684,0.007672634,0.021634615,-0.022727273,0.103603604
