"Code","Name","LA_code","LA_name","All","X0to15","X16to29","X30to44","X45to64","X65plus"
"E01001457","Enfield 010A","E09000010","Enfield",-0.004179104,-0.05204461,0,-0.002583979,0.037037037,-0.019073569
