"Code","Name","LA_code","LA_name","All","X0to15","X16to29","X30to44","X45to64","X65plus"
"E01001466","Enfield 031C","E09000010","Enfield",0.0125,0.016216216,0.031446541,0.002398082,-0.00973236,0.050359712
