"Code","Name","LA_code","LA_name","All","X0to15","X16to29","X30to44","X45to64","X65plus"
"E01001427","Enfield 030C","E09000010","Enfield",0.016554578,0.019120459,-0.002352941,0.01754386,0.027586207,0.026490066
