"Code","Name","LA_code","LA_name","All","X0to15","X16to29","X30to44","X45to64","X65plus"
"E01001508","Enfield 012E","E09000010","Enfield",0.011320755,0.029304029,-0.002369668,0.018867925,0.013215859,-0.041666667
