"Code","Name","LA_code","LA_name","All","X0to15","X16to29","X30to44","X45to64","X65plus"
"E01001439","Enfield 006A","E09000010","Enfield",0.014184397,0.026647966,0.004705882,0.029182879,0.011547344,-0.052631579
