"Code","Name","LA_code","LA_name","All","X0to15","X16to29","X30to44","X45to64","X65plus"
"E01001432","Enfield 033B","E09000010","Enfield",-0.005652379,0.016981132,-0.012371134,-0.022964509,-0.006451613,-0.006097561
