"Code","Name","LA_code","LA_name","All","X0to15","X16to29","X30to44","X45to64","X65plus"
"E01001421","Enfield 020C","E09000010","Enfield",-0.004127358,-0.02359882,-0.003448276,-0.005277045,0.003012048,0.008426966
