"Code","Name","LA_code","LA_name","All","X0to15","X16to29","X30to44","X45to64","X65plus"
"E01001529","Enfield 032C","E09000010","Enfield",0.007357102,0.012121212,-0.012787724,0.007736944,-0.011869436,0.072916667
