"Code","Name","LA_code","LA_name","All","X0to15","X16to29","X30to44","X45to64","X65plus"
"E01001480","Enfield 024D","E09000010","Enfield",0.015843998,-0.005494505,0.012944984,0.024390244,0.01814059,0.040201005
