"Code","Name","LA_code","LA_name","All","X0to15","X16to29","X30to44","X45to64","X65plus"
"E01001548","Enfield 002D","E09000010","Enfield",0.004608295,-0.016666667,0.032786885,0.036764706,0.006833713,-0.06
