"Code","Name","LA_code","LA_name","All","X0to15","X16to29","X30to44","X45to64","X65plus"
"E01001563","Enfield 029C","E09000010","Enfield",-0.008561644,-0.003076923,0.014705882,-0.015151515,-0.02764977,0
