"Code","Name","LA_code","LA_name","All","X0to15","X16to29","X30to44","X45to64","X65plus"
"E01001477","Enfield 018B","E09000010","Enfield",0.006319115,0.015904573,-0.005390836,-0.01025641,0.031476998,-0.013513514
