"Code","Name","LA_code","LA_name","All","X0to15","X16to29","X30to44","X45to64","X65plus"
"E01001410","Enfield 005C","E09000010","Enfield",-0.045504994,-0.075789474,-0.02359882,-0.038461538,-0.018823529,-0.086705202
