"Code","Name","LA_code","LA_name","All","X0to15","X16to29","X30to44","X45to64","X65plus"
"E01001423","Enfield 027A","E09000010","Enfield",0.076683938,0.080168776,0.077319588,0.130890052,0.066210046,0.004032258
