"Code","Name","LA_code","LA_name","All","X0to15","X16to29","X30to44","X45to64","X65plus"
"E01001565","Enfield 029D","E09000010","Enfield",0.004398021,0.02970297,0,-0.004514673,-0.001960784,0.006557377
