"Code","Name","LA_code","LA_name","All","X0to15","X16to29","X30to44","X45to64","X65plus"
"E01001413","Enfield 004D","E09000010","Enfield",-0.003701419,-0.006622517,0.004926108,0,0.012875536,-0.03030303
