"Code","Name","LA_code","LA_name","All","X0to15","X16to29","X30to44","X45to64","X65plus"
"E01001486","Enfield 025C","E09000010","Enfield",-0.029673591,-0.013274336,-0.072139303,-0.005576208,-0.04296875,-0.030567686
