"Code","Name","LA_code","LA_name","All","X0to15","X16to29","X30to44","X45to64","X65plus"
"E01001535","Enfield 028E","E09000010","Enfield",-0.005759539,-0.026315789,-0.018518519,0,0.01511335,-0.013793103
