"Code","Name","LA_code","LA_name","All","X0to15","X16to29","X30to44","X45to64","X65plus"
"E01001507","Enfield 012D","E09000010","Enfield",0.014084507,0.014897579,-0.007042254,0.035940803,0.038834951,-0.042654028
