"Code","Name","LA_code","LA_name","All","X0to15","X16to29","X30to44","X45to64","X65plus"
"E01001425","Enfield 027B","E09000010","Enfield",0.01875293,0.030257186,0,0.036290323,0,0.016666667
