"Code","Name","LA_code","LA_name","All","X0to15","X16to29","X30to44","X45to64","X65plus"
"E01001402","Enfield 021D","E09000010","Enfield",0.002502503,0.054982818,-0.016574586,-0.007984032,0.001897533,-0.006309148
