"Code","Name","LA_code","LA_name","All","X0to15","X16to29","X30to44","X45to64","X65plus"
"E01001420","Enfield 020B","E09000010","Enfield",0.007789095,0.005540166,0.012539185,-0.007915567,0.032608696,-0.008264463
