"Code","Name","LA_code","LA_name","All","X0to15","X16to29","X30to44","X45to64","X65plus"
"E01001461","Enfield 027D","E09000010","Enfield",0.002152853,-0.026607539,0.021390374,-0.025462963,0.024608501,0.051948052
