"Code","Name","LA_code","LA_name","All","X0to15","X16to29","X30to44","X45to64","X65plus"
"E01001391","Enfield 036B","E09000010","Enfield",0.017895879,0.02247191,0.006198347,0.023049645,0.007894737,0.053691275
