"Code","Name","LA_code","LA_name","All","X0to15","X16to29","X30to44","X45to64","X65plus"
"E01001483","Enfield 025A","E09000010","Enfield",-0.006074412,0.018867925,-0.027667984,-0.005830904,0.007067138,-0.058333333
