"Code","Name","LA_code","LA_name","All","X0to15","X16to29","X30to44","X45to64","X65plus"
"E01001487","Enfield 023C","E09000010","Enfield",-0.003933137,0,-0.013661202,0,0.014218009,-0.040540541
