"Code","Name","LA_code","LA_name","All","X0to15","X16to29","X30to44","X45to64","X65plus"
"E01001564","Enfield 022B","E09000010","Enfield",-0.001218027,-0.052631579,0.008333333,0.010309278,-0.002197802,0.042372881
