"Code","Name","LA_code","LA_name","All","X0to15","X16to29","X30to44","X45to64","X65plus"
"E01001397","Enfield 035C","E09000010","Enfield",-0.004389816,-0.054794521,-0.002012072,0.00477707,-0.002247191,0.086294416
