"Code","Name","LA_code","LA_name","All","X0to15","X16to29","X30to44","X45to64","X65plus"
"E01001559","Enfield 033F","E09000010","Enfield",0.000869187,0.006420546,-0.006369427,0.013435701,0.014767932,-0.061320755
