"Code","Name","LA_code","LA_name","All","X0to15","X16to29","X30to44","X45to64","X65plus"
"E01001570","Enfield 026E","E09000010","Enfield",-0.012607161,0.004454343,-0.00297619,-0.004016064,-0.030905077,-0.04048583
