"Code","Name","LA_code","LA_name","All","X0to15","X16to29","X30to44","X45to64","X65plus"
"E01001484","Enfield 016C","E09000010","Enfield",-0.009880028,0,-0.003690037,-0.014492754,0.030395137,-0.094527363
