"Code","Name","LA_code","LA_name","All","X0to15","X16to29","X30to44","X45to64","X65plus"
"E01001456","Enfield 022A","E09000010","Enfield",-0.022130014,-0.044728435,-0.028436019,0.004098361,-0.002369668,-0.046875
