"Code","Name","LA_code","LA_name","All","X0to15","X16to29","X30to44","X45to64","X65plus"
"E01001528","Enfield 032B","E09000010","Enfield",-0.001494768,0.0375,0.003012048,-0.015432099,-0.03021148,0.027027027
