"Code","Name","LA_code","LA_name","All","X0to15","X16to29","X30to44","X45to64","X65plus"
"E01001482","Enfield 023B","E09000010","Enfield",0.019453207,0.017208413,0.044642857,0.029023747,0.004081633,0
