"Code","Name","LA_code","LA_name","All","X0to15","X16to29","X30to44","X45to64","X65plus"
"E01001556","Enfield 035E","E09000010","Enfield",-0.013473931,-0.049418605,-0.002808989,-0.002816901,-0.015075377,0.007874016
