"Code","Name","LA_code","LA_name","All","X0to15","X16to29","X30to44","X45to64","X65plus"
"E01001433","Enfield 007A","E09000010","Enfield",-0.008175779,-0.007220217,-0.034246575,0.013192612,0.020408163,-0.075862069
