"Code","Name","LA_code","LA_name","All","X0to15","X16to29","X30to44","X45to64","X65plus"
"E01001504","Enfield 012B","E09000010","Enfield",-0.022996058,-0.021621622,0.007017544,-0.010416667,-0.010781671,-0.105769231
