"Code","Name","LA_code","LA_name","All","X0to15","X16to29","X30to44","X45to64","X65plus"
"E01021802","Epping Forest 004D","E07000072","Epping Forest",0.001289768,0.022,-0.014044944,-0.026143791,-0.001647446,0.024752475
