"Code","Name","LA_code","LA_name","All","X0to15","X16to29","X30to44","X45to64","X65plus"
"E01021773","Epping Forest 013C","E07000072","Epping Forest",0.000616143,0.045698925,-0.009493671,-0.010869565,-0.008086253,-0.030612245
