"Code","Name","LA_code","LA_name","All","X0to15","X16to29","X30to44","X45to64","X65plus"
"E01021758","Epping Forest 006C","E07000072","Epping Forest",-0.014916097,0.016528926,-0.00913242,-0.022922636,-0.016042781,-0.028235294
