"Code","Name","LA_code","LA_name","All","X0to15","X16to29","X30to44","X45to64","X65plus"
"E01021785","Epping Forest 014D","E07000072","Epping Forest",-0.022131625,-0.002739726,-0.01875,-0.021447721,-0.017699115,-0.072463768
