"Code","Name","LA_code","LA_name","All","X0to15","X16to29","X30to44","X45to64","X65plus"
"E01021742","Epping Forest 015A","E07000072","Epping Forest",0.003717472,0.04620462,-0.008583691,0.011278195,-0.010958904,-0.033707865
