"Code","Name","LA_code","LA_name","All","X0to15","X16to29","X30to44","X45to64","X65plus"
"E01021797","Epping Forest 001C","E07000072","Epping Forest",0.002325581,0.050561798,-0.014150943,0.025,0.002409639,-0.031578947
