"Code","Name","LA_code","LA_name","All","X0to15","X16to29","X30to44","X45to64","X65plus"
"E01021756","Epping Forest 006A","E07000072","Epping Forest",-0.005082592,0.013029316,-0.014634146,-0.015625,0.009153318,-0.026229508
