"Code","Name","LA_code","LA_name","All","X0to15","X16to29","X30to44","X45to64","X65plus"
"E01021806","Epping Forest 009A","E07000072","Epping Forest",-0.024217586,-0.119349005,0.019444444,-0.027777778,0.004225352,0.003007519
