"Code","Name","LA_code","LA_name","All","X0to15","X16to29","X30to44","X45to64","X65plus"
"E01021809","Epping Forest 008C","E07000072","Epping Forest",0.014830508,0.026415094,0.026666667,-0.01509434,0.020671835,0.01459854
