"Code","Name","LA_code","LA_name","All","X0to15","X16to29","X30to44","X45to64","X65plus"
"E01021751","Epping Forest 016C","E07000072","Epping Forest",-0.01504298,-0.016460905,-0.034883721,-0.018099548,-0.03286385,0.040322581
