"Code","Name","LA_code","LA_name","All","X0to15","X16to29","X30to44","X45to64","X65plus"
"E01021807","Epping Forest 008A","E07000072","Epping Forest",0.017739816,0.018691589,0.058558559,-0.002941176,-0.021108179,0.065384615
