"Code","Name","LA_code","LA_name","All","X0to15","X16to29","X30to44","X45to64","X65plus"
"E01021795","Epping Forest 001B","E07000072","Epping Forest",-0.006539,0.011661808,-0.004901961,-0.013186813,0.001686341,-0.032163743
