"Code","Name","LA_code","LA_name","All","X0to15","X16to29","X30to44","X45to64","X65plus"
"E01021803","Epping Forest 010B","E07000072","Epping Forest",-0.006046863,-0.040358744,-0.009756098,-0.038674033,0.012987013,0.015197568
