"Code","Name","LA_code","LA_name","All","X0to15","X16to29","X30to44","X45to64","X65plus"
"E01021755","Epping Forest 004C","E07000072","Epping Forest",0.01391162,0,0.080536913,0.01183432,-0.00660066,0.012376238
