"Code","Name","LA_code","LA_name","All","X0to15","X16to29","X30to44","X45to64","X65plus"
"E01021769","Epping Forest 003A","E07000072","Epping Forest",-0.0218509,-0.038554217,-0.002832861,-0.038575668,-0.017195767,-0.016913319
