"Code","Name","LA_code","LA_name","All","X0to15","X16to29","X30to44","X45to64","X65plus"
"E01021776","Epping Forest 011C","E07000072","Epping Forest",-0.035837354,-0.053571429,-0.083969466,-0.024390244,-0.028490028,-0.003058104
