"Code","Name","LA_code","LA_name","All","X0to15","X16to29","X30to44","X45to64","X65plus"
"E01021801","Epping Forest 002E","E07000072","Epping Forest",0.010043668,0.024,0.024024024,0.017857143,0.005602241,-0.007518797
