"Code","Name","LA_code","LA_name","All","X0to15","X16to29","X30to44","X45to64","X65plus"
"E01021799","Epping Forest 001E","E07000072","Epping Forest",-0.019354839,-0.005208333,-0.006896552,-0.024509804,0.021176471,-0.087818697
