"Code","Name","LA_code","LA_name","All","X0to15","X16to29","X30to44","X45to64","X65plus"
"E01021792","Epping Forest 002B","E07000072","Epping Forest",-0.028931751,-0.019900498,-0.093137255,-0.031746032,-0.024937656,0
