"Code","Name","LA_code","LA_name","All","X0to15","X16to29","X30to44","X45to64","X65plus"
"E01021811","Epping Forest 007A","E07000072","Epping Forest",0.014684288,0.018050542,-0.028436019,0.06147541,0,0.023346304
