"Code","Name","LA_code","LA_name","All","X0to15","X16to29","X30to44","X45to64","X65plus"
"E01021779","Epping Forest 011F","E07000072","Epping Forest",-0.021454112,0.020289855,-0.021538462,-0.052356021,-0.02676399,-0.023255814
