"Code","Name","LA_code","LA_name","All","X0to15","X16to29","X30to44","X45to64","X65plus"
"E01021759","Epping Forest 006D","E07000072","Epping Forest",0.001937984,-0.011267606,0.004830918,-0.030075188,0.031331593,0.029411765
