"Code","Name","LA_code","LA_name","All","X0to15","X16to29","X30to44","X45to64","X65plus"
"E01021781","Epping Forest 014B","E07000072","Epping Forest",-0.019502354,-0.019762846,-0.015228426,-0.022151899,-0.015730337,-0.025362319
