"Code","Name","LA_code","LA_name","All","X0to15","X16to29","X30to44","X45to64","X65plus"
"E01030378","Epsom and Ewell 003B","E07000208","Epsom and Ewell",-0.035149385,-0.016806723,-0.012820513,-0.045454545,-0.028235294,-0.067846608
