"Code","Name","LA_code","LA_name","All","X0to15","X16to29","X30to44","X45to64","X65plus"
"E01030408","Epsom and Ewell 003E","E07000208","Epsom and Ewell",0.027207107,0.04,0.040178571,0.007067138,0.044091711,-0.00265252
