"Code","Name","LA_code","LA_name","All","X0to15","X16to29","X30to44","X45to64","X65plus"
"E01030405","Epsom and Ewell 009C","E07000208","Epsom and Ewell",-0.004489338,0.019607843,-0.052208835,0.002415459,-0.037694013,0.05
