"Code","Name","LA_code","LA_name","All","X0to15","X16to29","X30to44","X45to64","X65plus"
"E01030380","Epsom and Ewell 009B","E07000208","Epsom and Ewell",-0.003436426,-0.02640264,0.016483516,-0.004201681,-0.004926108,0.009202454
