"Code","Name","LA_code","LA_name","All","X0to15","X16to29","X30to44","X45to64","X65plus"
"E01030382","Epsom and Ewell 010A","E07000208","Epsom and Ewell",-0.012543554,-0.006756757,0.014018692,-0.073170732,-0.002747253,0.010948905
