"Code","Name","LA_code","LA_name","All","X0to15","X16to29","X30to44","X45to64","X65plus"
"E01030403","Epsom and Ewell 007C","E07000208","Epsom and Ewell",0.000619579,0.046376812,-0.004347826,0.007092199,-0.019736842,-0.023255814
