"Code","Name","LA_code","LA_name","All","X0to15","X16to29","X30to44","X45to64","X65plus"
"E01030419","Epsom and Ewell 008D","E07000208","Epsom and Ewell",-0.01881861,-0.013227513,-0.059027778,0.00248139,-0.041214751,0.010443864
