"Code","Name","LA_code","LA_name","All","X0to15","X16to29","X30to44","X45to64","X65plus"
"E01030383","Epsom and Ewell 005A","E07000208","Epsom and Ewell",-0.009569378,0.029490617,-0.051756007,-0.019296254,-0.016973126,0.019230769
