"Code","Name","LA_code","LA_name","All","X0to15","X16to29","X30to44","X45to64","X65plus"
"E01030414","Epsom and Ewell 002D","E07000208","Epsom and Ewell",-0.080621302,-0.101818182,-0.078341014,-0.047457627,-0.061994609,-0.139175258
