"Code","Name","LA_code","LA_name","All","X0to15","X16to29","X30to44","X45to64","X65plus"
"E01030396","Epsom and Ewell 010D","E07000208","Epsom and Ewell",-0.014565826,-0.011594203,0.012987013,-0.022727273,-0.027972028,-0.009592326
