"Code","Name","LA_code","LA_name","All","X0to15","X16to29","X30to44","X45to64","X65plus"
"E01030388","Epsom and Ewell 001C","E07000208","Epsom and Ewell",-0.011135857,-0.004444444,0.005524862,-0.067460317,0.014634146,-0.014336918
