"Code","Name","LA_code","LA_name","All","X0to15","X16to29","X30to44","X45to64","X65plus"
"E01030401","Epsom and Ewell 005C","E07000208","Epsom and Ewell",0.012223975,0.00744879,0.047297297,0,0.014749263,0.006355932
