"Code","Name","LA_code","LA_name","All","X0to15","X16to29","X30to44","X45to64","X65plus"
"E01030386","Epsom and Ewell 001A","E07000208","Epsom and Ewell",-0.03626595,-0.103585657,-0.025641026,-0.009049774,-0.010460251,-0.046511628
