"Code","Name","LA_code","LA_name","All","X0to15","X16to29","X30to44","X45to64","X65plus"
"E01030391","Epsom and Ewell 007B","E07000208","Epsom and Ewell",-0.015223097,0.011428571,-0.044247788,-0.039534884,0.010729614,-0.01875
