"Code","Name","LA_code","LA_name","All","X0to15","X16to29","X30to44","X45to64","X65plus"
"E01030416","Epsom and Ewell 004D","E07000208","Epsom and Ewell",0.005263158,-0.012145749,0.048951049,-0.029661017,0.018276762,0.009345794
