"Code","Name","LA_code","LA_name","All","X0to15","X16to29","X30to44","X45to64","X65plus"
"E01019706","Erewash 015E","E07000036","Erewash",0.049799197,0.068493151,0.067484663,0.109589041,-0.011019284,0.056939502
