"Code","Name","LA_code","LA_name","All","X0to15","X16to29","X30to44","X45to64","X65plus"
"E01019680","Erewash 014D","E07000036","Erewash",0.000526593,0.038461538,0,-0.009478673,-0.004132231,-0.02970297
