"Code","Name","LA_code","LA_name","All","X0to15","X16to29","X30to44","X45to64","X65plus"
"E01019654","Erewash 013C","E07000036","Erewash",-0.002546149,0.012875536,-0.022624434,0.012195122,-0.003992016,-0.008108108
