"Code","Name","LA_code","LA_name","All","X0to15","X16to29","X30to44","X45to64","X65plus"
"E01019661","Erewash 003C","E07000036","Erewash",-0.013513514,0.009009009,0.026717557,-0.029045643,-0.00973236,-0.062962963
