"Code","Name","LA_code","LA_name","All","X0to15","X16to29","X30to44","X45to64","X65plus"
"E01019652","Erewash 011B","E07000036","Erewash",0.039537713,0.021341463,0.024691358,0.034482759,0.035087719,0.097560976
