"Code","Name","LA_code","LA_name","All","X0to15","X16to29","X30to44","X45to64","X65plus"
"E01019668","Erewash 007C","E07000036","Erewash",0.001375516,-0.012448133,-0.015228426,0,0.033419023,-0.012195122
