"Code","Name","LA_code","LA_name","All","X0to15","X16to29","X30to44","X45to64","X65plus"
"E01032614","Erewash 016E","E07000036","Erewash",-0.00619195,-0.008163265,-0.013636364,-0.01984127,0.009174312,-0.014388489
