"Code","Name","LA_code","LA_name","All","X0to15","X16to29","X30to44","X45to64","X65plus"
"E01019657","Erewash 003A","E07000036","Erewash",0.010303377,0.014534884,0.009708738,-0.009202454,0.011086475,0.025236593
