"Code","Name","LA_code","LA_name","All","X0to15","X16to29","X30to44","X45to64","X65plus"
"E01019708","Erewash 011E","E07000036","Erewash",-0.029204976,0.016806723,-0.003875969,0.022988506,-0.02292769,-0.169278997
