"Code","Name","LA_code","LA_name","All","X0to15","X16to29","X30to44","X45to64","X65plus"
"E01019664","Erewash 001D","E07000036","Erewash",0.005223881,-0.00265252,-0.012244898,0.0041841,-0.026578073,0.101123596
