"Code","Name","LA_code","LA_name","All","X0to15","X16to29","X30to44","X45to64","X65plus"
"E01019702","Erewash 005B","E07000036","Erewash",0.003739316,-0.011363636,-0.017699115,0.019920319,0.020408163,-0.005524862
