"Code","Name","LA_code","LA_name","All","X0to15","X16to29","X30to44","X45to64","X65plus"
"E01019695","Erewash 010E","E07000036","Erewash",0.037653874,0.056074766,0.061611374,0.018587361,0.034168565,0.028225806
