"Code","Name","LA_code","LA_name","All","X0to15","X16to29","X30to44","X45to64","X65plus"
"E01019693","Erewash 008D","E07000036","Erewash",0.019270833,0.039506173,0.028915663,0.021327014,0.012345679,-0.018315018
