"Code","Name","LA_code","LA_name","All","X0to15","X16to29","X30to44","X45to64","X65plus"
"E01019709","Erewash 015F","E07000036","Erewash",-0.030539773,-0.058064516,-0.046979866,-0.010238908,0,-0.051612903
