"Code","Name","LA_code","LA_name","All","X0to15","X16to29","X30to44","X45to64","X65plus"
"E01019671","Erewash 004B","E07000036","Erewash",0.026984951,0,0.009615385,0.013651877,0.035353535,0.047169811
