"Code","Name","LA_code","LA_name","All","X0to15","X16to29","X30to44","X45to64","X65plus"
"E01019648","Erewash 010A","E07000036","Erewash",-0.000651042,-0.031578947,0.048888889,0.003095975,0,-0.013513514
