"Code","Name","LA_code","LA_name","All","X0to15","X16to29","X30to44","X45to64","X65plus"
"E01019676","Erewash 014A","E07000036","Erewash",-0.013377926,0.003861004,-0.02811245,-0.019354839,-0.02173913,0.003802281
