"Code","Name","LA_code","LA_name","All","X0to15","X16to29","X30to44","X45to64","X65plus"
"E01019694","Erewash 008E","E07000036","Erewash",-0.00249584,-0.011560694,0.027777778,-0.011976048,0.007407407,-0.019169329
