"Code","Name","LA_code","LA_name","All","X0to15","X16to29","X30to44","X45to64","X65plus"
"E01019662","Erewash 003D","E07000036","Erewash",-0.008317338,0.003597122,0.011049724,0.013559322,-0.017676768,-0.064655172
