"Code","Name","LA_code","LA_name","All","X0to15","X16to29","X30to44","X45to64","X65plus"
"E01019638","Erewash 016A","E07000036","Erewash",0.017774343,0.052356021,-0.039772727,-0.033755274,0.033333333,0.05
