"Code","Name","LA_code","LA_name","All","X0to15","X16to29","X30to44","X45to64","X65plus"
"E01019697","Erewash 015A","E07000036","Erewash",0.020311442,0.077777778,0.023364486,0.031496063,0.027707809,-0.043859649
