"Code","Name","LA_code","LA_name","All","X0to15","X16to29","X30to44","X45to64","X65plus"
"E01019653","Erewash 011C","E07000036","Erewash",0.080344333,0.020512821,0.083333333,0.009852217,0.02826087,0.210526316
