"Code","Name","LA_code","LA_name","All","X0to15","X16to29","X30to44","X45to64","X65plus"
"E01019644","Erewash 001A","E07000036","Erewash",0.002126152,-0.038461538,-0.004166667,0.015748031,0.019704433,0.007968127
