"Code","Name","LA_code","LA_name","All","X0to15","X16to29","X30to44","X45to64","X65plus"
"E01019704","Erewash 005D","E07000036","Erewash",0.020949721,0.046875,0.043010753,0.006289308,0.010162602,0.017369727
