"Code","Name","LA_code","LA_name","All","X0to15","X16to29","X30to44","X45to64","X65plus"
"E01019677","Erewash 014B","E07000036","Erewash",0.009635237,0.024038462,-0.038297872,-0.004329004,0.04028436,0.005602241
