"Code","Name","LA_code","LA_name","All","X0to15","X16to29","X30to44","X45to64","X65plus"
"E01019640","Erewash 016C","E07000036","Erewash",-0.017624021,-0.067524116,-0.003460208,0.022222222,-0.025974026,0
