"Code","Name","LA_code","LA_name","All","X0to15","X16to29","X30to44","X45to64","X65plus"
"E01019651","Erewash 010D","E07000036","Erewash",0.00068306,-0.007194245,0.004608295,0.026515152,0.012077295,-0.034364261
