"Code","Name","LA_code","LA_name","All","X0to15","X16to29","X30to44","X45to64","X65plus"
"E01019667","Erewash 007B","E07000036","Erewash",0.010526316,-0.019002375,-0.019480519,0.026578073,0.028571429,0.044067797
