"Code","Name","LA_code","LA_name","All","X0to15","X16to29","X30to44","X45to64","X65plus"
"E01019699","Erewash 015B","E07000036","Erewash",0.005798969,-0.039156627,0.02173913,0.024489796,0.011627907,0.016901408
