"Code","Name","LA_code","LA_name","All","X0to15","X16to29","X30to44","X45to64","X65plus"
"E01020039","Exeter 007D","E07000041","Exeter",-0.022466301,-0.005420054,-0.045351474,-0.061797753,-0.004291845,0.002695418
