"Code","Name","LA_code","LA_name","All","X0to15","X16to29","X30to44","X45to64","X65plus"
"E01019991","Exeter 002B","E07000041","Exeter",-0.031657356,-0.005154639,-0.064705882,-0.029972752,-0.027692308,-0.036649215
