"Code","Name","LA_code","LA_name","All","X0to15","X16to29","X30to44","X45to64","X65plus"
"E01019972","Exeter 014E","E07000041","Exeter",-0.016337645,-0.03986711,-0.03164557,0.00872093,-0.011080332,-0.006802721
