"Code","Name","LA_code","LA_name","All","X0to15","X16to29","X30to44","X45to64","X65plus"
"E01019988","Exeter 013A","E07000041","Exeter",-0.055480379,-0.042918455,-0.084615385,-0.042253521,-0.033240997,-0.076470588
