"Code","Name","LA_code","LA_name","All","X0to15","X16to29","X30to44","X45to64","X65plus"
"E01019992","Exeter 003A","E07000041","Exeter",-0.022646007,-0.034246575,-0.022284123,-0.06122449,0.002314815,-0.009966777
