"Code","Name","LA_code","LA_name","All","X0to15","X16to29","X30to44","X45to64","X65plus"
"E01019977","Exeter 012D","E07000041","Exeter",-0.006609385,0.05,-0.033613445,-0.017123288,-0.012658228,-0.015243902
