"Code","Name","LA_code","LA_name","All","X0to15","X16to29","X30to44","X45to64","X65plus"
"E01020010","Exeter 013B","E07000041","Exeter",-0.028727093,-0.002232143,-0.050632911,-0.019559902,-0.05513308,0
