"Code","Name","LA_code","LA_name","All","X0to15","X16to29","X30to44","X45to64","X65plus"
"E01020012","Exeter 015B","E07000041","Exeter",0.001794258,0.063636364,0.012195122,-0.022535211,-0.0275,-0.011583012
