"Code","Name","LA_code","LA_name","All","X0to15","X16to29","X30to44","X45to64","X65plus"
"E01020004","Exeter 003D","E07000041","Exeter",-0.013192612,-0.013274336,-0.025641026,-0.033088235,-0.022271715,0.023880597
