"Code","Name","LA_code","LA_name","All","X0to15","X16to29","X30to44","X45to64","X65plus"
"E01019981","Exeter 012E","E07000041","Exeter",-0.013360053,-0.012903226,-0.073800738,-0.034129693,0,0.062780269
