"Code","Name","LA_code","LA_name","All","X0to15","X16to29","X30to44","X45to64","X65plus"
"E01020031","Exeter 010D","E07000041","Exeter",-0.059569774,0.017142857,-0.0626703,-0.065539112,-0.077922078,-0.12605042
