"Code","Name","LA_code","LA_name","All","X0to15","X16to29","X30to44","X45to64","X65plus"
"E01020016","Exeter 008C","E07000041","Exeter",-0.000424088,0.040609137,-0.003492433,-0.037634409,0.019313305,0.021582734
