"Code","Name","LA_code","LA_name","All","X0to15","X16to29","X30to44","X45to64","X65plus"
"E01020002","Exeter 003B","E07000041","Exeter",0.008142494,0.045454545,0.005952381,0.011655012,-0.03030303,0.008498584
