"Code","Name","LA_code","LA_name","All","X0to15","X16to29","X30to44","X45to64","X65plus"
"E01033233","Exeter 001F","E07000041","Exeter",-0.024196856,-0.041198502,-0.026433358,-0.046070461,-0.017770598,0.005813953
