"Code","Name","LA_code","LA_name","All","X0to15","X16to29","X30to44","X45to64","X65plus"
"E01019999","Exeter 001D","E07000041","Exeter",-0.087797619,0.011235955,-0.139908257,-0.061349693,-0.070234114,-0.104477612
