"Code","Name","LA_code","LA_name","All","X0to15","X16to29","X30to44","X45to64","X65plus"
"E01020027","Exeter 011B","E07000041","Exeter",0.040665434,0.074468085,0.016778523,-0.006557377,0.056818182,0.05704698
