"Code","Name","LA_code","LA_name","All","X0to15","X16to29","X30to44","X45to64","X65plus"
"E01019975","Exeter 010A","E07000041","Exeter",-0.032391454,-0.045333333,-0.021428571,-0.04248366,0.006557377,-0.07027027
