"Code","Name","LA_code","LA_name","All","X0to15","X16to29","X30to44","X45to64","X65plus"
"E01019994","Exeter 008A","E07000041","Exeter",-0.066783831,-0.011494253,-0.125,-0.013071895,0,-0.057894737
