"Code","Name","LA_code","LA_name","All","X0to15","X16to29","X30to44","X45to64","X65plus"
"E01020015","Exeter 013E","E07000041","Exeter",0.002578649,0.032183908,0.005540166,-0.015283843,-0.004576659,-0.008064516
