"Code","Name","LA_code","LA_name","All","X0to15","X16to29","X30to44","X45to64","X65plus"
"E01020018","Exeter 008E","E07000041","Exeter",-0.036248301,-0.123966942,-0.009708738,-0.07079646,-0.036175711,-0.03125
