"Code","Name","LA_code","LA_name","All","X0to15","X16to29","X30to44","X45to64","X65plus"
"E01020024","Exeter 009C","E07000041","Exeter",0.009621552,0.064638783,0.008547009,-0.023890785,0.014888337,-0.008196721
