"Code","Name","LA_code","LA_name","All","X0to15","X16to29","X30to44","X45to64","X65plus"
"E01020037","Exeter 007C","E07000041","Exeter",-0.013370866,-0.028846154,-0.037174721,-0.032520325,0.014204545,0.012396694
