"Code","Name","LA_code","LA_name","All","X0to15","X16to29","X30to44","X45to64","X65plus"
"E01019998","Exeter 001C","E07000041","Exeter",-0.010638298,0.016129032,-0.019138756,-0.012658228,-0.028409091,-0.003508772
