"Code","Name","LA_code","LA_name","All","X0to15","X16to29","X30to44","X45to64","X65plus"
"E01033232","Exeter 011F","E07000041","Exeter",-0.018708509,0.043859649,-0.005249344,-0.042283298,0.027439024,-0.248120301
