"Code","Name","LA_code","LA_name","All","X0to15","X16to29","X30to44","X45to64","X65plus"
"E01020038","Exeter 011E","E07000041","Exeter",-0.0224904,-0.015384615,-0.042704626,-0.075060533,0.008230453,0.009433962
