"Code","Name","LA_code","LA_name","All","X0to15","X16to29","X30to44","X45to64","X65plus"
"E01019997","Exeter 004A","E07000041","Exeter",-0.049597024,-0.133858268,-0.052004334,-0.015748031,-0.063414634,0.019230769
