"Code","Name","LA_code","LA_name","All","X0to15","X16to29","X30to44","X45to64","X65plus"
"E01020019","Exeter 004B","E07000041","Exeter",0.098591549,0.194029851,0.028314917,0.093457944,0.201388889,0.463963964
