"Code","Name","LA_code","LA_name","All","X0to15","X16to29","X30to44","X45to64","X65plus"
"E01020033","Exeter 015C","E07000041","Exeter",-0.01776988,0.016949153,-0.038961039,-0.085574572,0.019189765,-0.016863406
