"Code","Name","LA_code","LA_name","All","X0to15","X16to29","X30to44","X45to64","X65plus"
"E01022755","Fareham 006A","E07000087","Fareham",0.002523659,-0.016129032,-0.066326531,0.007434944,0.02739726,0.021505376
