"Code","Name","LA_code","LA_name","All","X0to15","X16to29","X30to44","X45to64","X65plus"
"E01022788","Fareham 002F","E07000087","Fareham",-0.026726058,-0.044609665,-0.02734375,-0.007662835,-0.011764706,-0.049773756
