"Code","Name","LA_code","LA_name","All","X0to15","X16to29","X30to44","X45to64","X65plus"
"E01022773","Fareham 001D","E07000087","Fareham",-0.007060334,0.053763441,0.005952381,-0.037414966,-0.020964361,-0.017647059
