"Code","Name","LA_code","LA_name","All","X0to15","X16to29","X30to44","X45to64","X65plus"
"E01022771","Fareham 001B","E07000087","Fareham",0.029131986,0.050808314,0.040160643,0.01946472,-0.004166667,0.100917431
