"Code","Name","LA_code","LA_name","All","X0to15","X16to29","X30to44","X45to64","X65plus"
"E01022745","Fareham 014B","E07000087","Fareham",-0.002574003,0.014778325,-0.024096386,0.005813953,0,-0.007590133
