"Code","Name","LA_code","LA_name","All","X0to15","X16to29","X30to44","X45to64","X65plus"
"E01022752","Fareham 005C","E07000087","Fareham",-0.007633588,-0.04048583,0.010810811,-0.004484305,-0.015217391,0.015337423
