"Code","Name","LA_code","LA_name","All","X0to15","X16to29","X30to44","X45to64","X65plus"
"E01022781","Fareham 007A","E07000087","Fareham",-0.001398601,-0.006472492,0.018181818,0.00754717,-0.039577836,0.035019455
