"Code","Name","LA_code","LA_name","All","X0to15","X16to29","X30to44","X45to64","X65plus"
"E01022787","Fareham 002E","E07000087","Fareham",0.052321297,0.062780269,0.092920354,0.082608696,0.039370079,0.006734007
