"Code","Name","LA_code","LA_name","All","X0to15","X16to29","X30to44","X45to64","X65plus"
"E01022764","Fareham 012D","E07000087","Fareham",-0.002493766,-0.039106145,-0.016260163,-0.012931034,0.002304147,0.01754386
