"Code","Name","LA_code","LA_name","All","X0to15","X16to29","X30to44","X45to64","X65plus"
"E01022793","Fareham 006E","E07000087","Fareham",-0.004553216,0.003448276,-0.029268293,0.018867925,0.001683502,-0.022332506
