"Code","Name","LA_code","LA_name","All","X0to15","X16to29","X30to44","X45to64","X65plus"
"E01022774","Fareham 001E","E07000087","Fareham",0.029732408,0.04851752,-0.033457249,0.096209913,0.044444444,-0.024691358
