"Code","Name","LA_code","LA_name","All","X0to15","X16to29","X30to44","X45to64","X65plus"
"E01022739","Fareham 011E","E07000087","Fareham",0.005662514,-0.026607539,0.015267176,0.021084337,-0.005714286,0.045833333
