"Code","Name","LA_code","LA_name","All","X0to15","X16to29","X30to44","X45to64","X65plus"
"E01022729","Fareham 004E","E07000087","Fareham",0.013490725,0.016666667,0.006369427,-0.004273504,0.021857923,0.021164021
