"Code","Name","LA_code","LA_name","All","X0to15","X16to29","X30to44","X45to64","X65plus"
"E01022761","Fareham 012B","E07000087","Fareham",0.009333333,-0.009090909,-0.008733624,0.018348624,0.038095238,-0.004842615
