"Code","Name","LA_code","LA_name","All","X0to15","X16to29","X30to44","X45to64","X65plus"
"E01022785","Fareham 007C","E07000087","Fareham",0.004679144,0.007633588,0.004694836,0.04743083,-0.01048218,-0.010309278
