"Code","Name","LA_code","LA_name","All","X0to15","X16to29","X30to44","X45to64","X65plus"
"E01022776","Fareham 013B","E07000087","Fareham",0.014150943,0.013888889,0.137724551,0.082417582,-0.016728625,-0.028871391
