"Code","Name","LA_code","LA_name","All","X0to15","X16to29","X30to44","X45to64","X65plus"
"E01022772","Fareham 001C","E07000087","Fareham",-0.03449583,-0.054597701,-0.033653846,-0.036050157,-0.035346097,0.038277512
