"Code","Name","LA_code","LA_name","All","X0to15","X16to29","X30to44","X45to64","X65plus"
"E01022747","Fareham 014D","E07000087","Fareham",0.034987795,0.02484472,-0.02994012,-0.022222222,0.0625,0.070460705
