"Code","Name","LA_code","LA_name","All","X0to15","X16to29","X30to44","X45to64","X65plus"
"E01018083","Fenland 005C","E07000010","Fenland",-0.089073019,-0.116883117,-0.097560976,-0.122850123,-0.110344828,0.040133779
