"Code","Name","LA_code","LA_name","All","X0to15","X16to29","X30to44","X45to64","X65plus"
"E01018087","Fenland 009C","E07000010","Fenland",0.070469799,0.177257525,0.030864198,0.085714286,0.033500838,0.067150635
