"Code","Name","LA_code","LA_name","All","X0to15","X16to29","X30to44","X45to64","X65plus"
"E01018075","Fenland 006D","E07000010","Fenland",-0.008474576,0.009302326,0.010752688,-0.010309278,-0.017182131,-0.023809524
