"Code","Name","LA_code","LA_name","All","X0to15","X16to29","X30to44","X45to64","X65plus"
"E01018107","Fenland 002C","E07000010","Fenland",-0.022601985,-0.057279236,0.002808989,-0.010443864,-0.014851485,-0.031746032
