"Code","Name","LA_code","LA_name","All","X0to15","X16to29","X30to44","X45to64","X65plus"
"E01018099","Fenland 006F","E07000010","Fenland",-0.013567438,-0.032085561,-0.005847953,-0.02955665,-0.047368421,0.044871795
