"Code","Name","LA_code","LA_name","All","X0to15","X16to29","X30to44","X45to64","X65plus"
"E01018092","Fenland 004F","E07000010","Fenland",0.008834898,0.011494253,0.013761468,0.019607843,0.005660377,0
