"Code","Name","LA_code","LA_name","All","X0to15","X16to29","X30to44","X45to64","X65plus"
"E01018060","Fenland 008C","E07000010","Fenland",0.000527983,0.002770083,0.019672131,-0.042613636,0.006802721,0.017361111
