"Code","Name","LA_code","LA_name","All","X0to15","X16to29","X30to44","X45to64","X65plus"
"E01018063","Fenland 002A","E07000010","Fenland",-0.010814986,-0.034951456,-0.011385199,-0.017730496,-0.001680672,0.018041237
