"Code","Name","LA_code","LA_name","All","X0to15","X16to29","X30to44","X45to64","X65plus"
"E01018111","Fenland 010C","E07000010","Fenland",-0.028534923,0.002421308,-0.053691275,-0.038888889,-0.043478261,-0.014754098
