"Code","Name","LA_code","LA_name","All","X0to15","X16to29","X30to44","X45to64","X65plus"
"E01018110","Fenland 011E","E07000010","Fenland",0.073884418,0.07249467,0.052256532,0.085057471,0.093506494,0.057902973
