"Code","Name","LA_code","LA_name","All","X0to15","X16to29","X30to44","X45to64","X65plus"
"E01018067","Fenland 004B","E07000010","Fenland",-0.003174603,0.009433962,-0.02027027,-0.009868421,-0.001984127,0.002136752
