"Code","Name","LA_code","LA_name","All","X0to15","X16to29","X30to44","X45to64","X65plus"
"E01018095","Fenland 001B","E07000010","Fenland",-0.005970149,-0.010830325,0,0.004291845,0.013257576,-0.032397408
