"Code","Name","LA_code","LA_name","All","X0to15","X16to29","X30to44","X45to64","X65plus"
"E01018074","Fenland 006C","E07000010","Fenland",-0.015899582,0.011235955,-0.006944444,-0.046511628,0.022284123,-0.058479532
