"Code","Name","LA_code","LA_name","All","X0to15","X16to29","X30to44","X45to64","X65plus"
"E01018080","Fenland 007D","E07000010","Fenland",0.028477095,0.01863354,0,0.072562358,0.006319115,0.046601942
