"Code","Name","LA_code","LA_name","All","X0to15","X16to29","X30to44","X45to64","X65plus"
"E01018100","Fenland 006G","E07000010","Fenland",-0.034727703,0.049180328,-0.020576132,-0.029268293,-0.07826087,-0.051546392
