"Code","Name","LA_code","LA_name","All","X0to15","X16to29","X30to44","X45to64","X65plus"
"E01018106","Fenland 011D","E07000010","Fenland",-0.072923272,-0.083969466,-0.091836735,-0.087272727,-0.084862385,-0.016129032
