"Code","Name","LA_code","LA_name","All","X0to15","X16to29","X30to44","X45to64","X65plus"
"E01018061","Fenland 008D","E07000010","Fenland",0.020516717,0.053231939,0.02,-0.004291845,0.007594937,0.031111111
