"Code","Name","LA_code","LA_name","All","X0to15","X16to29","X30to44","X45to64","X65plus"
"E01018059","Fenland 008B","E07000010","Fenland",-0.029923452,-0.082758621,-0.005681818,-0.063636364,-0.028508772,0.030508475
