"Code","Name","LA_code","LA_name","All","X0to15","X16to29","X30to44","X45to64","X65plus"
"W01000256","Flintshire 015B","W06000005","Flintshire",-0.06002401,-0.032697548,-0.07641196,-0.036474164,-0.03908046,-0.153846154
