"Code","Name","LA_code","LA_name","All","X0to15","X16to29","X30to44","X45to64","X65plus"
"W01000297","Flintshire 003D","W06000005","Flintshire",0.015067407,-0.017421603,0.011764706,0.011494253,0.075471698,-0.042857143
