"Code","Name","LA_code","LA_name","All","X0to15","X16to29","X30to44","X45to64","X65plus"
"W01000250","Flintshire 014B","W06000005","Flintshire",0.034323432,0.023622047,0.085427136,0.027027027,-0.00245098,0.058227848
