"Code","Name","LA_code","LA_name","All","X0to15","X16to29","X30to44","X45to64","X65plus"
"W01000257","Flintshire 015C","W06000005","Flintshire",-0.002166378,0.020779221,0.027777778,-0.026086957,-0.031866464,0.022522523
