"Code","Name","LA_code","LA_name","All","X0to15","X16to29","X30to44","X45to64","X65plus"
"W01000327","Flintshire 018C","W06000005","Flintshire",0.050800915,0.062337662,0.055727554,0.051094891,0.044072948,0.046568627
