"Code","Name","LA_code","LA_name","All","X0to15","X16to29","X30to44","X45to64","X65plus"
"W01000330","Flintshire 015E","W06000005","Flintshire",0.066203704,0.09978308,0.028806584,0.061143984,0.067982456,0.084
