"Code","Name","LA_code","LA_name","All","X0to15","X16to29","X30to44","X45to64","X65plus"
"W01000267","Flintshire 017F","W06000005","Flintshire",0.002560164,0.035175879,-0.028880866,-0.010799136,-0.008988764,0.021621622
