"Code","Name","LA_code","LA_name","All","X0to15","X16to29","X30to44","X45to64","X65plus"
"W01000265","Flintshire 012B","W06000005","Flintshire",0.012219959,0.017621145,0.024752475,-0.037174721,0.030848329,0.018134715
