"Code","Name","LA_code","LA_name","All","X0to15","X16to29","X30to44","X45to64","X65plus"
"W01000287","Flintshire 001A","W06000005","Flintshire",0.017793594,0.012658228,0.008196721,-0.028571429,0.048289738,0.014056225
