"Code","Name","LA_code","LA_name","All","X0to15","X16to29","X30to44","X45to64","X65plus"
"W01000321","Flintshire 014D","W06000005","Flintshire",0.007263923,-0.018050542,0.009433962,0.08203125,0.008368201,-0.023310023
