"Code","Name","LA_code","LA_name","All","X0to15","X16to29","X30to44","X45to64","X65plus"
"W01000300","Flintshire 019B","W06000005","Flintshire",-0.02039627,-0.015503876,-0.048076923,-0.007782101,-0.036697248,0.002232143
