"Code","Name","LA_code","LA_name","All","X0to15","X16to29","X30to44","X45to64","X65plus"
"W01000259","Flintshire 017A","W06000005","Flintshire",0.014796547,0.014440433,-0.049242424,0.115537849,0.021634615,-0.012077295
