"Code","Name","LA_code","LA_name","All","X0to15","X16to29","X30to44","X45to64","X65plus"
"W01000273","Flintshire 007A","W06000005","Flintshire",-0.00315856,0.022082019,-0.054545455,0.039145907,-0.002739726,-0.020289855
