"Code","Name","LA_code","LA_name","All","X0to15","X16to29","X30to44","X45to64","X65plus"
"W01000324","Flintshire 012D","W06000005","Flintshire",-0.019021739,0.053846154,-0.065989848,0.014705882,-0.030501089,-0.051136364
