"Code","Name","LA_code","LA_name","All","X0to15","X16to29","X30to44","X45to64","X65plus"
"W01000294","Flintshire 005C","W06000005","Flintshire",-0.00464876,0.039735099,0.006622517,-0.032738095,-0.003407155,-0.024449878
