"Code","Name","LA_code","LA_name","All","X0to15","X16to29","X30to44","X45to64","X65plus"
"W01000288","Flintshire 004A","W06000005","Flintshire",0.017969888,0.016055046,-0.00591716,0.038997214,0.031894934,0.002544529
