"Code","Name","LA_code","LA_name","All","X0to15","X16to29","X30to44","X45to64","X65plus"
"W01000290","Flintshire 004B","W06000005","Flintshire",-0.00331675,0.059171598,0.080246914,-0.005181347,-0.036211699,-0.040247678
