"Code","Name","LA_code","LA_name","All","X0to15","X16to29","X30to44","X45to64","X65plus"
"W01000303","Flintshire 018A","W06000005","Flintshire",-0.01076555,0.003367003,-0.018604651,0.034220532,-0.014953271,-0.044198895
