"Code","Name","LA_code","LA_name","All","X0to15","X16to29","X30to44","X45to64","X65plus"
"W01000295","Flintshire 005D","W06000005","Flintshire",-0.041079812,-0.045602606,-0.035714286,-0.066889632,0,-0.065989848
