"Code","Name","LA_code","LA_name","All","X0to15","X16to29","X30to44","X45to64","X65plus"
"W01000254","Flintshire 003B","W06000005","Flintshire",-0.008806693,-0.015486726,-0.006666667,0.002747253,-0.016778523,-0.002444988
