"Code","Name","LA_code","LA_name","All","X0to15","X16to29","X30to44","X45to64","X65plus"
"W01000280","Flintshire 010B","W06000005","Flintshire",0.003865979,0.03654485,0.005555556,-0.002994012,0.002398082,-0.01875
