"Code","Name","LA_code","LA_name","All","X0to15","X16to29","X30to44","X45to64","X65plus"
"W01000302","Flintshire 013F","W06000005","Flintshire",0.010918114,0.008064516,-0.023584906,0.017857143,0.003683241,0.028985507
