"Code","Name","LA_code","LA_name","All","X0to15","X16to29","X30to44","X45to64","X65plus"
"W01000333","Flintshire 009B","W06000005","Flintshire",0.00397351,0.048850575,-0.013245033,0.00623053,-0.030555556,0.011173184
