"Code","Name","LA_code","LA_name","All","X0to15","X16to29","X30to44","X45to64","X65plus"
"W01000296","Flintshire 003C","W06000005","Flintshire",0.001931745,-0.002915452,0.013043478,-0.003344482,0.012531328,-0.010638298
