"Code","Name","LA_code","LA_name","All","X0to15","X16to29","X30to44","X45to64","X65plus"
"E01033454","Forest Heath 005F","E07000201","Forest Heath",0.028419183,0.015,0.10483871,-0.036281179,0.055214724,0.006666667
