"Code","Name","LA_code","LA_name","All","X0to15","X16to29","X30to44","X45to64","X65plus"
"E01029941","Forest Heath 005A","E07000201","Forest Heath",-0.039093484,-0.02295082,-0.02020202,-0.072131148,-0.033834586,-0.042352941
