"Code","Name","LA_code","LA_name","All","X0to15","X16to29","X30to44","X45to64","X65plus"
"E01022234","Forest of Dean 006A","E07000080","Forest of Dean",-0.001974984,-0.011111111,0.031055901,-0.011111111,0.014440433,-0.027027027
