"Code","Name","LA_code","LA_name","All","X0to15","X16to29","X30to44","X45to64","X65plus"
"E01032525","Forest Heath 003H","E07000201","Forest Heath",0.019299967,0.036876356,0.06655574,-0.037956204,0.021194605,0
