"Code","Name","LA_code","LA_name","All","X0to15","X16to29","X30to44","X45to64","X65plus"
"E01022251","Forest of Dean 003A","E07000080","Forest of Dean",-0.019404019,-0.023904382,0.004694836,-0.060747664,-0.025522042,0.002994012
