"Code","Name","LA_code","LA_name","All","X0to15","X16to29","X30to44","X45to64","X65plus"
"E01022233","Forest of Dean 001A","E07000080","Forest of Dean",-0.005221932,-0.068345324,0,0.008658009,-0.004636785,0.018552876
