"Code","Name","LA_code","LA_name","All","X0to15","X16to29","X30to44","X45to64","X65plus"
"E01022273","Forest of Dean 010C","E07000080","Forest of Dean",-0.012517385,0.02027027,-0.061333333,0.016611296,-0.045454545,0.022321429
