"Code","Name","LA_code","LA_name","All","X0to15","X16to29","X30to44","X45to64","X65plus"
"E01022270","Forest of Dean 001D","E07000080","Forest of Dean",-0.028316728,-0.049844237,0.023148148,-0.036900369,0.010687023,-0.09009009
