"Code","Name","LA_code","LA_name","All","X0to15","X16to29","X30to44","X45to64","X65plus"
"E01022244","Forest of Dean 007E","E07000080","Forest of Dean",0.004524887,0.003571429,-0.015075377,-0.008130081,0.018480493,0.005970149
