"Code","Name","LA_code","LA_name","All","X0to15","X16to29","X30to44","X45to64","X65plus"
"E01032523","Forest Heath 003F","E07000201","Forest Heath",-0.07120743,-0.113256113,0.030092593,-0.166666667,-0.025751073,0.125
