"Code","Name","LA_code","LA_name","All","X0to15","X16to29","X30to44","X45to64","X65plus"
"E01022274","Forest of Dean 010D","E07000080","Forest of Dean",0,-0.049261084,0.102564103,0.005555556,-0.021634615,0.020338983
