"Code","Name","LA_code","LA_name","All","X0to15","X16to29","X30to44","X45to64","X65plus"
"E01029939","Forest Heath 004B","E07000201","Forest Heath",-0.032081911,-0.0859375,0.041666667,-0.073482428,-0.007874016,-0.032727273
