"Code","Name","LA_code","LA_name","All","X0to15","X16to29","X30to44","X45to64","X65plus"
"E01022243","Forest of Dean 007D","E07000080","Forest of Dean",-0.021791768,0.026315789,-0.081871345,0,-0.016574586,-0.046428571
