"Code","Name","LA_code","LA_name","All","X0to15","X16to29","X30to44","X45to64","X65plus"
"E01025007","Fylde 002A","E07000119","Fylde",-0.017214397,0.004950495,0.012820513,-0.047368421,-0.023752969,-0.03030303
