"Code","Name","LA_code","LA_name","All","X0to15","X16to29","X30to44","X45to64","X65plus"
"E01024990","Fylde 009A","E07000119","Fylde",-0.066451613,-0.171568627,-0.052631579,-0.083969466,-0.037946429,-0.042600897
