"Code","Name","LA_code","LA_name","All","X0to15","X16to29","X30to44","X45to64","X65plus"
"E01025031","Fylde 001E","E07000119","Fylde",0.019075569,-0.020304569,0.026845638,0.038216561,-0.010335917,0.050739958
