"Code","Name","LA_code","LA_name","All","X0to15","X16to29","X30to44","X45to64","X65plus"
"E01025011","Fylde 002D","E07000119","Fylde",-0.017184402,-0.018796992,-0.016194332,-0.007352941,-0.024943311,-0.013937282
