"Code","Name","LA_code","LA_name","All","X0to15","X16to29","X30to44","X45to64","X65plus"
"E01025014","Fylde 003C","E07000119","Fylde",0.012158055,0.016393443,0.019323671,0.008264463,0.011090573,0.008571429
