"Code","Name","LA_code","LA_name","All","X0to15","X16to29","X30to44","X45to64","X65plus"
"E01025006","Fylde 004B","E07000119","Fylde",-0.002217295,0.006535948,-0.005235602,0,-0.008152174,-0.004464286
