"Code","Name","LA_code","LA_name","All","X0to15","X16to29","X30to44","X45to64","X65plus"
"E01024987","Fylde 006D","E07000119","Fylde",0.079872204,0.09947644,0.051502146,0.121323529,0.073232323,0.04375
