"Code","Name","LA_code","LA_name","All","X0to15","X16to29","X30to44","X45to64","X65plus"
"E01025002","Fylde 005B","E07000119","Fylde",-0.049761418,-0.071197411,0.005494505,-0.051724138,-0.036319613,-0.080586081
