"Code","Name","LA_code","LA_name","All","X0to15","X16to29","X30to44","X45to64","X65plus"
"E01025004","Fylde 004A","E07000119","Fylde",0.037845706,0.079847909,-0.033707865,0,0.035989717,0.075657895
