"Code","Name","LA_code","LA_name","All","X0to15","X16to29","X30to44","X45to64","X65plus"
"E01024999","Fylde 007B","E07000119","Fylde",-0.01242236,-0.051792829,0.034146341,0.008733624,0.033175355,-0.081871345
