"Code","Name","LA_code","LA_name","All","X0to15","X16to29","X30to44","X45to64","X65plus"
"E01025023","Fylde 004C","E07000119","Fylde",-0.029590288,-0.12972973,0.034482759,-0.006451613,-0.024498886,-0.020833333
