"Code","Name","LA_code","LA_name","All","X0to15","X16to29","X30to44","X45to64","X65plus"
"E01024988","Fylde 006E","E07000119","Fylde",0.003213368,0.072727273,0.032967033,0.027777778,-0.016786571,-0.020833333
