"Code","Name","LA_code","LA_name","All","X0to15","X16to29","X30to44","X45to64","X65plus"
"E01024985","Fylde 006B","E07000119","Fylde",-0.083333333,-0.100877193,-0.096385542,-0.094527363,-0.106157113,-0.032085561
