"Code","Name","LA_code","LA_name","All","X0to15","X16to29","X30to44","X45to64","X65plus"
"E01025016","Fylde 005D","E07000119","Fylde",0.052831784,0.108571429,0.0562249,0.101045296,0.047803618,0.009915014
