"Code","Name","LA_code","LA_name","All","X0to15","X16to29","X30to44","X45to64","X65plus"
"E01008203","Gateshead 028B","E08000020","Gateshead",-0.018570625,-0.054945055,0,-0.017964072,-0.017994859,-0.010695187
