"Code","Name","LA_code","LA_name","All","X0to15","X16to29","X30to44","X45to64","X65plus"
"E01008215","Gateshead 003B","E08000020","Gateshead",-0.00959808,-0.043343653,0.01344086,0.01344086,-0.027906977,0
