"Code","Name","LA_code","LA_name","All","X0to15","X16to29","X30to44","X45to64","X65plus"
"E01008224","Gateshead 025C","E08000020","Gateshead",0.082651743,0.095477387,0.082317073,0.14254386,0.07605178,0.028680688
