"Code","Name","LA_code","LA_name","All","X0to15","X16to29","X30to44","X45to64","X65plus"
"E01008240","Gateshead 015B","E08000020","Gateshead",-0.013833992,-0.068181818,-0.035714286,0.010909091,0,0.016778523
