"Code","Name","LA_code","LA_name","All","X0to15","X16to29","X30to44","X45to64","X65plus"
"E01008173","Gateshead 026B","E08000020","Gateshead",-0.016625616,-0.01183432,-0.008474576,0.01459854,-0.031746032,-0.046082949
