"Code","Name","LA_code","LA_name","All","X0to15","X16to29","X30to44","X45to64","X65plus"
"E01008254","Gateshead 010D","E08000020","Gateshead",0.036170213,0.044444444,0.025423729,0.035616438,0.054545455,0.01369863
