"Code","Name","LA_code","LA_name","All","X0to15","X16to29","X30to44","X45to64","X65plus"
"E01008268","Gateshead 019D","E08000020","Gateshead",0.023578363,0.00390625,0.022727273,0.043650794,0.01937046,0.029900332
