"Code","Name","LA_code","LA_name","All","X0to15","X16to29","X30to44","X45to64","X65plus"
"E01008181","Gateshead 005C","E08000020","Gateshead",0.024949427,0.012875536,0.015463918,0.056277056,0.018711019,0.026162791
