"Code","Name","LA_code","LA_name","All","X0to15","X16to29","X30to44","X45to64","X65plus"
"E01008264","Gateshead 009C","E08000020","Gateshead",-0.002133713,0.004807692,-0.088888889,0.004132231,0.007009346,0.022988506
