"Code","Name","LA_code","LA_name","All","X0to15","X16to29","X30to44","X45to64","X65plus"
"E01008275","Gateshead 017E","E08000020","Gateshead",0.011805556,0.03960396,0.005988024,0.037735849,0,0
