"Code","Name","LA_code","LA_name","All","X0to15","X16to29","X30to44","X45to64","X65plus"
"E01008266","Gateshead 009E","E08000020","Gateshead",0.031225605,0.005464481,0.027027027,-0.008928571,-0.002624672,0.110144928
