"Code","Name","LA_code","LA_name","All","X0to15","X16to29","X30to44","X45to64","X65plus"
"E01008202","Gateshead 011C","E08000020","Gateshead",0.007688083,-0.007462687,-0.00310559,0.051597052,0,-0.013513514
