"Code","Name","LA_code","LA_name","All","X0to15","X16to29","X30to44","X45to64","X65plus"
"E01008194","Gateshead 020B","E08000020","Gateshead",-0.030979827,0.033333333,-0.069892473,-0.049327354,-0.035629454,-0.026455026
