"Code","Name","LA_code","LA_name","All","X0to15","X16to29","X30to44","X45to64","X65plus"
"E01008222","Gateshead 025A","E08000020","Gateshead",0.011583012,-0.029239766,0.007874016,0.050991501,0.013661202,0.012552301
