"Code","Name","LA_code","LA_name","All","X0to15","X16to29","X30to44","X45to64","X65plus"
"E01008165","Gateshead 011A","E08000020","Gateshead",-0.022353715,-0.075,-0.020905923,-0.025477707,0.010810811,0.015789474
