"Code","Name","LA_code","LA_name","All","X0to15","X16to29","X30to44","X45to64","X65plus"
"E01008200","Gateshead 002E","E08000020","Gateshead",-0.030701754,-0.04040404,-0.01754386,0.005208333,-0.020491803,-0.068965517
