"Code","Name","LA_code","LA_name","All","X0to15","X16to29","X30to44","X45to64","X65plus"
"E01008212","Gateshead 012A","E08000020","Gateshead",-0.045193687,-0.006896552,-0.057268722,-0.046511628,-0.054597701,-0.065789474
