"Code","Name","LA_code","LA_name","All","X0to15","X16to29","X30to44","X45to64","X65plus"
"E01008182","Gateshead 004C","E08000020","Gateshead",0.097182289,0.126649077,0.070769231,0.128140704,0.0859375,0.055335968
