"Code","Name","LA_code","LA_name","All","X0to15","X16to29","X30to44","X45to64","X65plus"
"E01008187","Gateshead 024C","E08000020","Gateshead",-0.012994684,-0.076190476,0.009009009,0.010526316,0.011337868,-0.018604651
