"Code","Name","LA_code","LA_name","All","X0to15","X16to29","X30to44","X45to64","X65plus"
"E01008229","Gateshead 018A","E08000020","Gateshead",-0.001497006,-0.028368794,-0.01025641,0,-0.00795756,0.015873016
