"Code","Name","LA_code","LA_name","All","X0to15","X16to29","X30to44","X45to64","X65plus"
"E01008259","Gateshead 007D","E08000020","Gateshead",-0.012459372,-0.074433657,0.008438819,-0.011904762,-0.003759398,0.022727273
