"Code","Name","LA_code","LA_name","All","X0to15","X16to29","X30to44","X45to64","X65plus"
"E01008253","Gateshead 010C","E08000020","Gateshead",-0.002326934,-0.040498442,0.008,0.019305019,-0.034246575,0.056818182
