"Code","Name","LA_code","LA_name","All","X0to15","X16to29","X30to44","X45to64","X65plus"
"E01008284","Gateshead 014B","E08000020","Gateshead",0.002808989,0,0.004830918,-0.03515625,-0.007109005,0.053571429
