"Code","Name","LA_code","LA_name","All","X0to15","X16to29","X30to44","X45to64","X65plus"
"E01008242","Gateshead 015D","E08000020","Gateshead",0.004901961,0.002967359,0.068181818,0.012307692,0.026960784,-0.087248322
