"Code","Name","LA_code","LA_name","All","X0to15","X16to29","X30to44","X45to64","X65plus"
"E01008239","Gateshead 020D","E08000020","Gateshead",0.023890785,0.012244898,0.083832335,0.025089606,0.025751073,-0.003246753
