"Code","Name","LA_code","LA_name","All","X0to15","X16to29","X30to44","X45to64","X65plus"
"E01008226","Gateshead 025D","E08000020","Gateshead",-0.005247813,-0.009493671,-0.036144578,0.020648968,-0.03655914,0.037572254
