"Code","Name","LA_code","LA_name","All","X0to15","X16to29","X30to44","X45to64","X65plus"
"E01008216","Gateshead 012C","E08000020","Gateshead",0.00315856,0.074204947,-0.02173913,0.006896552,-0.015384615,-0.017948718
