"Code","Name","LA_code","LA_name","All","X0to15","X16to29","X30to44","X45to64","X65plus"
"E01008273","Gateshead 019F","E08000020","Gateshead",0.005567154,0.035842294,0.037037037,-0.041666667,0.012468828,-0.007142857
