"Code","Name","LA_code","LA_name","All","X0to15","X16to29","X30to44","X45to64","X65plus"
"E01008221","Gateshead 021C","E08000020","Gateshead",0.011857708,0.017902813,0.028846154,0.01242236,0.023861171,-0.035087719
