"Code","Name","LA_code","LA_name","All","X0to15","X16to29","X30to44","X45to64","X65plus"
"E01008195","Gateshead 002A","E08000020","Gateshead",0.011673152,0.015037594,0.022012579,-0.014563107,0.019169329,0.016611296
