"Code","Name","LA_code","LA_name","All","X0to15","X16to29","X30to44","X45to64","X65plus"
"E01008175","Gateshead 026D","E08000020","Gateshead",-0.018716578,-0.080717489,-0.008658009,0.025362319,-0.027842227,-0.008955224
