"Code","Name","LA_code","LA_name","All","X0to15","X16to29","X30to44","X45to64","X65plus"
"E01008283","Gateshead 014A","E08000020","Gateshead",0.001560062,-0.054421769,-0.020979021,-0.009389671,-0.006507592,0.056603774
