"Code","Name","LA_code","LA_name","All","X0to15","X16to29","X30to44","X45to64","X65plus"
"E01028208","Gedling 004E","E07000173","Gedling",-0.046195652,-0.114427861,-0.042780749,-0.120689655,0.009677419,-0.00862069
