"Code","Name","LA_code","LA_name","All","X0to15","X16to29","X30to44","X45to64","X65plus"
"E01028148","Gedling 008A","E07000173","Gedling",0.003540718,0.097315436,0.020408163,0.016194332,-0.024,-0.024549918
