"Code","Name","LA_code","LA_name","All","X0to15","X16to29","X30to44","X45to64","X65plus"
"E01028193","Gedling 010A","E07000173","Gedling",-0.013012362,0.03930131,0,-0.01384083,-0.007407407,-0.06043956
