"Code","Name","LA_code","LA_name","All","X0to15","X16to29","X30to44","X45to64","X65plus"
"E01028175","Gedling 005C","E07000173","Gedling",-0.031370391,-0.02866242,-0.011406844,-0.053908356,-0.044,-0.008130081
