"Code","Name","LA_code","LA_name","All","X0to15","X16to29","X30to44","X45to64","X65plus"
"E01028218","Gedling 009G","E07000173","Gedling",-0.024820379,-0.008810573,-0.024096386,-0.051643192,-0.015250545,-0.030042918
