"Code","Name","LA_code","LA_name","All","X0to15","X16to29","X30to44","X45to64","X65plus"
"E01028188","Gedling 015E","E07000173","Gedling",0.009530293,0.030612245,-0.005899705,-0.012562814,-0.006006006,0.133333333
