"Code","Name","LA_code","LA_name","All","X0to15","X16to29","X30to44","X45to64","X65plus"
"E01028207","Gedling 004D","E07000173","Gedling",-0.004972032,-0.00623053,0.030456853,-0.022082019,-0.031862745,0.021857923
