"Code","Name","LA_code","LA_name","All","X0to15","X16to29","X30to44","X45to64","X65plus"
"E01028185","Gedling 015B","E07000173","Gedling",-0.005299417,-0.016260163,0.005434783,-0.004975124,-0.007125891,-0.003058104
