"Code","Name","LA_code","LA_name","All","X0to15","X16to29","X30to44","X45to64","X65plus"
"E01028147","Gedling 016C","E07000173","Gedling",0.016333938,0.007751938,0.013452915,-0.007604563,0.032608696,0.073170732
