"Code","Name","LA_code","LA_name","All","X0to15","X16to29","X30to44","X45to64","X65plus"
"E01028215","Gedling 009D","E07000173","Gedling",-0.012012012,0.022140221,-0.040229885,-0.02016129,-0.019900498,-0.008438819
