"Code","Name","LA_code","LA_name","All","X0to15","X16to29","X30to44","X45to64","X65plus"
"E01028158","Gedling 014D","E07000173","Gedling",0.005047319,0.042402827,0.011857708,0.018691589,-0.020642202,-0.01369863
