"Code","Name","LA_code","LA_name","All","X0to15","X16to29","X30to44","X45to64","X65plus"
"E01028192","Gedling 012F","E07000173","Gedling",-0.061660562,-0.089020772,-0.031007752,-0.03785489,-0.053738318,-0.093959732
