"Code","Name","LA_code","LA_name","All","X0to15","X16to29","X30to44","X45to64","X65plus"
"E01028172","Gedling 011A","E07000173","Gedling",-0.016594517,-0.024767802,-0.034653465,-0.007117438,-0.005602241,-0.01793722
