"Code","Name","LA_code","LA_name","All","X0to15","X16to29","X30to44","X45to64","X65plus"
"E01028206","Gedling 004C","E07000173","Gedling",0.008748318,0.018099548,-0.011070111,0.036734694,-0.002427184,0.011869436
