"Code","Name","LA_code","LA_name","All","X0to15","X16to29","X30to44","X45to64","X65plus"
"E01028170","Gedling 012C","E07000173","Gedling",0.020336606,0.019157088,0.01369863,0.061135371,-0.012376238,0.038338658
