"Code","Name","LA_code","LA_name","All","X0to15","X16to29","X30to44","X45to64","X65plus"
"E01028197","Gedling 010E","E07000173","Gedling",0.018571429,-0.056451613,0.065088757,0.012820513,0.007556675,0.065340909
