"Code","Name","LA_code","LA_name","All","X0to15","X16to29","X30to44","X45to64","X65plus"
"E01028176","Gedling 009A","E07000173","Gedling",0.010738255,0.066945607,-0.009569378,0.042918455,-0.012987013,-0.005763689
