"Code","Name","LA_code","LA_name","All","X0to15","X16to29","X30to44","X45to64","X65plus"
"E01028165","Gedling 006B","E07000173","Gedling",-0.003989362,0.003610108,-0.02745098,0.014388489,0.011331445,-0.023460411
