"Code","Name","LA_code","LA_name","All","X0to15","X16to29","X30to44","X45to64","X65plus"
"E01028155","Gedling 014A","E07000173","Gedling",-0.031205674,-0.062992126,-0.005376344,-0.033444816,-0.027918782,-0.02166065
