"Code","Name","LA_code","LA_name","All","X0to15","X16to29","X30to44","X45to64","X65plus"
"E01028181","Gedling 007C","E07000173","Gedling",0.01026694,-0.00462963,-0.013215859,0.003558719,0.021052632,0.030534351
