"Code","Name","LA_code","LA_name","All","X0to15","X16to29","X30to44","X45to64","X65plus"
"E01028216","Gedling 009E","E07000173","Gedling",0.015432099,0.012765957,0.039735099,0.010050251,-0.017283951,0.052287582
