"Code","Name","LA_code","LA_name","All","X0to15","X16to29","X30to44","X45to64","X65plus"
"E01028183","Gedling 007E","E07000173","Gedling",-0.017585931,-0.085106383,-0.017699115,0,0.003039514,-0.011848341
