"Code","Name","LA_code","LA_name","All","X0to15","X16to29","X30to44","X45to64","X65plus"
"E01028213","Gedling 002F","E07000173","Gedling",-0.006335797,-0.003802281,0,-0.007042254,-0.005376344,-0.009884679
