"Code","Name","LA_code","LA_name","All","X0to15","X16to29","X30to44","X45to64","X65plus"
"E01028177","Gedling 009B","E07000173","Gedling",-0.011060507,-0.024,0.021551724,-0.027237354,-0.009756098,-0.012886598
