"Code","Name","LA_code","LA_name","All","X0to15","X16to29","X30to44","X45to64","X65plus"
"E01022346","Gloucester 012D","E07000081","Gloucester",0.004602235,0.021875,-0.007194245,0.015810277,0.006960557,-0.020920502
