"Code","Name","LA_code","LA_name","All","X0to15","X16to29","X30to44","X45to64","X65plus"
"E01022339","Gloucester 014A","E07000081","Gloucester",0.011655012,0.002463054,-0.008,-0.002645503,0.010141988,0.08994709
