"Code","Name","LA_code","LA_name","All","X0to15","X16to29","X30to44","X45to64","X65plus"
"E01032936","Gloucester 015H","E07000081","Gloucester",-0.007549069,0.002394254,-0.017777778,0.02140411,-0.04238921,-0.149253731
