"Code","Name","LA_code","LA_name","All","X0to15","X16to29","X30to44","X45to64","X65plus"
"E01022322","Gloucester 011D","E07000081","Gloucester",-0.001504891,-0.007874016,0.025,0.02283105,0.014534884,-0.048076923
