"Code","Name","LA_code","LA_name","All","X0to15","X16to29","X30to44","X45to64","X65plus"
"E01022286","Gloucester 007F","E07000081","Gloucester",0.002486016,0.017902813,0.00952381,-0.002932551,-0.002645503,-0.02173913
