"Code","Name","LA_code","LA_name","All","X0to15","X16to29","X30to44","X45to64","X65plus"
"E01022295","Gloucester 003A","E07000081","Gloucester",0.007127584,0.082352941,-0.011173184,-0.033472803,-0.005376344,0.002793296
