"Code","Name","LA_code","LA_name","All","X0to15","X16to29","X30to44","X45to64","X65plus"
"E01022306","Gloucester 010E","E07000081","Gloucester",-0.005102041,-0.016460905,-0.043668122,-0.027559055,0.029885057,0.004739336
