"Code","Name","LA_code","LA_name","All","X0to15","X16to29","X30to44","X45to64","X65plus"
"E01022302","Gloucester 013D","E07000081","Gloucester",0.024531956,0.062256809,0.042635659,0.073469388,0.015463918,-0.032418953
