"Code","Name","LA_code","LA_name","All","X0to15","X16to29","X30to44","X45to64","X65plus"
"E01022323","Gloucester 008C","E07000081","Gloucester",-0.020880361,-0.031185031,-0.022857143,0.011267606,-0.023529412,-0.049689441
