"Code","Name","LA_code","LA_name","All","X0to15","X16to29","X30to44","X45to64","X65plus"
"E01022336","Gloucester 015B","E07000081","Gloucester",0.041292639,0.02020202,0.034682081,0.015075377,0.069277108,0.047169811
