"Code","Name","LA_code","LA_name","All","X0to15","X16to29","X30to44","X45to64","X65plus"
"E01022332","Gloucester 004A","E07000081","Gloucester",0.000570125,-0.047486034,-0.023136247,-0.009950249,0.016627078,0.130434783
