"Code","Name","LA_code","LA_name","All","X0to15","X16to29","X30to44","X45to64","X65plus"
"E01032932","Gloucester 004E","E07000081","Gloucester",0.009866512,-0.034090909,0.065420561,0.002352941,0.015625,-0.002544529
