"Code","Name","LA_code","LA_name","All","X0to15","X16to29","X30to44","X45to64","X65plus"
"E01022301","Gloucester 013C","E07000081","Gloucester",-0.068746022,-0.12465374,-0.11328125,-0.064102564,-0.057220708,0.025454545
