"Code","Name","LA_code","LA_name","All","X0to15","X16to29","X30to44","X45to64","X65plus"
"E01032933","Gloucester 015E","E07000081","Gloucester",0.1296,0.061666667,0.208333333,0.097966728,0.1875,0.333333333
