"Code","Name","LA_code","LA_name","All","X0to15","X16to29","X30to44","X45to64","X65plus"
"E01022328","Gloucester 008D","E07000081","Gloucester",0.022953328,0.04137931,0.020661157,0.024509804,0.013368984,0.015228426
