"Code","Name","LA_code","LA_name","All","X0to15","X16to29","X30to44","X45to64","X65plus"
"E01022333","Gloucester 009E","E07000081","Gloucester",0.004710633,0.060897436,-0.011538462,0.024221453,-0.012315271,-0.050228311
