"Code","Name","LA_code","LA_name","All","X0to15","X16to29","X30to44","X45to64","X65plus"
"E01022334","Gloucester 009F","E07000081","Gloucester",0.028949025,0.093984962,-0.021645022,-0.007142857,0.045351474,0.021563342
