"Code","Name","LA_code","LA_name","All","X0to15","X16to29","X30to44","X45to64","X65plus"
"E01022344","Gloucester 012B","E07000081","Gloucester",0.01055409,-0.020134228,0.014354067,0.052863436,0.006993007,0.011331445
