"Code","Name","LA_code","LA_name","All","X0to15","X16to29","X30to44","X45to64","X65plus"
"E01022320","Gloucester 011B","E07000081","Gloucester",-0.022285714,0.012084592,-0.009009009,0,-0.028747433,-0.092857143
