"Code","Name","LA_code","LA_name","All","X0to15","X16to29","X30to44","X45to64","X65plus"
"E01022342","Gloucester 014D","E07000081","Gloucester",0.007602339,0.031791908,-0.017647059,0.013636364,-0.010330579,0.07
