"Code","Name","LA_code","LA_name","All","X0to15","X16to29","X30to44","X45to64","X65plus"
"E01022807","Gosport 005A","E07000088","Gosport",-0.008866371,-0.044217687,-0.010840108,0.006944444,-0.010471204,0.020325203
