"Code","Name","LA_code","LA_name","All","X0to15","X16to29","X30to44","X45to64","X65plus"
"E01022836","Gosport 001E","E07000088","Gosport",0.013748191,0.075471698,-0.019607843,0.022346369,0.005249344,0.007843137
