"Code","Name","LA_code","LA_name","All","X0to15","X16to29","X30to44","X45to64","X65plus"
"E01022800","Gosport 001A","E07000088","Gosport",0,-0.010869565,0,-0.013422819,0.006960557,0.016025641
