"Code","Name","LA_code","LA_name","All","X0to15","X16to29","X30to44","X45to64","X65plus"
"E01022797","Gosport 010A","E07000088","Gosport",-0.027675277,-0.1,-0.066176471,-0.006711409,-0.00617284,-0.009230769
