"Code","Name","LA_code","LA_name","All","X0to15","X16to29","X30to44","X45to64","X65plus"
"E01022820","Gosport 004B","E07000088","Gosport",0.008431703,0.008680556,0.002544529,-0.007194245,0.021406728,0.075757576
