"Code","Name","LA_code","LA_name","All","X0to15","X16to29","X30to44","X45to64","X65plus"
"E01022794","Gosport 009A","E07000088","Gosport",-0.00397351,-0.045643154,-0.050632911,0.077348066,-0.031460674,0.026804124
