"Code","Name","LA_code","LA_name","All","X0to15","X16to29","X30to44","X45to64","X65plus"
"E01022832","Gosport 007D","E07000088","Gosport",-0.051474841,-0.088541667,-0.034920635,-0.073529412,-0.045544554,0.021621622
