"Code","Name","LA_code","LA_name","All","X0to15","X16to29","X30to44","X45to64","X65plus"
"E01022813","Gosport 003A","E07000088","Gosport",0.005726557,-0.029090909,0,-0.003703704,0.024691358,0.033333333
