"Code","Name","LA_code","LA_name","All","X0to15","X16to29","X30to44","X45to64","X65plus"
"E01022796","Gosport 009C","E07000088","Gosport",0,0.032608696,-0.099099099,-0.021582734,-0.019337017,0.029644269
