"Code","Name","LA_code","LA_name","All","X0to15","X16to29","X30to44","X45to64","X65plus"
"E01032880","Gosport 006F","E07000088","Gosport",-0.055788006,-0.067692308,-0.026737968,-0.053691275,-0.110576923,0.043269231
