"Code","Name","LA_code","LA_name","All","X0to15","X16to29","X30to44","X45to64","X65plus"
"E01022842","Gosport 004F","E07000088","Gosport",0.020469597,0.032653061,0.005319149,0.002717391,0.041353383,0.02484472
