"Code","Name","LA_code","LA_name","All","X0to15","X16to29","X30to44","X45to64","X65plus"
"E01022839","Gosport 007E","E07000088","Gosport",0.019736842,0.013513514,0.021276596,0.044897959,0.058962264,-0.070247934
