"Code","Name","LA_code","LA_name","All","X0to15","X16to29","X30to44","X45to64","X65plus"
"E01024273","Gravesham 013A","E07000109","Gravesham",0.005095541,0.042801556,0.036437247,-0.024630542,-0.005524862,-0.0125
