"Code","Name","LA_code","LA_name","All","X0to15","X16to29","X30to44","X45to64","X65plus"
"E01024284","Gravesham 004E","E07000109","Gravesham",-0.010644959,-0.0234375,-0.019305019,-0.019323671,0.008219178,0.011428571
