"Code","Name","LA_code","LA_name","All","X0to15","X16to29","X30to44","X45to64","X65plus"
"E01024305","Gravesham 011C","E07000109","Gravesham",0.037507213,0.024,0.033707865,0.026785714,0.055137845,0.070422535
