"Code","Name","LA_code","LA_name","All","X0to15","X16to29","X30to44","X45to64","X65plus"
"E01024302","Gravesham 013D","E07000109","Gravesham",-0.000678887,0.034615385,-0.06010929,-0.032258065,0.01891253,-0.002375297
