"Code","Name","LA_code","LA_name","All","X0to15","X16to29","X30to44","X45to64","X65plus"
"E01024308","Gravesham 007A","E07000109","Gravesham",-0.004611331,0.009852217,0.019455253,-0.015267176,0.013661202,-0.074889868
