"Code","Name","LA_code","LA_name","All","X0to15","X16to29","X30to44","X45to64","X65plus"
"E01024315","Gravesham 007E","E07000109","Gravesham",-0.003050641,-0.024657534,-0.036363636,0.030405405,0.01891253,-0.010714286
