"Code","Name","LA_code","LA_name","All","X0to15","X16to29","X30to44","X45to64","X65plus"
"E01024275","Gravesham 013C","E07000109","Gravesham",0.005291005,0.045977011,-0.019512195,0.012048193,-0.019950125,0.019323671
