"Code","Name","LA_code","LA_name","All","X0to15","X16to29","X30to44","X45to64","X65plus"
"E01024295","Gravesham 002E","E07000109","Gravesham",-0.015225933,-0.018735363,-0.014492754,-0.016563147,-0.022421525,0.003759398
