"Code","Name","LA_code","LA_name","All","X0to15","X16to29","X30to44","X45to64","X65plus"
"E01024286","Gravesham 009B","E07000109","Gravesham",-0.025348542,-0.04029304,-0.068627451,-0.07518797,0.010245902,0
