"Code","Name","LA_code","LA_name","All","X0to15","X16to29","X30to44","X45to64","X65plus"
"E01024296","Gravesham 003E","E07000109","Gravesham",-0.017077799,-0.005540166,-0.037572254,0.001150748,-0.014150943,-0.065843621
