"Code","Name","LA_code","LA_name","All","X0to15","X16to29","X30to44","X45to64","X65plus"
"E01024312","Gravesham 008E","E07000109","Gravesham",-0.005359877,0.069090909,-0.010204082,-0.042307692,-0.056179775,0.03196347
