"Code","Name","LA_code","LA_name","All","X0to15","X16to29","X30to44","X45to64","X65plus"
"E01024279","Gravesham 001D","E07000109","Gravesham",-0.02020202,-0.004405286,-0.051428571,-0.01344086,-0.011331445,-0.032467532
