"Code","Name","LA_code","LA_name","All","X0to15","X16to29","X30to44","X45to64","X65plus"
"E01024314","Gravesham 007D","E07000109","Gravesham",0.00385208,-0.007968127,-0.01754386,0.004032258,-0.005813953,0.052863436
