"Code","Name","LA_code","LA_name","All","X0to15","X16to29","X30to44","X45to64","X65plus"
"E01024288","Gravesham 006E","E07000109","Gravesham",0.005961252,0.019607843,-0.005988024,-0.016759777,0.005698006,0.013605442
