"Code","Name","LA_code","LA_name","All","X0to15","X16to29","X30to44","X45to64","X65plus"
"E01024268","Gravesham 012A","E07000109","Gravesham",0.019480519,0.047169811,-0.009009009,0.045977011,-0.002178649,0.031712474
