"Code","Name","LA_code","LA_name","All","X0to15","X16to29","X30to44","X45to64","X65plus"
"E01024316","Gravesham 009C","E07000109","Gravesham",0.014567669,0.013363029,0.008333333,0.032941176,0.001834862,0.020057307
