"Code","Name","LA_code","LA_name","All","X0to15","X16to29","X30to44","X45to64","X65plus"
"E01024301","Gravesham 010E","E07000109","Gravesham",-0.002379064,-0.04040404,0,-0.023255814,-0.025069638,0.047222222
