"Code","Name","LA_code","LA_name","All","X0to15","X16to29","X30to44","X45to64","X65plus"
"E01024276","Gravesham 001A","E07000109","Gravesham",-0.001491424,-0.008116883,0.003676471,-0.001468429,-0.010135135,0.024096386
