"Code","Name","LA_code","LA_name","All","X0to15","X16to29","X30to44","X45to64","X65plus"
"E01024267","Gravesham 010C","E07000109","Gravesham",0.013861386,0.034351145,0.060240964,0.028776978,0.014184397,-0.031088083
