"Code","Name","LA_code","LA_name","All","X0to15","X16to29","X30to44","X45to64","X65plus"
"E01024277","Gravesham 001B","E07000109","Gravesham",-0.014091123,-0.043918919,-0.019230769,0,0.006802721,0.004464286
