"Code","Name","LA_code","LA_name","All","X0to15","X16to29","X30to44","X45to64","X65plus"
"E01024272","Gravesham 012E","E07000109","Gravesham",-0.000652742,0.013824885,-0.027027027,-0.015544041,0.016736402,-0.008714597
