"Code","Name","LA_code","LA_name","All","X0to15","X16to29","X30to44","X45to64","X65plus"
"E01024319","Gravesham 009D","E07000109","Gravesham",-0.026690391,-0.019337017,-0.060810811,-0.003257329,-0.034979424,-0.008510638
