"Code","Name","LA_code","LA_name","All","X0to15","X16to29","X30to44","X45to64","X65plus"
"E01024291","Gravesham 002D","E07000109","Gravesham",0.010204082,0.046831956,-0.005089059,0.02690583,-0.005390836,-0.020761246
