"Code","Name","LA_code","LA_name","All","X0to15","X16to29","X30to44","X45to64","X65plus"
"E01026640","Great Yarmouth 004C","E07000145","Great Yarmouth",-0.003916449,0.042780749,-0.010526316,0,0.005263158,-0.023217247
