"Code","Name","LA_code","LA_name","All","X0to15","X16to29","X30to44","X45to64","X65plus"
"E01026609","Great Yarmouth 002B","E07000145","Great Yarmouth",-0.002608696,-0.027932961,0.007246377,-0.005586592,-0.002427184,0.012396694
