"Code","Name","LA_code","LA_name","All","X0to15","X16to29","X30to44","X45to64","X65plus"
"E01026602","Great Yarmouth 009B","E07000145","Great Yarmouth",0.010936432,0.012605042,-0.004901961,0.041025641,-0.010025063,0.023419204
