"Code","Name","LA_code","LA_name","All","X0to15","X16to29","X30to44","X45to64","X65plus"
"E01026589","Great Yarmouth 003A","E07000145","Great Yarmouth",0.002855103,-0.042016807,0.044247788,-0.009259259,0.013550136,0.002840909
