"Code","Name","LA_code","LA_name","All","X0to15","X16to29","X30to44","X45to64","X65plus"
"E01026585","Great Yarmouth 013A","E07000145","Great Yarmouth",-0.006284368,-0.098445596,0.04,-0.027173913,0.052795031,-0.016509434
