"Code","Name","LA_code","LA_name","All","X0to15","X16to29","X30to44","X45to64","X65plus"
"E01026581","Great Yarmouth 008A","E07000145","Great Yarmouth",-0.01459854,-0.042207792,0.029166667,-0.00308642,-0.004555809,-0.045045045
