"Code","Name","LA_code","LA_name","All","X0to15","X16to29","X30to44","X45to64","X65plus"
"E01026596","Great Yarmouth 005B","E07000145","Great Yarmouth",-0.02758216,-0.048387097,-0.036789298,-0.059936909,0.012958963,-0.025396825
