"Code","Name","LA_code","LA_name","All","X0to15","X16to29","X30to44","X45to64","X65plus"
"E01026626","Great Yarmouth 006E","E07000145","Great Yarmouth",-0.000472813,0.024570025,-0.025974026,0,0.005703422,-0.007246377
