"Code","Name","LA_code","LA_name","All","X0to15","X16to29","X30to44","X45to64","X65plus"
"E01026620","Great Yarmouth 011D","E07000145","Great Yarmouth",0.032140248,0.124161074,-0.022727273,0.098130841,-0.012698413,-0.016393443
