"Code","Name","LA_code","LA_name","All","X0to15","X16to29","X30to44","X45to64","X65plus"
"E01026587","Great Yarmouth 013C","E07000145","Great Yarmouth",0.008677897,0.027027027,0.03202847,0.008498584,0.007476636,-0.021428571
