"Code","Name","LA_code","LA_name","All","X0to15","X16to29","X30to44","X45to64","X65plus"
"E01026592","Great Yarmouth 003D","E07000145","Great Yarmouth",0.006219765,-0.007042254,-0.029411765,-0.00729927,0.037974684,0.001658375
