"Code","Name","LA_code","LA_name","All","X0to15","X16to29","X30to44","X45to64","X65plus"
"E01026608","Great Yarmouth 002A","E07000145","Great Yarmouth",-0.020028612,-0.004784689,-0.017045455,-0.023923445,-0.029612756,-0.016438356
