"Code","Name","LA_code","LA_name","All","X0to15","X16to29","X30to44","X45to64","X65plus"
"E01026594","Great Yarmouth 003F","E07000145","Great Yarmouth",-0.01184346,-0.00273224,-0.033222591,-0.020771513,-0.016746411,0.003846154
