"Code","Name","LA_code","LA_name","All","X0to15","X16to29","X30to44","X45to64","X65plus"
"E01026607","Great Yarmouth 001C","E07000145","Great Yarmouth",0.003099814,0.034934498,0,0.014634146,-0.003952569,-0.00867679
