"Code","Name","LA_code","LA_name","All","X0to15","X16to29","X30to44","X45to64","X65plus"
"E01026632","Great Yarmouth 009E","E07000145","Great Yarmouth",0.04825901,0.14801444,0.051282051,0.036900369,0.013297872,0.017456359
