"Code","Name","LA_code","LA_name","All","X0to15","X16to29","X30to44","X45to64","X65plus"
"E01026593","Great Yarmouth 003E","E07000145","Great Yarmouth",0.018404908,0.059602649,0.023255814,0.031446541,0.009925558,0.006493506
