"Code","Name","LA_code","LA_name","All","X0to15","X16to29","X30to44","X45to64","X65plus"
"E01026610","Great Yarmouth 010A","E07000145","Great Yarmouth",-0.063157895,-0.07028754,-0.049180328,-0.068027211,-0.080939948,-0.035555556
