"Code","Name","LA_code","LA_name","All","X0to15","X16to29","X30to44","X45to64","X65plus"
"E01026588","Great Yarmouth 013D","E07000145","Great Yarmouth",-0.014116749,-0.022167488,-0.011661808,-0.014669927,-0.008042895,-0.016736402
