"Code","Name","LA_code","LA_name","All","X0to15","X16to29","X30to44","X45to64","X65plus"
"E01026603","Great Yarmouth 009C","E07000145","Great Yarmouth",-0.040863981,-0.1075,-0.021857923,-0.007968127,-0.027896996,-0.017391304
