"Code","Name","LA_code","LA_name","All","X0to15","X16to29","X30to44","X45to64","X65plus"
"E01026621","Great Yarmouth 011E","E07000145","Great Yarmouth",-0.013274336,-0.008823529,0.040322581,-0.037037037,-0.027777778,-0.022535211
