"Code","Name","LA_code","LA_name","All","X0to15","X16to29","X30to44","X45to64","X65plus"
"E01026584","Great Yarmouth 008D","E07000145","Great Yarmouth",-0.018957346,0.015957447,-0.006060606,-0.036842105,-0.071232877,0.005272408
