"Code","Name","LA_code","LA_name","All","X0to15","X16to29","X30to44","X45to64","X65plus"
"E01026606","Great Yarmouth 001B","E07000145","Great Yarmouth",-0.005204945,0.01754386,-0.109756098,-0.079096045,0.010060362,0.03030303
