"Code","Name","LA_code","LA_name","All","X0to15","X16to29","X30to44","X45to64","X65plus"
"E01001585","Greenwich 016B","E09000011","Greenwich",-0.023442733,0.01497006,-0.049327354,-0.025906736,-0.045092838,-0.011560694
