"Code","Name","LA_code","LA_name","All","X0to15","X16to29","X30to44","X45to64","X65plus"
"E01001677","Greenwich 006E","E09000011","Greenwich",0.015341702,0.019569472,-0.002325581,0.012658228,0.008213552,0.076470588
