"Code","Name","LA_code","LA_name","All","X0to15","X16to29","X30to44","X45to64","X65plus"
"E01001664","Greenwich 037B","E09000011","Greenwich",0.005120328,0.059936909,0.012019231,-0.006861063,0,-0.042372881
