"Code","Name","LA_code","LA_name","All","X0to15","X16to29","X30to44","X45to64","X65plus"
"E01033732","Greenwich 036D","E09000011","Greenwich",-0.013949433,-0.01793722,0.037542662,0.011389522,-0.092715232,-0.341463415
