"Code","Name","LA_code","LA_name","All","X0to15","X16to29","X30to44","X45to64","X65plus"
"E01001602","Greenwich 031C","E09000011","Greenwich",0.000970874,-0.002096436,0.016901408,-0.002197802,0.006012024,-0.018248175
