"Code","Name","LA_code","LA_name","All","X0to15","X16to29","X30to44","X45to64","X65plus"
"E01001621","Greenwich 025B","E09000011","Greenwich",-0.005145798,-0.033742331,-0.010344828,-0.016470588,0.010989011,0.027667984
