"Code","Name","LA_code","LA_name","All","X0to15","X16to29","X30to44","X45to64","X65plus"
"E01001613","Greenwich 028A","E09000011","Greenwich",-0.009958992,-0.055384615,0.006802721,0,0.002747253,-0.00621118
