"Code","Name","LA_code","LA_name","All","X0to15","X16to29","X30to44","X45to64","X65plus"
"E01001656","Greenwich 034A","E09000011","Greenwich",0.005116959,0.003496503,-0.0125,0.002793296,0.015384615,0.008368201
