"Code","Name","LA_code","LA_name","All","X0to15","X16to29","X30to44","X45to64","X65plus"
"E01001651","Greenwich 019C","E09000011","Greenwich",0.002750275,0.01216545,-0.029900332,-0.010683761,0.002293578,0.064356436
