"Code","Name","LA_code","LA_name","All","X0to15","X16to29","X30to44","X45to64","X65plus"
"E01001674","Greenwich 006C","E09000011","Greenwich",0.01483542,-0.002008032,0.02195122,0.010373444,0.005703422,0.066390041
