"Code","Name","LA_code","LA_name","All","X0to15","X16to29","X30to44","X45to64","X65plus"
"E01001704","Greenwich 011F","E09000011","Greenwich",-0.03559322,-0.077956989,-0.015384615,-0.034965035,-0.013333333,-0.034749035
