"Code","Name","LA_code","LA_name","All","X0to15","X16to29","X30to44","X45to64","X65plus"
"E01001614","Greenwich 028B","E09000011","Greenwich",-0.007333333,0,0.003984064,0.013274336,-0.035714286,0.002915452
