"Code","Name","LA_code","LA_name","All","X0to15","X16to29","X30to44","X45to64","X65plus"
"E01001695","Greenwich 011A","E09000011","Greenwich",0.017820425,0.055016181,-0.005714286,-0.017804154,0.021084337,0.076335878
