"Code","Name","LA_code","LA_name","All","X0to15","X16to29","X30to44","X45to64","X65plus"
"E01001687","Greenwich 002A","E09000011","Greenwich",0.018630137,0.030927835,0.005050505,0.009363296,0.016806723,0.078125
