"Code","Name","LA_code","LA_name","All","X0to15","X16to29","X30to44","X45to64","X65plus"
"E01001582","Greenwich 021B","E09000011","Greenwich",-0.024253731,-0.044198895,-0.078740157,-0.008152174,0.024096386,-0.02739726
