"Code","Name","LA_code","LA_name","All","X0to15","X16to29","X30to44","X45to64","X65plus"
"E01001644","Greenwich 038D","E09000011","Greenwich",-0.016447368,0.002610966,-0.026134801,-0.009138381,-0.01937046,-0.048951049
