"Code","Name","LA_code","LA_name","All","X0to15","X16to29","X30to44","X45to64","X65plus"
"E01001611","Greenwich 023D","E09000011","Greenwich",-0.009174312,0.029315961,-0.073359073,-0.034883721,0.025761124,-0.00623053
