"Code","Name","LA_code","LA_name","All","X0to15","X16to29","X30to44","X45to64","X65plus"
"E01001655","Greenwich 029C","E09000011","Greenwich",0.004297115,-0.040302267,0.03125,0.007042254,0.008196721,0.052631579
