"Code","Name","LA_code","LA_name","All","X0to15","X16to29","X30to44","X45to64","X65plus"
"E01001665","Greenwich 037C","E09000011","Greenwich",-0.001994018,-0.032994924,0.001798561,0.001633987,0.062111801,-0.106557377
