"Code","Name","LA_code","LA_name","All","X0to15","X16to29","X30to44","X45to64","X65plus"
"E01001683","Greenwich 017B","E09000011","Greenwich",-0.020048603,-0.054054054,-0.035460993,0.002457002,-0.014492754,0.011560694
