"Code","Name","LA_code","LA_name","All","X0to15","X16to29","X30to44","X45to64","X65plus"
"E01033733","Greenwich 036E","E09000011","Greenwich",-0.002378121,0.00776699,-0.010309278,-0.017942584,0.012345679,0.196428571
