"Code","Name","LA_code","LA_name","All","X0to15","X16to29","X30to44","X45to64","X65plus"
"E01001702","Greenwich 015D","E09000011","Greenwich",0.008484848,0.007984032,-0.010989011,-0.01529052,0.049861496,0.010309278
