"Code","Name","LA_code","LA_name","All","X0to15","X16to29","X30to44","X45to64","X65plus"
"E01001636","Greenwich 007E","E09000011","Greenwich",-0.000558659,-0.014492754,-0.002747253,-0.012891344,0.039274924,-0.004830918
