"Code","Name","LA_code","LA_name","All","X0to15","X16to29","X30to44","X45to64","X65plus"
"E01001675","Greenwich 006D","E09000011","Greenwich",0.000488043,0.022277228,-0.010025063,-0.007207207,0,0
