"Code","Name","LA_code","LA_name","All","X0to15","X16to29","X30to44","X45to64","X65plus"
"E01001595","Greenwich 012D","E09000011","Greenwich",0.07998107,0.157342657,0.045092838,0.073619632,0.046025105,0.020304569
