"Code","Name","LA_code","LA_name","All","X0to15","X16to29","X30to44","X45to64","X65plus"
"E01001642","Greenwich 038C","E09000011","Greenwich",0.014243323,0.006493506,0.039647577,0.024017467,0.013793103,-0.015564202
