"Code","Name","LA_code","LA_name","All","X0to15","X16to29","X30to44","X45to64","X65plus"
"E01033728","Greenwich 035C","E09000011","Greenwich",0.023388477,0.062015504,0.040665434,0.010989011,-0.003717472,-0.0625
