"Code","Name","LA_code","LA_name","All","X0to15","X16to29","X30to44","X45to64","X65plus"
"E01033729","Greenwich 030E","E09000011","Greenwich",-0.011965192,-0.025316456,-0.004807692,-0.026470588,0.002277904,-0.027237354
