"Code","Name","LA_code","LA_name","All","X0to15","X16to29","X30to44","X45to64","X65plus"
"E01001678","Greenwich 017A","E09000011","Greenwich",-0.006853227,0.010899183,-0.006349206,0.008928571,-0.026422764,-0.01659751
