"Code","Name","LA_code","LA_name","All","X0to15","X16to29","X30to44","X45to64","X65plus"
"E01001624","Greenwich 025D","E09000011","Greenwich",0.001310616,0.050909091,0.028846154,0.00591716,-0.015452539,-0.051587302
