"Code","Name","LA_code","LA_name","All","X0to15","X16to29","X30to44","X45to64","X65plus"
"E01001576","Greenwich 003B","E09000011","Greenwich",-0.008592911,-0.005235602,-0.026229508,-0.013192612,-0.014457831,0.031578947
