"Code","Name","LA_code","LA_name","All","X0to15","X16to29","X30to44","X45to64","X65plus"
"E01001590","Greenwich 014A","E09000011","Greenwich",0.014874142,0.008695652,0.00280112,0,0.03030303,0.072368421
