"Code","Name","LA_code","LA_name","All","X0to15","X16to29","X30to44","X45to64","X65plus"
"E01030486","Guildford 009A","E07000209","Guildford",-0.012620192,-0.046511628,-0.027522936,-0.015384615,-0.007228916,0.047619048
