"Code","Name","LA_code","LA_name","All","X0to15","X16to29","X30to44","X45to64","X65plus"
"E01030433","Guildford 010D","E07000209","Guildford",-0.004550626,0.005633803,0.038709677,-0.0078125,-0.002132196,-0.075
