"Code","Name","LA_code","LA_name","All","X0to15","X16to29","X30to44","X45to64","X65plus"
"E01030469","Guildford 015D","E07000209","Guildford",0.004062288,0.023890785,-0.031700288,-0.008368201,0.03021978,0.004273504
