"Code","Name","LA_code","LA_name","All","X0to15","X16to29","X30to44","X45to64","X65plus"
"E01030482","Guildford 007B","E07000209","Guildford",0.002040816,0,0.006042296,-0.008902077,0.00623053,0.011494253
