"Code","Name","LA_code","LA_name","All","X0to15","X16to29","X30to44","X45to64","X65plus"
"E01030462","Guildford 008C","E07000209","Guildford",0.022611645,0.048192771,0.024305556,0.033898305,0.013953488,-0.002739726
