"Code","Name","LA_code","LA_name","All","X0to15","X16to29","X30to44","X45to64","X65plus"
"E01030422","Guildford 014B","E07000209","Guildford",0.021696252,0.022813688,0.004166667,-0.002898551,0.027210884,0.064655172
