"Code","Name","LA_code","LA_name","All","X0to15","X16to29","X30to44","X45to64","X65plus"
"E01030424","Guildford 010A","E07000209","Guildford",-0.004935225,-0.02507837,-0.016,-0.010989011,-0.015189873,0.04778157
