"Code","Name","LA_code","LA_name","All","X0to15","X16to29","X30to44","X45to64","X65plus"
"E01030445","Guildford 003E","E07000209","Guildford",-0.027777778,-0.040145985,-0.041841004,-0.03125,-0.002358491,-0.035460993
