"Code","Name","LA_code","LA_name","All","X0to15","X16to29","X30to44","X45to64","X65plus"
"E01030455","Guildford 013E","E07000209","Guildford",-0.07364545,-0.038647343,-0.148083624,-0.064516129,-0.068493151,0.038610039
