"Code","Name","LA_code","LA_name","All","X0to15","X16to29","X30to44","X45to64","X65plus"
"E01030481","Guildford 007A","E07000209","Guildford",-0.008205689,0.029255319,-0.037037037,-0.037783375,-0.009779951,0.033195021
