"Code","Name","LA_code","LA_name","All","X0to15","X16to29","X30to44","X45to64","X65plus"
"E01030472","Guildford 017B","E07000209","Guildford",-0.009399855,0.029605263,0.043715847,0.018181818,-0.056847545,-0.041522491
