"Code","Name","LA_code","LA_name","All","X0to15","X16to29","X30to44","X45to64","X65plus"
"E01030437","Guildford 011B","E07000209","Guildford",-0.037947391,-0.03868472,-0.067073171,-0.059952038,-0.031847134,-0.002331002
