"Code","Name","LA_code","LA_name","All","X0to15","X16to29","X30to44","X45to64","X65plus"
"E01030461","Guildford 011E","E07000209","Guildford",0.015124017,0.022857143,-0.047619048,0.020746888,0.028688525,0.026239067
