"Code","Name","LA_code","LA_name","All","X0to15","X16to29","X30to44","X45to64","X65plus"
"E01030463","Guildford 008D","E07000209","Guildford",-0.006397953,-0.00660066,-0.011320755,-0.034375,0.011547344,0.004132231
