"Code","Name","LA_code","LA_name","All","X0to15","X16to29","X30to44","X45to64","X65plus"
"E01030429","Guildford 004D","E07000209","Guildford",-0.014302741,0,-0.00625,-0.052631579,-0.021108179,0.051813472
