"Code","Name","LA_code","LA_name","All","X0to15","X16to29","X30to44","X45to64","X65plus"
"E01030502","Guildford 005D","E07000209","Guildford",-0.008955224,-0.064377682,0.031007752,-0.079069767,0.005479452,0.037174721
