"Code","Name","LA_code","LA_name","All","X0to15","X16to29","X30to44","X45to64","X65plus"
"E01030479","Guildford 017D","E07000209","Guildford",-0.013662638,0.002617801,-0.058219178,-0.018735363,-0.01242236,0.012539185
