"Code","Name","LA_code","LA_name","All","X0to15","X16to29","X30to44","X45to64","X65plus"
"E01030478","Guildford 017C","E07000209","Guildford",-0.029286726,-0.014084507,-0.037542662,-0.051829268,-0.029090909,-0.021996616
