"Code","Name","LA_code","LA_name","All","X0to15","X16to29","X30to44","X45to64","X65plus"
"E01030432","Guildford 010C","E07000209","Guildford",-0.010585305,-0.008174387,-0.040892193,0.005,0,-0.021551724
