"Code","Name","LA_code","LA_name","All","X0to15","X16to29","X30to44","X45to64","X65plus"
"E01030460","Guildford 011D","E07000209","Guildford",0,-0.028871391,-0.053921569,-0.020618557,0.032537961,0.037790698
