"Code","Name","LA_code","LA_name","All","X0to15","X16to29","X30to44","X45to64","X65plus"
"E01030449","Guildford 016B","E07000209","Guildford",0.026657553,0.053571429,0.097560976,-0.01396648,-0.003344482,0
