"Code","Name","LA_code","LA_name","All","X0to15","X16to29","X30to44","X45to64","X65plus"
"W01000069","Gwynedd 013A","W06000002","Gwynedd",0.021696252,0.022624434,0.024390244,0.045454545,0.020253165,0.012891344
