"Code","Name","LA_code","LA_name","All","X0to15","X16to29","X30to44","X45to64","X65plus"
"W01000116","Gwynedd 017D","W06000002","Gwynedd",-0.010131108,-0.013953488,0.006535948,-0.123595506,0.019417476,-0.001388889
