"Code","Name","LA_code","LA_name","All","X0to15","X16to29","X30to44","X45to64","X65plus"
"W01000071","Gwynedd 003B","W06000002","Gwynedd",-0.010561893,0.004149378,0,-0.042471042,-0.009771987,0.00297619
