"Code","Name","LA_code","LA_name","All","X0to15","X16to29","X30to44","X45to64","X65plus"
"W01000079","Gwynedd 013C","W06000002","Gwynedd",0.018774704,0.017699115,0.014492754,0.081395349,-0.003436426,0.0234375
