"Code","Name","LA_code","LA_name","All","X0to15","X16to29","X30to44","X45to64","X65plus"
"W01000087","Gwynedd 004C","W06000002","Gwynedd",-0.013595166,-0.031042129,-0.036827195,0.005479452,-0.015873016,0.013297872
