"Code","Name","LA_code","LA_name","All","X0to15","X16to29","X30to44","X45to64","X65plus"
"W01000090","Gwynedd 002D","W06000002","Gwynedd",0.012720848,0.020348837,0.047101449,0.016393443,0.014534884,-0.053140097
