"Code","Name","LA_code","LA_name","All","X0to15","X16to29","X30to44","X45to64","X65plus"
"W01000102","Gwynedd 002E","W06000002","Gwynedd",0.018227009,0.028708134,0.015544041,0,0.062111801,-0.022801303
