"Code","Name","LA_code","LA_name","All","X0to15","X16to29","X30to44","X45to64","X65plus"
"W01000064","Gwynedd 002A","W06000002","Gwynedd",-0.053079619,-0.00862069,-0.068965517,-0.034031414,-0.072115385,-0.096666667
