"Code","Name","LA_code","LA_name","All","X0to15","X16to29","X30to44","X45to64","X65plus"
"W01000051","Gwynedd 015A","W06000002","Gwynedd",-0.017106549,0.00862069,0,0,-0.034548944,-0.040567951
