"Code","Name","LA_code","LA_name","All","X0to15","X16to29","X30to44","X45to64","X65plus"
"W01000104","Gwynedd 008C","W06000002","Gwynedd",-0.001593202,0.020172911,0.011764706,-0.016025641,-0.020179372,0
