"Code","Name","LA_code","LA_name","All","X0to15","X16to29","X30to44","X45to64","X65plus"
"W01000076","Gwynedd 001B","W06000002","Gwynedd",0.027555556,0.037593985,0.016227181,0.047619048,0.060240964,0.005376344
