"Code","Name","LA_code","LA_name","All","X0to15","X16to29","X30to44","X45to64","X65plus"
"W01000084","Gwynedd 014D","W06000002","Gwynedd",-0.006530612,0.08125,0.022099448,-0.076388889,-0.025,-0.013157895
