"Code","Name","LA_code","LA_name","All","X0to15","X16to29","X30to44","X45to64","X65plus"
"W01000111","Gwynedd 007C","W06000002","Gwynedd",0.006138735,0.02811245,0.023952096,0.021428571,-0.002631579,-0.025906736
