"Code","Name","LA_code","LA_name","All","X0to15","X16to29","X30to44","X45to64","X65plus"
"W01000060","Gwynedd 015B","W06000002","Gwynedd",0.004559271,0.072815534,-0.046242775,0.055900621,-0.027253669,0.010033445
