"Code","Name","LA_code","LA_name","All","X0to15","X16to29","X30to44","X45to64","X65plus"
"W01000088","Gwynedd 007B","W06000002","Gwynedd",-0.024425287,-0.004587156,-0.070921986,0,-0.040472175,-0.011441648
