"Code","Name","LA_code","LA_name","All","X0to15","X16to29","X30to44","X45to64","X65plus"
"W01000050","Gwynedd 003A","W06000002","Gwynedd",-0.022743426,-0.029304029,-0.00990099,-0.013824885,-0.014423077,-0.043478261
