"Code","Name","LA_code","LA_name","All","X0to15","X16to29","X30to44","X45to64","X65plus"
"W01000103","Gwynedd 005D","W06000002","Gwynedd",-0.031274433,0.027322404,0.02739726,-0.107296137,0.002659574,-0.100746269
