"Code","Name","LA_code","LA_name","All","X0to15","X16to29","X30to44","X45to64","X65plus"
"W01000112","Gwynedd 008D","W06000002","Gwynedd",0.025192802,0.044502618,0.022082019,0.023738872,0.018867925,0.018469657
