"Code","Name","LA_code","LA_name","All","X0to15","X16to29","X30to44","X45to64","X65plus"
"W01000057","Gwynedd 016C","W06000002","Gwynedd",-0.012738854,-0.004587156,-0.019900498,-0.025316456,-0.012531328,-0.009153318
