"Code","Name","LA_code","LA_name","All","X0to15","X16to29","X30to44","X45to64","X65plus"
"W01000117","Gwynedd 017E","W06000002","Gwynedd",-0.014464168,-0.042307692,-0.035087719,0.005681818,-0.008791209,0
