"Code","Name","LA_code","LA_name","All","X0to15","X16to29","X30to44","X45to64","X65plus"
"W01000063","Gwynedd 005A","W06000002","Gwynedd",-0.023091423,-0.037444934,-0.029484029,0.035947712,-0.023972603,-0.045822102
