"Code","Name","LA_code","LA_name","All","X0to15","X16to29","X30to44","X45to64","X65plus"
"W01000095","Gwynedd 012C","W06000002","Gwynedd",0.012014134,0.031620553,0.04245283,0.009756098,0.008086253,-0.013368984
