"Code","Name","LA_code","LA_name","All","X0to15","X16to29","X30to44","X45to64","X65plus"
"E01001805","Hackney 009B","E09000012","Hackney",-0.025365104,-0.011673152,-0.048275862,-0.004901961,-0.029166667,-0.066037736
