"Code","Name","LA_code","LA_name","All","X0to15","X16to29","X30to44","X45to64","X65plus"
"E01001759","Hackney 016E","E09000012","Hackney",0.028930131,0.015432099,0.031553398,0.044036697,0.0234375,0.011976048
