"Code","Name","LA_code","LA_name","All","X0to15","X16to29","X30to44","X45to64","X65plus"
"E01033711","Hackney 027I","E09000012","Hackney",-0.03752606,-0.337078652,-0.015353122,0.010909091,-0.098039216,-0.209302326
