"Code","Name","LA_code","LA_name","All","X0to15","X16to29","X30to44","X45to64","X65plus"
"E01001768","Hackney 006D","E09000012","Hackney",-0.028301887,0.010309278,-0.01937046,-0.034739454,-0.022535211,-0.10738255
