"Code","Name","LA_code","LA_name","All","X0to15","X16to29","X30to44","X45to64","X65plus"
"E01001726","Hackney 004B","E09000012","Hackney",-0.017615176,0.016786571,-0.01384083,-0.016172507,-0.028846154,-0.16091954
