"Code","Name","LA_code","LA_name","All","X0to15","X16to29","X30to44","X45to64","X65plus"
"E01001804","Hackney 003C","E09000012","Hackney",-0.004941322,-0.013937282,-0.013289037,0.010666667,-0.021097046,0.037878788
