"Code","Name","LA_code","LA_name","All","X0to15","X16to29","X30to44","X45to64","X65plus"
"E01001813","Hackney 002E","E09000012","Hackney",0.004394225,-0.017094017,0.012195122,0.030456853,-0.040540541,0.08
