"Code","Name","LA_code","LA_name","All","X0to15","X16to29","X30to44","X45to64","X65plus"
"E01001850","Hackney 019F","E09000012","Hackney",0.008928571,-0.003861004,0.028089888,0.040201005,-0.005319149,-0.041666667
