"Code","Name","LA_code","LA_name","All","X0to15","X16to29","X30to44","X45to64","X65plus"
"E01001767","Hackney 010D","E09000012","Hackney",0.019953052,0.048632219,0.008849558,-0.001677852,0.061093248,-0.023255814
