"Code","Name","LA_code","LA_name","All","X0to15","X16to29","X30to44","X45to64","X65plus"
"E01001844","Hackney 022D","E09000012","Hackney",0.029962547,0.06443299,0.00330033,0.028708134,0.028720627,0.060606061
