"Code","Name","LA_code","LA_name","All","X0to15","X16to29","X30to44","X45to64","X65plus"
"E01001827","Hackney 029D","E09000012","Hackney",0.030602637,0.040960452,0.036723164,0.027139875,0,0.060606061
