"Code","Name","LA_code","LA_name","All","X0to15","X16to29","X30to44","X45to64","X65plus"
"E01001785","Hackney 015B","E09000012","Hackney",0.008253968,0.01119403,-0.0125,0.013888889,-0.006410256,0.052631579
