"Code","Name","LA_code","LA_name","All","X0to15","X16to29","X30to44","X45to64","X65plus"
"E01033710","Hackney 028E","E09000012","Hackney",0.035055351,0.03892944,0.019292605,0.026315789,0.039215686,0.185185185
