"Code","Name","LA_code","LA_name","All","X0to15","X16to29","X30to44","X45to64","X65plus"
"E01001800","Hackney 004C","E09000012","Hackney",0.017357223,0.044628099,0.014005602,0,-0.009966777,0.017094017
