"Code","Name","LA_code","LA_name","All","X0to15","X16to29","X30to44","X45to64","X65plus"
"E01033698","Hackney 021F","E09000012","Hackney",0.013937282,0,0.029288703,0.077380952,-0.023696682,-0.082191781
