"Code","Name","LA_code","LA_name","All","X0to15","X16to29","X30to44","X45to64","X65plus"
"E01001724","Hackney 006B","E09000012","Hackney",-0.005374122,-0.014742015,0,-0.006018054,0.014285714,-0.05
