"Code","Name","LA_code","LA_name","All","X0to15","X16to29","X30to44","X45to64","X65plus"
"E01001819","Hackney 020E","E09000012","Hackney",-0.014941893,-0.045454545,-0.052447552,-0.035573123,0,0.061643836
