"Code","Name","LA_code","LA_name","All","X0to15","X16to29","X30to44","X45to64","X65plus"
"E01033705","Hackney 028D","E09000012","Hackney",0.093325458,0.059471366,0.07204611,0.047945205,0.197674419,0.54
