"Code","Name","LA_code","LA_name","All","X0to15","X16to29","X30to44","X45to64","X65plus"
"E01001831","Hackney 009D","E09000012","Hackney",0.009758898,-0.05907173,-0.005194805,-0.00312989,0.042813456,0.136363636
