"Code","Name","LA_code","LA_name","All","X0to15","X16to29","X30to44","X45to64","X65plus"
"E01001734","Hackney 017B","E09000012","Hackney",-0.006001091,-0.03630363,-0.002277904,0.001584786,0.031347962,-0.070921986
