"Code","Name","LA_code","LA_name","All","X0to15","X16to29","X30to44","X45to64","X65plus"
"E01001755","Hackney 025D","E09000012","Hackney",-0.044575725,-0.054590571,-0.054229935,-0.02559415,-0.052959502,-0.038461538
