"Code","Name","LA_code","LA_name","All","X0to15","X16to29","X30to44","X45to64","X65plus"
"E01001722","Hackney 029A","E09000012","Hackney",0.011152416,-0.011283498,0.024752475,0.038461538,0.013043478,-0.03030303
