"Code","Name","LA_code","LA_name","All","X0to15","X16to29","X30to44","X45to64","X65plus"
"E01001764","Hackney 010A","E09000012","Hackney",0.068006182,0.113989637,0.056097561,0.053882726,0.055096419,0.072847682
