"Code","Name","LA_code","LA_name","All","X0to15","X16to29","X30to44","X45to64","X65plus"
"E01001772","Hackney 024A","E09000012","Hackney",-0.015184382,0.021929825,-0.009287926,-0.032178218,-0.032894737,0
