"Code","Name","LA_code","LA_name","All","X0to15","X16to29","X30to44","X45to64","X65plus"
"E01001796","Hackney 011E","E09000012","Hackney",0.130277443,0.236947791,0.08719346,0.089481947,0.196078431,0.080808081
