"Code","Name","LA_code","LA_name","All","X0to15","X16to29","X30to44","X45to64","X65plus"
"E01001784","Hackney 027E","E09000012","Hackney",0.004191115,0.031428571,-0.007751938,0.003169572,-0.028011204,0.096551724
