"Code","Name","LA_code","LA_name","All","X0to15","X16to29","X30to44","X45to64","X65plus"
"E01001782","Hackney 026C","E09000012","Hackney",0.021931512,0.031428571,0.017799353,0.025227043,0.045356371,-0.062146893
