"Code","Name","LA_code","LA_name","All","X0to15","X16to29","X30to44","X45to64","X65plus"
"E01001742","Hackney 008A","E09000012","Hackney",0.056323061,0.054347826,0.035087719,0.055472264,0.065533981,0.08
