"Code","Name","LA_code","LA_name","All","X0to15","X16to29","X30to44","X45to64","X65plus"
"E01001794","Hackney 011C","E09000012","Hackney",-0.013114754,-0.00304878,-0.034115139,-0.018571429,0.005249344,0
