"Code","Name","LA_code","LA_name","All","X0to15","X16to29","X30to44","X45to64","X65plus"
"E01001777","Hackney 027B","E09000012","Hackney",-0.022877255,0.007444169,-0.05393586,-0.036161335,0.019125683,0.01010101
