"Code","Name","LA_code","LA_name","All","X0to15","X16to29","X30to44","X45to64","X65plus"
"E01001840","Hackney 022B","E09000012","Hackney",-0.004524887,0.027027027,-0.034161491,-0.010373444,-0.002702703,-0.010695187
