"Code","Name","LA_code","LA_name","All","X0to15","X16to29","X30to44","X45to64","X65plus"
"E01001747","Hackney 014B","E09000012","Hackney",-0.02296023,-0.033222591,-0.018242123,-0.022426096,-0.026666667,-0.016759777
