"Code","Name","LA_code","LA_name","All","X0to15","X16to29","X30to44","X45to64","X65plus"
"E01001833","Hackney 014D","E09000012","Hackney",0.040162272,0.027659574,0.049149338,0.058194774,0.025263158,-0.006711409
