"Code","Name","LA_code","LA_name","All","X0to15","X16to29","X30to44","X45to64","X65plus"
"E01001816","Hackney 020D","E09000012","Hackney",-0.011730205,-0.018348624,-0.016713092,0,-0.016759777,-0.010416667
