"Code","Name","LA_code","LA_name","All","X0to15","X16to29","X30to44","X45to64","X65plus"
"E01001849","Hackney 018D","E09000012","Hackney",0.001113173,0.008752735,-0.010144928,0,0.007125891,0.038461538
