"Code","Name","LA_code","LA_name","All","X0to15","X16to29","X30to44","X45to64","X65plus"
"E01001744","Hackney 021B","E09000012","Hackney",-0.011825922,-0.02247191,-0.006849315,-0.016551724,-0.02676399,0.048913043
