"Code","Name","LA_code","LA_name","All","X0to15","X16to29","X30to44","X45to64","X65plus"
"E01001752","Hackney 025A","E09000012","Hackney",-0.023136247,-0.049095607,-0.014128728,-0.010770505,-0.052023121,-0.02739726
