"Code","Name","LA_code","LA_name","All","X0to15","X16to29","X30to44","X45to64","X65plus"
"E01001814","Hackney 001C","E09000012","Hackney",-0.094850949,-0.089527027,-0.110512129,-0.081140351,-0.113564669,-0.073394495
