"Code","Name","LA_code","LA_name","All","X0to15","X16to29","X30to44","X45to64","X65plus"
"E01001781","Hackney 026B","E09000012","Hackney",-0.009781358,-0.065868263,-0.021484375,0.004683841,0.029585799,0.031496063
