"Code","Name","LA_code","LA_name","All","X0to15","X16to29","X30to44","X45to64","X65plus"
"E01001802","Hackney 003B","E09000012","Hackney",0.00565371,-0.025062657,-0.027777778,0,0.061728395,0.060606061
