"Code","Name","LA_code","LA_name","All","X0to15","X16to29","X30to44","X45to64","X65plus"
"E01001716","Hackney 007B","E09000012","Hackney",-0.020484171,-0.075268817,-0.024017467,-0.003891051,-0.011406844,0.041237113
