"Code","Name","LA_code","LA_name","All","X0to15","X16to29","X30to44","X45to64","X65plus"
"E01001754","Hackney 025C","E09000012","Hackney",0.007116425,0.028475712,0.019181586,-0.003551136,0.007590133,-0.030150754
