"Code","Name","LA_code","LA_name","All","X0to15","X16to29","X30to44","X45to64","X65plus"
"E01001846","Hackney 018A","E09000012","Hackney",0.02281668,0.022988506,0.04,-0.029508197,0.026785714,0.088757396
