"Code","Name","LA_code","LA_name","All","X0to15","X16to29","X30to44","X45to64","X65plus"
"E01012385","Halton 009A","E06000006","Halton",-0.005287508,0.028340081,0,0.007575758,-0.045608108,0.041841004
