"Code","Name","LA_code","LA_name","All","X0to15","X16to29","X30to44","X45to64","X65plus"
"E01012406","Halton 015A","E06000006","Halton",-0.016244314,-0.034129693,0.028806584,0.023972603,-0.040865385,-0.040677966
