"Code","Name","LA_code","LA_name","All","X0to15","X16to29","X30to44","X45to64","X65plus"
"E01012405","Halton 011E","E06000006","Halton",0.002085506,0,0,0.005747126,0.009328358,-0.008042895
