"Code","Name","LA_code","LA_name","All","X0to15","X16to29","X30to44","X45to64","X65plus"
"E01012411","Halton 001D","E06000006","Halton",0.007757952,0.044444444,0.047619048,-0.071111111,-0.01897019,0.049079755
