"Code","Name","LA_code","LA_name","All","X0to15","X16to29","X30to44","X45to64","X65plus"
"E01012425","Halton 005C","E06000006","Halton",-0.013813814,-0.046321526,0.007194245,0.028776978,-0.013793103,-0.03257329
