"Code","Name","LA_code","LA_name","All","X0to15","X16to29","X30to44","X45to64","X65plus"
"E01012417","Halton 012B","E06000006","Halton",0.019277108,0.008888889,0,0.030188679,0.043243243,-0.010989011
