"Code","Name","LA_code","LA_name","All","X0to15","X16to29","X30to44","X45to64","X65plus"
"E01012430","Halton 012E","E06000006","Halton",-0.027855153,-0.024793388,-0.014084507,-0.036458333,-0.007371007,-0.08372093
