"Code","Name","LA_code","LA_name","All","X0to15","X16to29","X30to44","X45to64","X65plus"
"E01012370","Halton 007B","E06000006","Halton",0.024143739,0.063768116,0,0.005128205,0.046753247,0.003787879
