"Code","Name","LA_code","LA_name","All","X0to15","X16to29","X30to44","X45to64","X65plus"
"E01012396","Halton 013B","E06000006","Halton",0.005387205,0,-0.003058104,0.027888446,0.049079755,-0.056
