"Code","Name","LA_code","LA_name","All","X0to15","X16to29","X30to44","X45to64","X65plus"
"E01012379","Halton 006B","E06000006","Halton",0.004694836,-0.008130081,0.004098361,-0.006896552,0.011111111,0.019157088
