"Code","Name","LA_code","LA_name","All","X0to15","X16to29","X30to44","X45to64","X65plus"
"E01012443","Halton 008D","E06000006","Halton",0.024836601,0.040892193,0.02027027,-0.003584229,0.01594533,0.060728745
