"Code","Name","LA_code","LA_name","All","X0to15","X16to29","X30to44","X45to64","X65plus"
"E01012368","Halton 003A","E06000006","Halton",-0.024625268,-0.052631579,-0.026058632,-0.028248588,-0.008350731,-0.015544041
