"Code","Name","LA_code","LA_name","All","X0to15","X16to29","X30to44","X45to64","X65plus"
"E01012404","Halton 011D","E06000006","Halton",0.013678906,-0.006993007,0.018691589,0.05019305,0.021052632,-0.016
