"Code","Name","LA_code","LA_name","All","X0to15","X16to29","X30to44","X45to64","X65plus"
"E01012419","Halton 004C","E06000006","Halton",-0.041336851,-0.018656716,-0.070351759,-0.054794521,-0.034129693,-0.037974684
