"Code","Name","LA_code","LA_name","All","X0to15","X16to29","X30to44","X45to64","X65plus"
"E01012440","Halton 014E","E06000006","Halton",-0.010093168,-0.012345679,0,-0.011538462,-0.00795756,-0.017857143
