"Code","Name","LA_code","LA_name","All","X0to15","X16to29","X30to44","X45to64","X65plus"
"E01012371","Halton 016A","E06000006","Halton",0.011945392,0.071823204,0,0.020242915,-0.002816901,-0.013574661
