"Code","Name","LA_code","LA_name","All","X0to15","X16to29","X30to44","X45to64","X65plus"
"E01012423","Halton 002E","E06000006","Halton",-0.025491624,-0.015873016,0,-0.018099548,-0.014989293,-0.068627451
