"Code","Name","LA_code","LA_name","All","X0to15","X16to29","X30to44","X45to64","X65plus"
"E01012422","Halton 004E","E06000006","Halton",0.016578249,0.051771117,-0.006134969,0.030769231,0.009009009,-0.013513514
