"Code","Name","LA_code","LA_name","All","X0to15","X16to29","X30to44","X45to64","X65plus"
"E01012420","Halton 004D","E06000006","Halton",-0.027170311,-0.079411765,-0.035714286,-0.020408163,0.029239766,-0.029801325
