"Code","Name","LA_code","LA_name","All","X0to15","X16to29","X30to44","X45to64","X65plus"
"E01012407","Halton 015B","E06000006","Halton",0.01201771,0.05,-0.012345679,0.010204082,0.012315271,0
