"Code","Name","LA_code","LA_name","All","X0to15","X16to29","X30to44","X45to64","X65plus"
"E01012418","Halton 016E","E06000006","Halton",-0.001458789,-0.025974026,0.019736842,0.041666667,0,-0.01978022
