"Code","Name","LA_code","LA_name","All","X0to15","X16to29","X30to44","X45to64","X65plus"
"E01012367","Halton 007A","E06000006","Halton",0.025031289,0.02006689,0.017964072,0.041269841,0.037433155,0.003623188
