"Code","Name","LA_code","LA_name","All","X0to15","X16to29","X30to44","X45to64","X65plus"
"E01012427","Halton 005E","E06000006","Halton",0.029988466,0.004878049,0.038834951,0.037037037,0.029411765,0.058510638
