"Code","Name","LA_code","LA_name","All","X0to15","X16to29","X30to44","X45to64","X65plus"
"E01012408","Halton 013F","E06000006","Halton",0.005856515,0.010948905,0.025062657,-0.002816901,-0.035196687,0.053030303
