"Code","Name","LA_code","LA_name","All","X0to15","X16to29","X30to44","X45to64","X65plus"
"E01012438","Halton 014D","E06000006","Halton",-0.009377664,-0.066202091,0.030769231,-0.005235602,0.003378378,0.009803922
