"Code","Name","LA_code","LA_name","All","X0to15","X16to29","X30to44","X45to64","X65plus"
"E01012428","Halton 012C","E06000006","Halton",0.040240518,0.027100271,0.029345372,0.041304348,0.039426523,0.069277108
