"Code","Name","LA_code","LA_name","All","X0to15","X16to29","X30to44","X45to64","X65plus"
"E01012392","Halton 001A","E06000006","Halton",0.026996198,0.039473684,0.019955654,0.051863857,0.019390582,-0.016233766
