"Code","Name","LA_code","LA_name","All","X0to15","X16to29","X30to44","X45to64","X65plus"
"E01012429","Halton 012D","E06000006","Halton",0.005661713,-0.025889968,0.020576132,0.020325203,0.005464481,0.016064257
