"Code","Name","LA_code","LA_name","All","X0to15","X16to29","X30to44","X45to64","X65plus"
"E01027631","Hambleton 008C","E07000164","Hambleton",-0.009071877,-0.017241379,0.009615385,-0.004950495,-0.004761905,-0.020979021
