"Code","Name","LA_code","LA_name","All","X0to15","X16to29","X30to44","X45to64","X65plus"
"E01027607","Hambleton 005C","E07000164","Hambleton",-0.008340284,-0.007692308,0.046296296,-0.125,-0.007692308,0.011286682
