"Code","Name","LA_code","LA_name","All","X0to15","X16to29","X30to44","X45to64","X65plus"
"E01027617","Hambleton 003D","E07000164","Hambleton",-0.003738318,-0.013513514,-0.064,0.024539877,0.031884058,-0.031141869
