"Code","Name","LA_code","LA_name","All","X0to15","X16to29","X30to44","X45to64","X65plus"
"E01027615","Hambleton 005E","E07000164","Hambleton",-0.022169438,-0.009756098,-0.057553957,-0.062111801,0.004739336,-0.029761905
