"Code","Name","LA_code","LA_name","All","X0to15","X16to29","X30to44","X45to64","X65plus"
"E01027592","Hambleton 003B","E07000164","Hambleton",0.011587486,0.019900498,-0.005524862,-0.004504505,-0.003257329,0.039370079
