"Code","Name","LA_code","LA_name","All","X0to15","X16to29","X30to44","X45to64","X65plus"
"E01027622","Hambleton 010E","E07000164","Hambleton",0.016153458,0.065281899,0.025,0.003875969,0.013888889,-0.00929368
