"Code","Name","LA_code","LA_name","All","X0to15","X16to29","X30to44","X45to64","X65plus"
"E01027621","Hambleton 009A","E07000164","Hambleton",-0.021576763,-0.028368794,-0.106164384,-0.06122449,-0.001572327,0.023988006
