"Code","Name","LA_code","LA_name","All","X0to15","X16to29","X30to44","X45to64","X65plus"
"E01027625","Hambleton 001E","E07000164","Hambleton",-0.001207001,-0.019672131,-0.013392857,-0.012658228,0.016701461,0.004854369
