"Code","Name","LA_code","LA_name","All","X0to15","X16to29","X30to44","X45to64","X65plus"
"E01027627","Hambleton 002E","E07000164","Hambleton",0.012002182,0.025454545,-0.004975124,0.075471698,0.006493506,-0.007561437
