"Code","Name","LA_code","LA_name","All","X0to15","X16to29","X30to44","X45to64","X65plus"
"E01027591","Hambleton 001A","E07000164","Hambleton",0.010259505,0.048245614,-0.040816327,-0.018348624,0.004,0.031067961
