"Code","Name","LA_code","LA_name","All","X0to15","X16to29","X30to44","X45to64","X65plus"
"E01027618","Hambleton 002B","E07000164","Hambleton",0.012520868,0.01497006,0.017467249,0.007042254,-0.003778338,0.029139073
