"Code","Name","LA_code","LA_name","All","X0to15","X16to29","X30to44","X45to64","X65plus"
"E01033066","Hambleton 007E","E07000164","Hambleton",0.039666993,0,0.025806452,0.102088167,0.06,-0.008196721
