"Code","Name","LA_code","LA_name","All","X0to15","X16to29","X30to44","X45to64","X65plus"
"E01027604","Hambleton 005B","E07000164","Hambleton",-0.010248112,-0.026490066,-0.019512195,0.016326531,-0.01010101,-0.00984252
