"Code","Name","LA_code","LA_name","All","X0to15","X16to29","X30to44","X45to64","X65plus"
"E01027597","Hambleton 001B","E07000164","Hambleton",0.003809524,-0.022321429,0,-0.013824885,0.02745098,0
