"Code","Name","LA_code","LA_name","All","X0to15","X16to29","X30to44","X45to64","X65plus"
"E01001953","Hammersmith and Fulham 021F","E09000013","Hammersmith and Fulham",-0.007680492,-0.026455026,0.024752475,-0.032967033,-0.004504505,-0.016260163
