"Code","Name","LA_code","LA_name","All","X0to15","X16to29","X30to44","X45to64","X65plus"
"E01001925","Hammersmith and Fulham 025A","E09000013","Hammersmith and Fulham",0.016451234,-0.004651163,0.028776978,0.028645833,0.006864989,0.046242775
