"Code","Name","LA_code","LA_name","All","X0to15","X16to29","X30to44","X45to64","X65plus"
"E01001889","Hammersmith and Fulham 014A","E09000013","Hammersmith and Fulham",0.024577573,-0.062801932,0.056886228,0.048295455,0.035714286,-0.007751938
