"Code","Name","LA_code","LA_name","All","X0to15","X16to29","X30to44","X45to64","X65plus"
"E01001885","Hammersmith and Fulham 015A","E09000013","Hammersmith and Fulham",-0.028044872,-0.102649007,-0.014084507,-0.03515625,-0.012307692,0.078947368
