"Code","Name","LA_code","LA_name","All","X0to15","X16to29","X30to44","X45to64","X65plus"
"E01001955","Hammersmith and Fulham 002A","E09000013","Hammersmith and Fulham",0.028700906,0.027600849,0.049886621,0.033684211,0.060913706,-0.087804878
