"Code","Name","LA_code","LA_name","All","X0to15","X16to29","X30to44","X45to64","X65plus"
"E01001896","Hammersmith and Fulham 009B","E09000013","Hammersmith and Fulham",0.014322917,-0.004237288,0.011876485,-0.002386635,0.057553957,0.016483516
