"Code","Name","LA_code","LA_name","All","X0to15","X16to29","X30to44","X45to64","X65plus"
"E01001914","Hammersmith and Fulham 014D","E09000013","Hammersmith and Fulham",0.018685955,-0.119205298,0.046153846,0.025316456,0.007326007,0.084337349
