"Code","Name","LA_code","LA_name","All","X0to15","X16to29","X30to44","X45to64","X65plus"
"E01001927","Hammersmith and Fulham 008C","E09000013","Hammersmith and Fulham",0.009762901,0.034129693,0.038461538,-0.031141869,-0.007352941,0.033898305
