"Code","Name","LA_code","LA_name","All","X0to15","X16to29","X30to44","X45to64","X65plus"
"E01001899","Hammersmith and Fulham 013D","E09000013","Hammersmith and Fulham",-0.003584229,-0.026200873,0.032128514,-0.008174387,0.014662757,-0.043062201
