"Code","Name","LA_code","LA_name","All","X0to15","X16to29","X30to44","X45to64","X65plus"
"E01001879","Hammersmith and Fulham 019A","E09000013","Hammersmith and Fulham",0.000691563,-0.022026432,0.036111111,0.013297872,-0.012779553,-0.047058824
