"Code","Name","LA_code","LA_name","All","X0to15","X16to29","X30to44","X45to64","X65plus"
"E01001926","Hammersmith and Fulham 024C","E09000013","Hammersmith and Fulham",-0.005007153,-0.018248175,-0.007326007,-0.002506266,0.032967033,-0.044692737
