"Code","Name","LA_code","LA_name","All","X0to15","X16to29","X30to44","X45to64","X65plus"
"E01001918","Hammersmith and Fulham 018D","E09000013","Hammersmith and Fulham",0.01146325,-0.026865672,0.016129032,0.023866348,0.021875,0.031055901
