"Code","Name","LA_code","LA_name","All","X0to15","X16to29","X30to44","X45to64","X65plus"
"E01001867","Hammersmith and Fulham 012B","E09000013","Hammersmith and Fulham",0.03299293,0.119402985,0.022727273,0.025157233,0.054054054,-0.003436426
