"Code","Name","LA_code","LA_name","All","X0to15","X16to29","X30to44","X45to64","X65plus"
"E01001858","Hammersmith and Fulham 006A","E09000013","Hammersmith and Fulham",-0.002333722,-0.025179856,0.02955665,0.032327586,-0.008310249,-0.102439024
