"Code","Name","LA_code","LA_name","All","X0to15","X16to29","X30to44","X45to64","X65plus"
"E01001888","Hammersmith and Fulham 018A","E09000013","Hammersmith and Fulham",0.012886598,0.06122449,0.034682081,-0.004608295,-0.003003003,-0.020618557
