"Code","Name","LA_code","LA_name","All","X0to15","X16to29","X30to44","X45to64","X65plus"
"E01001921","Hammersmith and Fulham 020B","E09000013","Hammersmith and Fulham",0.011516315,0.030508475,0.055350554,0.004081633,-0.043227666,0.04375
