"Code","Name","LA_code","LA_name","All","X0to15","X16to29","X30to44","X45to64","X65plus"
"E01001954","Hammersmith and Fulham 003A","E09000013","Hammersmith and Fulham",-0.00520156,-0.022292994,0.026315789,-0.007142857,0.00273224,-0.034883721
