"Code","Name","LA_code","LA_name","All","X0to15","X16to29","X30to44","X45to64","X65plus"
"E01001873","Hammersmith and Fulham 010E","E09000013","Hammersmith and Fulham",0.015895954,0.004032258,0.037542662,0.02739726,-0.021341463,0.046666667
