"Code","Name","LA_code","LA_name","All","X0to15","X16to29","X30to44","X45to64","X65plus"
"E01001886","Hammersmith and Fulham 016A","E09000013","Hammersmith and Fulham",-0.011651816,-0.034782609,0.015915119,0.007772021,-0.03164557,-0.053333333
