"Code","Name","LA_code","LA_name","All","X0to15","X16to29","X30to44","X45to64","X65plus"
"E01001895","Hammersmith and Fulham 009A","E09000013","Hammersmith and Fulham",0.004797807,-0.019933555,0.028571429,0.021390374,0.011049724,-0.049295775
