"Code","Name","LA_code","LA_name","All","X0to15","X16to29","X30to44","X45to64","X65plus"
"E01001857","Hammersmith and Fulham 007D","E09000013","Hammersmith and Fulham",0.02137931,-0.056390977,0.041800643,0.032520325,0.034591195,0.053763441
