"Code","Name","LA_code","LA_name","All","X0to15","X16to29","X30to44","X45to64","X65plus"
"E01001884","Hammersmith and Fulham 017E","E09000013","Hammersmith and Fulham",0.041942605,0.056768559,0.081140351,0.041067762,0.012376238,0.004237288
