"Code","Name","LA_code","LA_name","All","X0to15","X16to29","X30to44","X45to64","X65plus"
"E01001912","Hammersmith and Fulham 015E","E09000013","Hammersmith and Fulham",0.011200996,0.019337017,0.004926108,0.025575448,-0.031055901,0.071428571
