"Code","Name","LA_code","LA_name","All","X0to15","X16to29","X30to44","X45to64","X65plus"
"E01001872","Hammersmith and Fulham 012F","E09000013","Hammersmith and Fulham",0.004814305,-0.077380952,0.02244389,0.008714597,0.010309278,0.02962963
