"Code","Name","LA_code","LA_name","All","X0to15","X16to29","X30to44","X45to64","X65plus"
"E01001861","Hammersmith and Fulham 006C","E09000013","Hammersmith and Fulham",-0.001996008,-0.039473684,0.037671233,0.004597701,-0.016393443,0.005988024
