"Code","Name","LA_code","LA_name","All","X0to15","X16to29","X30to44","X45to64","X65plus"
"E01001854","Hammersmith and Fulham 007C","E09000013","Hammersmith and Fulham",0.025240385,-0.037344398,0.058823529,0.034313725,-0.003058104,0.076388889
