"Code","Name","LA_code","LA_name","All","X0to15","X16to29","X30to44","X45to64","X65plus"
"E01001946","Hammersmith and Fulham 004D","E09000013","Hammersmith and Fulham",0.034343434,0.08365019,0.024922118,0.03803132,0.026058632,-0.027210884
