"Code","Name","LA_code","LA_name","All","X0to15","X16to29","X30to44","X45to64","X65plus"
"E01025774","Harborough 004C","E07000131","Harborough",-0.012204424,0.03358209,-0.042105263,-0.084070796,-0.006849315,0.026455026
