"Code","Name","LA_code","LA_name","All","X0to15","X16to29","X30to44","X45to64","X65plus"
"E01025812","Harborough 011A","E07000131","Harborough",-0.010932106,-0.041666667,0.004385965,-0.021645022,0.012847966,-0.017175573
