"Code","Name","LA_code","LA_name","All","X0to15","X16to29","X30to44","X45to64","X65plus"
"E01025808","Harborough 006B","E07000131","Harborough",0.004479283,0.0375,-0.029220779,0.007177033,0.008820287,-0.014134276
