"Code","Name","LA_code","LA_name","All","X0to15","X16to29","X30to44","X45to64","X65plus"
"E01025781","Harborough 003A","E07000131","Harborough",0.026214834,-0.042763158,0.008163265,0.058608059,0.033333333,0.071917808
