"Code","Name","LA_code","LA_name","All","X0to15","X16to29","X30to44","X45to64","X65plus"
"E01025792","Harborough 010C","E07000131","Harborough",0.004886717,-0.00867052,0.018808777,0,0.0152207,-0.003430532
