"Code","Name","LA_code","LA_name","All","X0to15","X16to29","X30to44","X45to64","X65plus"
"E01025776","Harborough 004E","E07000131","Harborough",-0.006555724,0,-0.034722222,-0.011904762,-0.00166113,0.005194805
