"Code","Name","LA_code","LA_name","All","X0to15","X16to29","X30to44","X45to64","X65plus"
"E01025798","Harborough 009A","E07000131","Harborough",-0.023026316,-0.029972752,-0.058631922,-0.049875312,0.003738318,-0.003861004
