"Code","Name","LA_code","LA_name","All","X0to15","X16to29","X30to44","X45to64","X65plus"
"E01025807","Harborough 009E","E07000131","Harborough",0.072964169,0.051575931,0.073943662,0.094736842,0.050139276,0.116564417
