"Code","Name","LA_code","LA_name","All","X0to15","X16to29","X30to44","X45to64","X65plus"
"E01025805","Harborough 007F","E07000131","Harborough",-0.014888337,-0.004008016,-0.009146341,-0.024291498,-0.042993631,0.017057569
