"Code","Name","LA_code","LA_name","All","X0to15","X16to29","X30to44","X45to64","X65plus"
"E01025816","Harborough 006D","E07000131","Harborough",-0.007556675,-0.037199125,0.003546099,-0.040372671,0.010349288,0.005474453
