"Code","Name","LA_code","LA_name","All","X0to15","X16to29","X30to44","X45to64","X65plus"
"E01025813","Harborough 011B","E07000131","Harborough",0.008663366,0.015209125,0.026200873,-0.039800995,0.027624309,-0.007894737
