"Code","Name","LA_code","LA_name","All","X0to15","X16to29","X30to44","X45to64","X65plus"
"E01001983","Haringey 018D","E09000014","Haringey",-0.046056419,-0.034666667,-0.057692308,-0.042769857,-0.049627792,-0.051282051
