"Code","Name","LA_code","LA_name","All","X0to15","X16to29","X30to44","X45to64","X65plus"
"E01002002","Haringey 031C","E09000014","Haringey",-0.033013845,0,-0.051470588,-0.028571429,-0.018018018,-0.071942446
