"Code","Name","LA_code","LA_name","All","X0to15","X16to29","X30to44","X45to64","X65plus"
"E01001979","Haringey 011D","E09000014","Haringey",-0.016419077,-0.021207178,-0.027642276,-0.027777778,0.003766478,0.026490066
