"Code","Name","LA_code","LA_name","All","X0to15","X16to29","X30to44","X45to64","X65plus"
"E01002096","Haringey 005C","E09000014","Haringey",-0.04753915,-0.021428571,-0.08033241,-0.024,-0.046979866,-0.091891892
