"Code","Name","LA_code","LA_name","All","X0to15","X16to29","X30to44","X45to64","X65plus"
"E01002087","Haringey 019D","E09000014","Haringey",-0.035019455,-0.069078947,-0.049315068,-0.03125,0.010989011,-0.052631579
