"Code","Name","LA_code","LA_name","All","X0to15","X16to29","X30to44","X45to64","X65plus"
"E01002039","Haringey 002C","E09000014","Haringey",0.000644745,-0.002192982,0.025806452,-0.021341463,-0.008823529,0.034188034
