"Code","Name","LA_code","LA_name","All","X0to15","X16to29","X30to44","X45to64","X65plus"
"E01002086","Haringey 013B","E09000014","Haringey",-0.001857585,0.009836066,-0.017492711,-0.023316062,-0.002506266,0.054945055
