"Code","Name","LA_code","LA_name","All","X0to15","X16to29","X30to44","X45to64","X65plus"
"E01001991","Haringey 017A","E09000014","Haringey",-0.025418833,-0.002932551,-0.054054054,-0.006410256,-0.04359673,-0.021621622
