"Code","Name","LA_code","LA_name","All","X0to15","X16to29","X30to44","X45to64","X65plus"
"E01001992","Haringey 017B","E09000014","Haringey",-0.024096386,-0.041450777,-0.046218487,-0.062650602,-0.017928287,0.063157895
