"Code","Name","LA_code","LA_name","All","X0to15","X16to29","X30to44","X45to64","X65plus"
"E01002024","Haringey 022D","E09000014","Haringey",-0.046527778,-0.030534351,-0.067010309,-0.031830239,-0.068235294,-0.027472527
