"Code","Name","LA_code","LA_name","All","X0to15","X16to29","X30to44","X45to64","X65plus"
"E01002099","Haringey 008A","E09000014","Haringey",-0.016014235,0.004081633,-0.04950495,-0.029876977,-0.016194332,0.063157895
