"Code","Name","LA_code","LA_name","All","X0to15","X16to29","X30to44","X45to64","X65plus"
"E01002085","Haringey 019C","E09000014","Haringey",-0.013339071,0,-0.0395189,-0.025104603,-0.009153318,0.080924855
