"Code","Name","LA_code","LA_name","All","X0to15","X16to29","X30to44","X45to64","X65plus"
"E01001968","Haringey 014B","E09000014","Haringey",-0.039248203,-0.024193548,-0.023178808,-0.064876957,-0.051391863,-0.009049774
