"Code","Name","LA_code","LA_name","All","X0to15","X16to29","X30to44","X45to64","X65plus"
"E01001989","Haringey 033D","E09000014","Haringey",-0.018965517,-0.020958084,-0.046025105,-0.044871795,0.038709677,-0.051282051
