"Code","Name","LA_code","LA_name","All","X0to15","X16to29","X30to44","X45to64","X65plus"
"E01001962","Haringey 004A","E09000014","Haringey",0.001674107,0.052287582,-0.068441065,0.014634146,-0.024663677,0.009345794
