"Code","Name","LA_code","LA_name","All","X0to15","X16to29","X30to44","X45to64","X65plus"
"E01002026","Haringey 016A","E09000014","Haringey",-0.03015873,-0.03373494,-0.06235012,0,0.014742015,-0.119791667
