"Code","Name","LA_code","LA_name","All","X0to15","X16to29","X30to44","X45to64","X65plus"
"E01033085","Haringey 020E","E09000014","Haringey",-0.018737673,0,-0.042600897,-0.024858757,0.009933775,0
