"Code","Name","LA_code","LA_name","All","X0to15","X16to29","X30to44","X45to64","X65plus"
"E01032575","Haringey 037D","E09000014","Haringey",-0.024642681,-0.043396226,-0.043927649,-0.042084168,0.023404255,0
