"Code","Name","LA_code","LA_name","All","X0to15","X16to29","X30to44","X45to64","X65plus"
"E01002093","Haringey 005B","E09000014","Haringey",-0.027652086,-0.004237288,-0.050251256,-0.026960784,-0.001901141,-0.113513514
