"Code","Name","LA_code","LA_name","All","X0to15","X16to29","X30to44","X45to64","X65plus"
"E01002014","Haringey 020B","E09000014","Haringey",-0.028993746,-0.014925373,-0.059459459,-0.008488964,-0.022535211,-0.06779661
