"Code","Name","LA_code","LA_name","All","X0to15","X16to29","X30to44","X45to64","X65plus"
"E01002001","Haringey 031B","E09000014","Haringey",-0.024608501,0.083333333,-0.052301255,-0.047923323,-0.020771513,0
