"Code","Name","LA_code","LA_name","All","X0to15","X16to29","X30to44","X45to64","X65plus"
"E01002053","Haringey 032A","E09000014","Haringey",-0.038676845,-0.051339286,-0.042056075,-0.027484144,-0.042553191,-0.020725389
