"Code","Name","LA_code","LA_name","All","X0to15","X16to29","X30to44","X45to64","X65plus"
"E01002046","Haringey 026C","E09000014","Haringey",0.043294615,0.148648649,0.010075567,0.03,0.011709602,0.051094891
