"Code","Name","LA_code","LA_name","All","X0to15","X16to29","X30to44","X45to64","X65plus"
"E01002103","Haringey 008C","E09000014","Haringey",-0.029566047,-0.06557377,-0.042201835,-0.026058632,0.002695418,0
