"Code","Name","LA_code","LA_name","All","X0to15","X16to29","X30to44","X45to64","X65plus"
"E01001963","Haringey 009A","E09000014","Haringey",-0.017094017,0.019148936,-0.05511811,-0.0275,-0.006060606,-0.051383399
