"Code","Name","LA_code","LA_name","All","X0to15","X16to29","X30to44","X45to64","X65plus"
"E01002078","Haringey 015C","E09000014","Haringey",-0.027628866,-0.012875536,-0.062836625,-0.011326861,-0.026058632,-0.017647059
