"Code","Name","LA_code","LA_name","All","X0to15","X16to29","X30to44","X45to64","X65plus"
"E01001974","Haringey 001C","E09000014","Haringey",-0.021249469,-0.014388489,-0.037296037,-0.026054591,-0.012345679,-0.004651163
