"Code","Name","LA_code","LA_name","All","X0to15","X16to29","X30to44","X45to64","X65plus"
"E01002000","Haringey 031A","E09000014","Haringey",-0.027478448,-0.03986711,-0.047120419,-0.015759312,-0.006024096,-0.055944056
