"Code","Name","LA_code","LA_name","All","X0to15","X16to29","X30to44","X45to64","X65plus"
"E01002073","Haringey 024D","E09000014","Haringey",-0.064795918,-0.071428571,-0.085271318,-0.060137457,-0.065533981,0
