"Code","Name","LA_code","LA_name","All","X0to15","X16to29","X30to44","X45to64","X65plus"
"E01002009","Haringey 035D","E09000014","Haringey",-0.006857855,0.006944444,-0.034375,-0.02020202,-0.013513514,0.047826087
