"Code","Name","LA_code","LA_name","All","X0to15","X16to29","X30to44","X45to64","X65plus"
"E01002005","Haringey 035A","E09000014","Haringey",-0.024119948,-0.012987013,-0.053731343,-0.019047619,-0.036144578,0.056179775
