"Code","Name","LA_code","LA_name","All","X0to15","X16to29","X30to44","X45to64","X65plus"
"E01001975","Haringey 001D","E09000014","Haringey",-0.053030303,-0.071618037,-0.036866359,-0.057220708,-0.021686747,-0.118421053
