"Code","Name","LA_code","LA_name","All","X0to15","X16to29","X30to44","X45to64","X65plus"
"E01001982","Haringey 018C","E09000014","Haringey",-0.028376248,-0.007832898,-0.026785714,-0.035906643,-0.049462366,0.00617284
