"Code","Name","LA_code","LA_name","All","X0to15","X16to29","X30to44","X45to64","X65plus"
"E01002021","Haringey 022C","E09000014","Haringey",-0.036202186,-0.020080321,-0.060606061,-0.086666667,-0.011185682,-0.018518519
