"Code","Name","LA_code","LA_name","All","X0to15","X16to29","X30to44","X45to64","X65plus"
"E01001980","Haringey 018A","E09000014","Haringey",-0.030563515,-0.075107296,-0.019417476,-0.022801303,-0.02173913,0.021126761
