"Code","Name","LA_code","LA_name","All","X0to15","X16to29","X30to44","X45to64","X65plus"
"E01002089","Haringey 013D","E09000014","Haringey",-0.008176101,0.017278618,-0.044067797,-0.043478261,0,0.038461538
