"Code","Name","LA_code","LA_name","All","X0to15","X16to29","X30to44","X45to64","X65plus"
"E01021840","Harlow 004B","E07000073","Harlow",0.004620462,-0.036474164,0.016260163,0.043227666,0,0
