"Code","Name","LA_code","LA_name","All","X0to15","X16to29","X30to44","X45to64","X65plus"
"E01021848","Harlow 002E","E07000073","Harlow",-0.008839128,-0.068421053,-0.006756757,0.002881844,0.020501139,0.012765957
