"Code","Name","LA_code","LA_name","All","X0to15","X16to29","X30to44","X45to64","X65plus"
"E01021852","Harlow 003D","E07000073","Harlow",-0.01369863,-0.032738095,-0.046594982,0.023728814,-0.025943396,0.022058824
