"Code","Name","LA_code","LA_name","All","X0to15","X16to29","X30to44","X45to64","X65plus"
"E01021853","Harlow 003E","E07000073","Harlow",-0.012186865,-0.061919505,-0.045643154,0.050541516,0.002777778,-0.007246377
