"Code","Name","LA_code","LA_name","All","X0to15","X16to29","X30to44","X45to64","X65plus"
"E01021861","Harlow 010E","E07000073","Harlow",0.006514658,0.033557047,0.005,0.044,0,-0.073684211
