"Code","Name","LA_code","LA_name","All","X0to15","X16to29","X30to44","X45to64","X65plus"
"E01021830","Harlow 009B","E07000073","Harlow",-0.01025641,-0.03125,0.004716981,-0.04,0.029315961,-0.031690141
