"Code","Name","LA_code","LA_name","All","X0to15","X16to29","X30to44","X45to64","X65plus"
"E01021866","Harlow 011D","E07000073","Harlow",-0.025586354,-0.013114754,-0.015873016,-0.03030303,-0.014888337,-0.072222222
