"Code","Name","LA_code","LA_name","All","X0to15","X16to29","X30to44","X45to64","X65plus"
"E01021841","Harlow 004C","E07000073","Harlow",-0.015089163,0.025477707,-0.03125,-0.024475524,0.012953368,-0.092592593
