"Code","Name","LA_code","LA_name","All","X0to15","X16to29","X30to44","X45to64","X65plus"
"E01021831","Harlow 007A","E07000073","Harlow",-0.007868383,-0.033557047,-0.069518717,0.021582734,-0.002967359,0.023489933
