"Code","Name","LA_code","LA_name","All","X0to15","X16to29","X30to44","X45to64","X65plus"
"E01021824","Harlow 005A","E07000073","Harlow",0.006417736,0.010869565,0.008733624,-0.007389163,-0.013986014,0.068421053
