"Code","Name","LA_code","LA_name","All","X0to15","X16to29","X30to44","X45to64","X65plus"
"E01002142","Harrow 005C","E09000015","Harrow",0.012672811,0.046153846,0.02734375,-0.018276762,0.00896861,0.009202454
