"Code","Name","LA_code","LA_name","All","X0to15","X16to29","X30to44","X45to64","X65plus"
"E01027662","Harrogate 017C","E07000165","Harrogate",0.062739097,0.015384615,0.055555556,0.09947644,-0.002469136,0.169381107
