"Code","Name","LA_code","LA_name","All","X0to15","X16to29","X30to44","X45to64","X65plus"
"E01002121","Harrow 007C","E09000015","Harrow",0.011731844,0.082887701,0.010344828,-0.011792453,-0.021645022,0.008333333
