"Code","Name","LA_code","LA_name","All","X0to15","X16to29","X30to44","X45to64","X65plus"
"E01027713","Harrogate 002B","E07000165","Harrogate",0.018315018,-0.011450382,0.063157895,0.065217391,0.018145161,-0.006521739
