"Code","Name","LA_code","LA_name","All","X0to15","X16to29","X30to44","X45to64","X65plus"
"E01027694","Harrogate 018B","E07000165","Harrogate",-0.014873141,-0.167400881,0.053333333,-0.012987013,0.023668639,0.025547445
