"Code","Name","LA_code","LA_name","All","X0to15","X16to29","X30to44","X45to64","X65plus"
"E01002171","Harrow 033B","E09000015","Harrow",-0.019596865,-0.051136364,-0.008595989,0.00245098,-0.028708134,-0.011583012
