"Code","Name","LA_code","LA_name","All","X0to15","X16to29","X30to44","X45to64","X65plus"
"E01002182","Harrow 020D","E09000015","Harrow",0,-0.01754386,0.011235955,-0.008196721,-0.006756757,0.056603774
