"Code","Name","LA_code","LA_name","All","X0to15","X16to29","X30to44","X45to64","X65plus"
"E01027684","Harrogate 016B","E07000165","Harrogate",0.02211127,0.036144578,0.086666667,0,0.026748971,-0.012461059
