"Code","Name","LA_code","LA_name","All","X0to15","X16to29","X30to44","X45to64","X65plus"
"E01002110","Harrow 008D","E09000015","Harrow",-0.032547699,-0.013297872,-0.03343465,-0.016260163,-0.020979021,-0.096774194
