"Code","Name","LA_code","LA_name","All","X0to15","X16to29","X30to44","X45to64","X65plus"
"E01027679","Harrogate 019B","E07000165","Harrogate",0.026845638,-0.02016129,0.104712042,0.070707071,-0.002247191,0.019650655
