"Code","Name","LA_code","LA_name","All","X0to15","X16to29","X30to44","X45to64","X65plus"
"E01027709","Harrogate 004E","E07000165","Harrogate",0.004340278,-0.036585366,-0.0703125,0.021126761,0.057065217,-0.011428571
