"Code","Name","LA_code","LA_name","All","X0to15","X16to29","X30to44","X45to64","X65plus"
"E01027652","Harrogate 015A","E07000165","Harrogate",0.025673137,-0.021276596,0.060606061,0.054794521,0.010683761,0.048387097
