"Code","Name","LA_code","LA_name","All","X0to15","X16to29","X30to44","X45to64","X65plus"
"E01002148","Harrow 006B","E09000015","Harrow",0.00621118,-0.02919708,-0.008438819,-0.015384615,0.008908686,0.082969432
