"Code","Name","LA_code","LA_name","All","X0to15","X16to29","X30to44","X45to64","X65plus"
"E01002127","Harrow 023B","E09000015","Harrow",-0.019675926,-0.042207792,0,0.004683841,0.022113022,-0.118081181
