"Code","Name","LA_code","LA_name","All","X0to15","X16to29","X30to44","X45to64","X65plus"
"E01002240","Harrow 024C","E09000015","Harrow",0.010250569,-0.008928571,0.022082019,0.005167959,0.002304147,0.039007092
