"Code","Name","LA_code","LA_name","All","X0to15","X16to29","X30to44","X45to64","X65plus"
"E01002236","Harrow 011E","E09000015","Harrow",-0.00203252,-0.033402923,-0.002525253,-0.003952569,0.009195402,0.072368421
