"Code","Name","LA_code","LA_name","All","X0to15","X16to29","X30to44","X45to64","X65plus"
"E01002118","Harrow 002E","E09000015","Harrow",-0.006253257,0,-0.026548673,0.012170385,0.012690355,-0.041916168
