"Code","Name","LA_code","LA_name","All","X0to15","X16to29","X30to44","X45to64","X65plus"
"E01002175","Harrow 033F","E09000015","Harrow",-0.006958942,0.017621145,0,0.018575851,-0.045845272,-0.014981273
