"Code","Name","LA_code","LA_name","All","X0to15","X16to29","X30to44","X45to64","X65plus"
"E01002126","Harrow 023A","E09000015","Harrow",-0.016555237,-0.037735849,-0.008130081,-0.005602241,-0.05800464,0.020618557
