"Code","Name","LA_code","LA_name","All","X0to15","X16to29","X30to44","X45to64","X65plus"
"E01002190","Harrow 009D","E09000015","Harrow",-0.009225092,0.037037037,-0.010752688,-0.035856574,0.004366812,-0.034707158
