"Code","Name","LA_code","LA_name","All","X0to15","X16to29","X30to44","X45to64","X65plus"
"E01002120","Harrow 007B","E09000015","Harrow",-0.004249292,0.006329114,0.01984127,-0.056105611,0.023880597,-0.019417476
