"Code","Name","LA_code","LA_name","All","X0to15","X16to29","X30to44","X45to64","X65plus"
"E01027685","Harrogate 001C","E07000165","Harrogate",0.019197208,-0.012820513,0.118181818,0.077922078,0.012658228,-0.012195122
