"Code","Name","LA_code","LA_name","All","X0to15","X16to29","X30to44","X45to64","X65plus"
"E01027677","Harrogate 015D","E07000165","Harrogate",0.025273224,-0.073033708,0.04,0.09221902,0.005025126,0.020618557
