"Code","Name","LA_code","LA_name","All","X0to15","X16to29","X30to44","X45to64","X65plus"
"E01027665","Harrogate 008C","E07000165","Harrogate",0.080438757,0.058441558,0.306451613,0.082758621,0.035135135,0.053156146
