"Code","Name","LA_code","LA_name","All","X0to15","X16to29","X30to44","X45to64","X65plus"
"E01027642","Harrogate 007A","E07000165","Harrogate",-0.007199424,-0.012448133,0.018518519,-0.005988024,-0.030172414,0.014669927
