"Code","Name","LA_code","LA_name","All","X0to15","X16to29","X30to44","X45to64","X65plus"
"E01002156","Harrow 015B","E09000015","Harrow",0.003422313,0.019455253,0.00462963,-0.012295082,0.004576659,0
