"Code","Name","LA_code","LA_name","All","X0to15","X16to29","X30to44","X45to64","X65plus"
"E01002165","Harrow 017A","E09000015","Harrow",-0.009961262,-0.016853933,0.008571429,-0.024640657,-0.007462687,0
