"Code","Name","LA_code","LA_name","All","X0to15","X16to29","X30to44","X45to64","X65plus"
"E01002208","Harrow 025A","E09000015","Harrow",-0.026627219,0.015564202,-0.028901734,0.008130081,-0.065753425,-0.041800643
