"Code","Name","LA_code","LA_name","All","X0to15","X16to29","X30to44","X45to64","X65plus"
"E01027676","Harrogate 009D","E07000165","Harrogate",0.048235294,0.046116505,0.076923077,0.060240964,0.01048218,0.081632653
