"Code","Name","LA_code","LA_name","All","X0to15","X16to29","X30to44","X45to64","X65plus"
"E01002173","Harrow 033D","E09000015","Harrow",0.006715165,0.019736842,0.031884058,-0.005540166,-0.013215859,0.009287926
