"Code","Name","LA_code","LA_name","All","X0to15","X16to29","X30to44","X45to64","X65plus"
"E01002146","Harrow 004B","E09000015","Harrow",0.006143345,0.014814815,0.042857143,-0.003875969,-0.011820331,0.006578947
