"Code","Name","LA_code","LA_name","All","X0to15","X16to29","X30to44","X45to64","X65plus"
"E01027672","Harrogate 012C","E07000165","Harrogate",0.013777268,-0.038910506,0.025316456,0.030150754,0.017307692,0.024671053
