"Code","Name","LA_code","LA_name","All","X0to15","X16to29","X30to44","X45to64","X65plus"
"E01002200","Harrow 010D","E09000015","Harrow",0.017241379,0.028818444,0.005154639,0.00990099,0.039900249,-0.01
