"Code","Name","LA_code","LA_name","All","X0to15","X16to29","X30to44","X45to64","X65plus"
"E01002192","Harrow 016C","E09000015","Harrow",0.029993618,0.036065574,0.025806452,0.020761246,0.045238095,0.01758794
