"Code","Name","LA_code","LA_name","All","X0to15","X16to29","X30to44","X45to64","X65plus"
"E01002114","Harrow 001B","E09000015","Harrow",-0.004957858,-0.026595745,0.012448133,-0.008849558,0.022613065,-0.014545455
