"Code","Name","LA_code","LA_name","All","X0to15","X16to29","X30to44","X45to64","X65plus"
"E01027671","Harrogate 012B","E07000165","Harrogate",-0.007227332,-0.007272727,-0.006666667,0.040609137,-0.011952191,-0.025125628
