"Code","Name","LA_code","LA_name","All","X0to15","X16to29","X30to44","X45to64","X65plus"
"E01027686","Harrogate 001D","E07000165","Harrogate",0.04290718,0.056603774,0.113402062,0.096590909,0.015037594,0.011627907
