"Code","Name","LA_code","LA_name","All","X0to15","X16to29","X30to44","X45to64","X65plus"
"E01002220","Harrow 031C","E09000015","Harrow",0.01411161,0.03313253,0.015479876,-0.01010101,0.01146789,0.023391813
