"Code","Name","LA_code","LA_name","All","X0to15","X16to29","X30to44","X45to64","X65plus"
"E01027701","Harrogate 006C","E07000165","Harrogate",0.033832141,0.050209205,0.083333333,0.019138756,0.033333333,0.012722646
