"Code","Name","LA_code","LA_name","All","X0to15","X16to29","X30to44","X45to64","X65plus"
"E01002133","Harrow 027A","E09000015","Harrow",-0.005454545,-0.022271715,-0.004739336,0.004040404,0.003846154,-0.012738854
