"Code","Name","LA_code","LA_name","All","X0to15","X16to29","X30to44","X45to64","X65plus"
"E01002202","Harrow 012E","E09000015","Harrow",0.032712403,0.010152284,0.068783069,0.026275116,0.020565553,0.076530612
