"Code","Name","LA_code","LA_name","All","X0to15","X16to29","X30to44","X45to64","X65plus"
"E01027741","Harrogate 010G","E07000165","Harrogate",0.027279253,-0.038461538,0.085526316,0.119815668,-0.005128205,0.029411765
