"Code","Name","LA_code","LA_name","All","X0to15","X16to29","X30to44","X45to64","X65plus"
"E01002112","Harrow 001A","E09000015","Harrow",0.004960317,0.029023747,0.038461538,-0.008064516,-0.009633911,-0.014705882
