"Code","Name","LA_code","LA_name","All","X0to15","X16to29","X30to44","X45to64","X65plus"
"E01027727","Harrogate 014D","E07000165","Harrogate",0.026592455,0.014705882,0.089622642,0.048859935,0.032036613,-0.023136247
