"Code","Name","LA_code","LA_name","All","X0to15","X16to29","X30to44","X45to64","X65plus"
"E01002178","Harrow 033I","E09000015","Harrow",0.01172116,0.025889968,0.06122449,0.007142857,-0.018181818,0
