"Code","Name","LA_code","LA_name","All","X0to15","X16to29","X30to44","X45to64","X65plus"
"E01027738","Harrogate 010E","E07000165","Harrogate",0.033562166,0.020920502,0.064220183,0.04778157,0.036931818,-0.009569378
