"Code","Name","LA_code","LA_name","All","X0to15","X16to29","X30to44","X45to64","X65plus"
"E01002125","Harrow 010B","E09000015","Harrow",-0.006057269,-0.005464481,0.005376344,-0.035940803,-0.012437811,0.054187192
