"Code","Name","LA_code","LA_name","All","X0to15","X16to29","X30to44","X45to64","X65plus"
"E01002109","Harrow 008C","E09000015","Harrow",0.00056243,-0.00862069,-0.007662835,0,0.015936255,-0.006153846
