"Code","Name","LA_code","LA_name","All","X0to15","X16to29","X30to44","X45to64","X65plus"
"E01002188","Harrow 016A","E09000015","Harrow",-0.010727056,-0.020661157,0,-0.057377049,0.013059701,-0.013856813
