"Code","Name","LA_code","LA_name","All","X0to15","X16to29","X30to44","X45to64","X65plus"
"E01027702","Harrogate 006D","E07000165","Harrogate",0.021428571,-0.021276596,-0.022727273,0.122580645,0.027692308,0.009375
