"Code","Name","LA_code","LA_name","All","X0to15","X16to29","X30to44","X45to64","X65plus"
"E01002144","Harrow 004A","E09000015","Harrow",0.010184596,-0.003968254,-0.019455253,0.012765957,0.022222222,0.023872679
