"Code","Name","LA_code","LA_name","All","X0to15","X16to29","X30to44","X45to64","X65plus"
"E01027678","Harrogate 015E","E07000165","Harrogate",0.009237875,-0.029411765,0.090439276,0.024574669,-0.021327014,-0.089473684
