"Code","Name","LA_code","LA_name","All","X0to15","X16to29","X30to44","X45to64","X65plus"
"E01027693","Harrogate 006B","E07000165","Harrogate",0.020338983,-0.010526316,0.067073171,0.036885246,0.014354067,0.022222222
