"Code","Name","LA_code","LA_name","All","X0to15","X16to29","X30to44","X45to64","X65plus"
"E01002151","Harrow 006D","E09000015","Harrow",-0.006557377,0.011527378,0.007575758,-0.010067114,-0.008,-0.041493776
