"Code","Name","LA_code","LA_name","All","X0to15","X16to29","X30to44","X45to64","X65plus"
"E01027669","Harrogate 009B","E07000165","Harrogate",0.027972028,-0.023166023,0.079831933,0.069958848,0.013806706,0.024509804
