"Code","Name","LA_code","LA_name","All","X0to15","X16to29","X30to44","X45to64","X65plus"
"E01002167","Harrow 017C","E09000015","Harrow",0.014742015,0.034810127,0.014534884,0.011494253,0.004878049,0.00952381
