"Code","Name","LA_code","LA_name","All","X0to15","X16to29","X30to44","X45to64","X65plus"
"E01027735","Harrogate 018D","E07000165","Harrogate",-0.005215124,-0.031746032,0.095238095,0.036809816,-0.014760148,-0.027906977
