"Code","Name","LA_code","LA_name","All","X0to15","X16to29","X30to44","X45to64","X65plus"
"E01002153","Harrow 019A","E09000015","Harrow",0.002188184,0.056047198,-0.03180212,-0.008450704,0.006369427,-0.015789474
