"Code","Name","LA_code","LA_name","All","X0to15","X16to29","X30to44","X45to64","X65plus"
"E01002122","Harrow 007D","E09000015","Harrow",-0.019661387,-0.010282776,-0.02484472,-0.008714597,-0.016706444,-0.053719008
