"Code","Name","LA_code","LA_name","All","X0to15","X16to29","X30to44","X45to64","X65plus"
"E01027695","Harrogate 016C","E07000165","Harrogate",0.023782559,0.021943574,0.105263158,0.026415094,0.001733102,0.012626263
