"Code","Name","LA_code","LA_name","All","X0to15","X16to29","X30to44","X45to64","X65plus"
"E01027648","Harrogate 014A","E07000165","Harrogate",-0.060350422,-0.020833333,-0.00921659,-0.013468013,-0.101176471,-0.121019108
