"Code","Name","LA_code","LA_name","All","X0to15","X16to29","X30to44","X45to64","X65plus"
"E01002207","Harrow 032C","E09000015","Harrow",0.009356725,-0.008152174,0.036630037,0.015873016,-0.017057569,0.04954955
