"Code","Name","LA_code","LA_name","All","X0to15","X16to29","X30to44","X45to64","X65plus"
"E01027737","Harrogate 003D","E07000165","Harrogate",0.026348039,-0.009852217,0.073333333,0.0625,0.038860104,-0.045454545
