"Code","Name","LA_code","LA_name","All","X0to15","X16to29","X30to44","X45to64","X65plus"
"E01027654","Harrogate 020B","E07000165","Harrogate",0.033306255,0.03286385,0.073770492,0.136054422,0.021077283,-0.01242236
