"Code","Name","LA_code","LA_name","All","X0to15","X16to29","X30to44","X45to64","X65plus"
"E01002158","Harrow 019D","E09000015","Harrow",-0.004189944,0.015686275,0.016460905,-0.061403509,-0.006726457,0.011538462
