"Code","Name","LA_code","LA_name","All","X0to15","X16to29","X30to44","X45to64","X65plus"
"E01027645","Harrogate 005B","E07000165","Harrogate",0.038194444,0.021582734,0.095652174,0.095785441,0.023809524,0.002197802
