"Code","Name","LA_code","LA_name","All","X0to15","X16to29","X30to44","X45to64","X65plus"
"E01027661","Harrogate 017B","E07000165","Harrogate",0.018063584,0.071129707,0.049689441,-0.011494253,0.0025,0.00619195
