"Code","Name","LA_code","LA_name","All","X0to15","X16to29","X30to44","X45to64","X65plus"
"E01002134","Harrow 029B","E09000015","Harrow",-0.016231475,0.037974684,-0.030769231,-0.043478261,-0.00974026,-0.018099548
