"Code","Name","LA_code","LA_name","All","X0to15","X16to29","X30to44","X45to64","X65plus"
"E01002162","Harrow 015C","E09000015","Harrow",0.010851872,0.054545455,0.056291391,0,-0.025171625,-0.028806584
