"Code","Name","LA_code","LA_name","All","X0to15","X16to29","X30to44","X45to64","X65plus"
"E01027689","Harrogate 011A","E07000165","Harrogate",0.032258065,0.045627376,0.090425532,0.019169329,-0.004842615,0.058823529
