"Code","Name","LA_code","LA_name","All","X0to15","X16to29","X30to44","X45to64","X65plus"
"E01027649","Harrogate 013A","E07000165","Harrogate",0.042754026,0.026162791,0.097142857,0.069277108,0.019607843,0.006329114
