"Code","Name","LA_code","LA_name","All","X0to15","X16to29","X30to44","X45to64","X65plus"
"E01027673","Harrogate 009C","E07000165","Harrogate",0.004301075,0.003921569,0.03930131,0.024305556,0.001626016,-0.021141649
