"Code","Name","LA_code","LA_name","All","X0to15","X16to29","X30to44","X45to64","X65plus"
"E01002218","Harrow 030A","E09000015","Harrow",-0.022465753,-0.032745592,-0.015444015,-0.013856813,-0.01986755,-0.03180212
