"Code","Name","LA_code","LA_name","All","X0to15","X16to29","X30to44","X45to64","X65plus"
"E01027655","Harrogate 015B","E07000165","Harrogate",0.046715328,0.142045455,0.02764977,0.125748503,0.028720627,0.00234192
