"Code","Name","LA_code","LA_name","All","X0to15","X16to29","X30to44","X45to64","X65plus"
"E01002135","Harrow 029C","E09000015","Harrow",-0.001079331,0.026011561,-0.010958904,-0.003891051,-0.01511335,0.004329004
