"Code","Name","LA_code","LA_name","All","X0to15","X16to29","X30to44","X45to64","X65plus"
"E01002204","Harrow 032A","E09000015","Harrow",-0.008310249,-0.014285714,0.014869888,0.005385996,-0.027624309,-0.030456853
