"Code","Name","LA_code","LA_name","All","X0to15","X16to29","X30to44","X45to64","X65plus"
"E01002211","Harrow 028A","E09000015","Harrow",-0.02661344,-0.013071895,0,-0.027439024,-0.046961326,-0.054644809
