"Code","Name","LA_code","LA_name","All","X0to15","X16to29","X30to44","X45to64","X65plus"
"E01027681","Harrogate 006A","E07000165","Harrogate",0.000642261,-0.051282051,0.074285714,0.018604651,0.022140221,-0.040920716
