"Code","Name","LA_code","LA_name","All","X0to15","X16to29","X30to44","X45to64","X65plus"
"E01011950","Hartlepool 008A","E06000001","Hartlepool",0.037341299,0.005347594,0.063333333,-0.039525692,0.084337349,0.027173913
