"Code","Name","LA_code","LA_name","All","X0to15","X16to29","X30to44","X45to64","X65plus"
"E01022863","Hart 007B","E07000089","Hart",0.003790272,0.037800687,0.006369427,-0.02016129,0.014117647,-0.015151515
