"Code","Name","LA_code","LA_name","All","X0to15","X16to29","X30to44","X45to64","X65plus"
"E01022890","Hart 001A","E07000089","Hart",-0.018815331,-0.071161049,0.028708134,-0.021459227,-0.021327014,0
