"Code","Name","LA_code","LA_name","All","X0to15","X16to29","X30to44","X45to64","X65plus"
"E01022850","Hart 009B","E07000089","Hart",0.021329987,0.013377926,0.050561798,0.020408163,0.032119914,0
