"Code","Name","LA_code","LA_name","All","X0to15","X16to29","X30to44","X45to64","X65plus"
"E01032853","Hart 005F","E07000089","Hart",0.014705882,0.031078611,-0.013824885,0.016666667,0.004273504,0.024193548
