"Code","Name","LA_code","LA_name","All","X0to15","X16to29","X30to44","X45to64","X65plus"
"E01022876","Hart 003F","E07000089","Hart",-0.003309067,-0.006779661,0.087557604,-0.01119403,-0.007177033,-0.051118211
