"Code","Name","LA_code","LA_name","All","X0to15","X16to29","X30to44","X45to64","X65plus"
"E01011963","Hartlepool 014C","E06000001","Hartlepool",-0.016776076,-0.01986755,-0.076923077,-0.045685279,0,0.004987531
