"Code","Name","LA_code","LA_name","All","X0to15","X16to29","X30to44","X45to64","X65plus"
"E01011966","Hartlepool 006B","E06000001","Hartlepool",-0.030882353,0,0.029850746,-0.077821012,-0.06377551,-0.010204082
