"Code","Name","LA_code","LA_name","All","X0to15","X16to29","X30to44","X45to64","X65plus"
"E01022874","Hart 003D","E07000089","Hart",0.009878419,-0.011406844,0.004739336,0.029411765,-0.008645533,0.042801556
