"Code","Name","LA_code","LA_name","All","X0to15","X16to29","X30to44","X45to64","X65plus"
"E01011973","Hartlepool 005A","E06000001","Hartlepool",0.007758621,-0.014423077,0.030418251,0.007905138,0.010273973,-0.006944444
