"Code","Name","LA_code","LA_name","All","X0to15","X16to29","X30to44","X45to64","X65plus"
"E01022861","Hart 007A","E07000089","Hart",0.005889282,0.019047619,0,0.044520548,0.010570825,-0.035264484
