"Code","Name","LA_code","LA_name","All","X0to15","X16to29","X30to44","X45to64","X65plus"
"E01011979","Hartlepool 012E","E06000001","Hartlepool",0.0109447,0.022271715,-0.02617801,-0.031948882,-0.030379747,0.208121827
