"Code","Name","LA_code","LA_name","All","X0to15","X16to29","X30to44","X45to64","X65plus"
"E01022881","Hart 006A","E07000089","Hart",0.010594947,-0.00862069,0.037671233,0.010771993,0.010416667,0.019830028
