"Code","Name","LA_code","LA_name","All","X0to15","X16to29","X30to44","X45to64","X65plus"
"E01022888","Hart 011B","E07000089","Hart",0.010982659,-0.015037594,0.022346369,0.036,-0.007312614,0.028688525
