"Code","Name","LA_code","LA_name","All","X0to15","X16to29","X30to44","X45to64","X65plus"
"E01022856","Hart 010D","E07000089","Hart",0.012624585,-0.010909091,0.080745342,0.008928571,-0.014736842,0.037837838
