"Code","Name","LA_code","LA_name","All","X0to15","X16to29","X30to44","X45to64","X65plus"
"E01022887","Hart 008E","E07000089","Hart",0.010316369,0.050458716,-0.047337278,0.030769231,0,0.012048193
