"Code","Name","LA_code","LA_name","All","X0to15","X16to29","X30to44","X45to64","X65plus"
"E01011989","Hartlepool 010C","E06000001","Hartlepool",0.014582165,0.042183623,0.03,0,-0.014314928,0.023972603
