"Code","Name","LA_code","LA_name","All","X0to15","X16to29","X30to44","X45to64","X65plus"
"E01022879","Hart 004C","E07000089","Hart",-0.015736041,-0.038834951,-0.031088083,0.019073569,-0.007858546,-0.024539877
