"Code","Name","LA_code","LA_name","All","X0to15","X16to29","X30to44","X45to64","X65plus"
"E01032856","Hart 011E","E07000089","Hart",-0.026726058,-0.030107527,-0.047675805,0.013138686,-0.04,-0.098765432
