"Code","Name","LA_code","LA_name","All","X0to15","X16to29","X30to44","X45to64","X65plus"
"E01022873","Hart 008D","E07000089","Hart",-0.006827309,-0.038229376,0.02006689,-0.009456265,0.001451379,-0.001718213
