"Code","Name","LA_code","LA_name","All","X0to15","X16to29","X30to44","X45to64","X65plus"
"E01022892","Hart 001C","E07000089","Hart",0.011357491,0.011583012,0.00990099,0.045936396,-0.012704174,0.018050542
