"Code","Name","LA_code","LA_name","All","X0to15","X16to29","X30to44","X45to64","X65plus"
"E01022857","Hart 010E","E07000089","Hart",0.038766931,0.068820225,0.076923077,0.057632399,-0.046728972,-0.065868263
