"Code","Name","LA_code","LA_name","All","X0to15","X16to29","X30to44","X45to64","X65plus"
"E01011976","Hartlepool 005D","E06000001","Hartlepool",-0.021829522,-0.072164948,0.005780347,-0.023696682,0.018181818,-0.042682927
