"Code","Name","LA_code","LA_name","All","X0to15","X16to29","X30to44","X45to64","X65plus"
"E01011984","Hartlepool 009D","E06000001","Hartlepool",-0.02134647,-0.032894737,-0.049382716,0.019480519,-0.016713092,-0.025575448
