"Code","Name","LA_code","LA_name","All","X0to15","X16to29","X30to44","X45to64","X65plus"
"E01011994","Hartlepool 002F","E06000001","Hartlepool",0.031313819,0.035483871,-0.003984064,0.039711191,0.064896755,0.010273973
