"Code","Name","LA_code","LA_name","All","X0to15","X16to29","X30to44","X45to64","X65plus"
"E01022854","Hart 010B","E07000089","Hart",0.008139535,0.022160665,0.024291498,0.039215686,-0.0234375,0
