"Code","Name","LA_code","LA_name","All","X0to15","X16to29","X30to44","X45to64","X65plus"
"E01012005","Hartlepool 014G","E06000001","Hartlepool",0.017473789,-0.01703163,0.012121212,0.02425876,0.002980626,0.122727273
