"Code","Name","LA_code","LA_name","All","X0to15","X16to29","X30to44","X45to64","X65plus"
"E01022895","Hart 002B","E07000089","Hart",-0.002823264,-0.043343653,0.028340081,0.012195122,0.015037594,-0.029325513
