"Code","Name","LA_code","LA_name","All","X0to15","X16to29","X30to44","X45to64","X65plus"
"E01032541","Hartlepool 003H","E06000001","Hartlepool",0.004096495,0.016129032,-0.008797654,0.020771513,0.007434944,-0.010968921
