"Code","Name","LA_code","LA_name","All","X0to15","X16to29","X30to44","X45to64","X65plus"
"E01011986","Hartlepool 008B","E06000001","Hartlepool",-0.062794349,-0.123348018,-0.082568807,-0.056603774,0.002369668,-0.10483871
