"Code","Name","LA_code","LA_name","All","X0to15","X16to29","X30to44","X45to64","X65plus"
"E01011991","Hartlepool 002C","E06000001","Hartlepool",-0.00770077,0.019417476,-0.010526316,0.019169329,-0.009259259,-0.04851752
