"Code","Name","LA_code","LA_name","All","X0to15","X16to29","X30to44","X45to64","X65plus"
"E01011999","Hartlepool 007D","E06000001","Hartlepool",-0.051616015,-0.076566125,-0.055555556,-0.008196721,-0.009090909,-0.11746988
