"Code","Name","LA_code","LA_name","All","X0to15","X16to29","X30to44","X45to64","X65plus"
"E01022846","Hart 003A","E07000089","Hart",0.001539646,0.064516129,-0.099415205,0.068825911,-0.017241379,0.071428571
