"Code","Name","LA_code","LA_name","All","X0to15","X16to29","X30to44","X45to64","X65plus"
"E01022872","Hart 008C","E07000089","Hart",-0.002704164,0.028089888,0.011583012,-0.054380665,-0.013944223,0.017456359
