"Code","Name","LA_code","LA_name","All","X0to15","X16to29","X30to44","X45to64","X65plus"
"E01020989","Hastings 011E","E07000062","Hastings",-0.012273524,-0.028340081,0.012232416,-0.016172507,-0.024621212,0.004201681
