"Code","Name","LA_code","LA_name","All","X0to15","X16to29","X30to44","X45to64","X65plus"
"E01021000","Hastings 007A","E07000062","Hastings",0.008789723,0.013745704,0.0375,-0.011152416,-0.004587156,0.020576132
