"Code","Name","LA_code","LA_name","All","X0to15","X16to29","X30to44","X45to64","X65plus"
"E01020999","Hastings 010C","E07000062","Hastings",0.081349206,0.092879257,0.026431718,0.003731343,0.043307087,0.152173913
