"Code","Name","LA_code","LA_name","All","X0to15","X16to29","X30to44","X45to64","X65plus"
"E01020981","Hastings 009D","E07000062","Hastings",0.009475679,-0.033557047,0.018181818,-0.00310559,0.011135857,0.066945607
