"Code","Name","LA_code","LA_name","All","X0to15","X16to29","X30to44","X45to64","X65plus"
"E01020982","Hastings 011A","E07000062","Hastings",0.013483146,-0.010273973,0.044585987,0.027989822,0,0.008264463
