"Code","Name","LA_code","LA_name","All","X0to15","X16to29","X30to44","X45to64","X65plus"
"E01020991","Hastings 008D","E07000062","Hastings",-0.038376384,-0.031088083,0.073059361,0.025751073,-0.006849315,-0.238970588
