"Code","Name","LA_code","LA_name","All","X0to15","X16to29","X30to44","X45to64","X65plus"
"E01020976","Hastings 008B","E07000062","Hastings",-0.002020202,-0.006535948,0.038348083,-0.024615385,0.00172117,-0.018648019
