"Code","Name","LA_code","LA_name","All","X0to15","X16to29","X30to44","X45to64","X65plus"
"E01021013","Hastings 004D","E07000062","Hastings",-0.009846827,-0.053435115,0,0.013850416,-0.019027484,0.027667984
