"Code","Name","LA_code","LA_name","All","X0to15","X16to29","X30to44","X45to64","X65plus"
"E01021021","Hastings 006E","E07000062","Hastings",0.063598759,0.033419023,0.056379822,0.043360434,0.070663812,0.112903226
