"Code","Name","LA_code","LA_name","All","X0to15","X16to29","X30to44","X45to64","X65plus"
"E01020992","Hastings 008E","E07000062","Hastings",0.018810371,-0.020460358,0.018666667,0.033175355,0.03024911,0.032258065
