"Code","Name","LA_code","LA_name","All","X0to15","X16to29","X30to44","X45to64","X65plus"
"E01020993","Hastings 003A","E07000062","Hastings",-0.007178751,-0.01572327,-0.004032258,-0.034482759,0.016,-0.009090909
