"Code","Name","LA_code","LA_name","All","X0to15","X16to29","X30to44","X45to64","X65plus"
"E01020984","Hastings 011C","E07000062","Hastings",0.023964054,0.085034014,0.017241379,0.011061947,0.018083183,0.003355705
