"Code","Name","LA_code","LA_name","All","X0to15","X16to29","X30to44","X45to64","X65plus"
"E01021014","Hastings 007E","E07000062","Hastings",0.008060183,0.031553398,0.014792899,0.034482759,0.012797075,-0.101851852
