"Code","Name","LA_code","LA_name","All","X0to15","X16to29","X30to44","X45to64","X65plus"
"E01021001","Hastings 007B","E07000062","Hastings",0.006334125,0.02811245,0.055813953,-0.01369863,0.013623978,-0.061032864
