"Code","Name","LA_code","LA_name","All","X0to15","X16to29","X30to44","X45to64","X65plus"
"E01020995","Hastings 003C","E07000062","Hastings",0.007392473,-0.008333333,0.06097561,-0.003448276,-0.002590674,0.004854369
