"Code","Name","LA_code","LA_name","All","X0to15","X16to29","X30to44","X45to64","X65plus"
"E01020997","Hastings 010A","E07000062","Hastings",0.004730928,0.005540166,0.015748031,0.006872852,0.004761905,-0.005479452
