"Code","Name","LA_code","LA_name","All","X0to15","X16to29","X30to44","X45to64","X65plus"
"E01021006","Hastings 004C","E07000062","Hastings",0.02420242,-0.011204482,0.023529412,0.037356322,0.012145749,0.075268817
