"Code","Name","LA_code","LA_name","All","X0to15","X16to29","X30to44","X45to64","X65plus"
"E01020980","Hastings 009C","E07000062","Hastings",-0.013133208,-0.055016181,0.035190616,0,-0.002314815,-0.076923077
