"Code","Name","LA_code","LA_name","All","X0to15","X16to29","X30to44","X45to64","X65plus"
"E01020970","Hastings 001B","E07000062","Hastings",-0.016701461,0.004132231,-0.004716981,-0.017429194,-0.017471737,-0.043071161
