"Code","Name","LA_code","LA_name","All","X0to15","X16to29","X30to44","X45to64","X65plus"
"E01022943","Havant 015B","E07000090","Havant",-0.000671592,-0.056737589,0.020833333,-0.051724138,0.002272727,0.013888889
