"Code","Name","LA_code","LA_name","All","X0to15","X16to29","X30to44","X45to64","X65plus"
"E01022919","Havant 019A","E07000090","Havant",0.015713388,0.024137931,0.029801325,0.015503876,0.020512821,-0.008547009
