"Code","Name","LA_code","LA_name","All","X0to15","X16to29","X30to44","X45to64","X65plus"
"E01022930","Havant 003A","E07000090","Havant",-0.008586148,-0.100558659,-0.037344398,0,0.012323944,0.008503401
