"Code","Name","LA_code","LA_name","All","X0to15","X16to29","X30to44","X45to64","X65plus"
"E01022957","Havant 014E","E07000090","Havant",0.018619085,0.037735849,-0.051162791,0.010471204,0.031400966,0.046692607
