"Code","Name","LA_code","LA_name","All","X0to15","X16to29","X30to44","X45to64","X65plus"
"E01022927","Havant 013D","E07000090","Havant",0.010572139,-0.020833333,-0.024242424,-0.014925373,0.03255814,0.026223776
