"Code","Name","LA_code","LA_name","All","X0to15","X16to29","X30to44","X45to64","X65plus"
"E01022951","Havant 011E","E07000090","Havant",-0.022001419,-0.038095238,-0.052356021,-0.005,-0.015765766,-0.013736264
