"Code","Name","LA_code","LA_name","All","X0to15","X16to29","X30to44","X45to64","X65plus"
"E01022956","Havant 014D","E07000090","Havant",-0.001666667,-0.015748031,0.031088083,0.048,-0.023529412,-0.049079755
