"Code","Name","LA_code","LA_name","All","X0to15","X16to29","X30to44","X45to64","X65plus"
"E01022968","Havant 008C","E07000090","Havant",0.01059322,0.034383954,0.031034483,0.008298755,-0.011527378,-0.021164021
