"Code","Name","LA_code","LA_name","All","X0to15","X16to29","X30to44","X45to64","X65plus"
"E01022940","Havant 016A","E07000090","Havant",0.03,0.021164021,-0.047619048,0.032432432,0.044354839,0.054108216
