"Code","Name","LA_code","LA_name","All","X0to15","X16to29","X30to44","X45to64","X65plus"
"E01022955","Havant 014C","E07000090","Havant",-0.047193878,-0.125,-0.089285714,-0.016949153,-0.032467532,-0.021645022
