"Code","Name","LA_code","LA_name","All","X0to15","X16to29","X30to44","X45to64","X65plus"
"E01022935","Havant 003C","E07000090","Havant",0.007265522,0.055813953,0.005154639,0.030487805,-0.002298851,-0.011857708
