"Code","Name","LA_code","LA_name","All","X0to15","X16to29","X30to44","X45to64","X65plus"
"E01022971","Havant 004B","E07000090","Havant",-0.034689793,-0.083769634,-0.036630037,-0.008658009,-0.01980198,-0.04
