"Code","Name","LA_code","LA_name","All","X0to15","X16to29","X30to44","X45to64","X65plus"
"E01022970","Havant 010E","E07000090","Havant",0.005982054,-0.014787431,0.044117647,-0.026506024,0.03926097,-0.019138756
