"Code","Name","LA_code","LA_name","All","X0to15","X16to29","X30to44","X45to64","X65plus"
"E01022961","Havant 007B","E07000090","Havant",0,0.034602076,0.003921569,-0.036101083,-0.002531646,0
