"Code","Name","LA_code","LA_name","All","X0to15","X16to29","X30to44","X45to64","X65plus"
"E01002249","Havering 017D","E09000016","Havering",-0.073353293,-0.069295102,-0.091494845,-0.057411273,-0.069343066,-0.104072398
