"Code","Name","LA_code","LA_name","All","X0to15","X16to29","X30to44","X45to64","X65plus"
"E01002375","Havering 028E","E09000016","Havering",-0.00057241,-0.026378897,0.016064257,0.010471204,0.002631579,0.003134796
