"Code","Name","LA_code","LA_name","All","X0to15","X16to29","X30to44","X45to64","X65plus"
"E01002323","Havering 021D","E09000016","Havering",0.011571255,0.003389831,0.006578947,-0.018587361,0.016528926,0.044827586
