"Code","Name","LA_code","LA_name","All","X0to15","X16to29","X30to44","X45to64","X65plus"
"E01002265","Havering 025A","E09000016","Havering",-0.110753381,-0.086792453,-0.142857143,-0.066455696,-0.125890736,-0.130434783
