"Code","Name","LA_code","LA_name","All","X0to15","X16to29","X30to44","X45to64","X65plus"
"E01002367","Havering 020E","E09000016","Havering",0.00304878,0.014705882,0,-0.015197568,0.006355932,0.010989011
