"Code","Name","LA_code","LA_name","All","X0to15","X16to29","X30to44","X45to64","X65plus"
"E01002341","Havering 008E","E09000016","Havering",-0.017189836,-0.022321429,-0.010928962,-0.046948357,0.008174387,-0.025641026
