"Code","Name","LA_code","LA_name","All","X0to15","X16to29","X30to44","X45to64","X65plus"
"E01032741","Havering 013E","E09000016","Havering",0.054194506,0.084577114,0.102102102,0.034951456,0.041666667,-0.037735849
