"Code","Name","LA_code","LA_name","All","X0to15","X16to29","X30to44","X45to64","X65plus"
"E01002289","Havering 022B","E09000016","Havering",-0.008854782,-0.037383178,-0.016233766,0.017699115,-0.008733624,0
