"Code","Name","LA_code","LA_name","All","X0to15","X16to29","X30to44","X45to64","X65plus"
"E01002390","Havering 024E","E09000016","Havering",0.007127584,0.038167939,-0.005347594,0.068292683,0.012315271,-0.052478134
