"Code","Name","LA_code","LA_name","All","X0to15","X16to29","X30to44","X45to64","X65plus"
"E01032742","Havering 013F","E09000016","Havering",-0.009383378,0.008510638,-0.016,-0.017142857,-0.002873563,-0.01618123
