"Code","Name","LA_code","LA_name","All","X0to15","X16to29","X30to44","X45to64","X65plus"
"E01002277","Havering 002A","E09000016","Havering",0.022383147,0.066006601,0,0.002967359,0.020565553,0.024875622
