"Code","Name","LA_code","LA_name","All","X0to15","X16to29","X30to44","X45to64","X65plus"
"E01002317","Havering 014C","E09000016","Havering",0.05442623,0.12601626,0.021582734,0.086065574,0.015801354,0.057324841
