"Code","Name","LA_code","LA_name","All","X0to15","X16to29","X30to44","X45to64","X65plus"
"E01002286","Havering 025C","E09000016","Havering",0.031269943,0.061068702,0.007968127,-0.019379845,0.04516129,0.045317221
