"Code","Name","LA_code","LA_name","All","X0to15","X16to29","X30to44","X45to64","X65plus"
"E01002325","Havering 011C","E09000016","Havering",0.002192982,-0.007832898,-0.008746356,0.00295858,0.005102041,0.019021739
