"Code","Name","LA_code","LA_name","All","X0to15","X16to29","X30to44","X45to64","X65plus"
"E01002308","Havering 005C","E09000016","Havering",0.021851639,0.002680965,-0.00623053,-0.019292605,-0.033898305,0.183800623
