"Code","Name","LA_code","LA_name","All","X0to15","X16to29","X30to44","X45to64","X65plus"
"E01002320","Havering 021A","E09000016","Havering",-0.034278181,-0.092369478,-0.00660066,-0.062992126,-0.036809816,0.031531532
