"Code","Name","LA_code","LA_name","All","X0to15","X16to29","X30to44","X45to64","X65plus"
"E01002313","Havering 001D","E09000016","Havering",0.01145989,-0.00591716,0.035135135,0.018058691,-0.021327014,0.052830189
