"Code","Name","LA_code","LA_name","All","X0to15","X16to29","X30to44","X45to64","X65plus"
"E01002311","Havering 006C","E09000016","Havering",0.022917831,0.038297872,0.043343653,-0.016713092,0.015503876,0.036
