"Code","Name","LA_code","LA_name","All","X0to15","X16to29","X30to44","X45to64","X65plus"
"E01002372","Havering 027C","E09000016","Havering",0.104629042,0.113564669,0.113636364,0.130081301,0.075862069,0.107936508
