"Code","Name","LA_code","LA_name","All","X0to15","X16to29","X30to44","X45to64","X65plus"
"E01002385","Havering 024A","E09000016","Havering",0.004875076,-0.04676259,0.020746888,-0.023890785,0.026966292,0.028645833
