"Code","Name","LA_code","LA_name","All","X0to15","X16to29","X30to44","X45to64","X65plus"
"E01002324","Havering 021E","E09000016","Havering",-0.025259067,-0.110701107,-0.029304029,0.008733624,-0.011655012,0.005847953
