"Code","Name","LA_code","LA_name","All","X0to15","X16to29","X30to44","X45to64","X65plus"
"E01002361","Havering 020C","E09000016","Havering",0.003280481,-0.018404908,-0.027700831,0.019184652,0.038167939,-0.003012048
