"Code","Name","LA_code","LA_name","All","X0to15","X16to29","X30to44","X45to64","X65plus"
"E01002272","Havering 014A","E09000016","Havering",-0.042977744,-0.009090909,-0.09569378,0.00862069,-0.042105263,-0.076335878
