"Code","Name","LA_code","LA_name","All","X0to15","X16to29","X30to44","X45to64","X65plus"
"E01002356","Havering 013C","E09000016","Havering",0.01065449,0.018835616,-0.00456621,-0.011065007,0.040963855,0.044176707
