"Code","Name","LA_code","LA_name","All","X0to15","X16to29","X30to44","X45to64","X65plus"
"E01002351","Havering 016C","E09000016","Havering",-0.005322295,-0.002777778,0.031141869,-0.04576659,0.005063291,0.004761905
