"Code","Name","LA_code","LA_name","All","X0to15","X16to29","X30to44","X45to64","X65plus"
"E01002275","Havering 015D","E09000016","Havering",0.023328149,0.067484663,-0.041841004,-0.013513514,0.051150895,0.031884058
