"Code","Name","LA_code","LA_name","All","X0to15","X16to29","X30to44","X45to64","X65plus"
"E01002292","Havering 022C","E09000016","Havering",0.020156047,0.062271062,0.012711864,0.01,-0.009237875,0.040540541
