"Code","Name","LA_code","LA_name","All","X0to15","X16to29","X30to44","X45to64","X65plus"
"E01002262","Havering 026C","E09000016","Havering",0.060283688,0.07641196,0.028301887,0.087774295,0.038461538,0.083916084
