"Code","Name","LA_code","LA_name","All","X0to15","X16to29","X30to44","X45to64","X65plus"
"E01002369","Havering 028B","E09000016","Havering",0.019151139,0.036842105,0.008356546,-0.005420054,0.012195122,0.048192771
