"Code","Name","LA_code","LA_name","All","X0to15","X16to29","X30to44","X45to64","X65plus"
"E01002334","Havering 008B","E09000016","Havering",-0.013031161,-0.039215686,0,-0.057915058,0.001883239,0.002087683
