"Code","Name","LA_code","LA_name","All","X0to15","X16to29","X30to44","X45to64","X65plus"
"E01002378","Havering 010E","E09000016","Havering",-0.017899761,-0.009493671,-0.036474164,-0.021538462,-0.004273504,-0.025210084
