"Code","Name","LA_code","LA_name","All","X0to15","X16to29","X30to44","X45to64","X65plus"
"E01002290","Havering 025E","E09000016","Havering",0.011740331,0.088888889,-0.021929825,-0.019704433,0.002314815,0.022222222
