"Code","Name","LA_code","LA_name","All","X0to15","X16to29","X30to44","X45to64","X65plus"
"E01002261","Havering 026B","E09000016","Havering",-0.026857143,-0.022346369,0,-0.015576324,-0.032921811,-0.060810811
