"Code","Name","LA_code","LA_name","All","X0to15","X16to29","X30to44","X45to64","X65plus"
"E01002315","Havering 006D","E09000016","Havering",-0.000564016,-0.017699115,-0.031034483,0.018469657,0,0.04245283
