"Code","Name","LA_code","LA_name","All","X0to15","X16to29","X30to44","X45to64","X65plus"
"E01002388","Havering 024C","E09000016","Havering",-0.013772455,0.003816794,-0.029045643,-0.026717557,-0.004132231,-0.019002375
