"Code","Name","LA_code","LA_name","All","X0to15","X16to29","X30to44","X45to64","X65plus"
"E01002291","Havering 023B","E09000016","Havering",0.016383113,0.066666667,0.012820513,0.069306931,-0.006696429,-0.016587678
