"Code","Name","LA_code","LA_name","All","X0to15","X16to29","X30to44","X45to64","X65plus"
"E01002326","Havering 005D","E09000016","Havering",0.01070529,-0.008403361,0.007407407,0.006756757,0.028277635,0.018115942
