"Code","Name","LA_code","LA_name","All","X0to15","X16to29","X30to44","X45to64","X65plus"
"E01002362","Havering 022D","E09000016","Havering",0.01321004,0.016,0.030534351,0.014134276,0.014117647,-0.006802721
