"Code","Name","LA_code","LA_name","All","X0to15","X16to29","X30to44","X45to64","X65plus"
"E01002267","Havering 027B","E09000016","Havering",-0.063566804,-0.006825939,-0.055555556,-0.072254335,-0.113513514,-0.05721393
