"Code","Name","LA_code","LA_name","All","X0to15","X16to29","X30to44","X45to64","X65plus"
"E01014101","Herefordshire 007F","E06000019","Herefordshire, County of",-0.007207207,0.01744186,-0.056737589,-0.048275862,-0.017391304,0.03257329
