"Code","Name","LA_code","LA_name","All","X0to15","X16to29","X30to44","X45to64","X65plus"
"E01013989","Herefordshire 012B","E06000019","Herefordshire, County of",0.023240372,-0.009966777,0.059405941,0.033742331,0.013157895,0.020408163
