"Code","Name","LA_code","LA_name","All","X0to15","X16to29","X30to44","X45to64","X65plus"
"E01014006","Herefordshire 007A","E06000019","Herefordshire, County of",-0.047556143,0.013157895,0.011494253,0.028169014,-0.037267081,-0.15625
