"Code","Name","LA_code","LA_name","All","X0to15","X16to29","X30to44","X45to64","X65plus"
"E01014077","Herefordshire 013C","E06000019","Herefordshire, County of",0.027830487,0.046808511,0.052863436,-0.007751938,0.046610169,0.002570694
