"Code","Name","LA_code","LA_name","All","X0to15","X16to29","X30to44","X45to64","X65plus"
"E01014091","Herefordshire 014B","E06000019","Herefordshire, County of",0.011805556,0.009615385,0.005128205,-0.005076142,0.038834951,-0.002336449
