"Code","Name","LA_code","LA_name","All","X0to15","X16to29","X30to44","X45to64","X65plus"
"E01014076","Herefordshire 013B","E06000019","Herefordshire, County of",-0.023902651,-0.070680628,-0.016304348,-0.008802817,-0.009765625,-0.031358885
