"Code","Name","LA_code","LA_name","All","X0to15","X16to29","X30to44","X45to64","X65plus"
"E01014097","Herefordshire 004F","E06000019","Herefordshire, County of",0.020817271,-0.032467532,-0.005952381,0.028169014,0.00952381,0.060532688
