"Code","Name","LA_code","LA_name","All","X0to15","X16to29","X30to44","X45to64","X65plus"
"E01014019","Herefordshire 020B","E06000019","Herefordshire, County of",0.008810573,0.011764706,-0.005050505,0.02970297,-0.001908397,0.017073171
