"Code","Name","LA_code","LA_name","All","X0to15","X16to29","X30to44","X45to64","X65plus"
"E01014075","Herefordshire 013A","E06000019","Herefordshire, County of",0.02073991,0.006557377,0.043478261,0.034383954,0.028138528,-0.008130081
