"Code","Name","LA_code","LA_name","All","X0to15","X16to29","X30to44","X45to64","X65plus"
"E01014054","Herefordshire 018D","E06000019","Herefordshire, County of",0.011347518,0.016574586,-0.036649215,-0.043478261,0.022587269,0.052325581
