"Code","Name","LA_code","LA_name","All","X0to15","X16to29","X30to44","X45to64","X65plus"
"E01014063","Herefordshire 022C","E06000019","Herefordshire, County of",0.018847604,0.026143791,-0.019138756,0.00310559,0.048780488,0.014059754
