"Code","Name","LA_code","LA_name","All","X0to15","X16to29","X30to44","X45to64","X65plus"
"E01014046","Herefordshire 003B","E06000019","Herefordshire, County of",0.001383126,-0.013100437,0.058479532,0.035353535,-0.006896552,-0.021791768
