"Code","Name","LA_code","LA_name","All","X0to15","X16to29","X30to44","X45to64","X65plus"
"E01014062","Herefordshire 022B","E06000019","Herefordshire, County of",0.013625592,0.038647343,0.032727273,-0.003401361,-0.004597701,0.018867925
