"Code","Name","LA_code","LA_name","All","X0to15","X16to29","X30to44","X45to64","X65plus"
"E01014087","Herefordshire 010D","E06000019","Herefordshire, County of",0.013530928,-0.031620553,0.037453184,0.017595308,-0.006864989,0.062992126
