"Code","Name","LA_code","LA_name","All","X0to15","X16to29","X30to44","X45to64","X65plus"
"E01014017","Herefordshire 004B","E06000019","Herefordshire, County of",0.018220042,0.035555556,0.06870229,-0.015873016,0.033707865,-0.006864989
