"Code","Name","LA_code","LA_name","All","X0to15","X16to29","X30to44","X45to64","X65plus"
"E01014090","Herefordshire 014A","E06000019","Herefordshire, County of",-0.008898015,-0.015209125,-0.00591716,0.008695652,0.007614213,-0.032098765
