"Code","Name","LA_code","LA_name","All","X0to15","X16to29","X30to44","X45to64","X65plus"
"E01013991","Herefordshire 018B","E06000019","Herefordshire, County of",-0.016105417,0.008368201,-0.027173913,-0.026431718,-0.027777778,-0.003521127
