"Code","Name","LA_code","LA_name","All","X0to15","X16to29","X30to44","X45to64","X65plus"
"E01014089","Herefordshire 010F","E06000019","Herefordshire, County of",0.033561644,0.014084507,-0.00896861,0.039855072,0.042394015,0.06884058
