"Code","Name","LA_code","LA_name","All","X0to15","X16to29","X30to44","X45to64","X65plus"
"E01014058","Herefordshire 023G","E06000019","Herefordshire, County of",0.030534351,0.029126214,0.111111111,0.065088757,0.031358885,-0.006263048
