"Code","Name","LA_code","LA_name","All","X0to15","X16to29","X30to44","X45to64","X65plus"
"E01014020","Herefordshire 020C","E06000019","Herefordshire, County of",-0.003058104,-0.014388489,0.016949153,0.028846154,0.015625,-0.039130435
