"Code","Name","LA_code","LA_name","All","X0to15","X16to29","X30to44","X45to64","X65plus"
"E01014026","Herefordshire 021A","E06000019","Herefordshire, County of",-0.013193813,0.003267974,-0.074576271,0.027548209,-0.019089574,-0.009041591
