"Code","Name","LA_code","LA_name","All","X0to15","X16to29","X30to44","X45to64","X65plus"
"E01014009","Herefordshire 006B","E06000019","Herefordshire, County of",0.009416196,-0.046610169,-0.03125,0.064516129,0.010330579,0.026565465
