"Code","Name","LA_code","LA_name","All","X0to15","X16to29","X30to44","X45to64","X65plus"
"E01014003","Herefordshire 005D","E06000019","Herefordshire, County of",-0.009887937,-0.00729927,0.003690037,-0.007220217,-0.019900498,-0.013651877
