"Code","Name","LA_code","LA_name","All","X0to15","X16to29","X30to44","X45to64","X65plus"
"E01014100","Herefordshire 007E","E06000019","Herefordshire, County of",-0.003221649,0.053097345,-0.02994012,0.03125,-0.028846154,-0.009638554
