"Code","Name","LA_code","LA_name","All","X0to15","X16to29","X30to44","X45to64","X65plus"
"E01014081","Herefordshire 008C","E06000019","Herefordshire, County of",-0.023994812,-0.045977011,-0.051136364,-0.022727273,0.017021277,-0.045783133
