"Code","Name","LA_code","LA_name","All","X0to15","X16to29","X30to44","X45to64","X65plus"
"E01014048","Herefordshire 003D","E06000019","Herefordshire, County of",-0.01285347,-0.071428571,-0.010204082,0.020348837,0.002631579,-0.030487805
