"Code","Name","LA_code","LA_name","All","X0to15","X16to29","X30to44","X45to64","X65plus"
"E01014050","Herefordshire 023D","E06000019","Herefordshire, County of",-0.01070091,-0.037037037,0.004608295,-0.003846154,-0.022151899,0.010799136
