"Code","Name","LA_code","LA_name","All","X0to15","X16to29","X30to44","X45to64","X65plus"
"E01014045","Herefordshire 003A","E06000019","Herefordshire, County of",-0.011378003,0.004291845,-0.038626609,-0.021943574,-0.017660044,0.014534884
