"Code","Name","LA_code","LA_name","All","X0to15","X16to29","X30to44","X45to64","X65plus"
"E01014099","Herefordshire 021F","E06000019","Herefordshire, County of",-0.011198208,0.02247191,-0.010050251,-0.008130081,-0.018998273,-0.022222222
