"Code","Name","LA_code","LA_name","All","X0to15","X16to29","X30to44","X45to64","X65plus"
"E01023559","Hertsmere 012B","E07000098","Hertsmere",0.005673759,0.053061224,-0.038793103,-0.033707865,0.007042254,0.041666667
