"Code","Name","LA_code","LA_name","All","X0to15","X16to29","X30to44","X45to64","X65plus"
"E01023530","Hertsmere 007B","E07000098","Hertsmere",0.006526468,0.020289855,-0.06763285,0.002793296,0.033898305,0.028735632
