"Code","Name","LA_code","LA_name","All","X0to15","X16to29","X30to44","X45to64","X65plus"
"E01023529","Hertsmere 007A","E07000098","Hertsmere",0.016982364,0.039893617,-0.007751938,0.034383954,0.034852547,-0.068571429
