"Code","Name","LA_code","LA_name","All","X0to15","X16to29","X30to44","X45to64","X65plus"
"E01023563","Hertsmere 012F","E07000098","Hertsmere",0.001196888,-0.021875,0.009803922,0.002994012,0.013953488,0
