"Code","Name","LA_code","LA_name","All","X0to15","X16to29","X30to44","X45to64","X65plus"
"E01023550","Hertsmere 013C","E07000098","Hertsmere",-0.003428571,-0.024752475,-0.031413613,0.015789474,0.016055046,-0.008849558
