"Code","Name","LA_code","LA_name","All","X0to15","X16to29","X30to44","X45to64","X65plus"
"E01023572","Hertsmere 003B","E07000098","Hertsmere",0.002016129,-0.003921569,0.021008403,0.028070175,0.018823529,-0.059649123
