"Code","Name","LA_code","LA_name","All","X0to15","X16to29","X30to44","X45to64","X65plus"
"E01023553","Hertsmere 008B","E07000098","Hertsmere",0.029642546,0.003846154,0.030368764,0.087318087,0.013084112,0.01010101
