"Code","Name","LA_code","LA_name","All","X0to15","X16to29","X30to44","X45to64","X65plus"
"E01023556","Hertsmere 013E","E07000098","Hertsmere",0.026001405,0.032967033,0.061320755,0.003344482,0.008196721,0.04029304
