"Code","Name","LA_code","LA_name","All","X0to15","X16to29","X30to44","X45to64","X65plus"
"E01023560","Hertsmere 012C","E07000098","Hertsmere",0.008219178,0.046,0.018867925,0.009367681,-0.023872679,-0.03125
