"Code","Name","LA_code","LA_name","All","X0to15","X16to29","X30to44","X45to64","X65plus"
"E01023543","Hertsmere 011E","E07000098","Hertsmere",0.013858497,0.039370079,-0.013452915,0.003424658,0.010362694,0.032407407
