"Code","Name","LA_code","LA_name","All","X0to15","X16to29","X30to44","X45to64","X65plus"
"E01023546","Hertsmere 009C","E07000098","Hertsmere",-0.018548827,-0.035242291,-0.02166065,-0.002272727,-0.024444444,0
