"Code","Name","LA_code","LA_name","All","X0to15","X16to29","X30to44","X45to64","X65plus"
"E01023570","Hertsmere 002D","E07000098","Hertsmere",0.010688043,0.032921811,0.033846154,-0.022304833,0.007246377,0
