"Code","Name","LA_code","LA_name","All","X0to15","X16to29","X30to44","X45to64","X65plus"
"E01023576","Hertsmere 001A","E07000098","Hertsmere",0.007213115,0.064516129,-0.053278689,0.05952381,-0.014018692,0.016032064
