"Code","Name","LA_code","LA_name","All","X0to15","X16to29","X30to44","X45to64","X65plus"
"E01023539","Hertsmere 011A","E07000098","Hertsmere",-0.003877221,-0.043250328,0.009689922,-0.003089598,0.001733102,0.067164179
