"Code","Name","LA_code","LA_name","All","X0to15","X16to29","X30to44","X45to64","X65plus"
"E01023552","Hertsmere 008A","E07000098","Hertsmere",-0.019053118,-0.075418994,-0.017667845,0.009118541,-0.012072435,0.00754717
