"Code","Name","LA_code","LA_name","All","X0to15","X16to29","X30to44","X45to64","X65plus"
"E01023540","Hertsmere 011B","E07000098","Hertsmere",0.014680971,0.013015184,-0.004291845,0.01312336,0.033816425,0.007092199
