"Code","Name","LA_code","LA_name","All","X0to15","X16to29","X30to44","X45to64","X65plus"
"E01023583","Hertsmere 004C","E07000098","Hertsmere",-0.012534819,0.022727273,-0.023584906,-0.038022814,-0.018324607,-0.011070111
