"Code","Name","LA_code","LA_name","All","X0to15","X16to29","X30to44","X45to64","X65plus"
"E01023545","Hertsmere 009B","E07000098","Hertsmere",0.008080808,0.019543974,0.042553191,0.015283843,-0.043478261,0.028571429
