"Code","Name","LA_code","LA_name","All","X0to15","X16to29","X30to44","X45to64","X65plus"
"E01023580","Hertsmere 001E","E07000098","Hertsmere",0.028287061,0.036723164,0.038338658,0.027700831,0.017094017,0.026634383
