"Code","Name","LA_code","LA_name","All","X0to15","X16to29","X30to44","X45to64","X65plus"
"E01023577","Hertsmere 001B","E07000098","Hertsmere",0.001808318,0.051724138,-0.016806723,-0.019323671,0.007075472,-0.007168459
