"Code","Name","LA_code","LA_name","All","X0to15","X16to29","X30to44","X45to64","X65plus"
"E01023541","Hertsmere 011C","E07000098","Hertsmere",-0.005687204,-0.010040161,0.01897019,-0.015503876,-0.004210526,-0.015873016
