"Code","Name","LA_code","LA_name","All","X0to15","X16to29","X30to44","X45to64","X65plus"
"E01023554","Hertsmere 008C","E07000098","Hertsmere",-0.014951121,-0.023622047,0.003184713,-0.048245614,0.002409639,0.01734104
