"Code","Name","LA_code","LA_name","All","X0to15","X16to29","X30to44","X45to64","X65plus"
"E01023562","Hertsmere 012E","E07000098","Hertsmere",0.001308044,-0.017857143,-0.013953488,-0.008064516,0.015909091,0.014450867
