"Code","Name","LA_code","LA_name","All","X0to15","X16to29","X30to44","X45to64","X65plus"
"E01023579","Hertsmere 001D","E07000098","Hertsmere",-0.020847811,-0.004273504,-0.01754386,0,-0.014534884,-0.073770492
