"Code","Name","LA_code","LA_name","All","X0to15","X16to29","X30to44","X45to64","X65plus"
"E01023523","Hertsmere 005A","E07000098","Hertsmere",-0.023590334,-0.032085561,-0.040983607,-0.019011407,-0.001956947,-0.037572254
