"Code","Name","LA_code","LA_name","All","X0to15","X16to29","X30to44","X45to64","X65plus"
"E01019723","High Peak 010E","E07000037","High Peak",0.009559214,0.023255814,-0.011450382,0.037558685,-0.001915709,0.014005602
