"Code","Name","LA_code","LA_name","All","X0to15","X16to29","X30to44","X45to64","X65plus"
"E01019738","High Peak 003A","E07000037","High Peak",0.02358143,0.02,0,0.050179211,0.002493766,0.062827225
