"Code","Name","LA_code","LA_name","All","X0to15","X16to29","X30to44","X45to64","X65plus"
"E01019719","High Peak 013F","E07000037","High Peak",0.04973357,0.088607595,0.098859316,-0.010309278,0.076086957,-0.005571031
