"Code","Name","LA_code","LA_name","All","X0to15","X16to29","X30to44","X45to64","X65plus"
"E01019763","High Peak 001D","E07000037","High Peak",-0.014025245,-0.022670025,-0.00862069,-0.033163265,0.001536098,-0.017094017
