"Code","Name","LA_code","LA_name","All","X0to15","X16to29","X30to44","X45to64","X65plus"
"E01019754","High Peak 004C","E07000037","High Peak",-0.020149683,-0.004545455,-0.045045045,0.014084507,-0.023328149,-0.027334852
