"Code","Name","LA_code","LA_name","All","X0to15","X16to29","X30to44","X45to64","X65plus"
"E01019712","High Peak 008A","E07000037","High Peak",-0.011378849,-0.028571429,-0.014423077,0.02,0.008016032,-0.043859649
