"Code","Name","LA_code","LA_name","All","X0to15","X16to29","X30to44","X45to64","X65plus"
"E01019725","High Peak 012B","E07000037","High Peak",-0.003875969,-0.003460208,0.013574661,0.0234375,-0.018329939,-0.017182131
