"Code","Name","LA_code","LA_name","All","X0to15","X16to29","X30to44","X45to64","X65plus"
"E01019739","High Peak 003B","E07000037","High Peak",-0.001223242,-0.072815534,0,-0.008849558,0.037527594,-0.003378378
