"Code","Name","LA_code","LA_name","All","X0to15","X16to29","X30to44","X45to64","X65plus"
"E01019733","High Peak 001A","E07000037","High Peak",-0.054180602,-0.08988764,-0.041666667,-0.078431373,-0.055825243,-0.014492754
