"Code","Name","LA_code","LA_name","All","X0to15","X16to29","X30to44","X45to64","X65plus"
"E01019713","High Peak 008B","E07000037","High Peak",-0.085278276,-0.090322581,-0.090225564,-0.088495575,-0.077809798,-0.087431694
