"Code","Name","LA_code","LA_name","All","X0to15","X16to29","X30to44","X45to64","X65plus"
"E01019767","High Peak 008E","E07000037","High Peak",-0.006097561,-0.031690141,-0.02,-0.029411765,-0.016157989,0.052631579
