"Code","Name","LA_code","LA_name","All","X0to15","X16to29","X30to44","X45to64","X65plus"
"E01019735","High Peak 013A","E07000037","High Peak",-0.039124668,-0.013392857,-0.044444444,-0.013513514,-0.047227926,-0.055696203
