"Code","Name","LA_code","LA_name","All","X0to15","X16to29","X30to44","X45to64","X65plus"
"E01019753","High Peak 001C","E07000037","High Peak",-0.008032129,-0.028455285,0.016736402,-0.052264808,0.001972387,0.023255814
