"Code","Name","LA_code","LA_name","All","X0to15","X16to29","X30to44","X45to64","X65plus"
"E01019746","High Peak 005A","E07000037","High Peak",-0.028177833,-0.004081633,-0.004694836,-0.025396825,-0.046421663,-0.035830619
