"Code","Name","LA_code","LA_name","All","X0to15","X16to29","X30to44","X45to64","X65plus"
"E01019756","High Peak 004D","E07000037","High Peak",0.024282561,0.032338308,0.064814815,-0.005602241,0.034653465,-0.008658009
