"Code","Name","LA_code","LA_name","All","X0to15","X16to29","X30to44","X45to64","X65plus"
"E01019761","High Peak 011E","E07000037","High Peak",-0.009592326,-0.01417004,-0.014124294,-0.024242424,0.008522727,0.007246377
