"Code","Name","LA_code","LA_name","All","X0to15","X16to29","X30to44","X45to64","X65plus"
"E01019762","High Peak 012D","E07000037","High Peak",-0.017467249,-0.056680162,-0.031390135,-0.05,-0.008445946,0.009090909
