"Code","Name","LA_code","LA_name","All","X0to15","X16to29","X30to44","X45to64","X65plus"
"E01019727","High Peak 004A","E07000037","High Peak",-0.045480714,-0.086580087,-0.070351759,0.004784689,-0.040219378,-0.043557169
