"Code","Name","LA_code","LA_name","All","X0to15","X16to29","X30to44","X45to64","X65plus"
"E01019765","High Peak 008D","E07000037","High Peak",-0.009672219,-0.017241379,-0.030927835,0.011080332,0.017211704,-0.053254438
