"Code","Name","LA_code","LA_name","All","X0to15","X16to29","X30to44","X45to64","X65plus"
"E01019736","High Peak 013B","E07000037","High Peak",-0.00090009,-0.06097561,0.045045045,0.049382716,0.05974026,-0.093425606
