"Code","Name","LA_code","LA_name","All","X0to15","X16to29","X30to44","X45to64","X65plus"
"E01019722","High Peak 010D","E07000037","High Peak",-0.020635806,-0.018808777,-0.057877814,0.003289474,-0.010676157,-0.026936027
