"Code","Name","LA_code","LA_name","All","X0to15","X16to29","X30to44","X45to64","X65plus"
"E01019726","High Peak 012C","E07000037","High Peak",0.005158438,0.024,0.008264463,-0.015444015,-0.009852217,0.035
