"Code","Name","LA_code","LA_name","All","X0to15","X16to29","X30to44","X45to64","X65plus"
"E01019741","High Peak 013I","E07000037","High Peak",-0.038984587,-0.064864865,-0.081081081,0,-0.026627219,-0.02892562
