"Code","Name","LA_code","LA_name","All","X0to15","X16to29","X30to44","X45to64","X65plus"
"E01019768","High Peak 003F","E07000037","High Peak",0.022843823,0.002604167,0.067024129,-0.002570694,0.01465798,0.038961039
