"Code","Name","LA_code","LA_name","All","X0to15","X16to29","X30to44","X45to64","X65plus"
"E01019729","High Peak 002B","E07000037","High Peak",-0.005930319,-0.020648968,0.03630363,-0.041666667,-0.030674847,0.042424242
