"Code","Name","LA_code","LA_name","All","X0to15","X16to29","X30to44","X45to64","X65plus"
"E01002548","Hillingdon 025A","E09000017","Hillingdon",0.01783591,0.037914692,0.017667845,0.020779221,0.002890173,0
