"Code","Name","LA_code","LA_name","All","X0to15","X16to29","X30to44","X45to64","X65plus"
"E01002475","Hillingdon 001B","E09000017","Hillingdon",-0.030479896,0,-0.066225166,-0.002832861,-0.0390625,-0.055408971
