"Code","Name","LA_code","LA_name","All","X0to15","X16to29","X30to44","X45to64","X65plus"
"E01002441","Hillingdon 003D","E09000017","Hillingdon",-0.018975332,0.003597122,-0.040740741,-0.006688963,-0.026960784,-0.021472393
