"Code","Name","LA_code","LA_name","All","X0to15","X16to29","X30to44","X45to64","X65plus"
"E01002420","Hillingdon 008C","E09000017","Hillingdon",-0.000606061,-0.002923977,0.013888889,-0.009975062,0.007092199,-0.007462687
