"Code","Name","LA_code","LA_name","All","X0to15","X16to29","X30to44","X45to64","X65plus"
"E01002434","Hillingdon 007B","E09000017","Hillingdon",0.002180233,0.009049774,0.044334975,-0.009950249,0,-0.018348624
