"Code","Name","LA_code","LA_name","All","X0to15","X16to29","X30to44","X45to64","X65plus"
"E01002539","Hillingdon 005D","E09000017","Hillingdon",0.001219512,0,-0.014851485,-0.003521127,0.013333333,0
