"Code","Name","LA_code","LA_name","All","X0to15","X16to29","X30to44","X45to64","X65plus"
"E01002453","Hillingdon 014D","E09000017","Hillingdon",-0.005042017,-0.004975124,0.011940299,0.005333333,-0.013363029,-0.03125
