"Code","Name","LA_code","LA_name","All","X0to15","X16to29","X30to44","X45to64","X65plus"
"E01002482","Hillingdon 001E","E09000017","Hillingdon",-0.012247397,-0.015267176,0.018518519,0,-0.024742268,-0.020942408
