"Code","Name","LA_code","LA_name","All","X0to15","X16to29","X30to44","X45to64","X65plus"
"E01002483","Hillingdon 002D","E09000017","Hillingdon",-0.00872886,0.016666667,-0.026217228,-0.01627907,-0.00678733,-0.01497006
