"Code","Name","LA_code","LA_name","All","X0to15","X16to29","X30to44","X45to64","X65plus"
"E01002515","Hillingdon 015D","E09000017","Hillingdon",-0.010248902,0.037296037,-0.025445293,-0.047120419,-0.01891253,0.034632035
