"Code","Name","LA_code","LA_name","All","X0to15","X16to29","X30to44","X45to64","X65plus"
"E01002469","Hillingdon 010D","E09000017","Hillingdon",-0.002870264,0,-0.010948905,-0.033707865,0.024793388,-0.007168459
