"Code","Name","LA_code","LA_name","All","X0to15","X16to29","X30to44","X45to64","X65plus"
"E01002512","Hillingdon 013C","E09000017","Hillingdon",-0.006612411,0.016348774,-0.014084507,0.013586957,-0.033834586,-0.004819277
