"Code","Name","LA_code","LA_name","All","X0to15","X16to29","X30to44","X45to64","X65plus"
"E01002538","Hillingdon 005C","E09000017","Hillingdon",-0.022045315,-0.067857143,0.004950495,-0.009063444,-0.019271949,-0.016997167
