"Code","Name","LA_code","LA_name","All","X0to15","X16to29","X30to44","X45to64","X65plus"
"E01002477","Hillingdon 001D","E09000017","Hillingdon",0.014556041,0.044715447,0.011695906,0.006802721,0.038997214,-0.029605263
