"Code","Name","LA_code","LA_name","All","X0to15","X16to29","X30to44","X45to64","X65plus"
"E01002462","Hillingdon 011D","E09000017","Hillingdon",-0.011604096,-0.009584665,-0.004587156,-0.016393443,-0.008130081,-0.019230769
