"Code","Name","LA_code","LA_name","All","X0to15","X16to29","X30to44","X45to64","X65plus"
"E01002443","Hillingdon 032A","E09000017","Hillingdon",-0.005664264,-0.00422833,-0.012121212,-0.00528169,0.017811705,-0.050561798
