"Code","Name","LA_code","LA_name","All","X0to15","X16to29","X30to44","X45to64","X65plus"
"E01002490","Hillingdon 030D","E09000017","Hillingdon",-0.017887564,0.010928962,-0.022779043,-0.043276662,-0.036893204,0.045454545
