"Code","Name","LA_code","LA_name","All","X0to15","X16to29","X30to44","X45to64","X65plus"
"E01002505","Hillingdon 026D","E09000017","Hillingdon",0.002151694,0.023706897,0.011627907,0,-0.014018692,-0.03164557
