"Code","Name","LA_code","LA_name","All","X0to15","X16to29","X30to44","X45to64","X65plus"
"E01002446","Hillingdon 031B","E09000017","Hillingdon",-0.02082221,-0.025188917,-0.041343669,-0.023255814,0.014319809,-0.040609137
