"Code","Name","LA_code","LA_name","All","X0to15","X16to29","X30to44","X45to64","X65plus"
"E01002481","Hillingdon 004E","E09000017","Hillingdon",-0.001189768,-0.003125,-0.019083969,-0.029069767,0.010504202,0.032258065
