"Code","Name","LA_code","LA_name","All","X0to15","X16to29","X30to44","X45to64","X65plus"
"E01002414","Hillingdon 015A","E09000017","Hillingdon",-0.029749831,-0.106382979,-0.02247519,-0.057057057,-0.04494382,0.005681818
