"Code","Name","LA_code","LA_name","All","X0to15","X16to29","X30to44","X45to64","X65plus"
"E01002486","Hillingdon 028A","E09000017","Hillingdon",-0.010442774,-0.021138211,-0.02484472,-0.009677419,0,0.029850746
