"Code","Name","LA_code","LA_name","All","X0to15","X16to29","X30to44","X45to64","X65plus"
"E01002427","Hillingdon 018E","E09000017","Hillingdon",0.005555556,0.012658228,-0.030075188,0.036516854,-0.004889976,0.007326007
