"Code","Name","LA_code","LA_name","All","X0to15","X16to29","X30to44","X45to64","X65plus"
"E01002534","Hillingdon 005B","E09000017","Hillingdon",-0.005606167,0.024822695,0.025641026,-0.062043796,0.005540166,-0.015873016
