"Code","Name","LA_code","LA_name","All","X0to15","X16to29","X30to44","X45to64","X65plus"
"E01002450","Hillingdon 014A","E09000017","Hillingdon",-0.01965924,-0.013623978,-0.049122807,-0.030470914,0.008403361,-0.019230769
