"Code","Name","LA_code","LA_name","All","X0to15","X16to29","X30to44","X45to64","X65plus"
"E01002398","Hillingdon 021D","E09000017","Hillingdon",-0.019161056,-0.009950249,-0.012106538,-0.029821074,-0.008948546,-0.054216867
