"Code","Name","LA_code","LA_name","All","X0to15","X16to29","X30to44","X45to64","X65plus"
"E01002506","Hillingdon 027E","E09000017","Hillingdon",0.022518382,0.035714286,0,0.003139717,0.020785219,0.111111111
