"Code","Name","LA_code","LA_name","All","X0to15","X16to29","X30to44","X45to64","X65plus"
"E01002536","Hillingdon 009D","E09000017","Hillingdon",-0.016436555,-0.054607509,0.007633588,0.002398082,-0.018072289,-0.02764977
