"Code","Name","LA_code","LA_name","All","X0to15","X16to29","X30to44","X45to64","X65plus"
"E01002426","Hillingdon 021F","E09000017","Hillingdon",-0.053159478,-0.086355786,-0.07518797,-0.042283298,-0.031890661,-0.008438819
