"Code","Name","LA_code","LA_name","All","X0to15","X16to29","X30to44","X45to64","X65plus"
"E01002396","Hillingdon 026A","E09000017","Hillingdon",-0.021344717,0.028368794,-0.05370844,-0.057831325,-0.010204082,-0.011857708
