"Code","Name","LA_code","LA_name","All","X0to15","X16to29","X30to44","X45to64","X65plus"
"E01002438","Hillingdon 003A","E09000017","Hillingdon",0.007593014,0.021367521,-0.018181818,0.019417476,-0.002320186,0.017793594
