"Code","Name","LA_code","LA_name","All","X0to15","X16to29","X30to44","X45to64","X65plus"
"E01002405","Hillingdon 027A","E09000017","Hillingdon",0.004894763,0.010570825,-0.009049774,-0.002159827,0.008830022,0.028301887
