"Code","Name","LA_code","LA_name","All","X0to15","X16to29","X30to44","X45to64","X65plus"
"E01002436","Hillingdon 004B","E09000017","Hillingdon",0.003550296,-0.005617978,0.004739336,0.026785714,0.002105263,-0.009615385
