"Code","Name","LA_code","LA_name","All","X0to15","X16to29","X30to44","X45to64","X65plus"
"E01002547","Hillingdon 023E","E09000017","Hillingdon",-0.009381898,-0.010060362,-0.017191977,-0.007389163,-0.004914005,-0.006535948
