"Code","Name","LA_code","LA_name","All","X0to15","X16to29","X30to44","X45to64","X65plus"
"E01002409","Hillingdon 019B","E09000017","Hillingdon",0.070250133,0.117647059,0.081395349,0.065274151,0.030732861,0.052631579
