"Code","Name","LA_code","LA_name","All","X0to15","X16to29","X30to44","X45to64","X65plus"
"E01002410","Hillingdon 017A","E09000017","Hillingdon",-0.017165006,-0.02266289,-0.053412463,-0.01,-0.011235955,0.014760148
