"Code","Name","LA_code","LA_name","All","X0to15","X16to29","X30to44","X45to64","X65plus"
"E01002404","Hillingdon 024E","E09000017","Hillingdon",0.013631938,0.012323944,0.005291005,0.020120724,0.013921114,0.016666667
