"Code","Name","LA_code","LA_name","All","X0to15","X16to29","X30to44","X45to64","X65plus"
"E01002401","Hillingdon 024B","E09000017","Hillingdon",0.016347501,0.042592593,0.029545455,0.013035382,-0.036585366,0.03271028
