"Code","Name","LA_code","LA_name","All","X0to15","X16to29","X30to44","X45to64","X65plus"
"E01002503","Hillingdon 027C","E09000017","Hillingdon",-0.014754098,-0.057471264,-0.01758794,-0.014117647,-0.002518892,0.068571429
