"Code","Name","LA_code","LA_name","All","X0to15","X16to29","X30to44","X45to64","X65plus"
"E01002397","Hillingdon 021C","E09000017","Hillingdon",0.004624872,0.018828452,-0.007614213,-0.007889546,0.036407767,-0.051612903
