"Code","Name","LA_code","LA_name","All","X0to15","X16to29","X30to44","X45to64","X65plus"
"E01002526","Hillingdon 028C","E09000017","Hillingdon",-0.015384615,-0.03805175,-0.026422764,-0.028985507,0.026966292,0.043010753
