"Code","Name","LA_code","LA_name","All","X0to15","X16to29","X30to44","X45to64","X65plus"
"E01002546","Hillingdon 023D","E09000017","Hillingdon",0.022962113,-0.015418502,0.046263345,-0.008547009,0.049140049,0.136363636
