"Code","Name","LA_code","LA_name","All","X0to15","X16to29","X30to44","X45to64","X65plus"
"E01002502","Hillingdon 026C","E09000017","Hillingdon",-0.018707483,0.002409639,-0.018918919,-0.010309278,-0.041025641,-0.034825871
