"Code","Name","LA_code","LA_name","All","X0to15","X16to29","X30to44","X45to64","X65plus"
"E01025821","Hinckley and Bosworth 007A","E07000132","Hinckley and Bosworth",0.015606936,0.032374101,0.012539185,0.017857143,0.039823009,-0.038062284
