"Code","Name","LA_code","LA_name","All","X0to15","X16to29","X30to44","X45to64","X65plus"
"E01025879","Hinckley and Bosworth 003C","E07000132","Hinckley and Bosworth",-0.030139104,0.029661017,-0.050691244,-0.016949153,-0.037037037,-0.067615658
