"Code","Name","LA_code","LA_name","All","X0to15","X16to29","X30to44","X45to64","X65plus"
"E01025817","Hinckley and Bosworth 008A","E07000132","Hinckley and Bosworth",-0.010496183,-0.038338658,-0.008163265,-0.037453184,0.013774105,-0.014678899
