"Code","Name","LA_code","LA_name","All","X0to15","X16to29","X30to44","X45to64","X65plus"
"E01025858","Hinckley and Bosworth 010C","E07000132","Hinckley and Bosworth",-0.018736383,-0.036363636,-0.013972056,-0.032374101,-0.004115226,-0.005449591
