"Code","Name","LA_code","LA_name","All","X0to15","X16to29","X30to44","X45to64","X65plus"
"E01025870","Hinckley and Bosworth 001C","E07000132","Hinckley and Bosworth",0.0332668,0.027888446,-0.056074766,0.047619048,0.067982456,0.038647343
