"Code","Name","LA_code","LA_name","All","X0to15","X16to29","X30to44","X45to64","X65plus"
"E01025827","Hinckley and Bosworth 013A","E07000132","Hinckley and Bosworth",-0.007654836,0.044692737,-0.034090909,0.014018692,-0.056756757,0.010040161
