"Code","Name","LA_code","LA_name","All","X0to15","X16to29","X30to44","X45to64","X65plus"
"E01025850","Hinckley and Bosworth 010A","E07000132","Hinckley and Bosworth",-0.01400934,-0.012820513,0.04845815,-0.013289037,-0.023866348,-0.047169811
