"Code","Name","LA_code","LA_name","All","X0to15","X16to29","X30to44","X45to64","X65plus"
"E01025882","Hinckley and Bosworth 004E","E07000132","Hinckley and Bosworth",0.015596881,-0.006920415,0.055555556,0.022026432,0.00174216,0.0302267
