"Code","Name","LA_code","LA_name","All","X0to15","X16to29","X30to44","X45to64","X65plus"
"E01025878","Hinckley and Bosworth 001E","E07000132","Hinckley and Bosworth",0.005166052,0.003322259,-0.005555556,-0.020560748,0.029262087,0.004683841
