"Code","Name","LA_code","LA_name","All","X0to15","X16to29","X30to44","X45to64","X65plus"
"E01025863","Hinckley and Bosworth 010D","E07000132","Hinckley and Bosworth",-0.002479851,0.017482517,-0.054393305,-0.022727273,-0.00212766,0.031073446
