"Code","Name","LA_code","LA_name","All","X0to15","X16to29","X30to44","X45to64","X65plus"
"E01025849","Hinckley and Bosworth 012A","E07000132","Hinckley and Bosworth",-0.012138728,-0.043343653,-0.028248588,-0.025495751,-0.004716981,0.050724638
