"Code","Name","LA_code","LA_name","All","X0to15","X16to29","X30to44","X45to64","X65plus"
"E01025875","Hinckley and Bosworth 005D","E07000132","Hinckley and Bosworth",-0.01228364,0.014836795,-0.016611296,-0.00931677,-0.010373444,-0.040114613
