"Code","Name","LA_code","LA_name","All","X0to15","X16to29","X30to44","X45to64","X65plus"
"E01025835","Hinckley and Bosworth 014E","E07000132","Hinckley and Bosworth",0.054010695,0.089285714,0.013888889,0.07641196,0.061185468,0.032727273
