"Code","Name","LA_code","LA_name","All","X0to15","X16to29","X30to44","X45to64","X65plus"
"E01025833","Hinckley and Bosworth 014C","E07000132","Hinckley and Bosworth",0.002678093,-0.00990099,0.004273504,-0.002906977,0.003616637,0.021084337
