"Code","Name","LA_code","LA_name","All","X0to15","X16to29","X30to44","X45to64","X65plus"
"E01025853","Hinckley and Bosworth 011A","E07000132","Hinckley and Bosworth",-0.016020506,-0.031563845,-0.016583748,0.002758621,-0.003916449,-0.051515152
