"Code","Name","LA_code","LA_name","All","X0to15","X16to29","X30to44","X45to64","X65plus"
"E01031611","Horsham 010A","E07000227","Horsham",-0.039005088,-0.087719298,0.018181818,-0.091286307,-0.011041009,-0.048843188
