"Code","Name","LA_code","LA_name","All","X0to15","X16to29","X30to44","X45to64","X65plus"
"E01031635","Horsham 011D","E07000227","Horsham",-0.007840342,0.004016064,0,-0.027210884,-0.022779043,0.025974026
