"Code","Name","LA_code","LA_name","All","X0to15","X16to29","X30to44","X45to64","X65plus"
"E01031677","Horsham 009A","E07000227","Horsham",-0.002565747,0,0.014285714,-0.010714286,0.030092593,-0.053797468
