"Code","Name","LA_code","LA_name","All","X0to15","X16to29","X30to44","X45to64","X65plus"
"E01031613","Horsham 010C","E07000227","Horsham",0.102521008,0.118181818,0.052117264,0.141230068,0.086637298,0.104218362
