"Code","Name","LA_code","LA_name","All","X0to15","X16to29","X30to44","X45to64","X65plus"
"E01031672","Horsham 004E","E07000227","Horsham",0.003428571,0.02919708,0.050724638,0.007211538,-0.029017857,-0.017857143
