"Code","Name","LA_code","LA_name","All","X0to15","X16to29","X30to44","X45to64","X65plus"
"E01031675","Horsham 005D","E07000227","Horsham",0.007017544,-0.019607843,0.012820513,0.029850746,-0.025210084,0.056379822
