"Code","Name","LA_code","LA_name","All","X0to15","X16to29","X30to44","X45to64","X65plus"
"E01031681","Horsham 009D","E07000227","Horsham",-0.004817619,-0.030821918,0.007575758,0.038022814,-0.020881671,-0.004926108
