"Code","Name","LA_code","LA_name","All","X0to15","X16to29","X30to44","X45to64","X65plus"
"E01031653","Horsham 006C","E07000227","Horsham",0.002714441,0.003636364,0.008849558,-0.010204082,0.004310345,0.008064516
