"Code","Name","LA_code","LA_name","All","X0to15","X16to29","X30to44","X45to64","X65plus"
"E01031661","Horsham 008D","E07000227","Horsham",0,0.067264574,-0.034825871,-0.004405286,-0.013722127,0.002673797
