"Code","Name","LA_code","LA_name","All","X0to15","X16to29","X30to44","X45to64","X65plus"
"E01031652","Horsham 006B","E07000227","Horsham",0.018415179,0.057553957,0.02866242,0.005235602,0.002314815,-0.012145749
