"Code","Name","LA_code","LA_name","All","X0to15","X16to29","X30to44","X45to64","X65plus"
"E01031649","Horsham 002E","E07000227","Horsham",0.015219338,-0.004739336,-0.006756757,0.021459227,0.011869436,0.053191489
