"Code","Name","LA_code","LA_name","All","X0to15","X16to29","X30to44","X45to64","X65plus"
"E01031654","Horsham 004A","E07000227","Horsham",-0.015180266,-0.058181818,-0.02970297,-0.032128514,0.017467249,-0.005037783
