"Code","Name","LA_code","LA_name","All","X0to15","X16to29","X30to44","X45to64","X65plus"
"E01031632","Horsham 011A","E07000227","Horsham",0.011560694,0.0625,0.037234043,0.016736402,-0.014010508,0
