"Code","Name","LA_code","LA_name","All","X0to15","X16to29","X30to44","X45to64","X65plus"
"E01031666","Horsham 002G","E07000227","Horsham",-0.008074534,-0.003496503,0.030674847,-0.029520295,0.004524887,-0.024553571
