"Code","Name","LA_code","LA_name","All","X0to15","X16to29","X30to44","X45to64","X65plus"
"E01031645","Horsham 002B","E07000227","Horsham",0.028409091,0.034129693,0.046728972,-0.013605442,0.026200873,0.080536913
