"Code","Name","LA_code","LA_name","All","X0to15","X16to29","X30to44","X45to64","X65plus"
"E01031621","Horsham 012A","E07000227","Horsham",-0.013921114,-0.00862069,-0.074766355,-0.011494253,-0.019538188,-0.003525264
