"Code","Name","LA_code","LA_name","All","X0to15","X16to29","X30to44","X45to64","X65plus"
"E01031614","Horsham 010D","E07000227","Horsham",0.025651988,-0.018691589,0.017910448,-0.013645224,-0.01754386,0.20984456
