"Code","Name","LA_code","LA_name","All","X0to15","X16to29","X30to44","X45to64","X65plus"
"E01031616","Horsham 016A","E07000227","Horsham",0.003701419,0.023728814,-0.013761468,0.021582734,-0.012820513,0.005524862
