"Code","Name","LA_code","LA_name","All","X0to15","X16to29","X30to44","X45to64","X65plus"
"E01002599","Hounslow 025C","E09000018","Hounslow",0,0.032,-0.023489933,-0.015831135,-0.012315271,0.041958042
