"Code","Name","LA_code","LA_name","All","X0to15","X16to29","X30to44","X45to64","X65plus"
"E01002641","Hounslow 018A","E09000018","Hounslow",-0.017102138,0,-0.00952381,-0.043541364,-0.004524887,-0.004115226
