"Code","Name","LA_code","LA_name","All","X0to15","X16to29","X30to44","X45to64","X65plus"
"E01002649","Hounslow 018D","E09000018","Hounslow",-0.015617605,0.051612903,-0.054726368,-0.029275809,-0.040268456,0.013333333
