"Code","Name","LA_code","LA_name","All","X0to15","X16to29","X30to44","X45to64","X65plus"
"E01033000","Hounslow 025F","E09000018","Hounslow",-0.053650442,-0.049713193,-0.107784431,-0.027459954,-0.036723164,-0.0625
