"Code","Name","LA_code","LA_name","All","X0to15","X16to29","X30to44","X45to64","X65plus"
"E01002631","Hounslow 004E","E09000018","Hounslow",-0.072164948,-0.106951872,-0.106508876,-0.055415617,-0.048128342,-0.018072289
