"Code","Name","LA_code","LA_name","All","X0to15","X16to29","X30to44","X45to64","X65plus"
"E01002628","Hounslow 011D","E09000018","Hounslow",-0.007782101,-0.021634615,-0.018561485,-0.007797271,0.034722222,-0.037878788
