"Code","Name","LA_code","LA_name","All","X0to15","X16to29","X30to44","X45to64","X65plus"
"E01002605","Hounslow 026B","E09000018","Hounslow",0.011546185,0.009940358,-0.022284123,-0.00591716,0.010498688,0.103305785
