"Code","Name","LA_code","LA_name","All","X0to15","X16to29","X30to44","X45to64","X65plus"
"E01002680","Hounslow 009D","E09000018","Hounslow",-0.008822003,-0.016085791,-0.010869565,-0.010869565,-0.002409639,0
