"Code","Name","LA_code","LA_name","All","X0to15","X16to29","X30to44","X45to64","X65plus"
"E01002671","Hounslow 020C","E09000018","Hounslow",-0.040654997,-0.044270833,-0.016,-0.060606061,-0.036781609,-0.029166667
