"Code","Name","LA_code","LA_name","All","X0to15","X16to29","X30to44","X45to64","X65plus"
"E01033081","Hounslow 003F","E09000018","Hounslow",-0.028169014,-0.007042254,-0.056179775,-0.029978587,-0.048991354,0.047619048
