"Code","Name","LA_code","LA_name","All","X0to15","X16to29","X30to44","X45to64","X65plus"
"E01002565","Hounslow 006B","E09000018","Hounslow",-0.010873259,0.025125628,-0.03597786,-0.01623816,-0.002105263,0.04048583
