"Code","Name","LA_code","LA_name","All","X0to15","X16to29","X30to44","X45to64","X65plus"
"E01002562","Hounslow 003A","E09000018","Hounslow",-0.009575923,0.003663004,-0.013422819,-0.027777778,-0.012820513,0.016949153
