"Code","Name","LA_code","LA_name","All","X0to15","X16to29","X30to44","X45to64","X65plus"
"E01002629","Hounslow 011E","E09000018","Hounslow",-0.030085317,-0.006369427,-0.025581395,-0.033391916,-0.048625793,-0.038732394
