"Code","Name","LA_code","LA_name","All","X0to15","X16to29","X30to44","X45to64","X65plus"
"E01002600","Hounslow 025D","E09000018","Hounslow",-0.022026432,-0.047368421,-0.041269841,-0.003095975,-0.007594937,0
