"Code","Name","LA_code","LA_name","All","X0to15","X16to29","X30to44","X45to64","X65plus"
"E01002691","Hounslow 029B","E09000018","Hounslow",-0.012322859,-0.004166667,-0.007177033,-0.035,-0.017291066,0.018348624
