"Code","Name","LA_code","LA_name","All","X0to15","X16to29","X30to44","X45to64","X65plus"
"E01002669","Hounslow 014B","E09000018","Hounslow",-0.033851276,-0.054176072,0.003546099,-0.029166667,-0.032258065,-0.061349693
