"Code","Name","LA_code","LA_name","All","X0to15","X16to29","X30to44","X45to64","X65plus"
"E01002559","Hounslow 023C","E09000018","Hounslow",-0.011115522,-0.018272425,-0.018595041,-0.025373134,0.001838235,0.03652968
