"Code","Name","LA_code","LA_name","All","X0to15","X16to29","X30to44","X45to64","X65plus"
"E01002556","Hounslow 022B","E09000018","Hounslow",-0.023516237,-0.033573141,-0.031578947,-0.015317287,-0.032258065,0.004464286
