"Code","Name","LA_code","LA_name","All","X0to15","X16to29","X30to44","X45to64","X65plus"
"E01002668","Hounslow 014A","E09000018","Hounslow",-0.035818006,-0.00678733,-0.066433566,-0.0359375,-0.038901602,-0.045977011
