"Code","Name","LA_code","LA_name","All","X0to15","X16to29","X30to44","X45to64","X65plus"
"E01002683","Hounslow 014E","E09000018","Hounslow",0.007792208,-0.001515152,-0.00802139,-0.004494382,0.020408163,0.077586207
