"Code","Name","LA_code","LA_name","All","X0to15","X16to29","X30to44","X45to64","X65plus"
"E01002638","Hounslow 005D","E09000018","Hounslow",0.032646911,0.027881041,0.065963061,-0.013888889,0.038116592,0.071428571
