"Code","Name","LA_code","LA_name","All","X0to15","X16to29","X30to44","X45to64","X65plus"
"E01002576","Hounslow 008A","E09000018","Hounslow",-0.00239521,0.01863354,-0.016286645,-0.013262599,-0.006651885,0.014084507
