"Code","Name","LA_code","LA_name","All","X0to15","X16to29","X30to44","X45to64","X65plus"
"E01002577","Hounslow 007C","E09000018","Hounslow",-0.015084852,0.006944444,-0.027972028,-0.021164021,0.004672897,-0.056872038
