"Code","Name","LA_code","LA_name","All","X0to15","X16to29","X30to44","X45to64","X65plus"
"E01033082","Hounslow 003G","E09000018","Hounslow",-0.004788508,-0.035714286,0.012738854,-0.025396825,0.023648649,0.003831418
