"Code","Name","LA_code","LA_name","All","X0to15","X16to29","X30to44","X45to64","X65plus"
"E01002637","Hounslow 005C","E09000018","Hounslow",-0.022857143,-0.028446389,-0.018018018,-0.038071066,-0.032418953,0.042424242
