"Code","Name","LA_code","LA_name","All","X0to15","X16to29","X30to44","X45to64","X65plus"
"E01002686","Hounslow 006E","E09000018","Hounslow",0.001196888,0.023255814,-0.045317221,0.002873563,0.00921659,0.018691589
