"Code","Name","LA_code","LA_name","All","X0to15","X16to29","X30to44","X45to64","X65plus"
"E01002563","Hounslow 006A","E09000018","Hounslow",-0.010050251,0.012875536,-0.01529052,0,-0.022277228,-0.018248175
