"Code","Name","LA_code","LA_name","All","X0to15","X16to29","X30to44","X45to64","X65plus"
"E01002615","Hounslow 026E","E09000018","Hounslow",-0.017597087,-0.035175879,-0.044585987,0.002518892,-0.010471204,0.012738854
