"Code","Name","LA_code","LA_name","All","X0to15","X16to29","X30to44","X45to64","X65plus"
"E01002595","Hounslow 022E","E09000018","Hounslow",-0.000481464,0.00234192,-0.020454545,0.012254902,0.005597015,-0.003759398
