"Code","Name","LA_code","LA_name","All","X0to15","X16to29","X30to44","X45to64","X65plus"
"E01002607","Hounslow 026D","E09000018","Hounslow",-0.011181332,0.003883495,0.005952381,-0.017513135,-0.009411765,-0.061904762
