"Code","Name","LA_code","LA_name","All","X0to15","X16to29","X30to44","X45to64","X65plus"
"E01002608","Hounslow 028A","E09000018","Hounslow",-0.00054407,0.016055046,-0.051428571,-0.017817372,0.022613065,0.043902439
