"Code","Name","LA_code","LA_name","All","X0to15","X16to29","X30to44","X45to64","X65plus"
"E01002659","Hounslow 019E","E09000018","Hounslow",0.029598309,0.016393443,-0.015810277,0.055900621,0.035714286,0.054187192
