"Code","Name","LA_code","LA_name","All","X0to15","X16to29","X30to44","X45to64","X65plus"
"E01002675","Hounslow 009A","E09000018","Hounslow",-0.009961686,0.011725293,-0.026156942,-0.015736767,-0.010657194,-0.011811024
