"Code","Name","LA_code","LA_name","All","X0to15","X16to29","X30to44","X45to64","X65plus"
"E01002627","Hounslow 004D","E09000018","Hounslow",-0.021551724,-0.050209205,-0.005494505,-0.002320186,0.023316062,-0.111675127
