"Code","Name","LA_code","LA_name","All","X0to15","X16to29","X30to44","X45to64","X65plus"
"E01033433","Huntingdonshire 010G","E07000011","Huntingdonshire",-0.010717614,0.009090909,-0.056847545,0,-0.024793388,0.023255814
