"Code","Name","LA_code","LA_name","All","X0to15","X16to29","X30to44","X45to64","X65plus"
"E01018124","Huntingdonshire 007D","E07000011","Huntingdonshire",-0.004587156,0.005494505,-0.03515625,-0.018691589,0,0.009638554
