"Code","Name","LA_code","LA_name","All","X0to15","X16to29","X30to44","X45to64","X65plus"
"E01018198","Huntingdonshire 006C","E07000011","Huntingdonshire",0.025856885,0.03654485,0,0.038327526,0.025291829,0.022535211
