"Code","Name","LA_code","LA_name","All","X0to15","X16to29","X30to44","X45to64","X65plus"
"E01018197","Huntingdonshire 006B","E07000011","Huntingdonshire",0.002074689,0.003676471,0.008547009,0,-0.027363184,0.042801556
