"Code","Name","LA_code","LA_name","All","X0to15","X16to29","X30to44","X45to64","X65plus"
"E01018217","Huntingdonshire 001F","E07000011","Huntingdonshire",-0.040816327,-0.113138686,-0.072727273,-0.101449275,-0.042316258,0.058165548
