"Code","Name","LA_code","LA_name","All","X0to15","X16to29","X30to44","X45to64","X65plus"
"E01018131","Huntingdonshire 014A","E07000011","Huntingdonshire",0.016393443,0.023255814,-0.025316456,0.055194805,0.015151515,0.003533569
