"Code","Name","LA_code","LA_name","All","X0to15","X16to29","X30to44","X45to64","X65plus"
"E01018209","Huntingdonshire 005B","E07000011","Huntingdonshire",0,-0.04296875,0.014778325,0.021929825,0.018907563,-0.019933555
