"Code","Name","LA_code","LA_name","All","X0to15","X16to29","X30to44","X45to64","X65plus"
"E01018113","Huntingdonshire 010B","E07000011","Huntingdonshire",-0.015594542,-0.015384615,0.019047619,-0.026666667,-0.008130081,-0.039772727
