"Code","Name","LA_code","LA_name","All","X0to15","X16to29","X30to44","X45to64","X65plus"
"E01018201","Huntingdonshire 002D","E07000011","Huntingdonshire",-0.00209205,-0.027027027,-0.009345794,-0.003289474,0.03562341,-0.026431718
