"Code","Name","LA_code","LA_name","All","X0to15","X16to29","X30to44","X45to64","X65plus"
"E01018175","Huntingdonshire 020D","E07000011","Huntingdonshire",-0.004344678,0.008695652,0.04519774,-0.004,-0.025287356,-0.01384083
