"Code","Name","LA_code","LA_name","All","X0to15","X16to29","X30to44","X45to64","X65plus"
"E01018214","Huntingdonshire 001C","E07000011","Huntingdonshire",-0.038251366,-0.050119332,-0.030674847,-0.037878788,-0.0395189,-0.027586207
