"Code","Name","LA_code","LA_name","All","X0to15","X16to29","X30to44","X45to64","X65plus"
"E01018155","Huntingdonshire 018D","E07000011","Huntingdonshire",-0.001261034,-0.042635659,0.009803922,-0.022641509,0.026607539,0.00245098
