"Code","Name","LA_code","LA_name","All","X0to15","X16to29","X30to44","X45to64","X65plus"
"E01018163","Huntingdonshire 011C","E07000011","Huntingdonshire",-0.016163036,-0.061349693,0.014388489,0.002525253,-0.033639144,0.03125
