"Code","Name","LA_code","LA_name","All","X0to15","X16to29","X30to44","X45to64","X65plus"
"E01018183","Huntingdonshire 021C","E07000011","Huntingdonshire",-0.020012912,0.006369427,-0.032894737,-0.026229508,0.002754821,-0.060836502
