"Code","Name","LA_code","LA_name","All","X0to15","X16to29","X30to44","X45to64","X65plus"
"E01018157","Huntingdonshire 003B","E07000011","Huntingdonshire",0.010169492,0.020689655,-0.003745318,0.064971751,0.006033183,-0.040462428
