"Code","Name","LA_code","LA_name","All","X0to15","X16to29","X30to44","X45to64","X65plus"
"E01018117","Huntingdonshire 010E","E07000011","Huntingdonshire",-0.009473061,-0.014492754,0,0.004761905,-0.017582418,-0.009505703
