"Code","Name","LA_code","LA_name","All","X0to15","X16to29","X30to44","X45to64","X65plus"
"E01018216","Huntingdonshire 001E","E07000011","Huntingdonshire",0.044047619,0.052532833,0.029925187,0.064220183,0.048600884,0.008287293
