"Code","Name","LA_code","LA_name","All","X0to15","X16to29","X30to44","X45to64","X65plus"
"E01018173","Huntingdonshire 020B","E07000011","Huntingdonshire",0.010673235,0.016460905,-0.013824885,0.04048583,-0.002724796,0.020833333
