"Code","Name","LA_code","LA_name","All","X0to15","X16to29","X30to44","X45to64","X65plus"
"E01018138","Huntingdonshire 012A","E07000011","Huntingdonshire",-0.009858551,0.036585366,-0.004889976,-0.021543986,0.010221465,-0.081081081
