"Code","Name","LA_code","LA_name","All","X0to15","X16to29","X30to44","X45to64","X65plus"
"E01018178","Huntingdonshire 022B","E07000011","Huntingdonshire",-0.005940594,-0.048780488,-0.016216216,0.027667984,-0.012376238,0.009367681
