"Code","Name","LA_code","LA_name","All","X0to15","X16to29","X30to44","X45to64","X65plus"
"E01018122","Huntingdonshire 007B","E07000011","Huntingdonshire",-0.019266055,-0.058823529,0.07826087,-0.071428571,0.00862069,-0.038062284
