"Code","Name","LA_code","LA_name","All","X0to15","X16to29","X30to44","X45to64","X65plus"
"E01018120","Huntingdonshire 017C","E07000011","Huntingdonshire",0.000565931,0.024390244,0.068965517,-0.008298755,-0.002173913,-0.03364486
