"Code","Name","LA_code","LA_name","All","X0to15","X16to29","X30to44","X45to64","X65plus"
"E01018144","Huntingdonshire 008B","E07000011","Huntingdonshire",0.006948466,0.006147541,-0.041994751,0.037735849,-0.003344482,0.074074074
