"Code","Name","LA_code","LA_name","All","X0to15","X16to29","X30to44","X45to64","X65plus"
"E01018180","Huntingdonshire 022D","E07000011","Huntingdonshire",0.003739716,-0.011278195,-0.003717472,0.024561404,0.002890173,0.005847953
