"Code","Name","LA_code","LA_name","All","X0to15","X16to29","X30to44","X45to64","X65plus"
"E01018127","Huntingdonshire 002A","E07000011","Huntingdonshire",0.013815789,0.008583691,0.012121212,0.059574468,0.011560694,-0.008152174
