"Code","Name","LA_code","LA_name","All","X0to15","X16to29","X30to44","X45to64","X65plus"
"E01018186","Huntingdonshire 021F","E07000011","Huntingdonshire",-0.005787037,0,0.003676471,-0.026946108,-0.001960784,-0.003378378
