"Code","Name","LA_code","LA_name","All","X0to15","X16to29","X30to44","X45to64","X65plus"
"E01025065","Hyndburn 001F","E07000120","Hyndburn",0.012195122,0.028125,0.010344828,-0.009345794,0.006263048,0.034782609
