"Code","Name","LA_code","LA_name","All","X0to15","X16to29","X30to44","X45to64","X65plus"
"E01025056","Hyndburn 009B","E07000120","Hyndburn",-0.038343558,-0.059210526,-0.019480519,-0.08125,-0.037135279,-0.023861171
