"Code","Name","LA_code","LA_name","All","X0to15","X16to29","X30to44","X45to64","X65plus"
"E01025073","Hyndburn 003D","E07000120","Hyndburn",0.004145937,-0.010204082,0.028248588,-0.010362694,0.037790698,-0.030405405
