"Code","Name","LA_code","LA_name","All","X0to15","X16to29","X30to44","X45to64","X65plus"
"E01025063","Hyndburn 001D","E07000120","Hyndburn",-0.015282392,-0.012448133,-0.063348416,0.021186441,-0.006896552,-0.021505376
