"Code","Name","LA_code","LA_name","All","X0to15","X16to29","X30to44","X45to64","X65plus"
"E01025083","Hyndburn 006F","E07000120","Hyndburn",0.037944284,0.037567084,0.063736264,0.015345269,0.035087719,0.032374101
