"Code","Name","LA_code","LA_name","All","X0to15","X16to29","X30to44","X45to64","X65plus"
"E01025037","Hyndburn 008C","E07000120","Hyndburn",-0.070580475,-0.043478261,-0.093117409,-0.101449275,-0.063888889,-0.0625
