"Code","Name","LA_code","LA_name","All","X0to15","X16to29","X30to44","X45to64","X65plus"
"E01025076","Hyndburn 007C","E07000120","Hyndburn",0.035439137,0.027888446,0.082901554,0.056521739,0.044871795,-0.012820513
