"Code","Name","LA_code","LA_name","All","X0to15","X16to29","X30to44","X45to64","X65plus"
"E01025042","Hyndburn 006B","E07000120","Hyndburn",0.016229117,0.022346369,-0.010460251,0.039130435,0.055363322,-0.072368421
