"Code","Name","LA_code","LA_name","All","X0to15","X16to29","X30to44","X45to64","X65plus"
"E01025060","Hyndburn 001A","E07000120","Hyndburn",-0.007905138,-0.017412935,0.015015015,0.006153846,-0.023728814,-0.030674847
