"Code","Name","LA_code","LA_name","All","X0to15","X16to29","X30to44","X45to64","X65plus"
"E01025053","Hyndburn 002G","E07000120","Hyndburn",-0.005050505,0.003236246,0.003731343,0.019480519,-0.020361991,-0.027237354
