"Code","Name","LA_code","LA_name","All","X0to15","X16to29","X30to44","X45to64","X65plus"
"E01033231","Hyndburn 006H","E07000120","Hyndburn",-0.00613101,-0.017159199,-0.013782542,0.005780347,-0.015904573,0.059405941
