"Code","Name","LA_code","LA_name","All","X0to15","X16to29","X30to44","X45to64","X65plus"
"E01025071","Hyndburn 003B","E07000120","Hyndburn",0.003756574,-0.027777778,0.021367521,0.018018018,0.009876543,-0.007874016
