"Code","Name","LA_code","LA_name","All","X0to15","X16to29","X30to44","X45to64","X65plus"
"E01025055","Hyndburn 007A","E07000120","Hyndburn",-0.009664948,0.032448378,-0.034615385,0.00931677,-0.019125683,-0.049056604
