"Code","Name","LA_code","LA_name","All","X0to15","X16to29","X30to44","X45to64","X65plus"
"E01025058","Hyndburn 004D","E07000120","Hyndburn",0.048625793,-0.02173913,0.060606061,0,0.099462366,0.060240964
