"Code","Name","LA_code","LA_name","All","X0to15","X16to29","X30to44","X45to64","X65plus"
"E01025084","Hyndburn 006G","E07000120","Hyndburn",-0.056470588,-0.082116788,-0.049853372,-0.028947368,-0.089655172,0.021276596
