"Code","Name","LA_code","LA_name","All","X0to15","X16to29","X30to44","X45to64","X65plus"
"E01030021","Ipswich 015E","E07000202","Ipswich",0.024441341,0.036175711,0.021428571,0.007604563,0.02640264,0.025125628
