"Code","Name","LA_code","LA_name","All","X0to15","X16to29","X30to44","X45to64","X65plus"
"E01029981","Ipswich 016D","E07000202","Ipswich",0.015037594,0.01826484,0.047904192,0.069444444,0.005847953,-0.043478261
