"Code","Name","LA_code","LA_name","All","X0to15","X16to29","X30to44","X45to64","X65plus"
"E01030029","Ipswich 003C","E07000202","Ipswich",0.013307985,0.005747126,0.05204461,0.006688963,0.0078125,0
