"Code","Name","LA_code","LA_name","All","X0to15","X16to29","X30to44","X45to64","X65plus"
"E01030031","Ipswich 003E","E07000202","Ipswich",0.016479895,0.002770083,0.037414966,-0.003436426,0.034985423,0.00877193
