"Code","Name","LA_code","LA_name","All","X0to15","X16to29","X30to44","X45to64","X65plus"
"E01033122","Ipswich 012F","E07000202","Ipswich",0.103920642,0.082311734,0.132376396,0.117870722,0.053333333,0.129032258
