"Code","Name","LA_code","LA_name","All","X0to15","X16to29","X30to44","X45to64","X65plus"
"E01029969","Ipswich 012B","E07000202","Ipswich",-0.102124743,-0.157894737,-0.15037594,-0.112804878,-0.041791045,-0.053061224
