"Code","Name","LA_code","LA_name","All","X0to15","X16to29","X30to44","X45to64","X65plus"
"E01029987","Ipswich 010D","E07000202","Ipswich",0.010552452,-0.014577259,0.042253521,0,0.008498584,0.020710059
