"Code","Name","LA_code","LA_name","All","X0to15","X16to29","X30to44","X45to64","X65plus"
"E01029976","Ipswich 002D","E07000202","Ipswich",-0.005490734,-0.039711191,0.016949153,0.022813688,0.011737089,-0.035031847
