"Code","Name","LA_code","LA_name","All","X0to15","X16to29","X30to44","X45to64","X65plus"
"E01030035","Ipswich 001D","E07000202","Ipswich",0.019251337,0.021825397,0.038922156,0.028011204,0.006912442,-0.004149378
