"Code","Name","LA_code","LA_name","All","X0to15","X16to29","X30to44","X45to64","X65plus"
"E01029965","Ipswich 009C","E07000202","Ipswich",0.016794962,0.05,-0.010695187,0.026431718,0.020253165,0.0025
