"Code","Name","LA_code","LA_name","All","X0to15","X16to29","X30to44","X45to64","X65plus"
"E01030007","Ipswich 005A","E07000202","Ipswich",-0.004660798,-0.025229358,0.027522936,0.004662005,0.018947368,-0.068181818
