"Code","Name","LA_code","LA_name","All","X0to15","X16to29","X30to44","X45to64","X65plus"
"E01030008","Ipswich 005B","E07000202","Ipswich",0.032334385,-0.015151515,0.064705882,0.072289157,0.012820513,0.046511628
