"Code","Name","LA_code","LA_name","All","X0to15","X16to29","X30to44","X45to64","X65plus"
"E01030009","Ipswich 005C","E07000202","Ipswich",0.007267442,0.004065041,-0.015957447,0.06010929,-0.002506266,0.005555556
