"Code","Name","LA_code","LA_name","All","X0to15","X16to29","X30to44","X45to64","X65plus"
"E01033124","Ipswich 007F","E07000202","Ipswich",0.102154828,-0.007246377,0.076923077,0.181818182,0.140096618,0.036585366
