"Code","Name","LA_code","LA_name","All","X0to15","X16to29","X30to44","X45to64","X65plus"
"E01030019","Ipswich 015C","E07000202","Ipswich",0.001336898,0.015384615,0.080168776,-0.014336918,-0.014005602,-0.033057851
