"Code","Name","LA_code","LA_name","All","X0to15","X16to29","X30to44","X45to64","X65plus"
"E01030026","Ipswich 006E","E07000202","Ipswich",-0.031712474,-0.018442623,-0.023498695,-0.036093418,-0.050377834,-0.032679739
