"Code","Name","LA_code","LA_name","All","X0to15","X16to29","X30to44","X45to64","X65plus"
"E01029991","Ipswich 011C","E07000202","Ipswich",0.004487179,0.077220077,0,0.021818182,0.016393443,-0.071052632
