"Code","Name","LA_code","LA_name","All","X0to15","X16to29","X30to44","X45to64","X65plus"
"E01030027","Ipswich 003A","E07000202","Ipswich",0.065783247,0.053691275,0.111827957,0.065693431,0.045356371,0.031578947
