"Code","Name","LA_code","LA_name","All","X0to15","X16to29","X30to44","X45to64","X65plus"
"E01029996","Ipswich 014D","E07000202","Ipswich",0.019607843,0.015037594,0.040441176,0.009287926,0.012224939,0.028571429
