"Code","Name","LA_code","LA_name","All","X0to15","X16to29","X30to44","X45to64","X65plus"
"E01030000","Ipswich 004D","E07000202","Ipswich",0.020939086,0.044692737,0.046332046,0.026315789,-0.014563107,0.009756098
