"Code","Name","LA_code","LA_name","All","X0to15","X16to29","X30to44","X45to64","X65plus"
"E01029980","Ipswich 016C","E07000202","Ipswich",0.038510101,0.02283105,0.049822064,0.070422535,0,0.072289157
