"Code","Name","LA_code","LA_name","All","X0to15","X16to29","X30to44","X45to64","X65plus"
"E01029958","Ipswich 007A","E07000202","Ipswich",0.025411061,0.029090909,0.076923077,0.014184397,0,0.026737968
