"Code","Name","LA_code","LA_name","All","X0to15","X16to29","X30to44","X45to64","X65plus"
"E01033127","Ipswich 014E","E07000202","Ipswich",0.060623557,0.0591133,0.056338028,0.039823009,0.023668639,0.193370166
