"Code","Name","LA_code","LA_name","All","X0to15","X16to29","X30to44","X45to64","X65plus"
"E01029990","Ipswich 011B","E07000202","Ipswich",0.005732484,0.028846154,0.039634146,0.008086253,-0.032418953,-0.018987342
