"Code","Name","LA_code","LA_name","All","X0to15","X16to29","X30to44","X45to64","X65plus"
"W01000018","Isle of Anglesey 001C","W06000001","Isle of Anglesey",-0.034124629,-0.066964286,-0.034682081,0.005405405,-0.031746032,-0.036082474
