"Code","Name","LA_code","LA_name","All","X0to15","X16to29","X30to44","X45to64","X65plus"
"E01017283","Isle of Wight 006B","E06000046","Isle of Wight",0.027194067,0.060483871,-0.022727273,0.046296296,0.038167939,0.009756098
