"Code","Name","LA_code","LA_name","All","X0to15","X16to29","X30to44","X45to64","X65plus"
"W01000025","Isle of Anglesey 009B","W06000001","Isle of Anglesey",0.005342399,-0.005420054,-0.014619883,0.015873016,0.004901961,0.023752969
