"Code","Name","LA_code","LA_name","All","X0to15","X16to29","X30to44","X45to64","X65plus"
"E01017365","Isle of Wight 018C","E06000046","Isle of Wight",0.002201027,-0.017699115,0.048192771,-0.06504065,-0.002444988,0.015748031
