"Code","Name","LA_code","LA_name","All","X0to15","X16to29","X30to44","X45to64","X65plus"
"E01017345","Isle of Wight 007E","E06000046","Isle of Wight",0.027272727,-0.001683502,0.024336283,0.028985507,0.031531532,0.112903226
