"Code","Name","LA_code","LA_name","All","X0to15","X16to29","X30to44","X45to64","X65plus"
"E01017322","Isle of Wight 011E","E06000046","Isle of Wight",-0.044016506,-0.086419753,-0.02919708,-0.064257028,-0.017721519,-0.023584906
