"Code","Name","LA_code","LA_name","All","X0to15","X16to29","X30to44","X45to64","X65plus"
"E01017306","Isle of Wight 001D","E06000046","Isle of Wight",0.046923077,0.03630363,0.076555024,0.031358885,0.053892216,0.041916168
