"Code","Name","LA_code","LA_name","All","X0to15","X16to29","X30to44","X45to64","X65plus"
"W01000041","Isle of Anglesey 006D","W06000001","Isle of Anglesey",0.054697555,0.081841432,0.037671233,0.063492063,0.028481013,0.054166667
