"Code","Name","LA_code","LA_name","All","X0to15","X16to29","X30to44","X45to64","X65plus"
"E01017285","Isle of Wight 010B","E06000046","Isle of Wight",0.02962578,-0.027522936,-0.005813953,0.06010929,0.007797271,0.058472554
