"Code","Name","LA_code","LA_name","All","X0to15","X16to29","X30to44","X45to64","X65plus"
"E01017289","Isle of Wight 014A","E06000046","Isle of Wight",0.018627451,0.05,-0.003875969,0.022222222,0.02587519,0.005042017
