"Code","Name","LA_code","LA_name","All","X0to15","X16to29","X30to44","X45to64","X65plus"
"E01017332","Isle of Wight 008D","E06000046","Isle of Wight",0.017754868,0.075794621,0.047619048,-0.006535948,-0.014018692,-0.029962547
