"Code","Name","LA_code","LA_name","All","X0to15","X16to29","X30to44","X45to64","X65plus"
"E01017355","Isle of Wight 015E","E06000046","Isle of Wight",0.008861622,0.019323671,0.032258065,0.010309278,0.00203252,0
