"Code","Name","LA_code","LA_name","All","X0to15","X16to29","X30to44","X45to64","X65plus"
"E01017317","Isle of Wight 015A","E06000046","Isle of Wight",-0.010803511,0.052356021,0.03030303,-0.035532995,0.002123142,-0.061320755
