"Code","Name","LA_code","LA_name","All","X0to15","X16to29","X30to44","X45to64","X65plus"
"E01017298","Isle of Wight 017B","E06000046","Isle of Wight",-0.013245033,-0.034825871,-0.02919708,-0.016759777,-0.016528926,0.003929273
