"Code","Name","LA_code","LA_name","All","X0to15","X16to29","X30to44","X45to64","X65plus"
"W01000010","Isle of Anglesey 002A","W06000001","Isle of Anglesey",-0.039054471,-0.017391304,-0.033175355,-0.109649123,-0.028169014,-0.033850494
