"Code","Name","LA_code","LA_name","All","X0to15","X16to29","X30to44","X45to64","X65plus"
"E01017300","Isle of Wight 001A","E06000046","Isle of Wight",-0.035180299,-0.054545455,-0.016556291,-0.066666667,-0.036418816,-0.019774011
