"Code","Name","LA_code","LA_name","All","X0to15","X16to29","X30to44","X45to64","X65plus"
"E01017333","Isle of Wight 009E","E06000046","Isle of Wight",0.014851485,0.005633803,0.093582888,-0.015296367,-0.005681818,0.04109589
