"Code","Name","LA_code","LA_name","All","X0to15","X16to29","X30to44","X45to64","X65plus"
"E01017318","Isle of Wight 016A","E06000046","Isle of Wight",0.009314141,-0.021834061,-0.01,-0.006060606,0.002915452,0.073770492
