"Code","Name","LA_code","LA_name","All","X0to15","X16to29","X30to44","X45to64","X65plus"
"E01017310","Isle of Wight 008A","E06000046","Isle of Wight",-0.052062204,-0.08,-0.029268293,-0.053571429,-0.032258065,-0.065606362
