"Code","Name","LA_code","LA_name","All","X0to15","X16to29","X30to44","X45to64","X65plus"
"W01000006","Isle of Anglesey 006A","W06000001","Isle of Anglesey",-0.027534418,-0.064935065,-0.047008547,-0.04,-0.022177419,0.004854369
