"Code","Name","LA_code","LA_name","All","X0to15","X16to29","X30to44","X45to64","X65plus"
"E01017353","Isle of Wight 013D","E06000046","Isle of Wight",-0.002477291,0.0390625,-0.061403509,0.111111111,-0.024498886,-0.004854369
