"Code","Name","LA_code","LA_name","All","X0to15","X16to29","X30to44","X45to64","X65plus"
"E01017319","Isle of Wight 016B","E06000046","Isle of Wight",0.059689922,0.109589041,0.057553957,0.013245033,0.080246914,0.047169811
