"Code","Name","LA_code","LA_name","All","X0to15","X16to29","X30to44","X45to64","X65plus"
"E01017324","Isle of Wight 015D","E06000046","Isle of Wight",0.010814708,-0.010204082,0.035502959,-0.023529412,0.021505376,0.012919897
