"Code","Name","LA_code","LA_name","All","X0to15","X16to29","X30to44","X45to64","X65plus"
"E01017360","Isle of Wight 016F","E06000046","Isle of Wight",0.001766784,-0.020661157,0,0.02247191,-0.003824092,0.009259259
