"Code","Name","LA_code","LA_name","All","X0to15","X16to29","X30to44","X45to64","X65plus"
"W01000013","Isle of Anglesey 005B","W06000001","Isle of Anglesey",-0.003952569,0.005633803,0.007380074,0.006134969,-0.027737226,0.00625
