"Code","Name","LA_code","LA_name","All","X0to15","X16to29","X30to44","X45to64","X65plus"
"W01000039","Isle of Anglesey 004C","W06000001","Isle of Anglesey",-0.012732615,-0.057553957,-0.064516129,0.055045872,-0.016611296,0.005747126
