"Code","Name","LA_code","LA_name","All","X0to15","X16to29","X30to44","X45to64","X65plus"
"E01017341","Isle of Wight 006D","E06000046","Isle of Wight",0.037128713,0.04815864,0.076555024,0.076923077,-0.018134715,0.031413613
