"Code","Name","LA_code","LA_name","All","X0to15","X16to29","X30to44","X45to64","X65plus"
"W01000021","Isle of Anglesey 002C","W06000001","Isle of Anglesey",-0.013501742,-0.055263158,-0.021201413,-0.045016077,0.00739645,0.007739938
