"Code","Name","LA_code","LA_name","All","X0to15","X16to29","X30to44","X45to64","X65plus"
"W01000026","Isle of Anglesey 005D","W06000001","Isle of Anglesey",-0.027280477,-0.090322581,-0.076335878,-0.015384615,-0.034591195,0.011389522
