"Code","Name","LA_code","LA_name","All","X0to15","X16to29","X30to44","X45to64","X65plus"
"E01017311","Isle of Wight 008B","E06000046","Isle of Wight",0.030618893,0.023904382,0.078125,0.031128405,0.03271028,-0.002915452
