"Code","Name","LA_code","LA_name","All","X0to15","X16to29","X30to44","X45to64","X65plus"
"E01017323","Isle of Wight 015C","E06000046","Isle of Wight",-0.013640239,-0.030534351,-0.042016807,0.087719298,-0.037688442,-0.00486618
