"Code","Name","LA_code","LA_name","All","X0to15","X16to29","X30to44","X45to64","X65plus"
"W01000024","Isle of Anglesey 007E","W06000001","Isle of Anglesey",-0.00868984,-0.04622871,-0.006329114,0.029810298,0.041044776,-0.106060606
