"Code","Name","LA_code","LA_name","All","X0to15","X16to29","X30to44","X45to64","X65plus"
"W01000030","Isle of Anglesey 003D","W06000001","Isle of Anglesey",0.010836584,0.040241449,-0.027918782,0.024038462,0.025179856,-0.018018018
