"Code","Name","LA_code","LA_name","All","X0to15","X16to29","X30to44","X45to64","X65plus"
"W01000033","Isle of Anglesey 003E","W06000001","Isle of Anglesey",0.041160594,0.052459016,0.0390625,0.039647577,0.020253165,0.060200669
