"Code","Name","LA_code","LA_name","All","X0to15","X16to29","X30to44","X45to64","X65plus"
"E01002704","Islington 023D","E09000019","Islington",-0.008186656,-0.019851117,0.013513514,-0.029806259,0.017632242,-0.038793103
