"Code","Name","LA_code","LA_name","All","X0to15","X16to29","X30to44","X45to64","X65plus"
"E01002732","Islington 005A","E09000019","Islington",-0.043994068,-0.025936599,-0.143103448,0.010752688,-0.025316456,0.063694268
