"Code","Name","LA_code","LA_name","All","X0to15","X16to29","X30to44","X45to64","X65plus"
"E01002741","Islington 009B","E09000019","Islington",0.016538689,0.031609195,-0.004728132,0.029147982,0.019480519,0
