"Code","Name","LA_code","LA_name","All","X0to15","X16to29","X30to44","X45to64","X65plus"
"E01002766","Islington 015E","E09000019","Islington",0.008163265,0.027777778,0.018779343,-0.008635579,-0.025761124,0.045918367
