"Code","Name","LA_code","LA_name","All","X0to15","X16to29","X30to44","X45to64","X65plus"
"E01002728","Islington 021D","E09000019","Islington",0.005678233,-0.0625,0.043589744,-0.01119403,0.020242915,-0.153061224
