"Code","Name","LA_code","LA_name","All","X0to15","X16to29","X30to44","X45to64","X65plus"
"E01002806","Islington 003C","E09000019","Islington",0.001261034,-0.078291815,0.011494253,0,0.032876712,0.049079755
