"Code","Name","LA_code","LA_name","All","X0to15","X16to29","X30to44","X45to64","X65plus"
"E01002808","Islington 003D","E09000019","Islington",0.014427861,-0.017301038,0.025454545,0.011904762,-0.007389163,0.09039548
