"Code","Name","LA_code","LA_name","All","X0to15","X16to29","X30to44","X45to64","X65plus"
"E01002744","Islington 009D","E09000019","Islington",-0.003065604,-0.025423729,-0.012158055,0.013487476,-0.010471204,0.012121212
