"Code","Name","LA_code","LA_name","All","X0to15","X16to29","X30to44","X45to64","X65plus"
"E01002703","Islington 023C","E09000019","Islington",0.006820765,-0.021611002,0.028436019,0.009859155,0.019607843,-0.05952381
