"Code","Name","LA_code","LA_name","All","X0to15","X16to29","X30to44","X45to64","X65plus"
"E01002727","Islington 021C","E09000019","Islington",-0.014318442,-0.018604651,-0.012012012,0.013179572,-0.024570025,-0.081521739
