"Code","Name","LA_code","LA_name","All","X0to15","X16to29","X30to44","X45to64","X65plus"
"E01002763","Islington 007D","E09000019","Islington",0.01221865,0.057324841,0.010398614,0.031073446,-0.02295082,0
