"Code","Name","LA_code","LA_name","All","X0to15","X16to29","X30to44","X45to64","X65plus"
"E01002804","Islington 001D","E09000019","Islington",-0.012048193,-0.014084507,-0.014423077,-0.004132231,-0.028132992,0.011111111
