"Code","Name","LA_code","LA_name","All","X0to15","X16to29","X30to44","X45to64","X65plus"
"E01002726","Islington 022F","E09000019","Islington",0.012765957,-0.006557377,0.104444444,-0.005565863,-0.016470588,-0.068322981
