"Code","Name","LA_code","LA_name","All","X0to15","X16to29","X30to44","X45to64","X65plus"
"E01002796","Islington 013E","E09000019","Islington",0.011007621,0.04,-0.017964072,-0.018461538,0.03968254,0.075
