"Code","Name","LA_code","LA_name","All","X0to15","X16to29","X30to44","X45to64","X65plus"
"E01002752","Islington 009E","E09000019","Islington",-0.015538291,-0.020114943,0.002785515,-0.037102473,0.027247956,-0.067901235
