"Code","Name","LA_code","LA_name","All","X0to15","X16to29","X30to44","X45to64","X65plus"
"E01033487","Islington 011F","E09000019","Islington",-0.022334294,-0.027027027,-0.002123142,-0.028571429,-0.007194245,-0.242424242
