"Code","Name","LA_code","LA_name","All","X0to15","X16to29","X30to44","X45to64","X65plus"
"E01002702","Islington 023B","E09000019","Islington",0.021729683,0.060422961,0.010111223,0.020715631,-0.034482759,0.152671756
