"Code","Name","LA_code","LA_name","All","X0to15","X16to29","X30to44","X45to64","X65plus"
"E01002709","Islington 019C","E09000019","Islington",-0.02055165,0.015267176,0.057877814,-0.053789731,-0.137724551,-0.045045045
