"Code","Name","LA_code","LA_name","All","X0to15","X16to29","X30to44","X45to64","X65plus"
"E01002793","Islington 016F","E09000019","Islington",-0.065437788,-0.106312292,-0.043405676,-0.043674699,-0.084134615,-0.105263158
