"Code","Name","LA_code","LA_name","All","X0to15","X16to29","X30to44","X45to64","X65plus"
"E01002712","Islington 015B","E09000019","Islington",0,0.004901961,-0.003759398,-0.016,0.019444444,0.058823529
