"Code","Name","LA_code","LA_name","All","X0to15","X16to29","X30to44","X45to64","X65plus"
"E01002696","Islington 020A","E09000019","Islington",0.004580153,0.076923077,0.004672897,-0.026354319,0.005025126,0.019138756
