"Code","Name","LA_code","LA_name","All","X0to15","X16to29","X30to44","X45to64","X65plus"
"E01002772","Islington 002F","E09000019","Islington",-0.001054296,-0.066202091,0.031078611,0,0.011695906,-0.023255814
