"Code","Name","LA_code","LA_name","All","X0to15","X16to29","X30to44","X45to64","X65plus"
"E01002783","Islington 010B","E09000019","Islington",-0.006336406,0.05078125,-0.010373444,-0.023094688,-0.012722646,-0.023255814
