"Code","Name","LA_code","LA_name","All","X0to15","X16to29","X30to44","X45to64","X65plus"
"E01002769","Islington 008A","E09000019","Islington",0.003511853,0.04950495,0.005868545,-0.025052192,-0.011111111,0.025773196
