"Code","Name","LA_code","LA_name","All","X0to15","X16to29","X30to44","X45to64","X65plus"
"E01002784","Islington 010C","E09000019","Islington",-0.004805125,-0.020289855,0.004415011,-0.018329939,-0.004878049,0.040229885
