"Code","Name","LA_code","LA_name","All","X0to15","X16to29","X30to44","X45to64","X65plus"
"E01002722","Islington 018A","E09000019","Islington",-0.008736559,-0.06557377,0.020114943,-0.030379747,-0.017699115,0.086419753
