"Code","Name","LA_code","LA_name","All","X0to15","X16to29","X30to44","X45to64","X65plus"
"E01002730","Islington 007A","E09000019","Islington",-0.017882353,-0.06122449,0.001324503,-0.012635379,-0.047486034,0.018292683
