"Code","Name","LA_code","LA_name","All","X0to15","X16to29","X30to44","X45to64","X65plus"
"E01002758","Islington 001C","E09000019","Islington",-0.015491453,0.012526096,0.016587678,-0.029411765,-0.019230769,-0.160305344
