"Code","Name","LA_code","LA_name","All","X0to15","X16to29","X30to44","X45to64","X65plus"
"E01002764","Islington 010A","E09000019","Islington",-0.01459854,-0.020833333,0.025096525,-0.02020202,-0.055401662,-0.019230769
