"Code","Name","LA_code","LA_name","All","X0to15","X16to29","X30to44","X45to64","X65plus"
"E01002701","Islington 023A","E09000019","Islington",-0.012299465,-0.038314176,-0.01236476,-0.027334852,-0.027439024,0.082051282
