"Code","Name","LA_code","LA_name","All","X0to15","X16to29","X30to44","X45to64","X65plus"
"E01002767","Islington 011D","E09000019","Islington",-0.007455732,-0.020771513,-0.019575856,-0.018214936,0.015521064,0.030612245
