"Code","Name","LA_code","LA_name","All","X0to15","X16to29","X30to44","X45to64","X65plus"
"E01002734","Islington 005B","E09000019","Islington",0.031691649,-0.017944535,0.146540027,-0.00203666,-0.042440318,-0.051282051
