"Code","Name","LA_code","LA_name","All","X0to15","X16to29","X30to44","X45to64","X65plus"
"E01002710","Islington 019D","E09000019","Islington",0.005694761,-0.002832861,0.120481928,-0.007194245,-0.047738693,-0.098265896
