"Code","Name","LA_code","LA_name","All","X0to15","X16to29","X30to44","X45to64","X65plus"
"E01002706","Islington 023E","E09000019","Islington",-0.009024495,-0.046610169,0.013432836,-0.009884679,-0.010362694,0.010416667
