"Code","Name","LA_code","LA_name","All","X0to15","X16to29","X30to44","X45to64","X65plus"
"E01002800","Islington 018E","E09000019","Islington",0.075803982,0.195744681,0.096096096,0.011952191,0.101796407,-0.104575163
