"Code","Name","LA_code","LA_name","All","X0to15","X16to29","X30to44","X45to64","X65plus"
"E01002781","Islington 012D","E09000019","Islington",-0.034242232,-0.052117264,-0.023746702,-0.035294118,0.021806854,-0.144827586
