"Code","Name","LA_code","LA_name","All","X0to15","X16to29","X30to44","X45to64","X65plus"
"E01002851","Kensington and Chelsea 015D","E09000020","Kensington and Chelsea",0.058625337,-0.036764706,0.031468531,0.043269231,0.090410959,0.113879004
