"Code","Name","LA_code","LA_name","All","X0to15","X16to29","X30to44","X45to64","X65plus"
"E01002893","Kensington and Chelsea 017C","E09000020","Kensington and Chelsea",0.023890785,0.008230453,0.034229829,0.021442495,0.010928962,0.04845815
