"Code","Name","LA_code","LA_name","All","X0to15","X16to29","X30to44","X45to64","X65plus"
"E01002892","Kensington and Chelsea 010E","E09000020","Kensington and Chelsea",0.036848073,0.046610169,0.038374718,0.025225225,0.048257373,0.031847134
