"Code","Name","LA_code","LA_name","All","X0to15","X16to29","X30to44","X45to64","X65plus"
"E01002880","Kensington and Chelsea 005D","E09000020","Kensington and Chelsea",-0.016806723,-0.031339031,0.008298755,-0.003484321,-0.03601108,-0.005319149
