"Code","Name","LA_code","LA_name","All","X0to15","X16to29","X30to44","X45to64","X65plus"
"E01002834","Kensington and Chelsea 013B","E09000020","Kensington and Chelsea",-0.039577836,-0.049122807,-0.138709677,-0.017391304,0.023411371,-0.012345679
