"Code","Name","LA_code","LA_name","All","X0to15","X16to29","X30to44","X45to64","X65plus"
"E01002826","Kensington and Chelsea 008C","E09000020","Kensington and Chelsea",0.082161362,0.106976744,0.0562249,0.094147583,0.155893536,-0.017316017
