"Code","Name","LA_code","LA_name","All","X0to15","X16to29","X30to44","X45to64","X65plus"
"E01002894","Kensington and Chelsea 017D","E09000020","Kensington and Chelsea",-0.015513126,-0.062240664,0.023201856,-0.012269939,-0.019886364,-0.049079755
