"Code","Name","LA_code","LA_name","All","X0to15","X16to29","X30to44","X45to64","X65plus"
"E01002888","Kensington and Chelsea 013E","E09000020","Kensington and Chelsea",0.00405771,-0.008928571,0.016759777,0.01951952,-0.031400966,-0.005050505
