"Code","Name","LA_code","LA_name","All","X0to15","X16to29","X30to44","X45to64","X65plus"
"E01002860","Kensington and Chelsea 012D","E09000020","Kensington and Chelsea",0.008174387,-0.004739336,0.076233184,0.003012048,-0.009280742,-0.003690037
