"Code","Name","LA_code","LA_name","All","X0to15","X16to29","X30to44","X45to64","X65plus"
"E01002889","Kensington and Chelsea 010B","E09000020","Kensington and Chelsea",-0.026338148,-0.054347826,-0.040723982,0.006006006,0.022556391,-0.115606936
