"Code","Name","LA_code","LA_name","All","X0to15","X16to29","X30to44","X45to64","X65plus"
"E01002859","Kensington and Chelsea 012C","E09000020","Kensington and Chelsea",-0.004804805,0.034188034,-0.007407407,0.006741573,-0.002040816,-0.07079646
