"Code","Name","LA_code","LA_name","All","X0to15","X16to29","X30to44","X45to64","X65plus"
"E01002846","Kensington and Chelsea 017A","E09000020","Kensington and Chelsea",-0.027366864,-0.059602649,-0.033846154,0.017326733,-0.039877301,-0.075342466
