"Code","Name","LA_code","LA_name","All","X0to15","X16to29","X30to44","X45to64","X65plus"
"E01002822","Kensington and Chelsea 016B","E09000020","Kensington and Chelsea",0.008994276,-0.024793388,-0.02173913,0.020618557,0.018072289,0.036363636
