"Code","Name","LA_code","LA_name","All","X0to15","X16to29","X30to44","X45to64","X65plus"
"E01002897","Kensington and Chelsea 020D","E09000020","Kensington and Chelsea",-0.037262873,-0.09765625,-0.032154341,-0.019693654,-0.040677966,0.006369427
