"Code","Name","LA_code","LA_name","All","X0to15","X16to29","X30to44","X45to64","X65plus"
"E01002886","Kensington and Chelsea 006E","E09000020","Kensington and Chelsea",0.017642908,-0.004016064,-0.012121212,0.004784689,0.028350515,0.076142132
