"Code","Name","LA_code","LA_name","All","X0to15","X16to29","X30to44","X45to64","X65plus"
"E01002842","Kensington and Chelsea 021C","E09000020","Kensington and Chelsea",-0.026851852,-0.072580645,-0.054794521,0.020833333,-0.015384615,-0.021505376
