"Code","Name","LA_code","LA_name","All","X0to15","X16to29","X30to44","X45to64","X65plus"
"E01002862","Kensington and Chelsea 014E","E09000020","Kensington and Chelsea",0.009223674,0.034482759,0.020689655,0.010638298,0.016997167,-0.026923077
