"Code","Name","LA_code","LA_name","All","X0to15","X16to29","X30to44","X45to64","X65plus"
"E01002901","Kensington and Chelsea 018C","E09000020","Kensington and Chelsea",-0.018328446,-0.044247788,-0.093959732,0.027027027,-0.017241379,-0.009569378
