"Code","Name","LA_code","LA_name","All","X0to15","X16to29","X30to44","X45to64","X65plus"
"E01032969","Kettering 002G","E07000153","Kettering",-0.04784689,-0.051224944,-0.074324324,-0.043763676,-0.054200542,0.04950495
