"Code","Name","LA_code","LA_name","All","X0to15","X16to29","X30to44","X45to64","X65plus"
"E01027105","Kettering 006A","E07000153","Kettering",0.009197324,0.01242236,0.028169014,0.00310559,-0.012396694,0.018779343
