"Code","Name","LA_code","LA_name","All","X0to15","X16to29","X30to44","X45to64","X65plus"
"E01027099","Kettering 008D","E07000153","Kettering",0.030116359,0.041284404,0.111111111,0.013100437,0.002518892,0.030172414
