"Code","Name","LA_code","LA_name","All","X0to15","X16to29","X30to44","X45to64","X65plus"
"E01027117","Kettering 007F","E07000153","Kettering",0.003378378,0.035294118,-0.011857708,-0.020958084,0.032258065,-0.016835017
