"Code","Name","LA_code","LA_name","All","X0to15","X16to29","X30to44","X45to64","X65plus"
"E01027085","Kettering 010B","E07000153","Kettering",0.000706215,0.018450185,-0.004784689,-0.02173913,-0.01344086,0.020958084
