"Code","Name","LA_code","LA_name","All","X0to15","X16to29","X30to44","X45to64","X65plus"
"E01027109","Kettering 002F","E07000153","Kettering",0.101176471,0.0625,0.065934066,0.099009901,0.083550914,0.194444444
