"Code","Name","LA_code","LA_name","All","X0to15","X16to29","X30to44","X45to64","X65plus"
"E01027111","Kettering 006C","E07000153","Kettering",-0.019136627,-0.029288703,0,-0.022222222,-0.019379845,-0.029045643
