"Code","Name","LA_code","LA_name","All","X0to15","X16to29","X30to44","X45to64","X65plus"
"E01027116","Kettering 007E","E07000153","Kettering",-0.02775291,-0.037606838,-0.024615385,-0.026408451,-0.02972028,0
