"Code","Name","LA_code","LA_name","All","X0to15","X16to29","X30to44","X45to64","X65plus"
"E01002997","Kingston upon Thames 016C","E09000021","Kingston upon Thames",0.011235955,0.039877301,-0.037735849,-0.009345794,0.023136247,0.051546392
