"Code","Name","LA_code","LA_name","All","X0to15","X16to29","X30to44","X45to64","X65plus"
"E01012915","Kingston upon Hull 008E","E06000010","Kingston upon Hull, City of",-0.018143754,-0.016666667,-0.027863777,-0.053333333,0.009090909,-0.011764706
