"Code","Name","LA_code","LA_name","All","X0to15","X16to29","X30to44","X45to64","X65plus"
"E01003000","Kingston upon Thames 017C","E09000021","Kingston upon Thames",-0.011764706,-0.038461538,-0.015625,0.007978723,0.025641026,-0.074074074
