"Code","Name","LA_code","LA_name","All","X0to15","X16to29","X30to44","X45to64","X65plus"
"E01012836","Kingston upon Hull 009C","E06000010","Kingston upon Hull, City of",-0.05992268,-0.071684588,-0.036912752,-0.052980132,-0.032482599,-0.132231405
