"Code","Name","LA_code","LA_name","All","X0to15","X16to29","X30to44","X45to64","X65plus"
"E01003010","Kingston upon Thames 001E","E09000021","Kingston upon Thames",-0.039344262,0.012738854,-0.071428571,-0.048543689,-0.041237113,-0.068085106
