"Code","Name","LA_code","LA_name","All","X0to15","X16to29","X30to44","X45to64","X65plus"
"E01002986","Kingston upon Thames 008E","E09000021","Kingston upon Thames",0.019622642,0.032388664,-0.006097561,-0.023076923,0.002710027,0.084210526
