"Code","Name","LA_code","LA_name","All","X0to15","X16to29","X30to44","X45to64","X65plus"
"E01002920","Kingston upon Thames 014D","E09000021","Kingston upon Thames",-0.024985128,-0.025706941,-0.057291667,-0.020408163,-0.027659574,-0.003484321
