"Code","Name","LA_code","LA_name","All","X0to15","X16to29","X30to44","X45to64","X65plus"
"E01012887","Kingston upon Hull 033D","E06000010","Kingston upon Hull, City of",-0.015292553,-0.029850746,-0.026845638,-0.010791367,-0.019125683,0.022026432
