"Code","Name","LA_code","LA_name","All","X0to15","X16to29","X30to44","X45to64","X65plus"
"E01012913","Kingston upon Hull 014E","E06000010","Kingston upon Hull, City of",-0.001895735,-0.014652015,-0.00856531,0.019438445,-0.009592326,0.013824885
