"Code","Name","LA_code","LA_name","All","X0to15","X16to29","X30to44","X45to64","X65plus"
"E01002978","Kingston upon Thames 015B","E09000021","Kingston upon Thames",-0.03116604,-0.044728435,-0.08984375,-0.024154589,-0.048076923,0.039106145
