"Code","Name","LA_code","LA_name","All","X0to15","X16to29","X30to44","X45to64","X65plus"
"E01012771","Kingston upon Hull 028B","E06000010","Kingston upon Hull, City of",-0.015292553,-0.05904059,0.004291845,-0.004255319,-0.020920502,0.010452962
