"Code","Name","LA_code","LA_name","All","X0to15","X16to29","X30to44","X45to64","X65plus"
"E01002991","Kingston upon Thames 009E","E09000021","Kingston upon Thames",0.033876221,-0.003610108,0.216312057,-0.03539823,-0.005780347,0.056179775
