"Code","Name","LA_code","LA_name","All","X0to15","X16to29","X30to44","X45to64","X65plus"
"E01012862","Kingston upon Hull 025E","E06000010","Kingston upon Hull, City of",-0.016241299,-0.041322314,-0.007352941,0.01980198,-0.018292683,-0.02811245
