"Code","Name","LA_code","LA_name","All","X0to15","X16to29","X30to44","X45to64","X65plus"
"E01012789","Kingston upon Hull 002F","E06000010","Kingston upon Hull, City of",-0.002192982,-0.012618297,-0.003610108,0.022900763,-0.019736842,0.009615385
