"Code","Name","LA_code","LA_name","All","X0to15","X16to29","X30to44","X45to64","X65plus"
"E01012896","Kingston upon Hull 020D","E06000010","Kingston upon Hull, City of",0.027224113,0.067538126,0.010498688,0.031319911,0.005309735,0.019512195
