"Code","Name","LA_code","LA_name","All","X0to15","X16to29","X30to44","X45to64","X65plus"
"E01012857","Kingston upon Hull 024D","E06000010","Kingston upon Hull, City of",-0.009400705,-0.012048193,0.011695906,0.010752688,-0.013574661,-0.065420561
