"Code","Name","LA_code","LA_name","All","X0to15","X16to29","X30to44","X45to64","X65plus"
"E01012826","Kingston upon Hull 011C","E06000010","Kingston upon Hull, City of",0.043956044,0.032142857,0.060728745,0.025974026,0.065753425,0.03003003
