"Code","Name","LA_code","LA_name","All","X0to15","X16to29","X30to44","X45to64","X65plus"
"E01002925","Kingston upon Thames 013B","E09000021","Kingston upon Thames",-0.071388102,-0.089655172,-0.079113924,-0.051482059,-0.068111455,-0.102564103
