"Code","Name","LA_code","LA_name","All","X0to15","X16to29","X30to44","X45to64","X65plus"
"E01002949","Kingston upon Thames 020D","E09000021","Kingston upon Thames",-0.012010444,0.022900763,-0.049535604,-0.010282776,0.012962963,-0.07037037
