"Code","Name","LA_code","LA_name","All","X0to15","X16to29","X30to44","X45to64","X65plus"
"E01012805","Kingston upon Hull 026A","E06000010","Kingston upon Hull, City of",-0.008547009,-0.061776062,0.028481013,-0.003246753,0.008264463,-0.044303797
