"Code","Name","LA_code","LA_name","All","X0to15","X16to29","X30to44","X45to64","X65plus"
"E01002929","Kingston upon Thames 007A","E09000021","Kingston upon Thames",-0.013414634,-0.017191977,-0.068965517,-0.012738854,0.013363029,-0.006756757
