"Code","Name","LA_code","LA_name","All","X0to15","X16to29","X30to44","X45to64","X65plus"
"E01002954","Kingston upon Thames 003D","E09000021","Kingston upon Thames",-0.018754186,-0.056291391,-0.028409091,0.010282776,0.004784689,-0.024896266
