"Code","Name","LA_code","LA_name","All","X0to15","X16to29","X30to44","X45to64","X65plus"
"E01012891","Kingston upon Hull 030C","E06000010","Kingston upon Hull, City of",-0.008656036,-0.046004843,0.012302285,0.001712329,-0.002141328,-0.043209877
