"Code","Name","LA_code","LA_name","All","X0to15","X16to29","X30to44","X45to64","X65plus"
"E01002969","Kingston upon Thames 005B","E09000021","Kingston upon Thames",-0.019480519,-0.019067797,-0.019021739,-0.025641026,-0.005420054,-0.035087719
