"Code","Name","LA_code","LA_name","All","X0to15","X16to29","X30to44","X45to64","X65plus"
"E01002959","Kingston upon Thames 002E","E09000021","Kingston upon Thames",-0.023176551,0.012944984,-0.039408867,-0.005494505,-0.023060797,-0.060810811
