"Code","Name","LA_code","LA_name","All","X0to15","X16to29","X30to44","X45to64","X65plus"
"E01012843","Kingston upon Hull 021B","E06000010","Kingston upon Hull, City of",-0.023611997,-0.022670025,-0.016286645,0.019762846,-0.026470588,-0.07037037
