"Code","Name","LA_code","LA_name","All","X0to15","X16to29","X30to44","X45to64","X65plus"
"E01002971","Kingston upon Thames 005C","E09000021","Kingston upon Thames",-0.023846553,-0.028061224,-0.032537961,-0.023648649,-0.011730205,-0.013986014
