"Code","Name","LA_code","LA_name","All","X0to15","X16to29","X30to44","X45to64","X65plus"
"E01012902","Kingston upon Hull 022D","E06000010","Kingston upon Hull, City of",-0.005890052,-0.019933555,-0.017482517,-0.014134276,0.002320186,0.022026432
