"Code","Name","LA_code","LA_name","All","X0to15","X16to29","X30to44","X45to64","X65plus"
"E01012804","Kingston upon Hull 016A","E06000010","Kingston upon Hull, City of",0.009090909,0.032128514,-0.010380623,-0.015151515,0.013636364,0.034482759
