"Code","Name","LA_code","LA_name","All","X0to15","X16to29","X30to44","X45to64","X65plus"
"E01012790","Kingston upon Hull 004D","E06000010","Kingston upon Hull, City of",-0.009049774,0.031818182,-0.0234375,-0.025252525,-0.002777778,-0.023972603
