"Code","Name","LA_code","LA_name","All","X0to15","X16to29","X30to44","X45to64","X65plus"
"E01002948","Kingston upon Thames 020C","E09000021","Kingston upon Thames",-0.01000435,0.003766478,-0.025495751,-0.005736138,-0.006968641,-0.028301887
