"Code","Name","LA_code","LA_name","All","X0to15","X16to29","X30to44","X45to64","X65plus"
"E01012808","Kingston upon Hull 026B","E06000010","Kingston upon Hull, City of",0.019631902,0.033210332,0.011461318,0.014084507,0.00477327,0.042345277
