"Code","Name","LA_code","LA_name","All","X0to15","X16to29","X30to44","X45to64","X65plus"
"E01012774","Kingston upon Hull 019A","E06000010","Kingston upon Hull, City of",0.00596817,0.003311258,0.012307692,0.034351145,0.002525253,-0.02690583
