"Code","Name","LA_code","LA_name","All","X0to15","X16to29","X30to44","X45to64","X65plus"
"E01012899","Kingston upon Hull 022B","E06000010","Kingston upon Hull, City of",-0.001310616,-0.046822742,0.009933775,-0.013333333,0.028132992,0.008547009
