"Code","Name","LA_code","LA_name","All","X0to15","X16to29","X30to44","X45to64","X65plus"
"E01012852","Kingston upon Hull 024B","E06000010","Kingston upon Hull, City of",-0.032474804,-0.085545723,-0.025125628,-0.019704433,-0.017817372,-0.015463918
