"Code","Name","LA_code","LA_name","All","X0to15","X16to29","X30to44","X45to64","X65plus"
"E01012909","Kingston upon Hull 007D","E06000010","Kingston upon Hull, City of",-0.002347418,-0.014634146,0.008510638,0.061776062,-0.019125683,-0.051643192
