"Code","Name","LA_code","LA_name","All","X0to15","X16to29","X30to44","X45to64","X65plus"
"E01002951","Kingston upon Thames 003C","E09000021","Kingston upon Thames",-0.012394366,-0.017811705,-0.054441261,-0.009661836,0.008333333,0.019305019
