"Code","Name","LA_code","LA_name","All","X0to15","X16to29","X30to44","X45to64","X65plus"
"E01012775","Kingston upon Hull 028D","E06000010","Kingston upon Hull, City of",0.012933969,0.028368794,0.023026316,0.018450185,-0.022408964,0.02745098
