"Code","Name","LA_code","LA_name","All","X0to15","X16to29","X30to44","X45to64","X65plus"
"E01002917","Kingston upon Thames 014C","E09000021","Kingston upon Thames",0.00343879,0.006578947,-0.006097561,-0.003412969,0.004950495,0.010380623
