"Code","Name","LA_code","LA_name","All","X0to15","X16to29","X30to44","X45to64","X65plus"
"E01012876","Kingston upon Hull 003B","E06000010","Kingston upon Hull, City of",0.007905138,-0.032258065,-0.011461318,0.01010101,0.036939314,0.082191781
