"Code","Name","LA_code","LA_name","All","X0to15","X16to29","X30to44","X45to64","X65plus"
"E01002999","Kingston upon Thames 013E","E09000021","Kingston upon Thames",-0.024193548,0.034782609,-0.026865672,-0.042881647,-0.046808511,0.00952381
