"Code","Name","LA_code","LA_name","All","X0to15","X16to29","X30to44","X45to64","X65plus"
"E01003004","Kingston upon Thames 018D","E09000021","Kingston upon Thames",-0.026666667,-0.081690141,-0.049382716,-0.01758794,0.002469136,0.012048193
