"Code","Name","LA_code","LA_name","All","X0to15","X16to29","X30to44","X45to64","X65plus"
"E01012761","Kingston upon Hull 015A","E06000010","Kingston upon Hull, City of",0.012253596,0.061728395,0.015384615,-0.017412935,0.051948052,-0.040145985
