"Code","Name","LA_code","LA_name","All","X0to15","X16to29","X30to44","X45to64","X65plus"
"E01002930","Kingston upon Thames 007B","E09000021","Kingston upon Thames",0.009071505,0.005221932,-0.003125,0.011472275,-0.002267574,0.053140097
