"Code","Name","LA_code","LA_name","All","X0to15","X16to29","X30to44","X45to64","X65plus"
"E01012817","Kingston upon Hull 016D","E06000010","Kingston upon Hull, City of",0.002155172,0.041666667,-0.014204545,0.010067114,-0.016713092,0.011976048
