"Code","Name","LA_code","LA_name","All","X0to15","X16to29","X30to44","X45to64","X65plus"
"E01012756","Kingston upon Hull 025A","E06000010","Kingston upon Hull, City of",-0.00265428,0.037656904,-0.039393939,0.009463722,-0.038186158,0.064356436
