"Code","Name","LA_code","LA_name","All","X0to15","X16to29","X30to44","X45to64","X65plus"
"E01002980","Kingston upon Thames 012C","E09000021","Kingston upon Thames",0.049964814,0.054054054,0.058823529,0.078740157,0.020881671,0.058020478
