"Code","Name","LA_code","LA_name","All","X0to15","X16to29","X30to44","X45to64","X65plus"
"E01012858","Kingston upon Hull 031A","E06000010","Kingston upon Hull, City of",-0.107215447,-0.161425577,-0.066115702,-0.124031008,-0.085774059,-0.079847909
