"Code","Name","LA_code","LA_name","All","X0to15","X16to29","X30to44","X45to64","X65plus"
"E01002923","Kingston upon Thames 013A","E09000021","Kingston upon Thames",-0.024070022,0.004115226,-0.051107325,-0.013850416,-0.024922118,-0.006329114
