"Code","Name","LA_code","LA_name","All","X0to15","X16to29","X30to44","X45to64","X65plus"
"E01011008","Kirklees 040C","E08000034","Kirklees",-0.003322259,0.017391304,0.00228833,0.016233766,-0.014534884,-0.053763441
