"Code","Name","LA_code","LA_name","All","X0to15","X16to29","X30to44","X45to64","X65plus"
"E01011252","Kirklees 028A","E08000034","Kirklees",0.021159154,0.040322581,0.00729927,0.066666667,0.020618557,-0.003472222
