"Code","Name","LA_code","LA_name","All","X0to15","X16to29","X30to44","X45to64","X65plus"
"E01011246","Kirklees 009B","E08000034","Kirklees",-0.01164295,-0.013812155,-0.018587361,-0.029900332,0.020594966,-0.04519774
