"Code","Name","LA_code","LA_name","All","X0to15","X16to29","X30to44","X45to64","X65plus"
"E01011200","Kirklees 032D","E08000034","Kirklees",-0.034035656,-0.048327138,-0.04519774,-0.033726813,-0.042647059,0.02310231
