"Code","Name","LA_code","LA_name","All","X0to15","X16to29","X30to44","X45to64","X65plus"
"E01011217","Kirklees 020C","E08000034","Kirklees",-0.00871731,-0.07755102,-0.025,0.038626609,-0.013392857,0.011538462
