"Code","Name","LA_code","LA_name","All","X0to15","X16to29","X30to44","X45to64","X65plus"
"E01011164","Kirklees 011D","E08000034","Kirklees",0.008301051,-0.035897436,0.003861004,-0.005586592,0.030769231,0.046376812
