"Code","Name","LA_code","LA_name","All","X0to15","X16to29","X30to44","X45to64","X65plus"
"E01011015","Kirklees 010A","E08000034","Kirklees",0.004920049,0.024861878,0.006430868,0.052147239,-0.025641026,-0.039855072
