"Code","Name","LA_code","LA_name","All","X0to15","X16to29","X30to44","X45to64","X65plus"
"E01011192","Kirklees 046B","E08000034","Kirklees",0.011536126,0.058641975,0,0.037542662,-0.040358744,0.019553073
