"Code","Name","LA_code","LA_name","All","X0to15","X16to29","X30to44","X45to64","X65plus"
"E01011146","Kirklees 036A","E08000034","Kirklees",-0.007087629,-0.049618321,0,-0.02166065,-0.008016032,0.044280443
