"Code","Name","LA_code","LA_name","All","X0to15","X16to29","X30to44","X45to64","X65plus"
"E01011176","Kirklees 053F","E08000034","Kirklees",0.009628611,-0.013986014,0.014354067,0.045627376,0.034912718,-0.037288136
