"Code","Name","LA_code","LA_name","All","X0to15","X16to29","X30to44","X45to64","X65plus"
"E01011096","Kirklees 035C","E08000034","Kirklees",-0.02876798,-0.072886297,-0.02734375,-0.029801325,-0.021428571,0.014388489
