"Code","Name","LA_code","LA_name","All","X0to15","X16to29","X30to44","X45to64","X65plus"
"E01011225","Kirklees 042C","E08000034","Kirklees",-0.008704557,-0.020231214,-0.034153005,-0.023017903,0.033742331,0.082278481
