"Code","Name","LA_code","LA_name","All","X0to15","X16to29","X30to44","X45to64","X65plus"
"E01011049","Kirklees 002B","E08000034","Kirklees",0.027972028,0.104956268,0,0.035087719,0.013043478,-0.021352313
