"Code","Name","LA_code","LA_name","All","X0to15","X16to29","X30to44","X45to64","X65plus"
"E01011005","Kirklees 044A","E08000034","Kirklees",0.038539554,0.072463768,0.060301508,0.046296296,0.01459854,0.031390135
