"Code","Name","LA_code","LA_name","All","X0to15","X16to29","X30to44","X45to64","X65plus"
"E01011086","Kirklees 050A","E08000034","Kirklees",-0.020560748,0.008368201,-0.04964539,-0.050980392,-0.031380753,0
