"Code","Name","LA_code","LA_name","All","X0to15","X16to29","X30to44","X45to64","X65plus"
"E01011044","Kirklees 031C","E08000034","Kirklees",0.081672026,0.114285714,0.074675325,0.102639296,0.083832335,-0.016042781
