"Code","Name","LA_code","LA_name","All","X0to15","X16to29","X30to44","X45to64","X65plus"
"E01011150","Kirklees 038A","E08000034","Kirklees",-0.063971032,-0.086956522,-0.105263158,-0.06116208,-0.059288538,0
