"Code","Name","LA_code","LA_name","All","X0to15","X16to29","X30to44","X45to64","X65plus"
"E01011245","Kirklees 009A","E08000034","Kirklees",-0.019496855,0.005830904,-0.057471264,0.003875969,-0.024663677,-0.028368794
