"Code","Name","LA_code","LA_name","All","X0to15","X16to29","X30to44","X45to64","X65plus"
"E01011012","Kirklees 040D","E08000034","Kirklees",0.011262596,0.032258065,0.01,0.006006006,0.00511509,0
