"Code","Name","LA_code","LA_name","All","X0to15","X16to29","X30to44","X45to64","X65plus"
"E01011218","Kirklees 020D","E08000034","Kirklees",-0.0617506,-0.043859649,-0.03255814,-0.049180328,-0.06763285,-0.096938776
