"Code","Name","LA_code","LA_name","All","X0to15","X16to29","X30to44","X45to64","X65plus"
"E01011087","Kirklees 050B","E08000034","Kirklees",-0.011083744,-0.007092199,-0.016877637,0,0.018828452,-0.056756757
