"Code","Name","LA_code","LA_name","All","X0to15","X16to29","X30to44","X45to64","X65plus"
"E01011009","Kirklees 044B","E08000034","Kirklees",0.003579098,0.026666667,0.014778325,-0.033472803,0.005277045,0.005698006
