"Code","Name","LA_code","LA_name","All","X0to15","X16to29","X30to44","X45to64","X65plus"
"E01011240","Kirklees 033D","E08000034","Kirklees",-0.033370412,-0.03021148,-0.055900621,-0.026666667,-0.038116592,-0.015432099
