"Code","Name","LA_code","LA_name","All","X0to15","X16to29","X30to44","X45to64","X65plus"
"E01011111","Kirklees 057B","E08000034","Kirklees",-0.010758472,0.012987013,-0.024590164,-0.030726257,-0.011811024,-0.005494505
