"Code","Name","LA_code","LA_name","All","X0to15","X16to29","X30to44","X45to64","X65plus"
"E01011229","Kirklees 042D","E08000034","Kirklees",-0.004172803,-0.067567568,-0.004922644,0.018711019,-0.005509642,0.030487805
