"Code","Name","LA_code","LA_name","All","X0to15","X16to29","X30to44","X45to64","X65plus"
"E01011006","Kirklees 040B","E08000034","Kirklees",0.00921659,0.016528926,0.033613445,-0.030716724,-0.015789474,0.046448087
