"Code","Name","LA_code","LA_name","All","X0to15","X16to29","X30to44","X45to64","X65plus"
"E01011169","Kirklees 053A","E08000034","Kirklees",0.006476684,0.056768559,-0.016393443,-0.020833333,0.003710575,0.008498584
