"Code","Name","LA_code","LA_name","All","X0to15","X16to29","X30to44","X45to64","X65plus"
"E01011042","Kirklees 027B","E08000034","Kirklees",0.009714633,0.060422961,0.004347826,-0.010958904,-0.015283843,0.022813688
