"Code","Name","LA_code","LA_name","All","X0to15","X16to29","X30to44","X45to64","X65plus"
"E01011199","Kirklees 056D","E08000034","Kirklees",-0.017978921,-0.003012048,-0.029268293,-0.06360424,0.020134228,-0.037572254
