"Code","Name","LA_code","LA_name","All","X0to15","X16to29","X30to44","X45to64","X65plus"
"E01011126","Kirklees 014C","E08000034","Kirklees",-0.006922593,-0.054347826,0.026143791,-0.029045643,0.011086475,-0.006349206
