"Code","Name","LA_code","LA_name","All","X0to15","X16to29","X30to44","X45to64","X65plus"
"E01011079","Kirklees 047A","E08000034","Kirklees",-0.018453865,0.002150538,-0.026595745,-0.018324607,-0.014767932,-0.045454545
