"Code","Name","LA_code","LA_name","All","X0to15","X16to29","X30to44","X45to64","X65plus"
"E01011179","Kirklees 059A","E08000034","Kirklees",0.008018328,0.010526316,0.014705882,0.022727273,0.014705882,-0.018372703
