"Code","Name","LA_code","LA_name","All","X0to15","X16to29","X30to44","X45to64","X65plus"
"E01011082","Kirklees 043C","E08000034","Kirklees",-0.086933889,-0.062289562,-0.107929515,-0.078886311,-0.097982709,-0.136842105
