"Code","Name","LA_code","LA_name","All","X0to15","X16to29","X30to44","X45to64","X65plus"
"E01011119","Kirklees 054D","E08000034","Kirklees",0.001311475,-0.003984064,-0.010869565,0.011952191,0.019417476,-0.014051522
