"Code","Name","LA_code","LA_name","All","X0to15","X16to29","X30to44","X45to64","X65plus"
"E01011067","Kirklees 008A","E08000034","Kirklees",-0.010698553,-0.087912088,-0.008403361,-0.030567686,0.006024096,0.037037037
