"Code","Name","LA_code","LA_name","All","X0to15","X16to29","X30to44","X45to64","X65plus"
"E01011213","Kirklees 026B","E08000034","Kirklees",-0.006940063,-0.018939394,-0.036082474,0.102040816,-0.033970276,-0.006521739
