"Code","Name","LA_code","LA_name","All","X0to15","X16to29","X30to44","X45to64","X65plus"
"E01011062","Kirklees 003A","E08000034","Kirklees",0.056127703,0.15625,0.04735376,0.11627907,-0.001945525,-0.040268456
