"Code","Name","LA_code","LA_name","All","X0to15","X16to29","X30to44","X45to64","X65plus"
"E01011091","Kirklees 032B","E08000034","Kirklees",-0.010028653,0.003952569,0,-0.004255319,-0.012195122,-0.031358885
