"Code","Name","LA_code","LA_name","All","X0to15","X16to29","X30to44","X45to64","X65plus"
"E01011128","Kirklees 017A","E08000034","Kirklees",-0.009519277,-0.003724395,-0.01863354,-0.012681159,-0.028901734,0.043715847
