"Code","Name","LA_code","LA_name","All","X0to15","X16to29","X30to44","X45to64","X65plus"
"E01011184","Kirklees 059D","E08000034","Kirklees",-0.022696929,0.00617284,-0.066666667,-0.034188034,-0.026785714,-0.003745318
