"Code","Name","LA_code","LA_name","All","X0to15","X16to29","X30to44","X45to64","X65plus"
"E01011055","Kirklees 001B","E08000034","Kirklees",-0.025384615,0.004048583,-0.089005236,-0.071428571,0.01305483,-0.026022305
