"Code","Name","LA_code","LA_name","All","X0to15","X16to29","X30to44","X45to64","X65plus"
"E01011227","Kirklees 048C","E08000034","Kirklees",-0.006883605,0.037037037,-0.036912752,-0.032608696,0.024038462,-0.02739726
