"Code","Name","LA_code","LA_name","All","X0to15","X16to29","X30to44","X45to64","X65plus"
"E01011038","Kirklees 029A","E08000034","Kirklees",-0.004076878,-0.020449898,-0.027777778,0.016620499,0.025723473,-0.00862069
