"Code","Name","LA_code","LA_name","All","X0to15","X16to29","X30to44","X45to64","X65plus"
"E01011215","Kirklees 026D","E08000034","Kirklees",-0.002703921,0.065868263,-0.028277635,-0.006880734,-0.014209591,-0.012072435
