"Code","Name","LA_code","LA_name","All","X0to15","X16to29","X30to44","X45to64","X65plus"
"E01011238","Kirklees 034C","E08000034","Kirklees",0.007142857,0.092920354,0.009638554,-0.009615385,-0.015345269,-0.011904762
