"Code","Name","LA_code","LA_name","All","X0to15","X16to29","X30to44","X45to64","X65plus"
"E01011207","Kirklees 038C","E08000034","Kirklees",0.001330672,-0.013986014,0.045918367,-0.047445255,-0.017721519,0.048295455
