"Code","Name","LA_code","LA_name","All","X0to15","X16to29","X30to44","X45to64","X65plus"
"E01011256","Kirklees 028E","E08000034","Kirklees",-0.007801418,-0.019933555,-0.028340081,-0.03652968,-0.0075,0.053497942
