"Code","Name","LA_code","LA_name","All","X0to15","X16to29","X30to44","X45to64","X65plus"
"E01011261","Kirklees 024D","E08000034","Kirklees",-0.017983301,0.011342155,-0.051903114,-0.033557047,0.050505051,-0.14893617
