"Code","Name","LA_code","LA_name","All","X0to15","X16to29","X30to44","X45to64","X65plus"
"E01011024","Kirklees 007D","E08000034","Kirklees",-0.020645844,-0.062730627,-0.037940379,-0.002512563,0.00486618,0.047337278
