"Code","Name","LA_code","LA_name","All","X0to15","X16to29","X30to44","X45to64","X65plus"
"E01011105","Kirklees 025D","E08000034","Kirklees",-0.023838882,-0.035667107,-0.00990099,-0.04290429,-0.019184652,0.054054054
