"Code","Name","LA_code","LA_name","All","X0to15","X16to29","X30to44","X45to64","X65plus"
"E01011056","Kirklees 001C","E08000034","Kirklees",0.051684088,0.096385542,0.077625571,0.078431373,0.04576659,-0.009345794
