"Code","Name","LA_code","LA_name","All","X0to15","X16to29","X30to44","X45to64","X65plus"
"E01011110","Kirklees 057A","E08000034","Kirklees",0.005102041,0.072727273,-0.011764706,-0.026785714,0.013761468,-0.02173913
