"Code","Name","LA_code","LA_name","All","X0to15","X16to29","X30to44","X45to64","X65plus"
"E01011231","Kirklees 034A","E08000034","Kirklees",0.001338688,0.012145749,0,0.012084592,-0.008219178,-0.007722008
