"Code","Name","LA_code","LA_name","All","X0to15","X16to29","X30to44","X45to64","X65plus"
"E01011237","Kirklees 039D","E08000034","Kirklees",-0.005793743,0.023157895,-0.021390374,-0.00280112,0.002985075,-0.07027027
