"Code","Name","LA_code","LA_name","All","X0to15","X16to29","X30to44","X45to64","X65plus"
"E01011120","Kirklees 056B","E08000034","Kirklees",-0.012492192,0.002994012,0.005025126,-0.015625,-0.006651885,-0.047138047
