"Code","Name","LA_code","LA_name","All","X0to15","X16to29","X30to44","X45to64","X65plus"
"E01011074","Kirklees 052B","E08000034","Kirklees",-0.002119767,0.030674847,-0.016129032,0,0.007490637,-0.035714286
