"Code","Name","LA_code","LA_name","All","X0to15","X16to29","X30to44","X45to64","X65plus"
"E01011092","Kirklees 032C","E08000034","Kirklees",-0.018987342,-0.030120482,0.03875969,-0.044871795,0.016627078,-0.06122449
