"Code","Name","LA_code","LA_name","All","X0to15","X16to29","X30to44","X45to64","X65plus"
"E01011099","Kirklees 037D","E08000034","Kirklees",-0.007889546,-0.012987013,-0.013888889,-0.018867925,0.012135922,-0.015625
