"Code","Name","LA_code","LA_name","All","X0to15","X16to29","X30to44","X45to64","X65plus"
"E01011205","Kirklees 036D","E08000034","Kirklees",-0.00983405,-0.034334764,-0.017921147,-0.017361111,0.013592233,-0.016025641
