"Code","Name","LA_code","LA_name","All","X0to15","X16to29","X30to44","X45to64","X65plus"
"E01011061","Kirklees 005B","E08000034","Kirklees",-0.016149068,-0.029850746,0.013651877,-0.020114943,-0.026894866,-0.01369863
