"Code","Name","LA_code","LA_name","All","X0to15","X16to29","X30to44","X45to64","X65plus"
"E01011124","Kirklees 018D","E08000034","Kirklees",0.026932668,0.046272494,0,0.04893617,0.019646365,0.010416667
