"Code","Name","LA_code","LA_name","All","X0to15","X16to29","X30to44","X45to64","X65plus"
"E01011050","Kirklees 002C","E08000034","Kirklees",-0.003453039,-0.042372881,-0.041916168,-0.008264463,0.019396552,0.014749263
