"Code","Name","LA_code","LA_name","All","X0to15","X16to29","X30to44","X45to64","X65plus"
"E01011174","Kirklees 055B","E08000034","Kirklees",-0.020700637,-0.029315961,-0.016393443,-0.03649635,-0.022988506,-0.005870841
