"Code","Name","LA_code","LA_name","All","X0to15","X16to29","X30to44","X45to64","X65plus"
"E01011186","Kirklees 058C","E08000034","Kirklees",-0.021299836,-0.110778443,-0.0234375,-0.058823529,0.00204499,0.043196544
