"Code","Name","LA_code","LA_name","All","X0to15","X16to29","X30to44","X45to64","X65plus"
"E01011251","Kirklees 008D","E08000034","Kirklees",-0.019574944,0.008928571,-0.059936909,0.007731959,-0.039215686,-0.030837004
