"Code","Name","LA_code","LA_name","All","X0to15","X16to29","X30to44","X45to64","X65plus"
"E01011019","Kirklees 013D","E08000034","Kirklees",-0.001861042,0.025547445,-0.037681159,-0.019230769,-0.013245033,0.065789474
