"Code","Name","LA_code","LA_name","All","X0to15","X16to29","X30to44","X45to64","X65plus"
"E01006507","Knowsley 004C","E08000011","Knowsley",0.007607192,0.003144654,0.063829787,0.017094017,0,-0.056074766
