"Code","Name","LA_code","LA_name","All","X0to15","X16to29","X30to44","X45to64","X65plus"
"E01006480","Knowsley 015D","E08000011","Knowsley",-0.005057803,-0.030821918,0.028571429,-0.004424779,-0.037681159,0.032608696
