"Code","Name","LA_code","LA_name","All","X0to15","X16to29","X30to44","X45to64","X65plus"
"E01006453","Knowsley 008A","E08000011","Knowsley",-0.01095198,-0.027210884,-0.021834061,0.053191489,-0.013071895,-0.035294118
