"Code","Name","LA_code","LA_name","All","X0to15","X16to29","X30to44","X45to64","X65plus"
"E01006491","Knowsley 002F","E08000011","Knowsley",0.023088023,0.024714829,-0.005420054,0.045283019,-0.00203666,0.085889571
