"Code","Name","LA_code","LA_name","All","X0to15","X16to29","X30to44","X45to64","X65plus"
"E01006472","Knowsley 014A","E08000011","Knowsley",0.028701892,0.084033613,0.021186441,0.0472103,0.006564551,0.013550136
