"Code","Name","LA_code","LA_name","All","X0to15","X16to29","X30to44","X45to64","X65plus"
"E01006434","Knowsley 005C","E08000011","Knowsley",-0.003272251,-0.040697674,0.012345679,-0.006711409,0.037783375,-0.048484848
