"Code","Name","LA_code","LA_name","All","X0to15","X16to29","X30to44","X45to64","X65plus"
"E01006489","Knowsley 014F","E08000011","Knowsley",-0.062927497,-0.047794118,-0.098591549,-0.03968254,-0.06281407,-0.0625
