"Code","Name","LA_code","LA_name","All","X0to15","X16to29","X30to44","X45to64","X65plus"
"E01006457","Knowsley 002C","E08000011","Knowsley",0.042982456,-0.054545455,0.103896104,0.106870229,0.041297935,0.027093596
