"Code","Name","LA_code","LA_name","All","X0to15","X16to29","X30to44","X45to64","X65plus"
"E01006467","Knowsley 008B","E08000011","Knowsley",-0.036669213,-0.097560976,-0.086805556,-0.033333333,-0.009036145,0.098765432
