"Code","Name","LA_code","LA_name","All","X0to15","X16to29","X30to44","X45to64","X65plus"
"E01006466","Knowsley 007E","E08000011","Knowsley",-0.002546149,0.004347826,0,0.007905138,-0.002217295,-0.019230769
