"Code","Name","LA_code","LA_name","All","X0to15","X16to29","X30to44","X45to64","X65plus"
"E01006438","Knowsley 005E","E08000011","Knowsley",-0.00882825,0,-0.028901734,-0.011111111,-0.028653295,0.017291066
