"Code","Name","LA_code","LA_name","All","X0to15","X16to29","X30to44","X45to64","X65plus"
"E01006429","Knowsley 020C","E08000011","Knowsley",0.020282187,0.048888889,-0.004878049,-0.021164021,0.06918239,-0.025380711
