"Code","Name","LA_code","LA_name","All","X0to15","X16to29","X30to44","X45to64","X65plus"
"E01006471","Knowsley 016A","E08000011","Knowsley",0.004878049,0.03196347,0,-0.029268293,0.006666667,0.009404389
