"Code","Name","LA_code","LA_name","All","X0to15","X16to29","X30to44","X45to64","X65plus"
"E01006442","Knowsley 010B","E08000011","Knowsley",0.036726804,0.080882353,0.058103976,0.060869565,0,0.006734007
