"Code","Name","LA_code","LA_name","All","X0to15","X16to29","X30to44","X45to64","X65plus"
"E01006488","Knowsley 014E","E08000011","Knowsley",0.019680851,0.04587156,0.023026316,0.006134969,0.025817556,-0.005847953
