"Code","Name","LA_code","LA_name","All","X0to15","X16to29","X30to44","X45to64","X65plus"
"E01006481","Knowsley 015E","E08000011","Knowsley",0.002192982,-0.055335968,0.023809524,-0.019138756,0.032171582,0.010676157
