"Code","Name","LA_code","LA_name","All","X0to15","X16to29","X30to44","X45to64","X65plus"
"E01006465","Knowsley 011A","E08000011","Knowsley",-0.010791367,-0.009287926,0.083032491,-0.013377926,-0.019230769,-0.096385542
