"Code","Name","LA_code","LA_name","All","X0to15","X16to29","X30to44","X45to64","X65plus"
"E01006445","Knowsley 010E","E08000011","Knowsley",0.018348624,-0.00660066,0.003424658,0.07079646,0.038095238,-0.01744186
