"Code","Name","LA_code","LA_name","All","X0to15","X16to29","X30to44","X45to64","X65plus"
"E01006463","Knowsley 007C","E08000011","Knowsley",0.002543451,0.024390244,-0.016064257,0.014953271,-0.008912656,0
