"Code","Name","LA_code","LA_name","All","X0to15","X16to29","X30to44","X45to64","X65plus"
"E01033228","Knowsley 008F","E08000011","Knowsley",-0.010914761,-0.018329939,-0.020253165,-0.014134276,-0.008163265,0.01509434
