"Code","Name","LA_code","LA_name","All","X0to15","X16to29","X30to44","X45to64","X65plus"
"E01006508","Knowsley 004D","E08000011","Knowsley",-0.000724113,-0.043478261,-0.011450382,0.032374101,0.03163017,-0.051948052
