"Code","Name","LA_code","LA_name","All","X0to15","X16to29","X30to44","X45to64","X65plus"
"E01006413","Knowsley 006B","E08000011","Knowsley",0.047163363,0.21025641,0.021943574,0.015810277,0.044843049,-0.012
