"Code","Name","LA_code","LA_name","All","X0to15","X16to29","X30to44","X45to64","X65plus"
"E01006419","Knowsley 019A","E08000011","Knowsley",0.006993007,0.004385965,0.015384615,0,0.005882353,0.010362694
