"Code","Name","LA_code","LA_name","All","X0to15","X16to29","X30to44","X45to64","X65plus"
"E01006460","Knowsley 007A","E08000011","Knowsley",0.003117207,0.03286385,-0.012578616,-0.011152416,-0.0078125,0.004830918
