"Code","Name","LA_code","LA_name","All","X0to15","X16to29","X30to44","X45to64","X65plus"
"E01006426","Knowsley 020A","E08000011","Knowsley",0.024871982,0.041811847,0.008368201,0.019230769,0,0.081521739
