"Code","Name","LA_code","LA_name","All","X0to15","X16to29","X30to44","X45to64","X65plus"
"E01006459","Knowsley 009A","E08000011","Knowsley",-0.04715248,-0.082781457,-0.047761194,-0.044280443,-0.026143791,-0.045112782
