"Code","Name","LA_code","LA_name","All","X0to15","X16to29","X30to44","X45to64","X65plus"
"E01006441","Knowsley 006D","E08000011","Knowsley",-0.004393995,-0.015358362,0.007434944,0.02300885,-0.010463378,-0.034852547
