"Code","Name","LA_code","LA_name","All","X0to15","X16to29","X30to44","X45to64","X65plus"
"E01006418","Knowsley 005B","E08000011","Knowsley",-0.01035503,-0.02962963,-0.033333333,0.027777778,-0.018276762,0.018779343
