"Code","Name","LA_code","LA_name","All","X0to15","X16to29","X30to44","X45to64","X65plus"
"E01003023","Lambeth 021C","E09000022","Lambeth",-0.008778626,-0.009876543,-0.014138817,-0.009687836,0.002645503,0
