"Code","Name","LA_code","LA_name","All","X0to15","X16to29","X30to44","X45to64","X65plus"
"E01003178","Lambeth 020E","E09000022","Lambeth",-0.021188935,-0.022222222,-0.040511727,-0.012797075,-0.031152648,0.03649635
