"Code","Name","LA_code","LA_name","All","X0to15","X16to29","X30to44","X45to64","X65plus"
"E01003166","Lambeth 028D","E09000022","Lambeth",-0.005048544,0,-0.00204499,-0.008849558,-0.039014374,0.107913669
