"Code","Name","LA_code","LA_name","All","X0to15","X16to29","X30to44","X45to64","X65plus"
"E01003153","Lambeth 029D","E09000022","Lambeth",-0.029795918,-0.061983471,-0.036784741,-0.032136106,0.016611296,-0.017391304
