"Code","Name","LA_code","LA_name","All","X0to15","X16to29","X30to44","X45to64","X65plus"
"E01003049","Lambeth 011C","E09000022","Lambeth",-0.023228804,-0.040865385,-0.017456359,-0.020134228,0.012195122,-0.084615385
