"Code","Name","LA_code","LA_name","All","X0to15","X16to29","X30to44","X45to64","X65plus"
"E01003029","Lambeth 017A","E09000022","Lambeth",0.015701137,0.021367521,-0.008264463,0.04973357,0.028938907,-0.059701493
