"Code","Name","LA_code","LA_name","All","X0to15","X16to29","X30to44","X45to64","X65plus"
"E01003025","Lambeth 021E","E09000022","Lambeth",-0.017009848,-0.06,-0.003787879,-0.00770416,-0.013333333,0.012738854
