"Code","Name","LA_code","LA_name","All","X0to15","X16to29","X30to44","X45to64","X65plus"
"E01003021","Lambeth 021A","E09000022","Lambeth",-0.012137823,-0.036065574,-0.009370817,-0.01980198,0.014403292,-0.019230769
