"Code","Name","LA_code","LA_name","All","X0to15","X16to29","X30to44","X45to64","X65plus"
"E01003114","Lambeth 032B","E09000022","Lambeth",-0.014245014,0.002232143,-0.019064125,-0.021640091,0.012224939,-0.075862069
