"Code","Name","LA_code","LA_name","All","X0to15","X16to29","X30to44","X45to64","X65plus"
"E01003145","Lambeth 034D","E09000022","Lambeth",-0.004155844,-0.035369775,-0.030732861,-0.010703364,0.024861878,0.08
