"Code","Name","LA_code","LA_name","All","X0to15","X16to29","X30to44","X45to64","X65plus"
"E01003131","Lambeth 026B","E09000022","Lambeth",-0.001675978,-0.003937008,-0.016,-0.003937008,0.015384615,0.014492754
