"Code","Name","LA_code","LA_name","All","X0to15","X16to29","X30to44","X45to64","X65plus"
"E01003072","Lambeth 014A","E09000022","Lambeth",-0.025467775,-0.028011204,-0.028213166,-0.019193858,-0.015555556,-0.046931408
