"Code","Name","LA_code","LA_name","All","X0to15","X16to29","X30to44","X45to64","X65plus"
"E01003183","Lambeth 005E","E09000022","Lambeth",-0.018776824,0.063063063,-0.037735849,-0.05,-0.049295775,0.047297297
