"Code","Name","LA_code","LA_name","All","X0to15","X16to29","X30to44","X45to64","X65plus"
"E01003045","Lambeth 011A","E09000022","Lambeth",-0.028978389,-0.025056948,-0.039256198,-0.026966292,-0.02892562,-0.016304348
