"Code","Name","LA_code","LA_name","All","X0to15","X16to29","X30to44","X45to64","X65plus"
"E01003170","Lambeth 025E","E09000022","Lambeth",0.021613073,0.03373494,0.10373444,0.045360825,-0.008368201,-0.057553957
