"Code","Name","LA_code","LA_name","All","X0to15","X16to29","X30to44","X45to64","X65plus"
"E01003081","Lambeth 028C","E09000022","Lambeth",-0.00304878,0.05721393,-0.03030303,-0.014308426,0.006849315,-0.106796117
