"Code","Name","LA_code","LA_name","All","X0to15","X16to29","X30to44","X45to64","X65plus"
"E01003085","Lambeth 030C","E09000022","Lambeth",0.021035599,0.02962963,0.010204082,0.006976744,0,0.095022624
