"Code","Name","LA_code","LA_name","All","X0to15","X16to29","X30to44","X45to64","X65plus"
"E01003116","Lambeth 029A","E09000022","Lambeth",-0.047645429,-0.044692737,-0.044217687,-0.036809816,-0.050359712,-0.072874494
