"Code","Name","LA_code","LA_name","All","X0to15","X16to29","X30to44","X45to64","X65plus"
"E01003146","Lambeth 035E","E09000022","Lambeth",-0.019790454,-0.031700288,-0.018372703,-0.004237288,-0.028497409,-0.022727273
