"Code","Name","LA_code","LA_name","All","X0to15","X16to29","X30to44","X45to64","X65plus"
"E01003142","Lambeth 035C","E09000022","Lambeth",-0.000664452,0.034161491,-0.02661597,-0.030769231,0.011494253,0.016483516
