"Code","Name","LA_code","LA_name","All","X0to15","X16to29","X30to44","X45to64","X65plus"
"E01003177","Lambeth 020D","E09000022","Lambeth",-0.016820402,0.013937282,-0.008163265,-0.021943574,-0.026229508,-0.073170732
