"Code","Name","LA_code","LA_name","All","X0to15","X16to29","X30to44","X45to64","X65plus"
"E01003071","Lambeth 018D","E09000022","Lambeth",-0.003229713,0.022038567,0.003058104,-0.012345679,-0.018306636,0.007575758
