"Code","Name","LA_code","LA_name","All","X0to15","X16to29","X30to44","X45to64","X65plus"
"E01003044","Lambeth 018B","E09000022","Lambeth",-0.117585848,-0.136842105,-0.196721311,-0.099137931,-0.100358423,0
