"Code","Name","LA_code","LA_name","All","X0to15","X16to29","X30to44","X45to64","X65plus"
"E01003098","Lambeth 005A","E09000022","Lambeth",-0.002580645,0.013157895,-0.030848329,-0.023310023,0.019607843,0.054421769
