"Code","Name","LA_code","LA_name","All","X0to15","X16to29","X30to44","X45to64","X65plus"
"E01003066","Lambeth 028B","E09000022","Lambeth",-0.003183024,-0.029411765,-0.021333333,-0.012477718,0.015544041,0.096774194
