"Code","Name","LA_code","LA_name","All","X0to15","X16to29","X30to44","X45to64","X65plus"
"E01003112","Lambeth 002E","E09000022","Lambeth",-0.009906439,-0.003571429,-0.038369305,-0.004040404,-0.002252252,0.011049724
