"Code","Name","LA_code","LA_name","All","X0to15","X16to29","X30to44","X45to64","X65plus"
"E01003075","Lambeth 009C","E09000022","Lambeth",0.001246106,0.007462687,0.006666667,-0.010958904,0,0.007407407
