"Code","Name","LA_code","LA_name","All","X0to15","X16to29","X30to44","X45to64","X65plus"
"E01003168","Lambeth 025C","E09000022","Lambeth",-0.024316109,-0.052631579,-0.049844237,0.021917808,-0.037406484,0.016853933
