"Code","Name","LA_code","LA_name","All","X0to15","X16to29","X30to44","X45to64","X65plus"
"E01003017","Lambeth 036D","E09000022","Lambeth",-0.01227295,0,-0.006954103,-0.034482759,-0.015909091,0.013043478
