"Code","Name","LA_code","LA_name","All","X0to15","X16to29","X30to44","X45to64","X65plus"
"E01003086","Lambeth 031D","E09000022","Lambeth",-0.004331348,0.062098501,-0.063253012,-0.023861171,-0.04595186,0.123076923
