"Code","Name","LA_code","LA_name","All","X0to15","X16to29","X30to44","X45to64","X65plus"
"E01003136","Lambeth 022A","E09000022","Lambeth",-0.038968481,-0.116666667,-0.011933174,-0.021311475,-0.029411765,-0.054545455
