"Code","Name","LA_code","LA_name","All","X0to15","X16to29","X30to44","X45to64","X65plus"
"E01003095","Lambeth 012E","E09000022","Lambeth",-0.011570248,0.003649635,-0.031307551,-0.018036072,0.016348774,-0.015151515
