"Code","Name","LA_code","LA_name","All","X0to15","X16to29","X30to44","X45to64","X65plus"
"E01003094","Lambeth 010C","E09000022","Lambeth",-0.023600809,-0.083832335,-0.017353579,0.002544529,-0.026936027,-0.036363636
