"Code","Name","LA_code","LA_name","All","X0to15","X16to29","X30to44","X45to64","X65plus"
"E01003158","Lambeth 023D","E09000022","Lambeth",-0.034669556,-0.037800687,-0.061881188,-0.03968254,0.007067138,0
