"Code","Name","LA_code","LA_name","All","X0to15","X16to29","X30to44","X45to64","X65plus"
"E01003165","Lambeth 025B","E09000022","Lambeth",-0.014294593,0,0.003875969,-0.027431421,-0.018716578,-0.022900763
