"Code","Name","LA_code","LA_name","All","X0to15","X16to29","X30to44","X45to64","X65plus"
"E01003031","Lambeth 023A","E09000022","Lambeth",-0.000589275,0,-0.019480519,0,0.011904762,0.098765432
