"Code","Name","LA_code","LA_name","All","X0to15","X16to29","X30to44","X45to64","X65plus"
"E01003122","Lambeth 004D","E09000022","Lambeth",-0.030456853,0,-0.025728988,-0.036004646,-0.028985507,-0.086956522
