"Code","Name","LA_code","LA_name","All","X0to15","X16to29","X30to44","X45to64","X65plus"
"E01003139","Lambeth 035A","E09000022","Lambeth",0.001733102,0.033333333,-0.014760148,-0.014134276,-0.008064516,0.037037037
