"Code","Name","LA_code","LA_name","All","X0to15","X16to29","X30to44","X45to64","X65plus"
"E01003140","Lambeth 035B","E09000022","Lambeth",-0.03014753,-0.042016807,-0.012195122,-0.025821596,-0.03601108,-0.029585799
