"Code","Name","LA_code","LA_name","All","X0to15","X16to29","X30to44","X45to64","X65plus"
"E01003050","Lambeth 016B","E09000022","Lambeth",-0.029380902,-0.06374502,-0.014224751,-0.021558872,-0.053061224,-0.038461538
