"Code","Name","LA_code","LA_name","All","X0to15","X16to29","X30to44","X45to64","X65plus"
"E01003186","Lambeth 007D","E09000022","Lambeth",-0.071655489,0.073964497,-0.145544554,-0.082663605,-0.025477707,0.020979021
