"Code","Name","LA_code","LA_name","All","X0to15","X16to29","X30to44","X45to64","X65plus"
"E01003069","Lambeth 033D","E09000022","Lambeth",-0.015267176,0.024193548,-0.064356436,-0.029177719,-0.019444444,0
