"Code","Name","LA_code","LA_name","All","X0to15","X16to29","X30to44","X45to64","X65plus"
"E01003179","Lambeth 024E","E09000022","Lambeth",-0.024266366,-0.027777778,-0.018058691,-0.041262136,-0.022727273,0.030927835
