"Code","Name","LA_code","LA_name","All","X0to15","X16to29","X30to44","X45to64","X65plus"
"E01003099","Lambeth 005B","E09000022","Lambeth",0.00390625,-0.031358885,-0.023765996,0.058823529,0.009259259,-0.046728972
