"Code","Name","LA_code","LA_name","All","X0to15","X16to29","X30to44","X45to64","X65plus"
"E01003144","Lambeth 034C","E09000022","Lambeth",-0.013116802,-0.01320132,-0.035714286,-0.045584046,-0.012958963,0.060344828
