"Code","Name","LA_code","LA_name","All","X0to15","X16to29","X30to44","X45to64","X65plus"
"E01003106","Lambeth 003C","E09000022","Lambeth",-0.003664682,0.032911392,-0.022271715,-0.019512195,0.013861386,-0.02739726
