"Code","Name","LA_code","LA_name","All","X0to15","X16to29","X30to44","X45to64","X65plus"
"E01003047","Lambeth 011B","E09000022","Lambeth",-0.030470914,-0.051903114,-0.015761821,-0.024774775,-0.034759358,-0.05511811
