"Code","Name","LA_code","LA_name","All","X0to15","X16to29","X30to44","X45to64","X65plus"
"E01003147","Lambeth 034E","E09000022","Lambeth",-0.013004484,-0.009852217,-0.025751073,-0.010324484,-0.025948104,0.039106145
