"Code","Name","LA_code","LA_name","All","X0to15","X16to29","X30to44","X45to64","X65plus"
"E01003163","Lambeth 023F","E09000022","Lambeth",-0.017910448,-0.03654485,0.004987531,-0.050119332,-0.033707865,0.060606061
