"Code","Name","LA_code","LA_name","All","X0to15","X16to29","X30to44","X45to64","X65plus"
"E01003108","Lambeth 002B","E09000022","Lambeth",0.006261741,0.006535948,-0.010135135,0.007025761,-0.007575758,0.063953488
