"Code","Name","LA_code","LA_name","All","X0to15","X16to29","X30to44","X45to64","X65plus"
"E01003034","Lambeth 012A","E09000022","Lambeth",-0.020277481,0,-0.019157088,-0.036144578,0,-0.046666667
