"Code","Name","LA_code","LA_name","All","X0to15","X16to29","X30to44","X45to64","X65plus"
"E01003032","Lambeth 017B","E09000022","Lambeth",-0.022857143,0.004081633,-0.018072289,-0.056521739,-0.014326648,-0.005050505
