"Code","Name","LA_code","LA_name","All","X0to15","X16to29","X30to44","X45to64","X65plus"
"E01003126","Lambeth 008D","E09000022","Lambeth",-0.009615385,-0.007692308,-0.016746411,-0.020833333,-0.013850416,0.08988764
