"Code","Name","LA_code","LA_name","All","X0to15","X16to29","X30to44","X45to64","X65plus"
"E01025100","Lancaster 017A","E07000121","Lancaster",-0.032414911,-0.024169184,-0.048257373,-0.024630542,-0.016701461,-0.061068702
