"Code","Name","LA_code","LA_name","All","X0to15","X16to29","X30to44","X45to64","X65plus"
"E01025131","Lancaster 005C","E07000121","Lancaster",-0.009208103,-0.031372549,-0.076271186,-0.01119403,0,0.038997214
