"Code","Name","LA_code","LA_name","All","X0to15","X16to29","X30to44","X45to64","X65plus"
"E01025089","Lancaster 003A","E07000121","Lancaster",-0.00832755,-0.021186441,-0.043478261,0.011049724,-0.019607843,0.020997375
