"Code","Name","LA_code","LA_name","All","X0to15","X16to29","X30to44","X45to64","X65plus"
"E01033072","Lancaster 016I","E07000121","Lancaster",-0.008257638,0.007633588,-0.041533546,-0.038997214,0.008849558,-0.002945508
