"Code","Name","LA_code","LA_name","All","X0to15","X16to29","X30to44","X45to64","X65plus"
"E01025129","Lancaster 015C","E07000121","Lancaster",-0.028852459,-0.057142857,-0.029445074,-0.044843049,0.017241379,-0.014285714
