"Code","Name","LA_code","LA_name","All","X0to15","X16to29","X30to44","X45to64","X65plus"
"E01025165","Lancaster 020E","E07000121","Lancaster",-0.027476038,-0.015576324,-0.025641026,-0.02295082,-0.026431718,-0.063583815
