"Code","Name","LA_code","LA_name","All","X0to15","X16to29","X30to44","X45to64","X65plus"
"E01025097","Lancaster 001C","E07000121","Lancaster",0.009640103,0.011730205,0.027027027,-0.026315789,0.025445293,0.003367003
