"Code","Name","LA_code","LA_name","All","X0to15","X16to29","X30to44","X45to64","X65plus"
"E01025121","Lancaster 016C","E07000121","Lancaster",-0.008446739,0.086448598,-0.039408867,-0.017676768,-0.027272727,-0.048433048
