"Code","Name","LA_code","LA_name","All","X0to15","X16to29","X30to44","X45to64","X65plus"
"E01025118","Lancaster 008C","E07000121","Lancaster",0.010619469,0.042372881,-0.077294686,-0.004672897,0.038732394,0.042328042
