"Code","Name","LA_code","LA_name","All","X0to15","X16to29","X30to44","X45to64","X65plus"
"E01025158","Lancaster 003C","E07000121","Lancaster",-0.00140647,0.004975124,-0.023622047,0.019354839,-0.012135922,0.003795066
