"Code","Name","LA_code","LA_name","All","X0to15","X16to29","X30to44","X45to64","X65plus"
"E01025171","Lancaster 010B","E07000121","Lancaster",-0.013422819,0,-0.011278195,-0.03343465,-0.015384615,-0.00990099
