"Code","Name","LA_code","LA_name","All","X0to15","X16to29","X30to44","X45to64","X65plus"
"E01025157","Lancaster 020I","E07000121","Lancaster",-0.008591065,-0.042553191,-0.010810811,-0.023391813,0.002898551,0.010909091
