"Code","Name","LA_code","LA_name","All","X0to15","X16to29","X30to44","X45to64","X65plus"
"E01025122","Lancaster 016D","E07000121","Lancaster",-0.007067138,0.007326007,-0.041025641,0.016,-0.005905512,-0.014830508
