"Code","Name","LA_code","LA_name","All","X0to15","X16to29","X30to44","X45to64","X65plus"
"E01025154","Lancaster 011E","E07000121","Lancaster",-0.036927622,-0.047794118,-0.047058824,-0.038277512,-0.026470588,-0.028776978
