"Code","Name","LA_code","LA_name","All","X0to15","X16to29","X30to44","X45to64","X65plus"
"E01025161","Lancaster 004D","E07000121","Lancaster",-0.013452915,0.06097561,-0.06,0,0.010067114,-0.031192661
