"Code","Name","LA_code","LA_name","All","X0to15","X16to29","X30to44","X45to64","X65plus"
"E01025108","Lancaster 005A","E07000121","Lancaster",-0.007336757,0.060728745,-0.012903226,-0.020746888,-0.035087719,-0.015873016
