"Code","Name","LA_code","LA_name","All","X0to15","X16to29","X30to44","X45to64","X65plus"
"E01025091","Lancaster 013A","E07000121","Lancaster",-0.015654352,-0.048991354,0.025179856,-0.058252427,0.00511509,0.003676471
