"Code","Name","LA_code","LA_name","All","X0to15","X16to29","X30to44","X45to64","X65plus"
"E01025119","Lancaster 008D","E07000121","Lancaster",0.040569395,-0.003389831,-0.022421525,-0.048034934,-0.035294118,0.270440252
