"Code","Name","LA_code","LA_name","All","X0to15","X16to29","X30to44","X45to64","X65plus"
"E01025170","Lancaster 010A","E07000121","Lancaster",0.00059453,0.010830325,-0.007936508,-0.024590164,-0.021479714,0.030612245
