"Code","Name","LA_code","LA_name","All","X0to15","X16to29","X30to44","X45to64","X65plus"
"E01025124","Lancaster 016F","E07000121","Lancaster",-0.021673691,-0.009661836,-0.023411371,-0.051194539,0.002624672,-0.040145985
