"Code","Name","LA_code","LA_name","All","X0to15","X16to29","X30to44","X45to64","X65plus"
"E01025143","Lancaster 018C","E07000121","Lancaster",0.007692308,0.003846154,0.010948905,0.008230453,-0.002881844,0.019607843
