"Code","Name","LA_code","LA_name","All","X0to15","X16to29","X30to44","X45to64","X65plus"
"E01025120","Lancaster 009D","E07000121","Lancaster",0.003703704,0.04400978,-0.046728972,0.00867052,0.034188034,-0.062176166
