"Code","Name","LA_code","LA_name","All","X0to15","X16to29","X30to44","X45to64","X65plus"
"E01033073","Lancaster 014F","E07000121","Lancaster",-0.008004269,0.049079755,-0.003452244,0.006711409,-0.040247678,-0.040723982
