"Code","Name","LA_code","LA_name","All","X0to15","X16to29","X30to44","X45to64","X65plus"
"E01025141","Lancaster 018B","E07000121","Lancaster",-0.016032064,-0.019607843,-0.017241379,-0.035335689,-0.0325,0.033457249
