"Code","Name","LA_code","LA_name","All","X0to15","X16to29","X30to44","X45to64","X65plus"
"E01025123","Lancaster 016E","E07000121","Lancaster",-0.02851711,-0.031666667,-0.041152263,-0.057239057,0.003144654,-0.012738854
