"Code","Name","LA_code","LA_name","All","X0to15","X16to29","X30to44","X45to64","X65plus"
"E01025164","Lancaster 020D","E07000121","Lancaster",-0.01795977,0.042253521,-0.070707071,-0.057416268,-0.012919897,-0.007792208
