"Code","Name","LA_code","LA_name","All","X0to15","X16to29","X30to44","X45to64","X65plus"
"E01011738","Leeds 083D","E08000035","Leeds",0.019704433,0.111587983,-0.04245283,0.024896266,0.002109705,0.01532567
