"Code","Name","LA_code","LA_name","All","X0to15","X16to29","X30to44","X45to64","X65plus"
"E01011686","Leeds 033E","E08000035","Leeds",-0.006012024,-0.015384615,-0.062283737,-0.003649635,0.03373494,0
