"Code","Name","LA_code","LA_name","All","X0to15","X16to29","X30to44","X45to64","X65plus"
"E01011522","Leeds 095B","E08000035","Leeds",0.002222222,-0.023923445,0.036144578,0.04526749,0.004975124,-0.033333333
