"Code","Name","LA_code","LA_name","All","X0to15","X16to29","X30to44","X45to64","X65plus"
"E01011650","Leeds 020A","E08000035","Leeds",-0.019243986,-0.017667845,-0.006097561,-0.018292683,-0.018518519,-0.029801325
