"Code","Name","LA_code","LA_name","All","X0to15","X16to29","X30to44","X45to64","X65plus"
"E01011422","Leeds 048A","E08000035","Leeds",0.011002445,0.004555809,0.002392344,-0.017817372,0.069672131,0.069767442
