"Code","Name","LA_code","LA_name","All","X0to15","X16to29","X30to44","X45to64","X65plus"
"E01011618","Leeds 070C","E08000035","Leeds",0.014538559,0.002506266,-0.019178082,0.044692737,0.043771044,0
