"Code","Name","LA_code","LA_name","All","X0to15","X16to29","X30to44","X45to64","X65plus"
"E01011661","Leeds 035D","E08000035","Leeds",0.012148338,-0.013392857,-0.014018692,0.00921659,0.016842105,0.034562212
