"Code","Name","LA_code","LA_name","All","X0to15","X16to29","X30to44","X45to64","X65plus"
"E01011409","Leeds 057D","E08000035","Leeds",-0.008510638,-0.051282051,-0.022522523,-0.004149378,-0.011876485,0.037671233
