"Code","Name","LA_code","LA_name","All","X0to15","X16to29","X30to44","X45to64","X65plus"
"E01011467","Leeds 112A","E08000035","Leeds",0.027568922,0.012787724,0.034602076,0.052924791,0.019292605,0.016260163
