"Code","Name","LA_code","LA_name","All","X0to15","X16to29","X30to44","X45to64","X65plus"
"E01011658","Leeds 040C","E08000035","Leeds",-0.017642908,-0.007556675,-0.004424779,-0.029166667,-0.009615385,-0.045454545
