"Code","Name","LA_code","LA_name","All","X0to15","X16to29","X30to44","X45to64","X65plus"
"E01011644","Leeds 037B","E08000035","Leeds",0.030840401,-0.040892193,0.065868263,0.06614786,0.016949153,0.058252427
