"Code","Name","LA_code","LA_name","All","X0to15","X16to29","X30to44","X45to64","X65plus"
"E01011426","Leeds 048B","E08000035","Leeds",-0.061455847,-0.050259965,-0.081578947,-0.094430993,0.015,-0.066037736
