"Code","Name","LA_code","LA_name","All","X0to15","X16to29","X30to44","X45to64","X65plus"
"E01011386","Leeds 016D","E08000035","Leeds",0.017361111,0.072463768,0.011363636,0.003484321,0.010178117,-0.006493506
