"Code","Name","LA_code","LA_name","All","X0to15","X16to29","X30to44","X45to64","X65plus"
"E01011480","Leeds 045B","E08000035","Leeds",-0.001201201,-0.03030303,0.011385199,-0.017804154,0.006493506,0.011450382
