"Code","Name","LA_code","LA_name","All","X0to15","X16to29","X30to44","X45to64","X65plus"
"E01011435","Leeds 044A","E08000035","Leeds",-0.007274491,-0.130434783,0.010613208,-0.05,0,-0.206521739
