"Code","Name","LA_code","LA_name","All","X0to15","X16to29","X30to44","X45to64","X65plus"
"E01011332","Leeds 046D","E08000035","Leeds",0.017621145,0.010582011,0.065306122,0.003649635,0.017361111,-0.011299435
