"Code","Name","LA_code","LA_name","All","X0to15","X16to29","X30to44","X45to64","X65plus"
"E01011739","Leeds 080D","E08000035","Leeds",-0.013360053,-0.01552795,0.0078125,0.010752688,-0.021428571,-0.05
