"Code","Name","LA_code","LA_name","All","X0to15","X16to29","X30to44","X45to64","X65plus"
"E01011649","Leeds 022B","E08000035","Leeds",-0.003367003,0.045977011,-0.058064516,-0.030188679,0.02200489,-0.02278481
