"Code","Name","LA_code","LA_name","All","X0to15","X16to29","X30to44","X45to64","X65plus"
"E01011295","Leeds 059E","E08000035","Leeds",-0.005874674,-0.002777778,0.00952381,-0.019337017,-0.022160665,0.029850746
