"Code","Name","LA_code","LA_name","All","X0to15","X16to29","X30to44","X45to64","X65plus"
"E01011637","Leeds 097C","E08000035","Leeds",0.004509583,-0.005405405,0.019685039,0.03307888,0.012,-0.054474708
