"Code","Name","LA_code","LA_name","All","X0to15","X16to29","X30to44","X45to64","X65plus"
"E01011349","Leeds 065D","E08000035","Leeds",-0.004789782,-0.024813896,0.013559322,-0.004264392,0,-0.003597122
