"Code","Name","LA_code","LA_name","All","X0to15","X16to29","X30to44","X45to64","X65plus"
"E01011733","Leeds 081D","E08000035","Leeds",-0.043269231,-0.029850746,-0.045045045,-0.084291188,-0.028103044,-0.037681159
