"Code","Name","LA_code","LA_name","All","X0to15","X16to29","X30to44","X45to64","X65plus"
"E01032606","Leeds 067I","E08000035","Leeds",0.011569416,0.002824859,0.035211268,-0.011600928,0.005952381,0.032967033
