"Code","Name","LA_code","LA_name","All","X0to15","X16to29","X30to44","X45to64","X65plus"
"E01011616","Leeds 072A","E08000035","Leeds",0.000645995,0.005509642,0.028037383,-0.037974684,-0.010810811,0.011673152
