"Code","Name","LA_code","LA_name","All","X0to15","X16to29","X30to44","X45to64","X65plus"
"E01033003","Leeds 055G","E08000035","Leeds",-0.013881748,-0.012315271,0.008250825,0.003081664,-0.066350711,-0.205479452
