"Code","Name","LA_code","LA_name","All","X0to15","X16to29","X30to44","X45to64","X65plus"
"E01032501","Leeds 017E","E08000035","Leeds",-0.016156463,0.009569378,-0.054216867,-0.00877193,0,-0.036630037
