"Code","Name","LA_code","LA_name","All","X0to15","X16to29","X30to44","X45to64","X65plus"
"E01011431","Leeds 047D","E08000035","Leeds",-0.022036139,-0.025824964,-0.027027027,-0.027777778,-0.021141649,0.026490066
