"Code","Name","LA_code","LA_name","All","X0to15","X16to29","X30to44","X45to64","X65plus"
"E01011665","Leeds 050C","E08000035","Leeds",-0.003055768,-0.008368201,0.024291498,0.023696682,-0.037128713,0.009615385
