"Code","Name","LA_code","LA_name","All","X0to15","X16to29","X30to44","X45to64","X65plus"
"E01011596","Leeds 062D","E08000035","Leeds",-0.017482517,-0.045307443,-0.034482759,-0.042553191,0.004255319,0.029520295
