"Code","Name","LA_code","LA_name","All","X0to15","X16to29","X30to44","X45to64","X65plus"
"E01011508","Leeds 024A","E08000035","Leeds",-0.050519031,-0.090909091,-0.034934498,-0.017595308,-0.0626703,-0.025641026
