"Code","Name","LA_code","LA_name","All","X0to15","X16to29","X30to44","X45to64","X65plus"
"E01011562","Leeds 012B","E08000035","Leeds",0.018348624,0.029661017,-0.004484305,0.059360731,0.009433962,0.011792453
