"Code","Name","LA_code","LA_name","All","X0to15","X16to29","X30to44","X45to64","X65plus"
"E01011419","Leeds 073D","E08000035","Leeds",0.026484018,0.053846154,0.097014925,0.028571429,-0.005221932,0.022727273
