"Code","Name","LA_code","LA_name","All","X0to15","X16to29","X30to44","X45to64","X65plus"
"E01011282","Leeds 059B","E08000035","Leeds",-0.031098825,-0.038674033,-0.04109589,-0.006329114,-0.010067114,-0.078212291
