"Code","Name","LA_code","LA_name","All","X0to15","X16to29","X30to44","X45to64","X65plus"
"E01011538","Leeds 107B","E08000035","Leeds",-0.008381689,0.01010101,-0.008230453,0.003521127,-0.01843318,-0.023890785
