"Code","Name","LA_code","LA_name","All","X0to15","X16to29","X30to44","X45to64","X65plus"
"E01011621","Leeds 070D","E08000035","Leeds",0.015201586,0.002469136,-0.018315018,0,0.049450549,0.052941176
