"Code","Name","LA_code","LA_name","All","X0to15","X16to29","X30to44","X45to64","X65plus"
"E01011399","Leeds 074B","E08000035","Leeds",-0.007092199,-0.013986014,-0.030769231,-0.003636364,-0.00990099,0.018404908
