"Code","Name","LA_code","LA_name","All","X0to15","X16to29","X30to44","X45to64","X65plus"
"E01011520","Leeds 096A","E08000035","Leeds",-0.006320225,-0.016736402,0.01242236,-0.008,-0.010204082,-0.002617801
