"Code","Name","LA_code","LA_name","All","X0to15","X16to29","X30to44","X45to64","X65plus"
"E01011294","Leeds 071D","E08000035","Leeds",-0.018364929,-0.007117438,-0.057777778,-0.013861386,0.012307692,0
