"Code","Name","LA_code","LA_name","All","X0to15","X16to29","X30to44","X45to64","X65plus"
"E01011660","Leeds 040D","E08000035","Leeds",-0.004992867,-0.044642857,-0.007968127,0.003937008,0.020588235,0.009049774
