"Code","Name","LA_code","LA_name","All","X0to15","X16to29","X30to44","X45to64","X65plus"
"E01011395","Leeds 103E","E08000035","Leeds",-0.027530364,-0.025316456,-0.025906736,-0.02189781,0.034161491,-0.2
