"Code","Name","LA_code","LA_name","All","X0to15","X16to29","X30to44","X45to64","X65plus"
"E01032607","Leeds 067J","E08000035","Leeds",0.012489592,0.029850746,0.007246377,0.037313433,-0.035460993,0.040229885
