"Code","Name","LA_code","LA_name","All","X0to15","X16to29","X30to44","X45to64","X65plus"
"E01011372","Leeds 086C","E08000035","Leeds",-0.100364964,-0.066536204,-0.102702703,-0.130864198,-0.125,-0.057142857
