"Code","Name","LA_code","LA_name","All","X0to15","X16to29","X30to44","X45to64","X65plus"
"E01011694","Leeds 109F","E08000035","Leeds",-0.012906846,-0.037453184,-0.007722008,0.022012579,-0.012448133,-0.061452514
