"Code","Name","LA_code","LA_name","All","X0to15","X16to29","X30to44","X45to64","X65plus"
"E01033018","Leeds 112D","E08000035","Leeds",-0.00331785,0.305555556,-0.002457002,-0.02292769,-0.070422535,0.210526316
