"Code","Name","LA_code","LA_name","All","X0to15","X16to29","X30to44","X45to64","X65plus"
"E01011299","Leeds 088B","E08000035","Leeds",0.002782194,0.027027027,-0.011210762,-0.037414966,0.010434783,0.036931818
