"Code","Name","LA_code","LA_name","All","X0to15","X16to29","X30to44","X45to64","X65plus"
"E01011629","Leeds 098C","E08000035","Leeds",-0.014350453,0.074418605,-0.053811659,0,0.002754821,-0.087591241
