"Code","Name","LA_code","LA_name","All","X0to15","X16to29","X30to44","X45to64","X65plus"
"E01011476","Leeds 094D","E08000035","Leeds",0.016020236,-0.009463722,0.03030303,0.008510638,0.017467249,0.051724138
