"Code","Name","LA_code","LA_name","All","X0to15","X16to29","X30to44","X45to64","X65plus"
"E01011531","Leeds 093D","E08000035","Leeds",0.009778357,0.064864865,-0.011299435,0.003984064,0.020887728,-0.007434944
