"Code","Name","LA_code","LA_name","All","X0to15","X16to29","X30to44","X45to64","X65plus"
"E01011632","Leeds 098D","E08000035","Leeds",0.043947571,0.041935484,0.033755274,0.030651341,0.054545455,0.060747664
