"Code","Name","LA_code","LA_name","All","X0to15","X16to29","X30to44","X45to64","X65plus"
"E01011634","Leeds 100C","E08000035","Leeds",0.001896334,-0.03630363,0.011583012,0.009868421,0.007874016,0.014925373
