"Code","Name","LA_code","LA_name","All","X0to15","X16to29","X30to44","X45to64","X65plus"
"E01033010","Leeds 111B","E08000035","Leeds",0.007932573,-0.433333333,0.004494382,-0.008450704,0.369863014,0.3125
