"Code","Name","LA_code","LA_name","All","X0to15","X16to29","X30to44","X45to64","X65plus"
"E01011442","Leeds 110A","E08000035","Leeds",0.001515917,0,0.00670323,-0.053691275,0.068493151,-0.1
