"Code","Name","LA_code","LA_name","All","X0to15","X16to29","X30to44","X45to64","X65plus"
"E01011546","Leeds 106C","E08000035","Leeds",-0.02969697,-0.03257329,0.007246377,-0.049275362,-0.023201856,-0.048109966
