"Code","Name","LA_code","LA_name","All","X0to15","X16to29","X30to44","X45to64","X65plus"
"E01011479","Leeds 056B","E08000035","Leeds",-0.016549968,-0.029850746,-0.000891266,-0.059405941,-0.032786885,-0.120689655
