"Code","Name","LA_code","LA_name","All","X0to15","X16to29","X30to44","X45to64","X65plus"
"E01011645","Leeds 032D","E08000035","Leeds",-0.00660066,0.021341463,-0.062256809,-0.005698006,0.00280112,0
