"Code","Name","LA_code","LA_name","All","X0to15","X16to29","X30to44","X45to64","X65plus"
"E01011272","Leeds 009D","E08000035","Leeds",0.011797363,0.013422819,0.038888889,-0.003731343,0.014492754,0.003558719
