"Code","Name","LA_code","LA_name","All","X0to15","X16to29","X30to44","X45to64","X65plus"
"E01011551","Leeds 107C","E08000035","Leeds",-0.008212255,-0.008174387,-0.011235955,-0.027027027,0.030023095,-0.068493151
