"Code","Name","LA_code","LA_name","All","X0to15","X16to29","X30to44","X45to64","X65plus"
"E01011371","Leeds 085B","E08000035","Leeds",0.029274784,0.019886364,0.054621849,0.01171875,0.068403909,0
