"Code","Name","LA_code","LA_name","All","X0to15","X16to29","X30to44","X45to64","X65plus"
"E01011711","Leeds 005D","E08000035","Leeds",0.016812865,0.072072072,0,0.057142857,-0.007672634,-0.004914005
