"Code","Name","LA_code","LA_name","All","X0to15","X16to29","X30to44","X45to64","X65plus"
"E01011589","Leeds 039B","E08000035","Leeds",0.021470397,0.034267913,0.035242291,0,0.03125,0.015625
