"Code","Name","LA_code","LA_name","All","X0to15","X16to29","X30to44","X45to64","X65plus"
"E01011518","Leeds 093A","E08000035","Leeds",0.011526049,0.018561485,0.020942408,0.001760563,-0.013282732,0.057471264
