"Code","Name","LA_code","LA_name","All","X0to15","X16to29","X30to44","X45to64","X65plus"
"E01011427","Leeds 047C","E08000035","Leeds",-0.07059421,-0.077975376,-0.055825243,-0.069135802,-0.081433225,-0.052631579
