"Code","Name","LA_code","LA_name","All","X0to15","X16to29","X30to44","X45to64","X65plus"
"E01011460","Leeds 028B","E08000035","Leeds",-0.014189189,0.01010101,-0.035971223,-0.019283747,0.010135135,-0.040650407
