"Code","Name","LA_code","LA_name","All","X0to15","X16to29","X30to44","X45to64","X65plus"
"E01011696","Leeds 006B","E08000035","Leeds",0,0.007633588,-0.006802721,0.083333333,-0.049528302,0.006507592
