"Code","Name","LA_code","LA_name","All","X0to15","X16to29","X30to44","X45to64","X65plus"
"E01011298","Leeds 088A","E08000035","Leeds",-0.010026738,-0.01056338,-0.034220532,0.009463722,-0.008174387,-0.011320755
