"Code","Name","LA_code","LA_name","All","X0to15","X16to29","X30to44","X45to64","X65plus"
"E01011533","Leeds 104A","E08000035","Leeds",-0.007159905,0.060240964,-0.029535865,-0.017361111,-0.005780347,-0.022727273
