"Code","Name","LA_code","LA_name","All","X0to15","X16to29","X30to44","X45to64","X65plus"
"E01011626","Leeds 075D","E08000035","Leeds",-0.002659574,0.026109661,-0.018644068,0.005494505,0.016997167,-0.063157895
