"Code","Name","LA_code","LA_name","All","X0to15","X16to29","X30to44","X45to64","X65plus"
"E01011287","Leeds 067B","E08000035","Leeds",-0.005291005,0.030973451,-0.003875969,-0.007874016,-0.005730659,-0.038135593
