"Code","Name","LA_code","LA_name","All","X0to15","X16to29","X30to44","X45to64","X65plus"
"E01011354","Leeds 038A","E08000035","Leeds",-0.021587744,-0.002624672,-0.022580645,-0.014326648,-0.038062284,-0.065420561
