"Code","Name","LA_code","LA_name","All","X0to15","X16to29","X30to44","X45to64","X65plus"
"E01011700","Leeds 002B","E08000035","Leeds",-0.061011905,-0.046153846,-0.214057508,-0.016393443,-0.003690037,-0.005235602
