"Code","Name","LA_code","LA_name","All","X0to15","X16to29","X30to44","X45to64","X65plus"
"E01011540","Leeds 102B","E08000035","Leeds",0.007868383,-0.03021148,0.038793103,-0.022641509,0.005509642,0.077294686
