"Code","Name","LA_code","LA_name","All","X0to15","X16to29","X30to44","X45to64","X65plus"
"E01011500","Leeds 105D","E08000035","Leeds",0.002578981,-0.020491803,0.05,-0.043010753,0.017738359,0.005602241
