"Code","Name","LA_code","LA_name","All","X0to15","X16to29","X30to44","X45to64","X65plus"
"E01011482","Leeds 056D","E08000035","Leeds",-0.013745704,-0.029850746,0.01062417,-0.026143791,-0.036697248,-0.052173913
