"Code","Name","LA_code","LA_name","All","X0to15","X16to29","X30to44","X45to64","X65plus"
"E01011455","Leeds 021A","E08000035","Leeds",-0.00899654,-0.028806584,-0.015957447,0.010204082,0.009118541,-0.016611296
