"Code","Name","LA_code","LA_name","All","X0to15","X16to29","X30to44","X45to64","X65plus"
"E01011667","Leeds 050D","E08000035","Leeds",-0.003333333,0.001718213,-0.018987342,0.003891051,-0.026200873,0.043103448
