"Code","Name","LA_code","LA_name","All","X0to15","X16to29","X30to44","X45to64","X65plus"
"E01032489","Leeds 102F","E08000035","Leeds",-0.014425554,-0.050991501,0.016548463,-0.012269939,-0.02027027,-0.00862069
