"Code","Name","LA_code","LA_name","All","X0to15","X16to29","X30to44","X45to64","X65plus"
"E01011693","Leeds 109E","E08000035","Leeds",-0.005610973,-0.013605442,-0.019448947,0.029345372,-0.018587361,-0.0234375
