"Code","Name","LA_code","LA_name","All","X0to15","X16to29","X30to44","X45to64","X65plus"
"E01011735","Leeds 078D","E08000035","Leeds",0.003663004,0.046683047,-0.027777778,0.011235955,0.005434783,-0.050228311
