"Code","Name","LA_code","LA_name","All","X0to15","X16to29","X30to44","X45to64","X65plus"
"E01011706","Leeds 006C","E08000035","Leeds",-0.031674208,-0.006944444,-0.010471204,-0.026200873,-0.032119914,-0.064516129
