"Code","Name","LA_code","LA_name","All","X0to15","X16to29","X30to44","X45to64","X65plus"
"E01011532","Leeds 095E","E08000035","Leeds",0.057742782,0.075907591,0.06884058,0.111486486,0.016990291,0.025316456
