"Code","Name","LA_code","LA_name","All","X0to15","X16to29","X30to44","X45to64","X65plus"
"E01011274","Leeds 010C","E08000035","Leeds",-0.006065201,-0.035019455,0.022123894,0.008403361,-0.015384615,-0.003663004
