"Code","Name","LA_code","LA_name","All","X0to15","X16to29","X30to44","X45to64","X65plus"
"E01011580","Leeds 014D","E08000035","Leeds",0.006671609,0.012711864,-0.006451613,0.013452915,0,0.012048193
