"Code","Name","LA_code","LA_name","All","X0to15","X16to29","X30to44","X45to64","X65plus"
"E01032945","Leeds 044F","E08000035","Leeds",0.00115307,0.021052632,-0.006115108,-0.003424658,0.041916168,0.096296296
