"Code","Name","LA_code","LA_name","All","X0to15","X16to29","X30to44","X45to64","X65plus"
"E01011292","Leeds 071B","E08000035","Leeds",-0.003168568,0.060200669,0.011869436,0.016722408,-0.055825243,-0.038961039
