"Code","Name","LA_code","LA_name","All","X0to15","X16to29","X30to44","X45to64","X65plus"
"E01011463","Leeds 028D","E08000035","Leeds",-0.00877193,0,-0.03968254,-0.026315789,-0.034398034,0.056782334
