"Code","Name","LA_code","LA_name","All","X0to15","X16to29","X30to44","X45to64","X65plus"
"E01011316","Leeds 086B","E08000035","Leeds",0.105941704,0.122538293,0.100961538,0.111617312,0.056847545,0.235294118
