"Code","Name","LA_code","LA_name","All","X0to15","X16to29","X30to44","X45to64","X65plus"
"E01011414","Leeds 073B","E08000035","Leeds",0.022889843,0.056122449,0.027272727,0.034632035,0.029816514,-0.019047619
