"Code","Name","LA_code","LA_name","All","X0to15","X16to29","X30to44","X45to64","X65plus"
"E01011403","Leeds 074D","E08000035","Leeds",-0.011428571,0.005714286,-0.028901734,0.031055901,0,-0.030357143
