"Code","Name","LA_code","LA_name","All","X0to15","X16to29","X30to44","X45to64","X65plus"
"E01011528","Leeds 095D","E08000035","Leeds",-0.014668367,0.021671827,-0.035294118,-0.018404908,-0.024,-0.018292683
