"Code","Name","LA_code","LA_name","All","X0to15","X16to29","X30to44","X45to64","X65plus"
"E01011378","Leeds 013C","E08000035","Leeds",-0.004310345,0.051903114,-0.025510204,-0.038011696,-0.011173184,0.004830918
