"Code","Name","LA_code","LA_name","All","X0to15","X16to29","X30to44","X45to64","X65plus"
"E01011588","Leeds 039A","E08000035","Leeds",-0.004686585,0.034653465,0.053921569,-0.002673797,-0.030634573,-0.067164179
