"Code","Name","LA_code","LA_name","All","X0to15","X16to29","X30to44","X45to64","X65plus"
"E01011307","Leeds 103A","E08000035","Leeds",0.020352782,0.007246377,-0.004048583,0.063241107,0.007614213,0.032894737
