"Code","Name","LA_code","LA_name","All","X0to15","X16to29","X30to44","X45to64","X65plus"
"E01011557","Leeds 015B","E08000035","Leeds",0.00203666,-0.017094017,-0.031111111,-0.024390244,0.009975062,0.04359673
