"Code","Name","LA_code","LA_name","All","X0to15","X16to29","X30to44","X45to64","X65plus"
"E01011391","Leeds 087B","E08000035","Leeds",-0.000633714,0.021186441,0.014084507,-0.016304348,-0.008733624,-0.004106776
