"Code","Name","LA_code","LA_name","All","X0to15","X16to29","X30to44","X45to64","X65plus"
"E01011657","Leeds 035B","E08000035","Leeds",0.006944444,0.028880866,0.02,0.003690037,0.00310559,-0.034090909
