"Code","Name","LA_code","LA_name","All","X0to15","X16to29","X30to44","X45to64","X65plus"
"E01011559","Leeds 018C","E08000035","Leeds",0.008928571,-0.009118541,0.024096386,0.028673835,-0.028037383,0.060240964
