"Code","Name","LA_code","LA_name","All","X0to15","X16to29","X30to44","X45to64","X65plus"
"E01011564","Leeds 012D","E08000035","Leeds",-0.006779661,-0.054662379,0.025,-0.00729927,-0.004716981,0.022875817
