"Code","Name","LA_code","LA_name","All","X0to15","X16to29","X30to44","X45to64","X65plus"
"E01011271","Leeds 009C","E08000035","Leeds",0.007380074,0.02283105,0.054982818,-0.00913242,0,-0.014527845
