"Code","Name","LA_code","LA_name","All","X0to15","X16to29","X30to44","X45to64","X65plus"
"E01011321","Leeds 090D","E08000035","Leeds",0.023213195,0.065963061,0.009259259,0.008695652,0.01,0.015873016
