"Code","Name","LA_code","LA_name","All","X0to15","X16to29","X30to44","X45to64","X65plus"
"E01011659","Leeds 035C","E08000035","Leeds",0.018881627,0.060377358,0.034615385,0.015625,-0.028720627,0.037558685
