"Code","Name","LA_code","LA_name","All","X0to15","X16to29","X30to44","X45to64","X65plus"
"E01011394","Leeds 103D","E08000035","Leeds",-0.007456504,0.038834951,-0.014285714,-0.023474178,-0.008746356,-0.02295082
