"Code","Name","LA_code","LA_name","All","X0to15","X16to29","X30to44","X45to64","X65plus"
"E01011728","Leeds 080C","E08000035","Leeds",0.006802721,-0.025510204,-0.005813953,0.009615385,0.025316456,0.008522727
