"Code","Name","LA_code","LA_name","All","X0to15","X16to29","X30to44","X45to64","X65plus"
"E01011611","Leeds 068D","E08000035","Leeds",-0.006405694,-0.006779661,-0.046428571,-0.019011407,0,0.051643192
