"Code","Name","LA_code","LA_name","All","X0to15","X16to29","X30to44","X45to64","X65plus"
"E01011505","Leeds 025A","E08000035","Leeds",-0.039441748,-0.0997151,-0.022026432,-0.054495913,-0.009925558,-0.003333333
