"Code","Name","LA_code","LA_name","All","X0to15","X16to29","X30to44","X45to64","X65plus"
"E01032492","Leeds 102I","E08000035","Leeds",0.004110997,0.027777778,-0.0248307,0.013452915,0.004597701,0.003816794
