"Code","Name","LA_code","LA_name","All","X0to15","X16to29","X30to44","X45to64","X65plus"
"E01011475","Leeds 094C","E08000035","Leeds",0.022696011,0.055393586,0.033557047,0.024911032,-0.017721519,0.02919708
