"Code","Name","LA_code","LA_name","All","X0to15","X16to29","X30to44","X45to64","X65plus"
"E01011681","Leeds 063D","E08000035","Leeds",0.005555556,0.04516129,-0.020937188,-0.022535211,0.126126126,-0.022222222
