"Code","Name","LA_code","LA_name","All","X0to15","X16to29","X30to44","X45to64","X65plus"
"E01011695","Leeds 019D","E08000035","Leeds",-0.013571869,-0.018229167,0.006688963,-0.019230769,-0.002638522,-0.04048583
