"Code","Name","LA_code","LA_name","All","X0to15","X16to29","X30to44","X45to64","X65plus"
"E01011339","Leeds 060A","E08000035","Leeds",0.028391167,0.064732143,0.003412969,0,0.034482759,0.024024024
