"Code","Name","LA_code","LA_name","All","X0to15","X16to29","X30to44","X45to64","X65plus"
"E01011358","Leeds 042B","E08000035","Leeds",0.00260078,-0.002898551,0,0.023333333,0.012626263,-0.032258065
