"Code","Name","LA_code","LA_name","All","X0to15","X16to29","X30to44","X45to64","X65plus"
"E01011635","Leeds 097B","E08000035","Leeds",0.008782936,-0.015151515,0.003610108,-0.027210884,0.047505938,0.014792899
