"Code","Name","LA_code","LA_name","All","X0to15","X16to29","X30to44","X45to64","X65plus"
"E01011593","Leeds 039E","E08000035","Leeds",0.002088773,0.036619718,-0.023178808,0.021377672,0.006012024,-0.041420118
