"Code","Name","LA_code","LA_name","All","X0to15","X16to29","X30to44","X45to64","X65plus"
"E01033015","Leeds 111D","E08000035","Leeds",-0.003606388,0.105263158,-0.002680965,0.015517241,-0.145833333,0
