"Code","Name","LA_code","LA_name","All","X0to15","X16to29","X30to44","X45to64","X65plus"
"E01011521","Leeds 096B","E08000035","Leeds",-0.017266187,-0.039164491,0.032846715,-0.046116505,-0.018032787,0
