"Code","Name","LA_code","LA_name","All","X0to15","X16to29","X30to44","X45to64","X65plus"
"E01011627","Leeds 098A","E08000035","Leeds",0.001367989,-0.034375,0.035714286,0.013392857,0.005089059,0
