"Code","Name","LA_code","LA_name","All","X0to15","X16to29","X30to44","X45to64","X65plus"
"E01033002","Leeds 055F","E08000035","Leeds",0.000520833,0.048723898,0.00462963,-0.036585366,-0.02955665,0.006849315
