"Code","Name","LA_code","LA_name","All","X0to15","X16to29","X30to44","X45to64","X65plus"
"E01011669","Leeds 110F","E08000035","Leeds",-0.010668164,-0.046511628,-0.003965107,0.025641026,-0.201612903,0.333333333
