"Code","Name","LA_code","LA_name","All","X0to15","X16to29","X30to44","X45to64","X65plus"
"E01011710","Leeds 005C","E08000035","Leeds",-0.012552301,0.024137931,-0.044444444,-0.014285714,-0.009367681,-0.036423841
