"Code","Name","LA_code","LA_name","All","X0to15","X16to29","X30to44","X45to64","X65plus"
"E01011567","Leeds 012E","E08000035","Leeds",0.010248902,0.052816901,-0.054945055,0.003636364,0.024324324,-0.003921569
