"Code","Name","LA_code","LA_name","All","X0to15","X16to29","X30to44","X45to64","X65plus"
"E01011304","Leeds 089C","E08000035","Leeds",-0.006365372,0.037037037,0.018587361,-0.023489933,0.007731959,-0.078767123
