"Code","Name","LA_code","LA_name","All","X0to15","X16to29","X30to44","X45to64","X65plus"
"E01011561","Leeds 006A","E08000035","Leeds",0.002516779,-0.021052632,0.028368794,0.061320755,0.013020833,-0.056603774
