"Code","Name","LA_code","LA_name","All","X0to15","X16to29","X30to44","X45to64","X65plus"
"E01011571","Leeds 004B","E08000035","Leeds",0.012755102,0.00913242,0.015625,0.044,0.014084507,-0.007317073
