"Code","Name","LA_code","LA_name","All","X0to15","X16to29","X30to44","X45to64","X65plus"
"E01011305","Leeds 089D","E08000035","Leeds",-0.03986711,-0.014388489,-0.023622047,-0.048387097,-0.040449438,-0.077981651
