"Code","Name","LA_code","LA_name","All","X0to15","X16to29","X30to44","X45to64","X65plus"
"E01011331","Leeds 058A","E08000035","Leeds",0.006525285,0.010309278,-0.0125,-0.020618557,0.049122807,0.00462963
