"Code","Name","LA_code","LA_name","All","X0to15","X16to29","X30to44","X45to64","X65plus"
"E01011412","Leeds 057F","E08000035","Leeds",0.009894867,0.037671233,0.005102041,-0.02020202,0.02293578,0
