"Code","Name","LA_code","LA_name","All","X0to15","X16to29","X30to44","X45to64","X65plus"
"E01011585","Leeds 062A","E08000035","Leeds",0.003646973,0,0.029411765,-0.025889968,0.008474576,0.016877637
