"Code","Name","LA_code","LA_name","All","X0to15","X16to29","X30to44","X45to64","X65plus"
"E01011377","Leeds 013B","E08000035","Leeds",0.001526718,0.039548023,-0.039772727,-0.047368421,0.013477089,0.015151515
