"Code","Name","LA_code","LA_name","All","X0to15","X16to29","X30to44","X45to64","X65plus"
"E01011350","Leeds 034A","E08000035","Leeds",0.005284016,0,0.011952191,0.01459854,-0.019607843,0.024390244
