"Code","Name","LA_code","LA_name","All","X0to15","X16to29","X30to44","X45to64","X65plus"
"E01011656","Leeds 035A","E08000035","Leeds",-0.028082192,-0.028497409,-0.006734007,0.019230769,-0.067524116,-0.084415584
