"Code","Name","LA_code","LA_name","All","X0to15","X16to29","X30to44","X45to64","X65plus"
"E01011717","Leeds 029C","E08000035","Leeds",-0.015,-0.017793594,-0.020512821,-0.003891051,-0.031884058,0
