"Code","Name","LA_code","LA_name","All","X0to15","X16to29","X30to44","X45to64","X65plus"
"E01011713","Leeds 006E","E08000035","Leeds",0.026680896,0.026737968,0.039525692,0.009771987,0.023856859,0.034324943
