"Code","Name","LA_code","LA_name","All","X0to15","X16to29","X30to44","X45to64","X65plus"
"E01032608","Leeds 067K","E08000035","Leeds",0.002683363,0.014492754,0.01659751,0.014760148,0.023904382,-0.094594595
