"Code","Name","LA_code","LA_name","All","X0to15","X16to29","X30to44","X45to64","X65plus"
"E01011704","Leeds 002C","E08000035","Leeds",-0.000533049,0.051282051,0.094444444,-0.017793594,-0.027184466,-0.012765957
