"Code","Name","LA_code","LA_name","All","X0to15","X16to29","X30to44","X45to64","X65plus"
"E01011707","Leeds 005A","E08000035","Leeds",-0.024444444,-0.032520325,-0.014084507,0.014354067,-0.063636364,-0.011820331
