"Code","Name","LA_code","LA_name","All","X0to15","X16to29","X30to44","X45to64","X65plus"
"E01013647","Leicester 040B","E06000016","Leicester",0.012030075,-0.071823204,-0.003631961,0.029978587,0.065637066,0.198019802
