"Code","Name","LA_code","LA_name","All","X0to15","X16to29","X30to44","X45to64","X65plus"
"E01013635","Leicester 029A","E06000016","Leicester",-0.01784534,-0.038910506,0.006993007,0.034700315,-0.026506024,-0.079831933
