"Code","Name","LA_code","LA_name","All","X0to15","X16to29","X30to44","X45to64","X65plus"
"E01013744","Leicester 018B","E06000016","Leicester",0.003253796,0.01843318,-0.013824885,-0.00257732,-0.021377672,0.083832335
