"Code","Name","LA_code","LA_name","All","X0to15","X16to29","X30to44","X45to64","X65plus"
"E01013601","Leicester 003B","E06000016","Leicester",-0.014359563,-0.015521064,0.008595989,-0.017595308,-0.036082474,-0.004716981
