"Code","Name","LA_code","LA_name","All","X0to15","X16to29","X30to44","X45to64","X65plus"
"E01013637","Leicester 028C","E06000016","Leicester",-0.011041767,0.007936508,0.00872093,-0.024064171,-0.0234375,-0.025787966
