"Code","Name","LA_code","LA_name","All","X0to15","X16to29","X30to44","X45to64","X65plus"
"E01032875","Leicester 040D","E06000016","Leicester",0.000431965,-0.25,0.000507357,0.081395349,-0.047619048,0.242424242
