"Code","Name","LA_code","LA_name","All","X0to15","X16to29","X30to44","X45to64","X65plus"
"E01013784","Leicester 023G","E06000016","Leicester",0.013568521,0.061797753,-0.007668712,-0.007272727,-0.013157895,0.134751773
