"Code","Name","LA_code","LA_name","All","X0to15","X16to29","X30to44","X45to64","X65plus"
"E01013656","Leicester 017B","E06000016","Leicester",0.001911132,-0.025951557,-0.002020202,0.008247423,0.033898305,0.016393443
