"Code","Name","LA_code","LA_name","All","X0to15","X16to29","X30to44","X45to64","X65plus"
"E01013705","Leicester 038C","E06000016","Leicester",-0.020666667,0.007142857,0.003690037,0,-0.069767442,-0.023728814
