"Code","Name","LA_code","LA_name","All","X0to15","X16to29","X30to44","X45to64","X65plus"
"E01032872","Leicester 041C","E06000016","Leicester",-0.011508177,-0.132075472,-0.004052685,0.013333333,-0.094202899,-0.043478261
