"Code","Name","LA_code","LA_name","All","X0to15","X16to29","X30to44","X45to64","X65plus"
"E01013682","Leicester 016B","E06000016","Leicester",0.011278195,-0.014981273,0.023696682,0.016129032,0.002717391,0.105769231
