"Code","Name","LA_code","LA_name","All","X0to15","X16to29","X30to44","X45to64","X65plus"
"E01013640","Leicester 026D","E06000016","Leicester",-0.025328787,-0.031290743,0.005102041,-0.036281179,-0.038356164,0
