"Code","Name","LA_code","LA_name","All","X0to15","X16to29","X30to44","X45to64","X65plus"
"E01013628","Leicester 006B","E06000016","Leicester",0.004968944,-0.015873016,0,0.01179941,0.012285012,0.015267176
