"Code","Name","LA_code","LA_name","All","X0to15","X16to29","X30to44","X45to64","X65plus"
"E01013746","Leicester 018C","E06000016","Leicester",0.00578369,0.038186158,-0.011299435,0.014285714,-0.029411765,0.010204082
