"Code","Name","LA_code","LA_name","All","X0to15","X16to29","X30to44","X45to64","X65plus"
"E01013770","Leicester 013C","E06000016","Leicester",0.012065295,0.014545455,-0.011952191,0.004219409,0.040345821,0.003344482
