"Code","Name","LA_code","LA_name","All","X0to15","X16to29","X30to44","X45to64","X65plus"
"E01013634","Leicester 028B","E06000016","Leicester",-0.011464968,-0.008645533,0.01607717,-0.03125,-0.005194805,-0.036900369
