"Code","Name","LA_code","LA_name","All","X0to15","X16to29","X30to44","X45to64","X65plus"
"E01032867","Leicester 041A","E06000016","Leicester",0.061699258,0.123404255,0.058914729,0.041144902,0.136363636,-0.256410256
