"Code","Name","LA_code","LA_name","All","X0to15","X16to29","X30to44","X45to64","X65plus"
"E01013688","Leicester 031D","E06000016","Leicester",0.012292563,-0.006116208,0.018058691,0.023076923,-0.02359882,0.1015625
