"Code","Name","LA_code","LA_name","All","X0to15","X16to29","X30to44","X45to64","X65plus"
"E01013617","Leicester 004A","E06000016","Leicester",0.00620877,-0.026041667,0.010544815,0.015600624,0.005145798,0.057692308
