"Code","Name","LA_code","LA_name","All","X0to15","X16to29","X30to44","X45to64","X65plus"
"E01013702","Leicester 030E","E06000016","Leicester",0.001264223,0.007604563,0,-0.026217228,-0.007556675,0.039215686
