"Code","Name","LA_code","LA_name","All","X0to15","X16to29","X30to44","X45to64","X65plus"
"E01013629","Leicester 007D","E06000016","Leicester",0.007454128,0.005319149,0.010840108,0.008823529,0.008298755,0
