"Code","Name","LA_code","LA_name","All","X0to15","X16to29","X30to44","X45to64","X65plus"
"E01013737","Leicester 002E","E06000016","Leicester",0.008295626,0.031111111,0.013888889,0.051383399,0.01,-0.068965517
