"Code","Name","LA_code","LA_name","All","X0to15","X16to29","X30to44","X45to64","X65plus"
"E01032863","Leicester 009F","E06000016","Leicester",-0.018326693,0.020348837,-0.01059322,-0.015523933,-0.031674208,-0.214814815
