"Code","Name","LA_code","LA_name","All","X0to15","X16to29","X30to44","X45to64","X65plus"
"E01013615","Leicester 001A","E06000016","Leicester",0.015625,0.039285714,0.023076923,0.012158055,0.023913043,-0.062937063
