"Code","Name","LA_code","LA_name","All","X0to15","X16to29","X30to44","X45to64","X65plus"
"E01032602","Leicester 039E","E06000016","Leicester",0.007932011,0.038022814,-0.00280112,0.003058104,-0.025280899,0.015075377
