"Code","Name","LA_code","LA_name","All","X0to15","X16to29","X30to44","X45to64","X65plus"
"E01013711","Leicester 030G","E06000016","Leicester",-0.023353293,0.019607843,-0.055072464,-0.026845638,-0.027295285,-0.011904762
