"Code","Name","LA_code","LA_name","All","X0to15","X16to29","X30to44","X45to64","X65plus"
"E01013669","Leicester 025B","E06000016","Leicester",-0.017291066,-0.010362694,-0.038596491,0.013761468,-0.007556675,-0.037288136
