"Code","Name","LA_code","LA_name","All","X0to15","X16to29","X30to44","X45to64","X65plus"
"E01013685","Leicester 008D","E06000016","Leicester",-0.002132196,-0.05907173,-0.009756098,0.017064846,0.015748031,0.006872852
