"Code","Name","LA_code","LA_name","All","X0to15","X16to29","X30to44","X45to64","X65plus"
"E01013600","Leicester 003A","E06000016","Leicester",0.002444988,-0.02698145,0.021390374,0.023746702,-0.006696429,0.027888446
