"Code","Name","LA_code","LA_name","All","X0to15","X16to29","X30to44","X45to64","X65plus"
"E01013713","Leicester 010A","E06000016","Leicester",-0.006444054,-0.016233766,-0.005249344,0,0.004415011,-0.029126214
