"Code","Name","LA_code","LA_name","All","X0to15","X16to29","X30to44","X45to64","X65plus"
"E01013759","Leicester 027C","E06000016","Leicester",-0.008311688,-0.00210084,0.015075377,-0.020833333,0.004201681,-0.066945607
