"Code","Name","LA_code","LA_name","All","X0to15","X16to29","X30to44","X45to64","X65plus"
"E01013602","Leicester 003C","E06000016","Leicester",0.013839057,0.02259887,-0.002590674,0.009456265,0.009779951,0.03960396
