"Code","Name","LA_code","LA_name","All","X0to15","X16to29","X30to44","X45to64","X65plus"
"E01032873","Leicester 041D","E06000016","Leicester",-0.042319749,0.5,-0.079428118,-0.01497006,0.020833333,0.042553191
