"Code","Name","LA_code","LA_name","All","X0to15","X16to29","X30to44","X45to64","X65plus"
"E01013720","Leicester 010F","E06000016","Leicester",-0.001465201,0.026041667,0.005076142,-0.032846715,0.054662379,-0.040920716
