"Code","Name","LA_code","LA_name","All","X0to15","X16to29","X30to44","X45to64","X65plus"
"E01013719","Leicester 010E","E06000016","Leicester",0.011912226,0.058441558,-0.006042296,0.005988024,0.002386635,0
