"Code","Name","LA_code","LA_name","All","X0to15","X16to29","X30to44","X45to64","X65plus"
"E01013603","Leicester 003D","E06000016","Leicester",-0.017232095,-0.044715447,-0.014005602,-0.00511509,-0.015424165,0.013157895
