"Code","Name","LA_code","LA_name","All","X0to15","X16to29","X30to44","X45to64","X65plus"
"E01013751","Leicester 022A","E06000016","Leicester",-0.016160627,-0.016759777,-0.097560976,0.029925187,0.007537688,0.075144509
