"Code","Name","LA_code","LA_name","All","X0to15","X16to29","X30to44","X45to64","X65plus"
"E01032597","Leicester 037F","E06000016","Leicester",-0.010960671,0.004914005,-0.032490975,-0.041237113,0.015673981,-0.011673152
