"Code","Name","LA_code","LA_name","All","X0to15","X16to29","X30to44","X45to64","X65plus"
"E01013619","Leicester 001D","E06000016","Leicester",-0.003508772,-0.003984064,-0.018041237,0.005797101,0.021084337,-0.041958042
