"Code","Name","LA_code","LA_name","All","X0to15","X16to29","X30to44","X45to64","X65plus"
"E01013679","Leicester 035B","E06000016","Leicester",0.003250975,-0.017964072,-0.012578616,0.048543689,-0.006968641,0.040650407
