"Code","Name","LA_code","LA_name","All","X0to15","X16to29","X30to44","X45to64","X65plus"
"E01013671","Leicester 025D","E06000016","Leicester",-0.001022495,-0.012847966,-0.005025126,0.008645533,0.009090909,-0.003289474
