"Code","Name","LA_code","LA_name","All","X0to15","X16to29","X30to44","X45to64","X65plus"
"E01013653","Leicester 011C","E06000016","Leicester",0.014130947,0.001876173,0.002155172,0.037199125,0.030837004,-0.013953488
