"Code","Name","LA_code","LA_name","All","X0to15","X16to29","X30to44","X45to64","X65plus"
"E01013642","Leicester 030A","E06000016","Leicester",0.047959184,0.043103448,0.037470726,0.089005236,-0.006289308,0.114942529
