"Code","Name","LA_code","LA_name","All","X0to15","X16to29","X30to44","X45to64","X65plus"
"E01013745","Leicester 017G","E06000016","Leicester",0.02972802,0.004926108,0.062330623,0.00931677,0.020348837,0.085714286
