"Code","Name","LA_code","LA_name","All","X0to15","X16to29","X30to44","X45to64","X65plus"
"E01013614","Leicester 031B","E06000016","Leicester",-0.00831202,-0.04587156,-0.016891892,0.037790698,0.032163743,-0.066666667
