"Code","Name","LA_code","LA_name","All","X0to15","X16to29","X30to44","X45to64","X65plus"
"E01013704","Leicester 032B","E06000016","Leicester",0.018505338,-0.018796992,0,-0.007905138,0.02962963,0.073170732
