"Code","Name","LA_code","LA_name","All","X0to15","X16to29","X30to44","X45to64","X65plus"
"E01013668","Leicester 019F","E06000016","Leicester",0.018261965,0.030555556,0.026578073,0.025477707,-0.00872093,0.018587361
