"Code","Name","LA_code","LA_name","All","X0to15","X16to29","X30to44","X45to64","X65plus"
"E01013739","Leicester 005B","E06000016","Leicester",0.004065041,0.004366812,0,-0.012244898,0,0.021563342
