"Code","Name","LA_code","LA_name","All","X0to15","X16to29","X30to44","X45to64","X65plus"
"E01013693","Leicester 035E","E06000016","Leicester",0.00202977,-0.007125891,0.009646302,0.003861004,-0.002923977,0.020689655
