"Code","Name","LA_code","LA_name","All","X0to15","X16to29","X30to44","X45to64","X65plus"
"E01013714","Leicester 010B","E06000016","Leicester",-0.003063725,-0.027027027,0.027950311,0.009063444,0.016548463,-0.061538462
