"Code","Name","LA_code","LA_name","All","X0to15","X16to29","X30to44","X45to64","X65plus"
"E01013633","Leicester 028A","E06000016","Leicester",-0.002392344,0.007352941,0.013793103,-0.024509804,0.002724796,-0.010050251
