"Code","Name","LA_code","LA_name","All","X0to15","X16to29","X30to44","X45to64","X65plus"
"E01013665","Leicester 019D","E06000016","Leicester",0.027561102,0.037894737,0.027989822,0.040572792,0.026442308,-0.018181818
