"Code","Name","LA_code","LA_name","All","X0to15","X16to29","X30to44","X45to64","X65plus"
"E01013659","Leicester 017E","E06000016","Leicester",-0.00612341,0.005244755,0.010309278,0.021367521,-0.057208238,-0.037267081
