"Code","Name","LA_code","LA_name","All","X0to15","X16to29","X30to44","X45to64","X65plus"
"E01013687","Leicester 031C","E06000016","Leicester",-0.027958388,-0.043859649,-0.012847966,-0.019851117,-0.036827195,-0.068965517
