"Code","Name","LA_code","LA_name","All","X0to15","X16to29","X30to44","X45to64","X65plus"
"E01013718","Leicester 010D","E06000016","Leicester",-0.006493506,0.003039514,-0.016901408,0,0.007281553,-0.039823009
