"Code","Name","LA_code","LA_name","All","X0to15","X16to29","X30to44","X45to64","X65plus"
"E01013631","Leicester 026A","E06000016","Leicester",0.004557292,-0.01369863,0.003424658,-0.011396011,0.044368601,0.018518519
