"Code","Name","LA_code","LA_name","All","X0to15","X16to29","X30to44","X45to64","X65plus"
"E01013733","Leicester 002A","E06000016","Leicester",0.01986044,0.028688525,0.025495751,0.02991453,0.021052632,-0.045977011
