"Code","Name","LA_code","LA_name","All","X0to15","X16to29","X30to44","X45to64","X65plus"
"E01013626","Leicester 007B","E06000016","Leicester",-0.011578947,-0.002463054,-0.004819277,-0.006944444,-0.031180401,-0.01010101
