"Code","Name","LA_code","LA_name","All","X0to15","X16to29","X30to44","X45to64","X65plus"
"E01021046","Lewes 008B","E07000063","Lewes",0.016304348,-0.008032129,-0.008547009,0.013636364,0.040540541,0.021538462
