"Code","Name","LA_code","LA_name","All","X0to15","X16to29","X30to44","X45to64","X65plus"
"E01021036","Lewes 003D","E07000063","Lewes",-0.012032086,-0.017921147,-0.015957447,0.037634409,-0.011976048,-0.032163743
