"Code","Name","LA_code","LA_name","All","X0to15","X16to29","X30to44","X45to64","X65plus"
"E01021060","Lewes 010C","E07000063","Lewes",0.020444444,0.057416268,0.002770083,0.023157895,-0.009861933,0.030674847
