"Code","Name","LA_code","LA_name","All","X0to15","X16to29","X30to44","X45to64","X65plus"
"E01021033","Lewes 003A","E07000063","Lewes",0.013283741,-0.002762431,0.024390244,0,0.029929577,0.008426966
