"Code","Name","LA_code","LA_name","All","X0to15","X16to29","X30to44","X45to64","X65plus"
"E01021050","Lewes 009C","E07000063","Lewes",0.005109489,-0.003690037,-0.014981273,0.022988506,0.024193548,-0.015075377
