"Code","Name","LA_code","LA_name","All","X0to15","X16to29","X30to44","X45to64","X65plus"
"E01021059","Lewes 010B","E07000063","Lewes",-0.004391468,-0.065789474,0.004975124,0.007968127,0,0.009689922
