"Code","Name","LA_code","LA_name","All","X0to15","X16to29","X30to44","X45to64","X65plus"
"E01021067","Lewes 002D","E07000063","Lewes",-0.00795756,-0.032679739,-0.01863354,-0.048484848,-0.012019231,0.050847458
