"Code","Name","LA_code","LA_name","All","X0to15","X16to29","X30to44","X45to64","X65plus"
"E01021038","Lewes 003F","E07000063","Lewes",-0.007174393,0,-0.01,0.01369863,-0.03057554,0.002617801
