"Code","Name","LA_code","LA_name","All","X0to15","X16to29","X30to44","X45to64","X65plus"
"E01021068","Lewes 002E","E07000063","Lewes",-0.029503106,-0.065868263,-0.030674847,-0.023391813,-0.014814815,-0.03196347
