"Code","Name","LA_code","LA_name","All","X0to15","X16to29","X30to44","X45to64","X65plus"
"E01021049","Lewes 009B","E07000063","Lewes",-0.011711126,-0.053731343,0.028571429,-0.015015015,-0.022284123,0.020512821
