"Code","Name","LA_code","LA_name","All","X0to15","X16to29","X30to44","X45to64","X65plus"
"E01021073","Lewes 012B","E07000063","Lewes",0.00735786,0.045918367,0.009615385,-0.069518717,0.004975124,0.021912351
