"Code","Name","LA_code","LA_name","All","X0to15","X16to29","X30to44","X45to64","X65plus"
"E01021077","Lewes 011C","E07000063","Lewes",-0.018481848,-0.095477387,0.035714286,-0.00625,0.009174312,-0.036259542
