"Code","Name","LA_code","LA_name","All","X0to15","X16to29","X30to44","X45to64","X65plus"
"E01021039","Lewes 005A","E07000063","Lewes",-0.008831522,0.015037594,0.005586592,-0.017467249,-0.006355932,-0.033742331
