"Code","Name","LA_code","LA_name","All","X0to15","X16to29","X30to44","X45to64","X65plus"
"E01021061","Lewes 007A","E07000063","Lewes",-0.061881188,-0.12962963,-0.056603774,-0.053380783,-0.064989518,0.011152416
