"Code","Name","LA_code","LA_name","All","X0to15","X16to29","X30to44","X45to64","X65plus"
"E01021035","Lewes 003C","E07000063","Lewes",0.026841805,0.004672897,0.040145985,0.055702918,0.014256619,0.017721519
