"Code","Name","LA_code","LA_name","All","X0to15","X16to29","X30to44","X45to64","X65plus"
"E01021062","Lewes 010D","E07000063","Lewes",0.02283737,0.029801325,-0.012765957,0.031620553,0.028708134,0.029535865
