"Code","Name","LA_code","LA_name","All","X0to15","X16to29","X30to44","X45to64","X65plus"
"E01003275","Lewisham 014C","E09000023","Lewisham",0.004667445,0.022364217,0.013289037,-0.02293578,0.042929293,-0.037313433
