"Code","Name","LA_code","LA_name","All","X0to15","X16to29","X30to44","X45to64","X65plus"
"E01003192","Lewisham 034D","E09000023","Lewisham",-0.021801492,-0.048165138,0.017123288,-0.014457831,-0.045146727,0.025477707
