"Code","Name","LA_code","LA_name","All","X0to15","X16to29","X30to44","X45to64","X65plus"
"E01003273","Lewisham 011A","E09000023","Lewisham",-0.002442599,0.052264808,-0.019061584,-0.00621118,-0.002222222,-0.020689655
