"Code","Name","LA_code","LA_name","All","X0to15","X16to29","X30to44","X45to64","X65plus"
"E01003241","Lewisham 038C","E09000023","Lewisham",0.016736402,0.048951049,0.048543689,0.015463918,0.002183406,-0.008955224
