"Code","Name","LA_code","LA_name","All","X0to15","X16to29","X30to44","X45to64","X65plus"
"E01003312","Lewisham 027D","E09000023","Lewisham",-0.017032967,-0.009036145,-0.007017544,-0.031746032,-0.026607539,0.021621622
