"Code","Name","LA_code","LA_name","All","X0to15","X16to29","X30to44","X45to64","X65plus"
"E01003298","Lewisham 039A","E09000023","Lewisham",0,-0.010600707,-0.010135135,-0.041666667,0.05033557,0.045977011
