"Code","Name","LA_code","LA_name","All","X0to15","X16to29","X30to44","X45to64","X65plus"
"E01003239","Lewisham 037D","E09000023","Lewisham",0.032819826,0.030150754,0.048888889,0.002808989,0.053908356,0.034965035
