"Code","Name","LA_code","LA_name","All","X0to15","X16to29","X30to44","X45to64","X65plus"
"E01003276","Lewisham 014D","E09000023","Lewisham",-0.028248588,-0.033195021,-0.040123457,-0.021141649,-0.010245902,-0.061111111
