"Code","Name","LA_code","LA_name","All","X0to15","X16to29","X30to44","X45to64","X65plus"
"E01003283","Lewisham 013B","E09000023","Lewisham",0.002615519,0.01048218,-0.016286645,-0.008010681,0.007532957,0.034782609
