"Code","Name","LA_code","LA_name","All","X0to15","X16to29","X30to44","X45to64","X65plus"
"E01003337","Lewisham 010B","E09000023","Lewisham",-0.009883721,-0.010224949,-0.021818182,-0.009920635,-0.005649718,0.010204082
