"Code","Name","LA_code","LA_name","All","X0to15","X16to29","X30to44","X45to64","X65plus"
"E01003264","Lewisham 031A","E09000023","Lewisham",-0.023886378,0.016891892,-0.071174377,-0.021680217,-0.010781671,-0.043103448
