"Code","Name","LA_code","LA_name","All","X0to15","X16to29","X30to44","X45to64","X65plus"
"E01003237","Lewisham 037B","E09000023","Lewisham",0.036967419,0.076923077,0.038910506,0.025714286,-0.009756098,0.073863636
