"Code","Name","LA_code","LA_name","All","X0to15","X16to29","X30to44","X45to64","X65plus"
"E01003195","Lewisham 029C","E09000023","Lewisham",-0.014474512,-0.026315789,-0.004291845,-0.013513514,-0.004672897,-0.027777778
