"Code","Name","LA_code","LA_name","All","X0to15","X16to29","X30to44","X45to64","X65plus"
"E01003269","Lewisham 023C","E09000023","Lewisham",-0.001220256,0.041916168,-0.014981273,-0.012531328,0.016666667,-0.063926941
