"Code","Name","LA_code","LA_name","All","X0to15","X16to29","X30to44","X45to64","X65plus"
"E01003259","Lewisham 028D","E09000023","Lewisham",0,-0.013477089,0.011450382,-0.003231018,0.009638554,0
