"Code","Name","LA_code","LA_name","All","X0to15","X16to29","X30to44","X45to64","X65plus"
"E01003255","Lewisham 021B","E09000023","Lewisham",-0.017050691,-0.076696165,-0.002169197,-0.008547009,-0.011627907,0.016528926
