"Code","Name","LA_code","LA_name","All","X0to15","X16to29","X30to44","X45to64","X65plus"
"E01003313","Lewisham 027E","E09000023","Lewisham",-0.044181705,-0.033096927,-0.072796935,-0.042128603,-0.038356164,-0.046728972
