"Code","Name","LA_code","LA_name","All","X0to15","X16to29","X30to44","X45to64","X65plus"
"E01003292","Lewisham 017A","E09000023","Lewisham",-0.049352252,-0.066433566,-0.007042254,-0.048417132,-0.051630435,-0.095890411
