"Code","Name","LA_code","LA_name","All","X0to15","X16to29","X30to44","X45to64","X65plus"
"E01003303","Lewisham 039C","E09000023","Lewisham",-0.013583441,-0.007042254,-0.025,-0.032482599,0.01048951,0.028571429
