"Code","Name","LA_code","LA_name","All","X0to15","X16to29","X30to44","X45to64","X65plus"
"E01003268","Lewisham 023B","E09000023","Lewisham",-0.007063572,-0.027210884,0.029673591,-0.008865248,-0.026431718,0.02688172
