"Code","Name","LA_code","LA_name","All","X0to15","X16to29","X30to44","X45to64","X65plus"
"E01003291","Lewisham 012D","E09000023","Lewisham",-0.004611331,-0.016574586,-0.022058824,-0.01369863,0.005698006,0.047619048
