"Code","Name","LA_code","LA_name","All","X0to15","X16to29","X30to44","X45to64","X65plus"
"E01003296","Lewisham 012E","E09000023","Lewisham",0.018850361,-0.011688312,0.018488746,0.021505376,0.049632353,0.037974684
