"Code","Name","LA_code","LA_name","All","X0to15","X16to29","X30to44","X45to64","X65plus"
"E01003201","Lewisham 007B","E09000023","Lewisham",-0.014362657,0.016949153,-0.027918782,0.00511509,-0.028571429,-0.051470588
