"Code","Name","LA_code","LA_name","All","X0to15","X16to29","X30to44","X45to64","X65plus"
"E01003257","Lewisham 028B","E09000023","Lewisham",0.015100671,-0.018229167,-0.009933775,0.007009346,0.039164491,0.065292096
