"Code","Name","LA_code","LA_name","All","X0to15","X16to29","X30to44","X45to64","X65plus"
"E01003226","Lewisham 019A","E09000023","Lewisham",-0.007127193,0.03785489,-0.04359673,-0.01141925,0.019178082,-0.055555556
