"Code","Name","LA_code","LA_name","All","X0to15","X16to29","X30to44","X45to64","X65plus"
"E01003258","Lewisham 028C","E09000023","Lewisham",-0.026774595,-0.011337868,0.011869436,-0.042606516,-0.026865672,-0.170212766
