"Code","Name","LA_code","LA_name","All","X0to15","X16to29","X30to44","X45to64","X65plus"
"E01003233","Lewisham 015D","E09000023","Lewisham",-0.004454343,0.00273224,-0.003759398,-0.03514377,0.023376623,0.032679739
