"Code","Name","LA_code","LA_name","All","X0to15","X16to29","X30to44","X45to64","X65plus"
"E01003251","Lewisham 002C","E09000023","Lewisham",-0.004458315,0.011705686,-0.004991681,-0.014705882,-0.007894737,-0.025
