"Code","Name","LA_code","LA_name","All","X0to15","X16to29","X30to44","X45to64","X65plus"
"E01003347","Lewisham 030A","E09000023","Lewisham",-0.009259259,-0.001754386,0,0.002375297,-0.005813953,-0.089285714
