"Code","Name","LA_code","LA_name","All","X0to15","X16to29","X30to44","X45to64","X65plus"
"E01003307","Lewisham 024A","E09000023","Lewisham",-0.03318992,-0.012861736,-0.077981651,-0.025641026,-0.038461538,-0.021276596
