"Code","Name","LA_code","LA_name","All","X0to15","X16to29","X30to44","X45to64","X65plus"
"E01003253","Lewisham 002E","E09000023","Lewisham",-0.007198953,-0.033333333,-0.020648968,0.004728132,0.003311258,0.018292683
