"Code","Name","LA_code","LA_name","All","X0to15","X16to29","X30to44","X45to64","X65plus"
"E01003227","Lewisham 019B","E09000023","Lewisham",-0.005223447,-0.003095975,-0.018518519,0,-0.005,-0.00617284
