"Code","Name","LA_code","LA_name","All","X0to15","X16to29","X30to44","X45to64","X65plus"
"E01003236","Lewisham 037A","E09000023","Lewisham",-0.078639152,-0.081632653,-0.092063492,-0.08908686,-0.04076087,-0.099415205
