"Code","Name","LA_code","LA_name","All","X0to15","X16to29","X30to44","X45to64","X65plus"
"E01003252","Lewisham 002D","E09000023","Lewisham",-0.014056225,0.004651163,-0.025270758,-0.032835821,-0.008522727,-0.02
