"Code","Name","LA_code","LA_name","All","X0to15","X16to29","X30to44","X45to64","X65plus"
"E01003332","Lewisham 033D","E09000023","Lewisham",-0.011342155,-0.003246753,-0.061320755,-0.002087683,0.017156863,-0.055555556
