"Code","Name","LA_code","LA_name","All","X0to15","X16to29","X30to44","X45to64","X65plus"
"E01003351","Lewisham 026C","E09000023","Lewisham",-0.042838875,-0.046341463,-0.060728745,-0.042682927,-0.033591731,-0.03125
