"Code","Name","LA_code","LA_name","All","X0to15","X16to29","X30to44","X45to64","X65plus"
"E01003331","Lewisham 033C","E09000023","Lewisham",0.014734145,0.043165468,0.007272727,0.008310249,0.005194805,0.015267176
