"Code","Name","LA_code","LA_name","All","X0to15","X16to29","X30to44","X45to64","X65plus"
"E01029489","Lichfield 009C","E07000194","Lichfield",0.035529716,0.111801242,0.036082474,0.022222222,0.02244898,0.028680688
