"Code","Name","LA_code","LA_name","All","X0to15","X16to29","X30to44","X45to64","X65plus"
"E01029511","Lichfield 007B","E07000194","Lichfield",-0.013664596,-0.038062284,-0.026041667,0.006688963,0.012658228,-0.029885057
