"Code","Name","LA_code","LA_name","All","X0to15","X16to29","X30to44","X45to64","X65plus"
"E01029508","Lichfield 003C","E07000194","Lichfield",-0.003549246,0.016908213,-0.027777778,-0.030769231,-0.007331378,0.01744186
