"Code","Name","LA_code","LA_name","All","X0to15","X16to29","X30to44","X45to64","X65plus"
"E01029524","Lichfield 005F","E07000194","Lichfield",0.007411631,0.04797048,-0.044117647,-0.002906977,0.002283105,0.027972028
