"Code","Name","LA_code","LA_name","All","X0to15","X16to29","X30to44","X45to64","X65plus"
"E01029520","Lichfield 005E","E07000194","Lichfield",-0.003128911,-0.046594982,-0.019354839,0.038793103,0.009881423,-0.007042254
