"Code","Name","LA_code","LA_name","All","X0to15","X16to29","X30to44","X45to64","X65plus"
"E01029483","Lichfield 005A","E07000194","Lichfield",0.00796284,-0.012875536,-0.005952381,0.036697248,0.01594533,0.002227171
