"Code","Name","LA_code","LA_name","All","X0to15","X16to29","X30to44","X45to64","X65plus"
"E01029529","Lichfield 010D","E07000194","Lichfield",-0.002345582,-0.022727273,-0.004739336,0.044217687,0,-0.049079755
