"Code","Name","LA_code","LA_name","All","X0to15","X16to29","X30to44","X45to64","X65plus"
"E01029494","Lichfield 006C","E07000194","Lichfield",0.03960396,0.039840637,0.065116279,0.066666667,0.021428571,0.026737968
