"Code","Name","LA_code","LA_name","All","X0to15","X16to29","X30to44","X45to64","X65plus"
"E01032900","Lichfield 004G","E07000194","Lichfield",0.011690647,0.053113553,-0.005449591,0.004601227,0.044897959,-0.153846154
