"Code","Name","LA_code","LA_name","All","X0to15","X16to29","X30to44","X45to64","X65plus"
"E01029504","Lichfield 012D","E07000194","Lichfield",0.005875441,0.031372549,0.002808989,0.003367003,-0.013392857,0.01734104
