"Code","Name","LA_code","LA_name","All","X0to15","X16to29","X30to44","X45to64","X65plus"
"E01026172","Lincoln 010C","E07000138","Lincoln",0.003465003,0.006079027,-0.013029316,-0.018656716,0,0.066666667
