"Code","Name","LA_code","LA_name","All","X0to15","X16to29","X30to44","X45to64","X65plus"
"E01026131","Lincoln 007D","E07000138","Lincoln",-0.009495982,-0.011235955,-0.004347826,-0.008474576,-0.023872679,0.007722008
