"Code","Name","LA_code","LA_name","All","X0to15","X16to29","X30to44","X45to64","X65plus"
"E01026124","Lincoln 004C","E07000138","Lincoln",0.008536585,0.005952381,-0.004158004,0.022421525,-0.007220217,0.06
