"Code","Name","LA_code","LA_name","All","X0to15","X16to29","X30to44","X45to64","X65plus"
"E01026127","Lincoln 007A","E07000138","Lincoln",0.00209351,-0.024024024,0.014285714,-0.039215686,0.033898305,0.023696682
