"Code","Name","LA_code","LA_name","All","X0to15","X16to29","X30to44","X45to64","X65plus"
"E01026140","Lincoln 011D","E07000138","Lincoln",-0.003878976,0,0.024390244,0.007518797,-0.030985915,-0.004761905
