"Code","Name","LA_code","LA_name","All","X0to15","X16to29","X30to44","X45to64","X65plus"
"E01026126","Lincoln 004D","E07000138","Lincoln",-0.011369789,-0.066666667,0.001879699,-0.00228833,0.019323671,-0.056701031
