"Code","Name","LA_code","LA_name","All","X0to15","X16to29","X30to44","X45to64","X65plus"
"E01026177","Lincoln 006C","E07000138","Lincoln",-0.008109478,-0.043343653,-0.004987531,-0.007075472,-0.018867925,0.062893082
