"Code","Name","LA_code","LA_name","All","X0to15","X16to29","X30to44","X45to64","X65plus"
"E01026171","Lincoln 011H","E07000138","Lincoln",0.08266129,0.061538462,0.076923077,0.083333333,0.102827763,0.076923077
