"Code","Name","LA_code","LA_name","All","X0to15","X16to29","X30to44","X45to64","X65plus"
"E01026123","Lincoln 004B","E07000138","Lincoln",-0.053917439,-0.063789869,-0.032928943,-0.064356436,-0.055679287,-0.052631579
