"Code","Name","LA_code","LA_name","All","X0to15","X16to29","X30to44","X45to64","X65plus"
"E01026136","Lincoln 008C","E07000138","Lincoln",-0.013986014,-0.02764977,0.040201005,-0.020661157,-0.009661836,-0.036312849
