"Code","Name","LA_code","LA_name","All","X0to15","X16to29","X30to44","X45to64","X65plus"
"E01026165","Lincoln 002D","E07000138","Lincoln",0.011627907,0.026785714,0.016666667,0.008196721,-0.011764706,0.024390244
