"Code","Name","LA_code","LA_name","All","X0to15","X16to29","X30to44","X45to64","X65plus"
"E01026166","Lincoln 001C","E07000138","Lincoln",0.002477291,-0.009090909,-0.0125,0.028169014,0.03785489,-0.045248869
