"Code","Name","LA_code","LA_name","All","X0to15","X16to29","X30to44","X45to64","X65plus"
"E01026163","Lincoln 009F","E07000138","Lincoln",0.006656805,0.042056075,-0.008547009,0.031690141,-0.005012531,-0.022624434
