"Code","Name","LA_code","LA_name","All","X0to15","X16to29","X30to44","X45to64","X65plus"
"E01026167","Lincoln 003G","E07000138","Lincoln",-0.009882644,0.042424242,-0.041401274,-0.018115942,-0.01937046,0.006651885
