"Code","Name","LA_code","LA_name","All","X0to15","X16to29","X30to44","X45to64","X65plus"
"E01026160","Lincoln 009D","E07000138","Lincoln",-0.002252252,0.028301887,0.048076923,0,-0.03626943,-0.018248175
