"Code","Name","LA_code","LA_name","All","X0to15","X16to29","X30to44","X45to64","X65plus"
"E01026152","Lincoln 004E","E07000138","Lincoln",-0.003148615,0.031512605,0,0.003164557,-0.051515152,-0.031496063
