"Code","Name","LA_code","LA_name","All","X0to15","X16to29","X30to44","X45to64","X65plus"
"E01006617","Liverpool 021A","E08000012","Liverpool",0.011021308,0.035714286,0.063291139,0.024096386,0,-0.04887218
