"Code","Name","LA_code","LA_name","All","X0to15","X16to29","X30to44","X45to64","X65plus"
"E01006691","Liverpool 030A","E08000012","Liverpool",-0.01086262,-0.073369565,0.038116592,0.019607843,0.004065041,-0.101351351
