"Code","Name","LA_code","LA_name","All","X0to15","X16to29","X30to44","X45to64","X65plus"
"E01006590","Liverpool 042D","E08000012","Liverpool",0.003045067,0.012345679,0.028199566,-0.030848329,-0.00273224,0.010928962
