"Code","Name","LA_code","LA_name","All","X0to15","X16to29","X30to44","X45to64","X65plus"
"E01006748","Liverpool 031C","E08000012","Liverpool",0.029018885,0.006756757,0.035558781,-0.011673152,0.012605042,0.086666667
