"Code","Name","LA_code","LA_name","All","X0to15","X16to29","X30to44","X45to64","X65plus"
"E01033768","Liverpool 037F","E08000012","Liverpool",0.038939519,-0.050632911,0.060686016,0.034285714,0.068403909,-0.054347826
