"Code","Name","LA_code","LA_name","All","X0to15","X16to29","X30to44","X45to64","X65plus"
"E01006712","Liverpool 029D","E08000012","Liverpool",0.031318281,0.076923077,-0.004081633,0.009404389,0.052264808,0.013452915
