"Code","Name","LA_code","LA_name","All","X0to15","X16to29","X30to44","X45to64","X65plus"
"E01033758","Liverpool 060B","E08000012","Liverpool",0.001934236,0.146666667,0.007055503,-0.031390135,-0.155172414,0.088888889
