"Code","Name","LA_code","LA_name","All","X0to15","X16to29","X30to44","X45to64","X65plus"
"E01006709","Liverpool 040A","E08000012","Liverpool",0.00814664,0.016806723,-0.01984127,0,0.034739454,-0.003984064
