"Code","Name","LA_code","LA_name","All","X0to15","X16to29","X30to44","X45to64","X65plus"
"E01006792","Liverpool 046A","E08000012","Liverpool",-0.005822416,-0.062200957,0,0.039215686,0.027227723,-0.035175879
