"Code","Name","LA_code","LA_name","All","X0to15","X16to29","X30to44","X45to64","X65plus"
"E01006739","Liverpool 058B","E08000012","Liverpool",0.003118503,-0.010869565,0.026246719,0.017699115,0.003984064,-0.02892562
