"Code","Name","LA_code","LA_name","All","X0to15","X16to29","X30to44","X45to64","X65plus"
"E01006667","Liverpool 007C","E08000012","Liverpool",0.04313205,0.067340067,0.038961039,0.030418251,0.056689342,0.010909091
