"Code","Name","LA_code","LA_name","All","X0to15","X16to29","X30to44","X45to64","X65plus"
"E01006644","Liverpool 017D","E08000012","Liverpool",-0.047737444,-0.084337349,-0.010723861,-0.070967742,-0.044444444,-0.007604563
