"Code","Name","LA_code","LA_name","All","X0to15","X16to29","X30to44","X45to64","X65plus"
"E01006593","Liverpool 042E","E08000012","Liverpool",-0.002972652,0.003236246,0.03030303,0.002169197,-0.026936027,-0.08496732
