"Code","Name","LA_code","LA_name","All","X0to15","X16to29","X30to44","X45to64","X65plus"
"E01006534","Liverpool 054A","E08000012","Liverpool",0.003142678,0.063829787,-0.016949153,-0.052083333,0.006072874,0.017241379
