"Code","Name","LA_code","LA_name","All","X0to15","X16to29","X30to44","X45to64","X65plus"
"E01006618","Liverpool 016C","E08000012","Liverpool",-0.017948718,0.004484305,0,-0.016666667,-0.030612245,-0.028089888
