"Code","Name","LA_code","LA_name","All","X0to15","X16to29","X30to44","X45to64","X65plus"
"E01006580","Liverpool 036B","E08000012","Liverpool",-0.028897338,-0.007604563,-0.017857143,-0.032407407,-0.01965602,-0.068965517
