"Code","Name","LA_code","LA_name","All","X0to15","X16to29","X30to44","X45to64","X65plus"
"E01006696","Liverpool 030C","E08000012","Liverpool",-0.00099453,-0.028953229,0.048523207,0.009411765,-0.022727273,-0.02690583
