"Code","Name","LA_code","LA_name","All","X0to15","X16to29","X30to44","X45to64","X65plus"
"E01006682","Liverpool 053C","E08000012","Liverpool",0.006324111,0.054393305,0.018292683,0.014492754,0.035040431,-0.084507042
