"Code","Name","LA_code","LA_name","All","X0to15","X16to29","X30to44","X45to64","X65plus"
"E01006567","Liverpool 026A","E08000012","Liverpool",-0.018094089,0.014563107,-0.063768116,0.010676157,-0.035476718,0.005333333
