"Code","Name","LA_code","LA_name","All","X0to15","X16to29","X30to44","X45to64","X65plus"
"E01033755","Liverpool 062D","E08000012","Liverpool",0.019633508,0,0.025119617,0.017175573,-0.011235955,0.047619048
