"Code","Name","LA_code","LA_name","All","X0to15","X16to29","X30to44","X45to64","X65plus"
"E01006797","Liverpool 051C","E08000012","Liverpool",-0.001996008,0,0.019230769,0.006557377,-0.013921114,-0.017094017
