"Code","Name","LA_code","LA_name","All","X0to15","X16to29","X30to44","X45to64","X65plus"
"E01033760","Liverpool 060C","E08000012","Liverpool",0.012799339,-0.235294118,0.021582734,0,-0.075949367,0
