"Code","Name","LA_code","LA_name","All","X0to15","X16to29","X30to44","X45to64","X65plus"
"E01006718","Liverpool 027E","E08000012","Liverpool",0.023963731,0.011494253,0.048780488,0,0.015909091,0.04887218
