"Code","Name","LA_code","LA_name","All","X0to15","X16to29","X30to44","X45to64","X65plus"
"E01006612","Liverpool 008B","E08000012","Liverpool",0.010876954,0.016806723,0.014234875,-0.024734982,0.036231884,0
