"Code","Name","LA_code","LA_name","All","X0to15","X16to29","X30to44","X45to64","X65plus"
"E01006616","Liverpool 015D","E08000012","Liverpool",0.032713755,-0.023809524,0.043103448,0.020833333,0.048780488,0.055335968
