"Code","Name","LA_code","LA_name","All","X0to15","X16to29","X30to44","X45to64","X65plus"
"E01006519","Liverpool 056A","E08000012","Liverpool",-0.019319938,0.059322034,0.054421769,-0.103004292,0.002457002,-0.088560886
