"Code","Name","LA_code","LA_name","All","X0to15","X16to29","X30to44","X45to64","X65plus"
"E01033766","Liverpool 042G","E08000012","Liverpool",-0.016574586,0.005882353,0.008379888,-0.015151515,-0.037234043,-0.103773585
