"Code","Name","LA_code","LA_name","All","X0to15","X16to29","X30to44","X45to64","X65plus"
"E01032510","Liverpool 008F","E08000012","Liverpool",-0.001689189,-0.025,0.01897019,-0.015151515,-0.011574074,0.0456621
