"Code","Name","LA_code","LA_name","All","X0to15","X16to29","X30to44","X45to64","X65plus"
"E01006677","Liverpool 043D","E08000012","Liverpool",-0.018134715,0.036414566,-0.056074766,0.021551724,-0.013513514,-0.180451128
