"Code","Name","LA_code","LA_name","All","X0to15","X16to29","X30to44","X45to64","X65plus"
"E01006607","Liverpool 008A","E08000012","Liverpool",-0.009784736,-0.00617284,0.035087719,-0.018587361,-0.01025641,-0.052830189
