"Code","Name","LA_code","LA_name","All","X0to15","X16to29","X30to44","X45to64","X65plus"
"E01006579","Liverpool 034D","E08000012","Liverpool",0.006035003,0.024242424,-0.03539823,0.016778523,0.006342495,0.006060606
