"Code","Name","LA_code","LA_name","All","X0to15","X16to29","X30to44","X45to64","X65plus"
"E01006653","Liverpool 001B","E08000012","Liverpool",0.079260238,0.014409222,0.123076923,0.070671378,0.098236776,0.105726872
