"Code","Name","LA_code","LA_name","All","X0to15","X16to29","X30to44","X45to64","X65plus"
"E01006652","Liverpool 002A","E08000012","Liverpool",0.010989011,0.013986014,-0.012,0.03257329,0.0390625,-0.043668122
