"Code","Name","LA_code","LA_name","All","X0to15","X16to29","X30to44","X45to64","X65plus"
"E01006557","Liverpool 038B","E08000012","Liverpool",0.134482759,-0.038888889,0.174008811,0.062240664,0.134228188,0.081632653
