"Code","Name","LA_code","LA_name","All","X0to15","X16to29","X30to44","X45to64","X65plus"
"E01006544","Liverpool 015C","E08000012","Liverpool",-0.017094017,0.037790698,-0.035135135,0.007246377,-0.040572792,-0.056768559
