"Code","Name","LA_code","LA_name","All","X0to15","X16to29","X30to44","X45to64","X65plus"
"E01006686","Liverpool 053E","E08000012","Liverpool",0.033936652,0.013333333,0.07253886,0.042328042,0.028776978,0.026490066
