"Code","Name","LA_code","LA_name","All","X0to15","X16to29","X30to44","X45to64","X65plus"
"E01006662","Liverpool 004B","E08000012","Liverpool",-0.019575856,-0.050847458,-0.004166667,-0.029810298,-0.021108179,0.011415525
