"Code","Name","LA_code","LA_name","All","X0to15","X16to29","X30to44","X45to64","X65plus"
"E01006553","Liverpool 042A","E08000012","Liverpool",0.007000539,0.003412969,0.014840183,0.036211699,-0.073593074,0.030612245
