"Code","Name","LA_code","LA_name","All","X0to15","X16to29","X30to44","X45to64","X65plus"
"E01006568","Liverpool 026B","E08000012","Liverpool",0.000646412,0.01056338,-0.020242915,0.025362319,0.00234192,-0.015974441
