"Code","Name","LA_code","LA_name","All","X0to15","X16to29","X30to44","X45to64","X65plus"
"E01006768","Liverpool 020F","E08000012","Liverpool",0.016923077,0.027210884,0.1,-0.025641026,0.029333333,-0.06122449
