"Code","Name","LA_code","LA_name","All","X0to15","X16to29","X30to44","X45to64","X65plus"
"E01006728","Liverpool 035E","E08000012","Liverpool",0.020935961,0.059016393,0.036117381,0.01758794,0.003115265,-0.050955414
