"Code","Name","LA_code","LA_name","All","X0to15","X16to29","X30to44","X45to64","X65plus"
"E01006665","Liverpool 007A","E08000012","Liverpool",-0.012803235,-0.055350554,0.006944444,0.017793594,-0.012295082,-0.032051282
