"Code","Name","LA_code","LA_name","All","X0to15","X16to29","X30to44","X45to64","X65plus"
"E01006783","Liverpool 002E","E08000012","Liverpool",0.00260078,0.002770083,0,0.003289474,0.010416667,-0.009950249
