"Code","Name","LA_code","LA_name","All","X0to15","X16to29","X30to44","X45to64","X65plus"
"E01006778","Liverpool 014E","E08000012","Liverpool",0.016713092,0.016853933,0.033472803,0.016877637,0,0.019047619
