"Code","Name","LA_code","LA_name","All","X0to15","X16to29","X30to44","X45to64","X65plus"
"E01006532","Liverpool 047A","E08000012","Liverpool",0.006807352,0,0.028248588,0.045685279,0,-0.009433962
