"Code","Name","LA_code","LA_name","All","X0to15","X16to29","X30to44","X45to64","X65plus"
"E01006701","Liverpool 014B","E08000012","Liverpool",0.033898305,0.118421053,0.013157895,0.041237113,0.01594533,-0.004347826
