"Code","Name","LA_code","LA_name","All","X0to15","X16to29","X30to44","X45to64","X65plus"
"E01006584","Liverpool 034E","E08000012","Liverpool",0.010729614,0,0.059574468,-0.018382353,0.015957447,0
