"Code","Name","LA_code","LA_name","All","X0to15","X16to29","X30to44","X45to64","X65plus"
"E01006656","Liverpool 002B","E08000012","Liverpool",0.048245614,-0.024291498,0.094017094,0.057228916,0.06162465,0.045454545
