"Code","Name","LA_code","LA_name","All","X0to15","X16to29","X30to44","X45to64","X65plus"
"E01006629","Liverpool 052E","E08000012","Liverpool",-0.009433962,-0.022727273,0.04040404,-0.022900763,0.019774011,-0.060283688
