"Code","Name","LA_code","LA_name","All","X0to15","X16to29","X30to44","X45to64","X65plus"
"E01006670","Liverpool 007E","E08000012","Liverpool",0.00390625,-0.025,0.02962963,-0.014184397,0.010204082,0.018691589
