"Code","Name","LA_code","LA_name","All","X0to15","X16to29","X30to44","X45to64","X65plus"
"E01006786","Liverpool 003E","E08000012","Liverpool",-0.006648199,-0.020710059,0.015432099,-0.018126888,0.009310987,-0.032727273
