"Code","Name","LA_code","LA_name","All","X0to15","X16to29","X30to44","X45to64","X65plus"
"E01006514","Liverpool 037A","E08000012","Liverpool",-0.228276878,-0.088888889,-0.325198292,-0.192307692,-0.005235602,0.049079755
