"Code","Name","LA_code","LA_name","All","X0to15","X16to29","X30to44","X45to64","X65plus"
"E01006533","Liverpool 055C","E08000012","Liverpool",0.025641026,0.033149171,0.118343195,0.037837838,-0.009237875,0.01396648
