"Code","Name","LA_code","LA_name","All","X0to15","X16to29","X30to44","X45to64","X65plus"
"E01006737","Liverpool 005F","E08000012","Liverpool",0.027961737,0.064981949,0.025270758,0.077669903,-0.002538071,-0.009756098
