"Code","Name","LA_code","LA_name","All","X0to15","X16to29","X30to44","X45to64","X65plus"
"E01006756","Liverpool 059D","E08000012","Liverpool",-0.003194888,-0.020533881,-0.034852547,-0.015584416,0.025229358,0.060913706
