"Code","Name","LA_code","LA_name","All","X0to15","X16to29","X30to44","X45to64","X65plus"
"E01006693","Liverpool 024D","E08000012","Liverpool",0.008176101,0.037234043,0.022058824,-0.007490637,0.006818182,-0.002364066
