"Code","Name","LA_code","LA_name","All","X0to15","X16to29","X30to44","X45to64","X65plus"
"E01006683","Liverpool 053D","E08000012","Liverpool",0.010803511,0.017857143,0.107142857,0.003802281,-0.024282561,0
