"Code","Name","LA_code","LA_name","All","X0to15","X16to29","X30to44","X45to64","X65plus"
"E01006624","Liverpool 013B","E08000012","Liverpool",0.04657352,0.08,0.024390244,0.010238908,0.063348416,0.047794118
