"Code","Name","LA_code","LA_name","All","X0to15","X16to29","X30to44","X45to64","X65plus"
"E01006566","Liverpool 032A","E08000012","Liverpool",-0.016472203,-0.033195021,0.012552301,-0.01509434,-0.002336449,-0.049295775
