"Code","Name","LA_code","LA_name","All","X0to15","X16to29","X30to44","X45to64","X65plus"
"E01006522","Liverpool 048A","E08000012","Liverpool",0.011634349,0.032679739,0.015037594,0.004885993,-0.005434783,0.050724638
