"Code","Name","LA_code","LA_name","All","X0to15","X16to29","X30to44","X45to64","X65plus"
"E01006664","Liverpool 004D","E08000012","Liverpool",0.003697834,-0.063205418,0.002873563,0.005221932,0.013636364,0.093189964
