"Code","Name","LA_code","LA_name","All","X0to15","X16to29","X30to44","X45to64","X65plus"
"E01032508","Liverpool 027G","E08000012","Liverpool",0.034404963,0.057057057,0.038997214,0.033419023,0.013636364,0.035714286
