"Code","Name","LA_code","LA_name","All","X0to15","X16to29","X30to44","X45to64","X65plus"
"E01006603","Liverpool 011B","E08000012","Liverpool",0.011670314,0,0.037974684,0.04954955,-0.028061224,0.025454545
