"Code","Name","LA_code","LA_name","All","X0to15","X16to29","X30to44","X45to64","X65plus"
"E01006699","Liverpool 014A","E08000012","Liverpool",0.00464846,0.01734104,0.017492711,-0.002506266,-0.032258065,0.043478261
