"Code","Name","LA_code","LA_name","All","X0to15","X16to29","X30to44","X45to64","X65plus"
"E01006626","Liverpool 016E","E08000012","Liverpool",0.006423983,0.019417476,-0.018518519,0.014778325,0.01511879,-0.003194888
