"Code","Name","LA_code","LA_name","All","X0to15","X16to29","X30to44","X45to64","X65plus"
"E01006681","Liverpool 054D","E08000012","Liverpool",0.006501951,0.034188034,0.021097046,-0.003378378,-0.010729614,0.009836066
