"Code","Name","LA_code","LA_name","All","X0to15","X16to29","X30to44","X45to64","X65plus"
"E01006779","Liverpool 022D","E08000012","Liverpool",0.018348624,0.012755102,0.04432133,0.069164265,0.023305085,-0.051282051
