"Code","Name","LA_code","LA_name","All","X0to15","X16to29","X30to44","X45to64","X65plus"
"E01006558","Liverpool 018B","E08000012","Liverpool",-0.021978022,-0.031088083,0.050228311,-0.011235955,-0.047468354,-0.069148936
