"Code","Name","LA_code","LA_name","All","X0to15","X16to29","X30to44","X45to64","X65plus"
"E01006518","Liverpool 044A","E08000012","Liverpool",0.032501451,0.051660517,0.043189369,0,0.019693654,0.052910053
