"Code","Name","LA_code","LA_name","All","X0to15","X16to29","X30to44","X45to64","X65plus"
"E01006767","Liverpool 019F","E08000012","Liverpool",0.00867679,0.047858942,0.026128266,-0.021834061,-0.015151515,0.011627907
