"Code","Name","LA_code","LA_name","All","X0to15","X16to29","X30to44","X45to64","X65plus"
"E01015751","Luton 005B","E06000032","Luton",-0.010579065,-0.004608295,-0.00304878,-0.008310249,0.005,-0.054945055
