"Code","Name","LA_code","LA_name","All","X0to15","X16to29","X30to44","X45to64","X65plus"
"E01015806","Luton 014C","E06000032","Luton",-0.002204262,-0.052264808,-0.007194245,0.017482517,0.012658228,0.034782609
