"Code","Name","LA_code","LA_name","All","X0to15","X16to29","X30to44","X45to64","X65plus"
"E01015776","Luton 012C","E06000032","Luton",0.009669211,0.03892944,0.019337017,0.012376238,-0.006928406,-0.016901408
