"Code","Name","LA_code","LA_name","All","X0to15","X16to29","X30to44","X45to64","X65plus"
"E01015772","Luton 003C","E06000032","Luton",0.002020202,-0.002583979,-0.021276596,0,0.002923977,0.072463768
