"Code","Name","LA_code","LA_name","All","X0to15","X16to29","X30to44","X45to64","X65plus"
"E01015778","Luton 012E","E06000032","Luton",-0.027282851,-0.0591133,-0.031007752,-0.039702233,0.019704433,-0.025773196
