"Code","Name","LA_code","LA_name","All","X0to15","X16to29","X30to44","X45to64","X65plus"
"E01015771","Luton 003B","E06000032","Luton",0.041029207,0.080097087,0.102661597,0.045045045,-0.007246377,-0.090909091
