"Code","Name","LA_code","LA_name","All","X0to15","X16to29","X30to44","X45to64","X65plus"
"E01015701","Luton 010B","E06000032","Luton",0.001340483,-0.026279391,0.016528926,0.016363636,0.020771513,-0.013888889
