"Code","Name","LA_code","LA_name","All","X0to15","X16to29","X30to44","X45to64","X65plus"
"E01015752","Luton 005C","E06000032","Luton",0.035222052,0.06993007,0.061904762,0.027027027,0.018518519,0
