"Code","Name","LA_code","LA_name","All","X0to15","X16to29","X30to44","X45to64","X65plus"
"E01015712","Luton 011B","E06000032","Luton",-0.006972112,-0.015503876,-0.009836066,-0.010351967,0.014204545,-0.008522727
