"Code","Name","LA_code","LA_name","All","X0to15","X16to29","X30to44","X45to64","X65plus"
"E01015805","Luton 002D","E06000032","Luton",0.022943038,0.042857143,0.04784689,0.014634146,0,0.027027027
