"Code","Name","LA_code","LA_name","All","X0to15","X16to29","X30to44","X45to64","X65plus"
"E01015795","Luton 021F","E06000032","Luton",0.087640449,0.08649789,0.082815735,0.067096774,0.117021277,0.215189873
