"Code","Name","LA_code","LA_name","All","X0to15","X16to29","X30to44","X45to64","X65plus"
"E01015720","Luton 016B","E06000032","Luton",-0.024117647,0.024691358,-0.008,-0.055421687,-0.049479167,-0.049586777
