"Code","Name","LA_code","LA_name","All","X0to15","X16to29","X30to44","X45to64","X65plus"
"E01015797","Luton 008A","E06000032","Luton",-0.008339651,0.030927835,0,-0.014492754,-0.023136247,-0.013736264
