"Code","Name","LA_code","LA_name","All","X0to15","X16to29","X30to44","X45to64","X65plus"
"E01015717","Luton 011E","E06000032","Luton",0.069616519,0.090196078,0.04887218,0.068965517,0.056818182,0.068322981
