"Code","Name","LA_code","LA_name","All","X0to15","X16to29","X30to44","X45to64","X65plus"
"E01015763","Luton 013E","E06000032","Luton",0.012562814,0.031055901,-0.038626609,-0.00974026,0.007556675,0.057228916
