"Code","Name","LA_code","LA_name","All","X0to15","X16to29","X30to44","X45to64","X65plus"
"E01015697","Luton 007E","E06000032","Luton",0.014067995,0.008174387,0.033210332,0.018666667,0.020408163,-0.015873016
