"Code","Name","LA_code","LA_name","All","X0to15","X16to29","X30to44","X45to64","X65plus"
"E01015705","Luton 017D","E06000032","Luton",0.027159153,0.053097345,0.008547009,0.016460905,0.033962264,-0.01754386
