"Code","Name","LA_code","LA_name","All","X0to15","X16to29","X30to44","X45to64","X65plus"
"E01015744","Luton 004A","E06000032","Luton",-0.001313198,0.025139665,0.029288703,-0.047486034,0.013089005,-0.032258065
