"Code","Name","LA_code","LA_name","All","X0to15","X16to29","X30to44","X45to64","X65plus"
"E01015732","Luton 020A","E06000032","Luton",-0.029784887,-0.085257549,0.005420054,-0.002840909,-0.005681818,-0.028248588
