"Code","Name","LA_code","LA_name","All","X0to15","X16to29","X30to44","X45to64","X65plus"
"E01015750","Luton 011F","E06000032","Luton",-0.030665074,-0.022368421,-0.042283298,-0.01754386,-0.07775378,0.037234043
