"Code","Name","LA_code","LA_name","All","X0to15","X16to29","X30to44","X45to64","X65plus"
"E01015748","Luton 004D","E06000032","Luton",-0.013173653,0,0.014150943,-0.040133779,0,-0.025390625
