"Code","Name","LA_code","LA_name","All","X0to15","X16to29","X30to44","X45to64","X65plus"
"E01015765","Luton 006B","E06000032","Luton",-0.001751313,0.01,-0.037681159,-0.01312336,0.015503876,0.025
