"Code","Name","LA_code","LA_name","All","X0to15","X16to29","X30to44","X45to64","X65plus"
"E01015768","Luton 006E","E06000032","Luton",-0.0166334,-0.020408163,-0.011904762,-0.031496063,-0.008746356,-0.013888889
