"Code","Name","LA_code","LA_name","All","X0to15","X16to29","X30to44","X45to64","X65plus"
"E01015740","Luton 012A","E06000032","Luton",0.028465347,0.017699115,0.023489933,0.046035806,0.028720627,0.019512195
