"Code","Name","LA_code","LA_name","All","X0to15","X16to29","X30to44","X45to64","X65plus"
"E01015698","Luton 017A","E06000032","Luton",0,0.011516315,0.021563342,0.027985075,-0.065830721,-0.049382716
