"Code","Name","LA_code","LA_name","All","X0to15","X16to29","X30to44","X45to64","X65plus"
"E01015808","Luton 014D","E06000032","Luton",-0.0174703,0,-0.044280443,-0.016085791,-0.0075,-0.033898305
