"Code","Name","LA_code","LA_name","All","X0to15","X16to29","X30to44","X45to64","X65plus"
"E01015696","Luton 007D","E06000032","Luton",0.008368201,0.013404826,-0.037209302,0.005602241,0.013736264,0.064
