"Code","Name","LA_code","LA_name","All","X0to15","X16to29","X30to44","X45to64","X65plus"
"E01015694","Luton 007B","E06000032","Luton",0.008310249,0.028213166,-0.005235602,0.006779661,0.011080332,-0.007194245
