"Code","Name","LA_code","LA_name","All","X0to15","X16to29","X30to44","X45to64","X65plus"
"E01015743","Luton 018D","E06000032","Luton",0.002723312,0.06284153,-0.030188679,-0.033542977,0.009036145,0.083969466
