"Code","Name","LA_code","LA_name","All","X0to15","X16to29","X30to44","X45to64","X65plus"
"E01015781","Luton 016F","E06000032","Luton",-0.006622517,0.011737089,-0.02970297,-0.026385224,0.010928962,-0.005347594
