"Code","Name","LA_code","LA_name","All","X0to15","X16to29","X30to44","X45to64","X65plus"
"E01015702","Luton 017C","E06000032","Luton",-0.010325245,-0.004958678,-0.022670025,-0.027484144,0,0.037037037
