"Code","Name","LA_code","LA_name","All","X0to15","X16to29","X30to44","X45to64","X65plus"
"E01015809","Luton 014E","E06000032","Luton",-0.007874016,0.051724138,-0.022727273,-0.007751938,-0.021834061,-0.026200873
