"Code","Name","LA_code","LA_name","All","X0to15","X16to29","X30to44","X45to64","X65plus"
"E01015788","Luton 015E","E06000032","Luton",-0.02938343,-0.027491409,-0.030107527,-0.020661157,-0.025423729,-0.062827225
