"Code","Name","LA_code","LA_name","All","X0to15","X16to29","X30to44","X45to64","X65plus"
"E01015792","Luton 021D","E06000032","Luton",0,0,-0.002079002,0.01981982,-0.00872093,-0.058333333
