"Code","Name","LA_code","LA_name","All","X0to15","X16to29","X30to44","X45to64","X65plus"
"E01015729","Luton 019C","E06000032","Luton",-0.020642202,-0.00422833,-0.034172662,-0.031695721,0.035230352,-0.112582781
