"Code","Name","LA_code","LA_name","All","X0to15","X16to29","X30to44","X45to64","X65plus"
"E01015747","Luton 004C","E06000032","Luton",-0.052173913,-0.105022831,-0.00462963,-0.111702128,-0.038071066,-0.033057851
