"Code","Name","LA_code","LA_name","All","X0to15","X16to29","X30to44","X45to64","X65plus"
"E01015789","Luton 018E","E06000032","Luton",-0.014556683,-0.05955335,-0.007662835,0.003838772,-0.003378378,-0.015151515
