"Code","Name","LA_code","LA_name","All","X0to15","X16to29","X30to44","X45to64","X65plus"
"E01015784","Luton 010E","E06000032","Luton",-0.022427441,-0.020547945,-0.032586558,-0.023346304,-0.044117647,0.076335878
