"Code","Name","LA_code","LA_name","All","X0to15","X16to29","X30to44","X45to64","X65plus"
"E01015726","Luton 015B","E06000032","Luton",-0.019334532,-0.023659306,-0.028355388,-0.005714286,-0.035422343,0.017751479
