"Code","Name","LA_code","LA_name","All","X0to15","X16to29","X30to44","X45to64","X65plus"
"E01015813","Luton 008F","E06000032","Luton",-0.01835536,-0.015706806,0,0,-0.041436464,-0.021276596
