"Code","Name","LA_code","LA_name","All","X0to15","X16to29","X30to44","X45to64","X65plus"
"E01015749","Luton 005A","E06000032","Luton",-0.003102378,0.001869159,-0.019553073,-0.014925373,0.00617284,0.019607843
