"Code","Name","LA_code","LA_name","All","X0to15","X16to29","X30to44","X45to64","X65plus"
"E01015796","Luton 012F","E06000032","Luton",-0.024188415,-0.048034934,-0.02764977,-0.057971014,-0.047297297,0.039506173
