"Code","Name","LA_code","LA_name","All","X0to15","X16to29","X30to44","X45to64","X65plus"
"E01024373","Maidstone 006E","E07000110","Maidstone",-0.013049783,-0.012820513,-0.035476718,-0.014644351,-0.01863354,0.037453184
