"Code","Name","LA_code","LA_name","All","X0to15","X16to29","X30to44","X45to64","X65plus"
"E01024388","Maidstone 015D","E07000110","Maidstone",-0.001170618,0.019744483,-0.009360374,-0.022619048,-0.003994674,0.021604938
