"Code","Name","LA_code","LA_name","All","X0to15","X16to29","X30to44","X45to64","X65plus"
"E01024326","Maidstone 007A","E07000110","Maidstone",-0.009937238,0.012269939,-0.067357513,-0.007117438,-0.016,0
