"Code","Name","LA_code","LA_name","All","X0to15","X16to29","X30to44","X45to64","X65plus"
"E01024327","Maidstone 007B","E07000110","Maidstone",0.009101251,0.0078125,0.049586777,0,0.044334975,-0.046321526
