"Code","Name","LA_code","LA_name","All","X0to15","X16to29","X30to44","X45to64","X65plus"
"E01024337","Maidstone 005C","E07000110","Maidstone",-0.020576132,-0.016064257,0,-0.047826087,-0.014553015,-0.023391813
