"Code","Name","LA_code","LA_name","All","X0to15","X16to29","X30to44","X45to64","X65plus"
"E01024405","Maidstone 012E","E07000110","Maidstone",-0.036947514,-0.068214804,-0.034482759,-0.045774648,-0.037766831,0.008833922
