"Code","Name","LA_code","LA_name","All","X0to15","X16to29","X30to44","X45to64","X65plus"
"E01033092","Maidstone 004G","E07000110","Maidstone",-0.015272727,-0.122605364,0.014577259,0,0.067924528,-0.112149533
