"Code","Name","LA_code","LA_name","All","X0to15","X16to29","X30to44","X45to64","X65plus"
"E01024386","Maidstone 002E","E07000110","Maidstone",0.003224073,0.009009009,0.012195122,-0.03021978,-0.005504587,0.037533512
