"Code","Name","LA_code","LA_name","All","X0to15","X16to29","X30to44","X45to64","X65plus"
"E01024329","Maidstone 007D","E07000110","Maidstone",-0.036432161,-0.049122807,-0.080645161,-0.007633588,-0.034707158,-0.027638191
