"Code","Name","LA_code","LA_name","All","X0to15","X16to29","X30to44","X45to64","X65plus"
"E01024335","Maidstone 001C","E07000110","Maidstone",0.004416404,-0.0078125,-0.004237288,-0.032110092,0.003642987,0.04601227
