"Code","Name","LA_code","LA_name","All","X0to15","X16to29","X30to44","X45to64","X65plus"
"E01024408","Maidstone 019C","E07000110","Maidstone",-0.001973684,0,0.014285714,-0.015936255,0.004484305,-0.013157895
