"Code","Name","LA_code","LA_name","All","X0to15","X16to29","X30to44","X45to64","X65plus"
"E01024320","Maidstone 003A","E07000110","Maidstone",0.011372868,0,0.036809816,-0.011173184,0.005063291,0.024615385
