"Code","Name","LA_code","LA_name","All","X0to15","X16to29","X30to44","X45to64","X65plus"
"E01024333","Maidstone 001A","E07000110","Maidstone",-0.0021398,-0.00955414,-0.007246377,0.018691589,0.010928962,-0.064
