"Code","Name","LA_code","LA_name","All","X0to15","X16to29","X30to44","X45to64","X65plus"
"E01024356","Maidstone 006C","E07000110","Maidstone",0.00780379,0.005633803,0.013404826,-0.02905569,-0.004761905,0.090128755
