"Code","Name","LA_code","LA_name","All","X0to15","X16to29","X30to44","X45to64","X65plus"
"E01024358","Maidstone 008B","E07000110","Maidstone",0.004494382,-0.041994751,0.016393443,-0.003144654,-0.002070393,0.071672355
