"Code","Name","LA_code","LA_name","All","X0to15","X16to29","X30to44","X45to64","X65plus"
"E01024380","Maidstone 018C","E07000110","Maidstone",0.010346611,0.027777778,-0.011450382,0.025069638,0.008928571,-0.00255102
