"Code","Name","LA_code","LA_name","All","X0to15","X16to29","X30to44","X45to64","X65plus"
"E01024394","Maidstone 012B","E07000110","Maidstone",0.000700771,0.026548673,-0.039647577,-0.009389671,-0.009345794,0.03003003
