"Code","Name","LA_code","LA_name","All","X0to15","X16to29","X30to44","X45to64","X65plus"
"E01024409","Maidstone 019D","E07000110","Maidstone",0.005211726,0,0.015873016,-0.011764706,0.031088083,-0.009237875
