"Code","Name","LA_code","LA_name","All","X0to15","X16to29","X30to44","X45to64","X65plus"
"E01024393","Maidstone 010C","E07000110","Maidstone",-0.021984551,-0.012232416,-0.100719424,0.018518519,-0.044386423,0.016470588
