"Code","Name","LA_code","LA_name","All","X0to15","X16to29","X30to44","X45to64","X65plus"
"E01021873","Maldon 007A","E07000074","Maldon",-0.017627119,0.054726368,-0.036734694,-0.053921569,-0.026315789,-0.012084592
