"Code","Name","LA_code","LA_name","All","X0to15","X16to29","X30to44","X45to64","X65plus"
"E01021875","Maldon 007C","E07000074","Maldon",0.018654231,0.025477707,-0.034482759,0.062937063,0.012552301,0.030769231
