"Code","Name","LA_code","LA_name","All","X0to15","X16to29","X30to44","X45to64","X65plus"
"E01021886","Maldon 003C","E07000074","Maldon",0.017766497,0.02734375,0.02734375,0.018181818,0.003683241,0.026578073
