"Code","Name","LA_code","LA_name","All","X0to15","X16to29","X30to44","X45to64","X65plus"
"E01021897","Maldon 005E","E07000074","Maldon",-0.002561913,-0.029585799,0.045918367,-0.025641026,0,-0.007905138
