"Code","Name","LA_code","LA_name","All","X0to15","X16to29","X30to44","X45to64","X65plus"
"E01021899","Maldon 007D","E07000074","Maldon",0.046416382,0.078358209,0.097777778,0.016064257,0.024896266,0.037344398
