"Code","Name","LA_code","LA_name","All","X0to15","X16to29","X30to44","X45to64","X65plus"
"E01021901","Maldon 006A","E07000074","Maldon",-0.00146771,0.033846154,-0.051792829,0.022222222,-0.001506024,-0.014314928
