"Code","Name","LA_code","LA_name","All","X0to15","X16to29","X30to44","X45to64","X65plus"
"E01021881","Maldon 008F","E07000074","Maldon",-0.004336513,0.016483516,0.017857143,-0.032608696,0.002881844,-0.022058824
