"Code","Name","LA_code","LA_name","All","X0to15","X16to29","X30to44","X45to64","X65plus"
"E01021900","Maldon 007E","E07000074","Maldon",0.010842369,0.058252427,0.015228426,-0.038461538,0.016528926,-0.003984064
