"Code","Name","LA_code","LA_name","All","X0to15","X16to29","X30to44","X45to64","X65plus"
"E01021898","Maldon 005F","E07000074","Maldon",0.007849294,0.028409091,-0.067164179,0.062857143,-0.017142857,0.020501139
