"Code","Name","LA_code","LA_name","All","X0to15","X16to29","X30to44","X45to64","X65plus"
"E01021905","Maldon 006C","E07000074","Maldon",-0.003055768,-0.011811024,0.02293578,-0.071428571,0.022082019,0.010135135
