"Code","Name","LA_code","LA_name","All","X0to15","X16to29","X30to44","X45to64","X65plus"
"E01033057","Maldon 008G","E07000074","Maldon",0.003775168,0.007246377,-0.006872852,0.002985075,-0.006702413,0.02006689
