"Code","Name","LA_code","LA_name","All","X0to15","X16to29","X30to44","X45to64","X65plus"
"E01021880","Maldon 008E","E07000074","Maldon",-0.005460751,-0.054945055,-0.021164021,-0.028037383,0.019438445,0.007194245
