"Code","Name","LA_code","LA_name","All","X0to15","X16to29","X30to44","X45to64","X65plus"
"E01021895","Maldon 005C","E07000074","Maldon",0.007698888,0.017777778,0,0.030612245,0.009493671,-0.015873016
