"Code","Name","LA_code","LA_name","All","X0to15","X16to29","X30to44","X45to64","X65plus"
"E01032212","Malvern Hills 001B","E07000235","Malvern Hills",-0.025520833,-0.026058632,-0.087628866,-0.019762846,-0.031770045,0.003960396
