"Code","Name","LA_code","LA_name","All","X0to15","X16to29","X30to44","X45to64","X65plus"
"E01032220","Malvern Hills 006C","E07000235","Malvern Hills",0,-0.081967213,0.005464481,0.035714286,0.017681729,-0.009118541
