"Code","Name","LA_code","LA_name","All","X0to15","X16to29","X30to44","X45to64","X65plus"
"E01032185","Malvern Hills 009B","E07000235","Malvern Hills",-0.008639309,-0.087209302,0.131944444,-0.044444444,-0.022222222,-0.001876173
