"Code","Name","LA_code","LA_name","All","X0to15","X16to29","X30to44","X45to64","X65plus"
"E01032207","Malvern Hills 005C","E07000235","Malvern Hills",-0.025275437,-0.090909091,-0.043478261,-0.056680162,0.01059322,0.005154639
