"Code","Name","LA_code","LA_name","All","X0to15","X16to29","X30to44","X45to64","X65plus"
"E01032219","Malvern Hills 010E","E07000235","Malvern Hills",-0.007277138,-0.047244094,-0.006944444,-0.01754386,-0.011363636,0.022222222
