"Code","Name","LA_code","LA_name","All","X0to15","X16to29","X30to44","X45to64","X65plus"
"E01032179","Malvern Hills 003A","E07000235","Malvern Hills",0.02008521,-0.020833333,-0.022988506,0.031390135,0.025,0.047085202
