"Code","Name","LA_code","LA_name","All","X0to15","X16to29","X30to44","X45to64","X65plus"
"E01032201","Malvern Hills 007A","E07000235","Malvern Hills",0.001284522,0.015432099,0,0.020491803,-0.015345269,-0.005714286
