"Code","Name","LA_code","LA_name","All","X0to15","X16to29","X30to44","X45to64","X65plus"
"E01005310","Manchester 036C","E08000003","Manchester",0.03531218,0.02764977,0.052067381,-0.026595745,0.037878788,-0.045045045
