"Code","Name","LA_code","LA_name","All","X0to15","X16to29","X30to44","X45to64","X65plus"
"E01005183","Manchester 030F","E08000003","Manchester",0.006060606,0.033333333,0.009708738,-0.017045455,-0.007194245,0.009345794
