"Code","Name","LA_code","LA_name","All","X0to15","X16to29","X30to44","X45to64","X65plus"
"E01005168","Manchester 045B","E08000003","Manchester",0.034653465,0.016393443,0.016064257,0.055555556,0.070680628,-0.009615385
