"Code","Name","LA_code","LA_name","All","X0to15","X16to29","X30to44","X45to64","X65plus"
"E01005221","Manchester 031C","E08000003","Manchester",0.028021748,0.05107084,0.017110266,0.016369048,0.024390244,0.037037037
