"Code","Name","LA_code","LA_name","All","X0to15","X16to29","X30to44","X45to64","X65plus"
"E01005067","Manchester 020A","E08000003","Manchester",-0.043871866,-0.021333333,-0.048507463,-0.037542662,-0.07826087,-0.025806452
