"Code","Name","LA_code","LA_name","All","X0to15","X16to29","X30to44","X45to64","X65plus"
"E01005294","Manchester 052D","E08000003","Manchester",0.005913272,0.022641509,0.046082949,0.01509434,-0.043383948,0.02866242
