"Code","Name","LA_code","LA_name","All","X0to15","X16to29","X30to44","X45to64","X65plus"
"E01033675","Manchester 058D","E08000003","Manchester",0.041484716,0.035971223,0.011695906,0.081850534,0.04136253,0.009174312
