"Code","Name","LA_code","LA_name","All","X0to15","X16to29","X30to44","X45to64","X65plus"
"E01005160","Manchester 004B","E08000003","Manchester",0.001642935,-0.021276596,0.017857143,-0.009367681,-0.018617021,0.064393939
