"Code","Name","LA_code","LA_name","All","X0to15","X16to29","X30to44","X45to64","X65plus"
"E01033664","Manchester 054D","E08000003","Manchester",-0.041105599,0.107142857,-0.050941307,-0.040609137,-0.082191781,0.538461538
