"Code","Name","LA_code","LA_name","All","X0to15","X16to29","X30to44","X45to64","X65plus"
"E01005226","Manchester 007D","E08000003","Manchester",-0.009081197,0.0078125,-0.028653295,0,-0.019230769,-0.016483516
