"Code","Name","LA_code","LA_name","All","X0to15","X16to29","X30to44","X45to64","X65plus"
"E01005159","Manchester 029D","E08000003","Manchester",0.009264978,0.020408163,0,-0.004219409,0.03003003,0.006493506
