"Code","Name","LA_code","LA_name","All","X0to15","X16to29","X30to44","X45to64","X65plus"
"E01033668","Manchester 015F","E08000003","Manchester",-0.023738872,0.068292683,-0.044303797,-0.018691589,-0.04,-0.151515152
