"Code","Name","LA_code","LA_name","All","X0to15","X16to29","X30to44","X45to64","X65plus"
"E01005185","Manchester 032B","E08000003","Manchester",0.016460905,0.044444444,0.013291634,0.075,0.158536585,-0.14893617
