"Code","Name","LA_code","LA_name","All","X0to15","X16to29","X30to44","X45to64","X65plus"
"E01005286","Manchester 026D","E08000003","Manchester",-0.004786771,0.026315789,-0.009752438,-0.012722646,-0.035714286,0.108695652
