"Code","Name","LA_code","LA_name","All","X0to15","X16to29","X30to44","X45to64","X65plus"
"E01005115","Manchester 044A","E08000003","Manchester",0.052160169,0.077858881,0.064220183,0.061538462,0.002222222,0.066666667
