"Code","Name","LA_code","LA_name","All","X0to15","X16to29","X30to44","X45to64","X65plus"
"E01005234","Manchester 027E","E08000003","Manchester",-0.00993228,-0.016616314,-0.025052192,-0.005484461,0.010840108,0
