"Code","Name","LA_code","LA_name","All","X0to15","X16to29","X30to44","X45to64","X65plus"
"E01005248","Manchester 005B","E08000003","Manchester",-0.000739098,0.010582011,-0.01843318,0,0.020881671,-0.025396825
