"Code","Name","LA_code","LA_name","All","X0to15","X16to29","X30to44","X45to64","X65plus"
"E01033674","Manchester 058C","E08000003","Manchester",-0.069520983,-0.173144876,-0.05461165,-0.05982906,-0.08310992,0.166666667
