"Code","Name","LA_code","LA_name","All","X0to15","X16to29","X30to44","X45to64","X65plus"
"E01005076","Manchester 039A","E08000003","Manchester",0.024105186,0.066176471,0.027079304,0.022522523,0.00591716,-0.009708738
