"Code","Name","LA_code","LA_name","All","X0to15","X16to29","X30to44","X45to64","X65plus"
"E01005291","Manchester 050E","E08000003","Manchester",0.006378455,0.020761246,0.032388664,0.028880866,0.005479452,-0.064377682
