"Code","Name","LA_code","LA_name","All","X0to15","X16to29","X30to44","X45to64","X65plus"
"E01005176","Manchester 043E","E08000003","Manchester",-0.01852861,-0.018018018,-0.033898305,-0.003169572,-0.034482759,0
