"Code","Name","LA_code","LA_name","All","X0to15","X16to29","X30to44","X45to64","X65plus"
"E01005213","Manchester 059A","E08000003","Manchester",0.003090508,-0.010869565,0.013767209,0.018394649,-0.016713092,-0.035460993
