"Code","Name","LA_code","LA_name","All","X0to15","X16to29","X30to44","X45to64","X65plus"
"E01033678","Manchester 009F","E08000003","Manchester",-0.043844857,0.002074689,-0.073604061,-0.042606516,-0.055555556,-0.086419753
