"Code","Name","LA_code","LA_name","All","X0to15","X16to29","X30to44","X45to64","X65plus"
"E01005200","Manchester 027C","E08000003","Manchester",0.005164319,0.033771107,0.014285714,-0.007233273,-0.024630542,0.004587156
