"Code","Name","LA_code","LA_name","All","X0to15","X16to29","X30to44","X45to64","X65plus"
"E01005116","Manchester 047E","E08000003","Manchester",-0.035105316,-0.045602606,-0.032941176,-0.077079108,-0.002066116,-0.010526316
