"Code","Name","LA_code","LA_name","All","X0to15","X16to29","X30to44","X45to64","X65plus"
"E01005123","Manchester 041D","E08000003","Manchester",-0.032314924,-0.028697572,-0.048710602,-0.039755352,-0.032019704,0.005988024
