"Code","Name","LA_code","LA_name","All","X0to15","X16to29","X30to44","X45to64","X65plus"
"E01005158","Manchester 033C","E08000003","Manchester",-0.005256242,0.032786885,0.037453184,-0.011627907,-0.00273224,-0.093023256
