"Code","Name","LA_code","LA_name","All","X0to15","X16to29","X30to44","X45to64","X65plus"
"E01005261","Manchester 012E","E08000003","Manchester",-0.002257336,0.021113244,-0.01607717,0.002724796,-0.010025063,-0.040229885
