"Code","Name","LA_code","LA_name","All","X0to15","X16to29","X30to44","X45to64","X65plus"
"E01005124","Manchester 041E","E08000003","Manchester",0.001101322,0.024774775,-0.027918782,0.009852217,-0.002475248,-0.005952381
