"Code","Name","LA_code","LA_name","All","X0to15","X16to29","X30to44","X45to64","X65plus"
"E01005279","Manchester 035E","E08000003","Manchester",-0.007977475,0.00408998,0.004405286,-0.011627907,-0.025806452,-0.014492754
