"Code","Name","LA_code","LA_name","All","X0to15","X16to29","X30to44","X45to64","X65plus"
"E01005256","Manchester 011A","E08000003","Manchester",0.005620233,0.010785824,0.01242236,-0.010344828,0.003944773,0.018382353
