"Code","Name","LA_code","LA_name","All","X0to15","X16to29","X30to44","X45to64","X65plus"
"E01005266","Manchester 044E","E08000003","Manchester",0.012909633,0.026804124,0,0.023504274,-0.002444988,0.011764706
