"Code","Name","LA_code","LA_name","All","X0to15","X16to29","X30to44","X45to64","X65plus"
"E01005186","Manchester 020B","E08000003","Manchester",0,0.01026393,-0.006666667,-0.011308562,0.013605442,-0.016129032
