"Code","Name","LA_code","LA_name","All","X0to15","X16to29","X30to44","X45to64","X65plus"
"E01005165","Manchester 008D","E08000003","Manchester",0.004643309,0.001644737,0.012320329,0.007974482,-0.007575758,0.007968127
