"Code","Name","LA_code","LA_name","All","X0to15","X16to29","X30to44","X45to64","X65plus"
"E01005263","Manchester 046A","E08000003","Manchester",-0.027863777,-0.073076923,0.057268722,0.015060241,-0.006097561,-0.134868421
