"Code","Name","LA_code","LA_name","All","X0to15","X16to29","X30to44","X45to64","X65plus"
"E01005199","Manchester 027B","E08000003","Manchester",-0.006958657,-0.023287671,0.015283843,-0.003025719,-0.002283105,-0.025641026
