"Code","Name","LA_code","LA_name","All","X0to15","X16to29","X30to44","X45to64","X65plus"
"E01033660","Manchester 059B","E08000003","Manchester",0.014765101,-0.071428571,0.020706456,-0.01426025,0.130952381,0.3
