"Code","Name","LA_code","LA_name","All","X0to15","X16to29","X30to44","X45to64","X65plus"
"E01005214","Manchester 019D","E08000003","Manchester",-0.049648163,-0.002347418,-0.082219938,-0.051114024,-0.026162791,0.038461538
