"Code","Name","LA_code","LA_name","All","X0to15","X16to29","X30to44","X45to64","X65plus"
"E01005182","Manchester 030E","E08000003","Manchester",0.027183343,0,0.008130081,0.036184211,0.050445104,0.108695652
