"Code","Name","LA_code","LA_name","All","X0to15","X16to29","X30to44","X45to64","X65plus"
"E01005316","Manchester 053D","E08000003","Manchester",-0.018541409,-0.003012048,-0.030769231,-0.042352941,0.048648649,-0.114457831
