"Code","Name","LA_code","LA_name","All","X0to15","X16to29","X30to44","X45to64","X65plus"
"E01005093","Manchester 012A","E08000003","Manchester",0.003516999,0.038379531,-0.013651877,0,-0.014577259,-0.012195122
