"Code","Name","LA_code","LA_name","All","X0to15","X16to29","X30to44","X45to64","X65plus"
"E01005079","Manchester 042C","E08000003","Manchester",-0.023081722,-0.029498525,-0.006968641,-0.030456853,-0.025069638,-0.017857143
