"Code","Name","LA_code","LA_name","All","X0to15","X16to29","X30to44","X45to64","X65plus"
"E01005227","Manchester 009D","E08000003","Manchester",0.022289767,0,0.053221289,0.028132992,0.034482759,-0.005128205
