"Code","Name","LA_code","LA_name","All","X0to15","X16to29","X30to44","X45to64","X65plus"
"E01005202","Manchester 009A","E08000003","Manchester",-0.0468107,-0.016071429,-0.053892216,-0.044226044,-0.038095238,-0.134529148
