"Code","Name","LA_code","LA_name","All","X0to15","X16to29","X30to44","X45to64","X65plus"
"E01005114","Manchester 047D","E08000003","Manchester",0,-0.007246377,-0.053639847,-0.008333333,0.033816425,0.01010101
