"Code","Name","LA_code","LA_name","All","X0to15","X16to29","X30to44","X45to64","X65plus"
"E01005147","Manchester 058B","E08000003","Manchester",0.01051868,0.044471154,0.008223684,-0.0056899,0.019565217,-0.116883117
