"Code","Name","LA_code","LA_name","All","X0to15","X16to29","X30to44","X45to64","X65plus"
"E01005228","Manchester 009E","E08000003","Manchester",0.017928287,-0.001733102,0.017204301,0.038554217,-0.008241758,0.085561497
