"Code","Name","LA_code","LA_name","All","X0to15","X16to29","X30to44","X45to64","X65plus"
"E01005301","Manchester 033E","E08000003","Manchester",-0.004065041,-0.010948905,-0.024221453,0.007894737,0.008379888,-0.011428571
