"Code","Name","LA_code","LA_name","All","X0to15","X16to29","X30to44","X45to64","X65plus"
"E01005167","Manchester 008F","E08000003","Manchester",0.003601981,-0.006839945,-0.02742616,0.036398467,0.010666667,0.025210084
