"Code","Name","LA_code","LA_name","All","X0to15","X16to29","X30to44","X45to64","X65plus"
"E01005172","Manchester 043A","E08000003","Manchester",-0.008094645,0.037558685,-0.016,0.009345794,-0.023880597,-0.043137255
