"Code","Name","LA_code","LA_name","All","X0to15","X16to29","X30to44","X45to64","X65plus"
"E01005241","Manchester 025A","E08000003","Manchester",0.025974026,0.017038008,0.016908213,0.028846154,0.038674033,0.078014184
