"Code","Name","LA_code","LA_name","All","X0to15","X16to29","X30to44","X45to64","X65plus"
"E01033666","Manchester 017F","E08000003","Manchester",-0.001074884,-0.00443787,0.010869565,-0.022257552,0,0.026946108
