"Code","Name","LA_code","LA_name","All","X0to15","X16to29","X30to44","X45to64","X65plus"
"E01005102","Manchester 001D","E08000003","Manchester",0.003516174,0,0.004201681,-0.010067114,0.030470914,-0.015936255
