"Code","Name","LA_code","LA_name","All","X0to15","X16to29","X30to44","X45to64","X65plus"
"E01005071","Manchester 048A","E08000003","Manchester",0.021304067,0.028818444,0.022151899,0.059375,0.024657534,-0.059701493
