"Code","Name","LA_code","LA_name","All","X0to15","X16to29","X30to44","X45to64","X65plus"
"E01005265","Manchester 044D","E08000003","Manchester",0.011613692,0.002398082,0.039855072,0.011695906,-0.005050505,0.024390244
