"Code","Name","LA_code","LA_name","All","X0to15","X16to29","X30to44","X45to64","X65plus"
"E01005205","Manchester 006B","E08000003","Manchester",-0.008612874,-0.023972603,-0.035545024,0.016563147,-0.026726058,0.052238806
