"Code","Name","LA_code","LA_name","All","X0to15","X16to29","X30to44","X45to64","X65plus"
"E01033671","Manchester 039F","E08000003","Manchester",-0.001673173,0.00990099,0.006872852,-0.017366136,0.086956522,-0.097014925
