"Code","Name","LA_code","LA_name","All","X0to15","X16to29","X30to44","X45to64","X65plus"
"E01005169","Manchester 045C","E08000003","Manchester",0.008216927,-0.014492754,0.033898305,-0.014705882,-0.002816901,0.041860465
