"Code","Name","LA_code","LA_name","All","X0to15","X16to29","X30to44","X45to64","X65plus"
"E01005126","Manchester 045A","E08000003","Manchester",-0.015944195,0.025316456,-0.042128603,-0.023354565,-0.015544041,-0.019736842
