"Code","Name","LA_code","LA_name","All","X0to15","X16to29","X30to44","X45to64","X65plus"
"E01005288","Manchester 025E","E08000003","Manchester",-0.027621195,-0.065217391,-0.003896104,-0.052238806,0.021390374,-0.086021505
