"Code","Name","LA_code","LA_name","All","X0to15","X16to29","X30to44","X45to64","X65plus"
"E01033679","Manchester 009G","E08000003","Manchester",0.038941954,0.048632219,0.055555556,0.046511628,0.023323615,0.007352941
