"Code","Name","LA_code","LA_name","All","X0to15","X16to29","X30to44","X45to64","X65plus"
"E01005138","Manchester 002D","E08000003","Manchester",0.004100461,-0.030664395,0.033018868,0,0.011299435,0.039800995
