"Code","Name","LA_code","LA_name","All","X0to15","X16to29","X30to44","X45to64","X65plus"
"E01005223","Manchester 007A","E08000003","Manchester",0.002743484,0.019933555,0.007272727,0.023569024,-0.004819277,-0.052941176
