"Code","Name","LA_code","LA_name","All","X0to15","X16to29","X30to44","X45to64","X65plus"
"E01005278","Manchester 035D","E08000003","Manchester",0.004052685,-0.012820513,-0.003157895,0.003460208,0.022304833,0.051948052
