"Code","Name","LA_code","LA_name","All","X0to15","X16to29","X30to44","X45to64","X65plus"
"E01005215","Manchester 034C","E08000003","Manchester",0.004263382,-0.018018018,0.034229829,0.019855596,-0.005509642,-0.017391304
