"Code","Name","LA_code","LA_name","All","X0to15","X16to29","X30to44","X45to64","X65plus"
"E01005244","Manchester 025C","E08000003","Manchester",0.001759531,0.005420054,0.002794597,0.013100437,-0.045614035,0.033112583
