"Code","Name","LA_code","LA_name","All","X0to15","X16to29","X30to44","X45to64","X65plus"
"E01005119","Manchester 041A","E08000003","Manchester",0.003140704,-0.016317016,-0.011111111,0.048929664,-0.011019284,0.014778325
