"Code","Name","LA_code","LA_name","All","X0to15","X16to29","X30to44","X45to64","X65plus"
"E01005311","Manchester 036D","E08000003","Manchester",0.010251153,0.049586777,0.017400205,-0.022222222,0.00896861,-0.020134228
