"Code","Name","LA_code","LA_name","All","X0to15","X16to29","X30to44","X45to64","X65plus"
"E01005251","Manchester 003D","E08000003","Manchester",-0.024477612,-0.047085202,-0.028846154,-0.016393443,-0.021276596,0.017142857
