"Code","Name","LA_code","LA_name","All","X0to15","X16to29","X30to44","X45to64","X65plus"
"E01005069","Manchester 047A","E08000003","Manchester",-0.008415147,-0.012765957,-0.013157895,-0.022801303,0.014251781,-0.021276596
