"Code","Name","LA_code","LA_name","All","X0to15","X16to29","X30to44","X45to64","X65plus"
"E01033667","Manchester 054E","E08000003","Manchester",0.010309278,0.15,-0.006908463,-0.015345269,0.090909091,0.181818182
