"Code","Name","LA_code","LA_name","All","X0to15","X16to29","X30to44","X45to64","X65plus"
"E01005250","Manchester 005D","E08000003","Manchester",0.01674516,0.024144869,0.039513678,0.01965602,0.002380952,-0.007751938
