"Code","Name","LA_code","LA_name","All","X0to15","X16to29","X30to44","X45to64","X65plus"
"E01005155","Manchester 037C","E08000003","Manchester",0.010752688,0.036734694,0.024271845,-0.017021277,0.040752351,-0.025806452
