"Code","Name","LA_code","LA_name","All","X0to15","X16to29","X30to44","X45to64","X65plus"
"E01005203","Manchester 009B","E08000003","Manchester",-0.009232264,-0.009940358,0.029673591,-0.01048951,-0.023419204,-0.03652968
