"Code","Name","LA_code","LA_name","All","X0to15","X16to29","X30to44","X45to64","X65plus"
"E01005273","Manchester 035C","E08000003","Manchester",0.010882709,0.069767442,0.000932836,0.00862069,0.027972028,0.025641026
