"Code","Name","LA_code","LA_name","All","X0to15","X16to29","X30to44","X45to64","X65plus"
"E01028254","Mansfield 012A","E07000174","Mansfield",0.011967091,-0.022321429,0.049723757,-0.013574661,0.020356234,0.022012579
