"Code","Name","LA_code","LA_name","All","X0to15","X16to29","X30to44","X45to64","X65plus"
"E01028235","Mansfield 011A","E07000174","Mansfield",0.029765674,0.03968254,0.039408867,0.010714286,0.024590164,0.039325843
