"Code","Name","LA_code","LA_name","All","X0to15","X16to29","X30to44","X45to64","X65plus"
"E01033391","Mansfield 013I","E07000174","Mansfield",0,0.024509804,0.081081081,-0.030150754,-0.024324324,0.003267974
