"Code","Name","LA_code","LA_name","All","X0to15","X16to29","X30to44","X45to64","X65plus"
"E01028240","Mansfield 007D","E07000174","Mansfield",0.004922644,0.030456853,0.014851485,0.028688525,0.00660793,-0.036923077
