"Code","Name","LA_code","LA_name","All","X0to15","X16to29","X30to44","X45to64","X65plus"
"E01028274","Mansfield 009C","E07000174","Mansfield",0.002619515,0.00877193,0.014792899,-0.005571031,0.004705882,-0.016949153
