"Code","Name","LA_code","LA_name","All","X0to15","X16to29","X30to44","X45to64","X65plus"
"E01028222","Mansfield 013D","E07000174","Mansfield",0.023684211,0.101449275,0.027027027,0.005025126,0.030364372,-0.01059322
