"Code","Name","LA_code","LA_name","All","X0to15","X16to29","X30to44","X45to64","X65plus"
"E01028246","Mansfield 010E","E07000174","Mansfield",0.014002334,0.01010101,-0.003378378,0.032846715,0.023508137,0.002544529
