"Code","Name","LA_code","LA_name","All","X0to15","X16to29","X30to44","X45to64","X65plus"
"E01028237","Mansfield 007A","E07000174","Mansfield",0.044978435,0.093877551,0.037593985,0.033195021,0.041928721,0.030456853
