"Code","Name","LA_code","LA_name","All","X0to15","X16to29","X30to44","X45to64","X65plus"
"E01028231","Mansfield 010B","E07000174","Mansfield",0.032508834,0.068548387,0.046082949,0.010067114,0.024324324,0.024822695
