"Code","Name","LA_code","LA_name","All","X0to15","X16to29","X30to44","X45to64","X65plus"
"E01028230","Mansfield 010A","E07000174","Mansfield",-0.01884253,-0.063535912,-0.003787879,0.013651877,-0.008571429,-0.023041475
