"Code","Name","LA_code","LA_name","All","X0to15","X16to29","X30to44","X45to64","X65plus"
"E01028282","Mansfield 006F","E07000174","Mansfield",-0.039330544,-0.035714286,-0.035353535,-0.065989848,-0.058103976,0
