"Code","Name","LA_code","LA_name","All","X0to15","X16to29","X30to44","X45to64","X65plus"
"E01033390","Mansfield 013H","E07000174","Mansfield",0.040935673,0.010845987,0.126353791,0.047801147,-0.00536193,0.092105263
