"Code","Name","LA_code","LA_name","All","X0to15","X16to29","X30to44","X45to64","X65plus"
"E01028232","Mansfield 006B","E07000174","Mansfield",-0.003992016,0.044715447,-0.032110092,0.036363636,-0.016746411,-0.027431421
