"Code","Name","LA_code","LA_name","All","X0to15","X16to29","X30to44","X45to64","X65plus"
"E01028264","Mansfield 011D","E07000174","Mansfield",-0.005876068,-0.017421603,-0.024193548,0.019543974,-0.00173913,-0.010989011
