"Code","Name","LA_code","LA_name","All","X0to15","X16to29","X30to44","X45to64","X65plus"
"E01028252","Mansfield 003B","E07000174","Mansfield",0.007395668,0.027272727,0.02166065,-0.013513514,0.012612613,-0.008310249
