"Code","Name","LA_code","LA_name","All","X0to15","X16to29","X30to44","X45to64","X65plus"
"E01016025","Medway 027A","E06000035","Medway",-0.008896797,-0.039513678,0.010948905,-0.036,0.035377358,-0.026894866
