"Code","Name","LA_code","LA_name","All","X0to15","X16to29","X30to44","X45to64","X65plus"
"E01016107","Medway 032D","E06000035","Medway",0.025308241,0.023569024,-0.015503876,-0.009868421,0.024175824,0.123348018
