"Code","Name","LA_code","LA_name","All","X0to15","X16to29","X30to44","X45to64","X65plus"
"E01016097","Medway 025C","E06000035","Medway",-0.004018754,0.033444816,-0.048780488,-0.018461538,0.035519126,-0.042801556
