"Code","Name","LA_code","LA_name","All","X0to15","X16to29","X30to44","X45to64","X65plus"
"E01016039","Medway 009D","E06000035","Medway",0.009325288,0.029082774,0.009195402,0.002487562,-0.015151515,0.034965035
