"Code","Name","LA_code","LA_name","All","X0to15","X16to29","X30to44","X45to64","X65plus"
"E01016113","Medway 017A","E06000035","Medway",-0.005438477,-0.00974026,0.029411765,-0.024390244,0.004889976,-0.015625
