"Code","Name","LA_code","LA_name","All","X0to15","X16to29","X30to44","X45to64","X65plus"
"E01016102","Medway 025E","E06000035","Medway",-0.013743455,-0.031496063,-0.026229508,-0.013559322,0.012406948,-0.022140221
