"Code","Name","LA_code","LA_name","All","X0to15","X16to29","X30to44","X45to64","X65plus"
"E01016170","Medway 038E","E06000035","Medway",0.012330456,0.037572254,-0.021875,0.012012012,-0.018918919,0.067193676
