"Code","Name","LA_code","LA_name","All","X0to15","X16to29","X30to44","X45to64","X65plus"
"E01016024","Medway 022C","E06000035","Medway",0.003010537,-0.039076377,0.012345679,0.027888446,0.030612245,-0.022900763
