"Code","Name","LA_code","LA_name","All","X0to15","X16to29","X30to44","X45to64","X65plus"
"E01016171","Medway 037C","E06000035","Medway",-0.017283951,0,-0.020547945,-0.027863777,-0.01061008,-0.033707865
