"Code","Name","LA_code","LA_name","All","X0to15","X16to29","X30to44","X45to64","X65plus"
"E01016115","Medway 017C","E06000035","Medway",-0.01362948,-0.056680162,-0.033707865,0.0325,0.004106776,-0.008196721
