"Code","Name","LA_code","LA_name","All","X0to15","X16to29","X30to44","X45to64","X65plus"
"E01016064","Medway 020C","E06000035","Medway",-0.006829824,0.019073569,-0.034946237,-0.022988506,0.009546539,-0.007968127
