"Code","Name","LA_code","LA_name","All","X0to15","X16to29","X30to44","X45to64","X65plus"
"E01016151","Medway 008A","E06000035","Medway",-0.00839832,0.002881844,-0.019762846,-0.022160665,-0.025056948,0.033707865
