"Code","Name","LA_code","LA_name","All","X0to15","X16to29","X30to44","X45to64","X65plus"
"E01016088","Medway 029B","E06000035","Medway",-0.006147541,0.034129693,-0.073170732,-0.055147059,0.002427184,0.035460993
