"Code","Name","LA_code","LA_name","All","X0to15","X16to29","X30to44","X45to64","X65plus"
"E01016168","Medway 037A","E06000035","Medway",-0.03163017,-0.02507837,-0.017605634,-0.0078125,-0.040669856,-0.054495913
