"Code","Name","LA_code","LA_name","All","X0to15","X16to29","X30to44","X45to64","X65plus"
"E01016022","Medway 021C","E06000035","Medway",-0.013166557,-0.029810298,-0.018404908,-0.042134831,0.029154519,0.016
