"Code","Name","LA_code","LA_name","All","X0to15","X16to29","X30to44","X45to64","X65plus"
"E01016047","Medway 016C","E06000035","Medway",0.004121587,-0.001926782,0.00896861,-0.011086475,-0.007712082,0.095588235
