"Code","Name","LA_code","LA_name","All","X0to15","X16to29","X30to44","X45to64","X65plus"
"E01016069","Medway 020D","E06000035","Medway",-0.01483376,-0.044145873,-0.019067797,0.019762846,-0.033742331,0.030769231
