"Code","Name","LA_code","LA_name","All","X0to15","X16to29","X30to44","X45to64","X65plus"
"E01016161","Medway 018B","E06000035","Medway",-0.003631961,-0.005988024,-0.046511628,0.015037594,0.011061947,-0.002923977
