"Code","Name","LA_code","LA_name","All","X0to15","X16to29","X30to44","X45to64","X65plus"
"E01016023","Medway 022B","E06000035","Medway",-0.021082621,-0.001926782,-0.023872679,-0.012738854,-0.041162228,-0.045454545
