"Code","Name","LA_code","LA_name","All","X0to15","X16to29","X30to44","X45to64","X65plus"
"E01016131","Medway 014D","E06000035","Medway",0.005834306,0.021472393,0.004237288,0.04950495,0.01048218,-0.048387097
