"Code","Name","LA_code","LA_name","All","X0to15","X16to29","X30to44","X45to64","X65plus"
"E01016152","Medway 008B","E06000035","Medway",-0.019556714,-0.018237082,0.007905138,-0.01119403,-0.032098765,-0.035842294
