"Code","Name","LA_code","LA_name","All","X0to15","X16to29","X30to44","X45to64","X65plus"
"E01016083","Medway 031D","E06000035","Medway",-0.012738854,-0.009836066,-0.025362319,-0.011406844,0.005633803,-0.03271028
