"Code","Name","LA_code","LA_name","All","X0to15","X16to29","X30to44","X45to64","X65plus"
"E01016045","Medway 012C","E06000035","Medway",-0.007523148,0.016786571,-0.013368984,-0.002604167,-0.01754386,-0.045454545
