"Code","Name","LA_code","LA_name","All","X0to15","X16to29","X30to44","X45to64","X65plus"
"E01016060","Medway 038D","E06000035","Medway",-0.028014616,0.014652015,0,-0.057471264,-0.018367347,-0.071428571
