"Code","Name","LA_code","LA_name","All","X0to15","X16to29","X30to44","X45to64","X65plus"
"E01016140","Medway 006D","E06000035","Medway",-0.048083171,-0.103559871,-0.043010753,-0.008823529,-0.047393365,-0.037037037
