"Code","Name","LA_code","LA_name","All","X0to15","X16to29","X30to44","X45to64","X65plus"
"E01016177","Medway 013D","E06000035","Medway",0.054140127,0.04248366,0.090342679,0.066225166,0.034722222,0.038277512
