"Code","Name","LA_code","LA_name","All","X0to15","X16to29","X30to44","X45to64","X65plus"
"E01016029","Medway 028D","E06000035","Medway",0.002376708,0.020467836,-0.018450185,-0.018324607,0.015283843,0.008695652
