"Code","Name","LA_code","LA_name","All","X0to15","X16to29","X30to44","X45to64","X65plus"
"E01016041","Medway 012B","E06000035","Medway",-0.023463687,-0.010928962,-0.041262136,-0.020833333,-0.03908046,0.034482759
