"Code","Name","LA_code","LA_name","All","X0to15","X16to29","X30to44","X45to64","X65plus"
"E01016058","Medway 031A","E06000035","Medway",0.034366577,0.031007752,0.021459227,0.006711409,0.050119332,0.054347826
