"Code","Name","LA_code","LA_name","All","X0to15","X16to29","X30to44","X45to64","X65plus"
"E01016035","Medway 007A","E06000035","Medway",-0.014736842,0.076335878,-0.030405405,-0.024324324,-0.025510204,-0.137254902
