"Code","Name","LA_code","LA_name","All","X0to15","X16to29","X30to44","X45to64","X65plus"
"E01016065","Medway 027B","E06000035","Medway",-0.002818887,-0.047826087,-0.032407407,-0.015810277,0.015730337,0.04
