"Code","Name","LA_code","LA_name","All","X0to15","X16to29","X30to44","X45to64","X65plus"
"E01016100","Medway 036C","E06000035","Medway",-0.023317788,0.028571429,-0.030172414,-0.013289037,-0.054123711,-0.036666667
