"Code","Name","LA_code","LA_name","All","X0to15","X16to29","X30to44","X45to64","X65plus"
"E01016136","Medway 006B","E06000035","Medway",0.032979976,0.037220844,0.006024096,0,0.061007958,0.078817734
