"Code","Name","LA_code","LA_name","All","X0to15","X16to29","X30to44","X45to64","X65plus"
"E01016072","Medway 001C","E06000035","Medway",-0.000770416,-0.032653061,-0.040358744,0.013824885,0.004962779,0.052380952
