"Code","Name","LA_code","LA_name","All","X0to15","X16to29","X30to44","X45to64","X65plus"
"E01016016","Medway 015A","E06000035","Medway",0.006512729,0.049586777,-0.027700831,-0.021377672,0.0375,-0.020833333
