"Code","Name","LA_code","LA_name","All","X0to15","X16to29","X30to44","X45to64","X65plus"
"E01016044","Medway 016A","E06000035","Medway",0.0039128,0.002364066,-0.008174387,0.01754386,-0.023696682,0.06741573
