"Code","Name","LA_code","LA_name","All","X0to15","X16to29","X30to44","X45to64","X65plus"
"E01016165","Medway 018F","E06000035","Medway",-0.010124611,0.032110092,-0.01980198,-0.03125,-0.01285347,-0.017667845
