"Code","Name","LA_code","LA_name","All","X0to15","X16to29","X30to44","X45to64","X65plus"
"E01016135","Medway 006A","E06000035","Medway",0.025031289,0.034055728,0.046511628,0.017492711,0.014925373,0.018382353
