"Code","Name","LA_code","LA_name","All","X0to15","X16to29","X30to44","X45to64","X65plus"
"E01016019","Medway 015C","E06000035","Medway",-0.025678295,-0.033687943,-0.033009709,-0.020872865,-0.034285714,0.055555556
