"Code","Name","LA_code","LA_name","All","X0to15","X16to29","X30to44","X45to64","X65plus"
"E01016053","Medway 035D","E06000035","Medway",-0.063802906,-0.074418605,-0.088785047,-0.06122449,-0.059770115,-0.053537285
