"Code","Name","LA_code","LA_name","All","X0to15","X16to29","X30to44","X45to64","X65plus"
"E01016018","Medway 022A","E06000035","Medway",-0.003605228,0.019169329,-0.004376368,-0.003442341,-0.056074766,0.062992126
