"Code","Name","LA_code","LA_name","All","X0to15","X16to29","X30to44","X45to64","X65plus"
"E01016094","Medway 025A","E06000035","Medway",-0.002693603,0.008196721,-0.027131783,0.011278195,-0.002597403,-0.003012048
