"Code","Name","LA_code","LA_name","All","X0to15","X16to29","X30to44","X45to64","X65plus"
"E01016125","Medway 021D","E06000035","Medway",0.02630137,0.033854167,-0.011299435,0.00990099,0.028077754,0.1
