"Code","Name","LA_code","LA_name","All","X0to15","X16to29","X30to44","X45to64","X65plus"
"E01016042","Medway 013B","E06000035","Medway",0.021086262,0.007194245,0.012461059,0.032258065,0.059139785,-0.04137931
