"Code","Name","LA_code","LA_name","All","X0to15","X16to29","X30to44","X45to64","X65plus"
"E01016130","Medway 014C","E06000035","Medway",0.010341262,0.064638783,0.028056112,0.008695652,-0.004040404,-0.036144578
