"Code","Name","LA_code","LA_name","All","X0to15","X16to29","X30to44","X45to64","X65plus"
"E01016031","Medway 012A","E06000035","Medway",-0.022233202,-0.051587302,-0.024175824,0,-0.016393443,-0.009615385
