"Code","Name","LA_code","LA_name","All","X0to15","X16to29","X30to44","X45to64","X65plus"
"E01016117","Medway 014A","E06000035","Medway",0,0.007263923,-0.015037594,0.006521739,0.012562814,-0.016483516
