"Code","Name","LA_code","LA_name","All","X0to15","X16to29","X30to44","X45to64","X65plus"
"E01016066","Medway 027C","E06000035","Medway",-0.022988506,-0.06547619,0,-0.027303754,-0.011415525,-0.0041841
