"Code","Name","LA_code","LA_name","All","X0to15","X16to29","X30to44","X45to64","X65plus"
"E01016080","Medway 034B","E06000035","Medway",-0.044303797,0.003115265,-0.054285714,-0.035608309,-0.05027933,-0.102803738
