"Code","Name","LA_code","LA_name","All","X0to15","X16to29","X30to44","X45to64","X65plus"
"E01016092","Medway 036A","E06000035","Medway",-0.03331198,-0.058823529,-0.018181818,-0.074906367,-0.014319809,-0.015665796
