"Code","Name","LA_code","LA_name","All","X0to15","X16to29","X30to44","X45to64","X65plus"
"E01016142","Medway 002A","E06000035","Medway",-0.038284839,-0.088983051,-0.046875,-0.053435115,-0.029484029,0.028708134
