"Code","Name","LA_code","LA_name","All","X0to15","X16to29","X30to44","X45to64","X65plus"
"E01016137","Medway 006C","E06000035","Medway",0.000599161,0.021052632,-0.008450704,-0.024570025,0,0.044776119
