"Code","Name","LA_code","LA_name","All","X0to15","X16to29","X30to44","X45to64","X65plus"
"E01016103","Medway 032B","E06000035","Medway",0.015946844,0.015503876,0.047244094,0.006622517,-0.002283105,0.027667984
