"Code","Name","LA_code","LA_name","All","X0to15","X16to29","X30to44","X45to64","X65plus"
"E01025883","Melton 003A","E07000133","Melton",0.023557126,0.045614035,0.076190476,-0.003521127,0.015209125,0.010178117
