"Code","Name","LA_code","LA_name","All","X0to15","X16to29","X30to44","X45to64","X65plus"
"E01025891","Melton 001E","E07000133","Melton",0.011682243,0.007272727,-0.015037594,-0.005319149,0.01635514,0.034615385
