"Code","Name","LA_code","LA_name","All","X0to15","X16to29","X30to44","X45to64","X65plus"
"E01025908","Melton 005E","E07000133","Melton",-0.008825152,-0.007142857,-0.03652968,0.01119403,-0.035971223,0.02244898
