"Code","Name","LA_code","LA_name","All","X0to15","X16to29","X30to44","X45to64","X65plus"
"E01025912","Melton 006D","E07000133","Melton",0.024901704,0.012096774,0.101796407,0.046082949,-0.009242144,0.036827195
