"Code","Name","LA_code","LA_name","All","X0to15","X16to29","X30to44","X45to64","X65plus"
"E01025905","Melton 004F","E07000133","Melton",0.018023256,0.002392344,0.039344262,0,0.016,0.036144578
