"Code","Name","LA_code","LA_name","All","X0to15","X16to29","X30to44","X45to64","X65plus"
"E01025904","Melton 002D","E07000133","Melton",-0.003966287,-0.002475248,-0.006756757,-0.027863777,-0.022767075,0.040189125
