"Code","Name","LA_code","LA_name","All","X0to15","X16to29","X30to44","X45to64","X65plus"
"E01025893","Melton 005A","E07000133","Melton",0.004479841,-0.012195122,-0.003058104,0.00872093,0.015410959,0.004694836
