"Code","Name","LA_code","LA_name","All","X0to15","X16to29","X30to44","X45to64","X65plus"
"E01025897","Melton 004B","E07000133","Melton",0.010926366,0.035885167,0.011904762,0.015217391,0.018711019,-0.039877301
