"Code","Name","LA_code","LA_name","All","X0to15","X16to29","X30to44","X45to64","X65plus"
"E01025884","Melton 003B","E07000133","Melton",-0.017878427,-0.011695906,-0.032967033,-0.018987342,-0.018947368,-0.007352941
