"Code","Name","LA_code","LA_name","All","X0to15","X16to29","X30to44","X45to64","X65plus"
"E01025900","Melton 004E","E07000133","Melton",0.002017485,-0.017191977,0.004166667,0.042168675,0.005988024,-0.034482759
