"Code","Name","LA_code","LA_name","All","X0to15","X16to29","X30to44","X45to64","X65plus"
"E01029029","Mendip 007A","E07000187","Mendip",0.012062033,0.030985915,0.013937282,0.037735849,-0.004201681,-0.013114754
