"Code","Name","LA_code","LA_name","All","X0to15","X16to29","X30to44","X45to64","X65plus"
"E01029056","Mendip 006B","E07000187","Mendip",-0.001635323,-0.0375,0.034582133,0.028753994,-0.02125,0.011945392
