"Code","Name","LA_code","LA_name","All","X0to15","X16to29","X30to44","X45to64","X65plus"
"E01029047","Mendip 012A","E07000187","Mendip",0.048563611,0.080808081,0.115942029,0.054852321,0.018223235,0.006410256
