"Code","Name","LA_code","LA_name","All","X0to15","X16to29","X30to44","X45to64","X65plus"
"E01029077","Mendip 013C","E07000187","Mendip",-0.021632252,-0.047761194,-0.038297872,0.012244898,-0.004291845,-0.036538462
