"Code","Name","LA_code","LA_name","All","X0to15","X16to29","X30to44","X45to64","X65plus"
"E01029042","Mendip 004C","E07000187","Mendip",-0.026899798,-0.042622951,-0.055776892,-0.034615385,-0.022222222,0.018796992
