"Code","Name","LA_code","LA_name","All","X0to15","X16to29","X30to44","X45to64","X65plus"
"E01029040","Mendip 007F","E07000187","Mendip",0.01854067,0.006557377,0.047008547,0.048859935,-0.014553015,0.028985507
