"Code","Name","LA_code","LA_name","All","X0to15","X16to29","X30to44","X45to64","X65plus"
"E01029074","Mendip 012D","E07000187","Mendip",-0.002747253,0.002024291,-0.001347709,0.017621145,-0.01061008,-0.01744186
