"Code","Name","LA_code","LA_name","All","X0to15","X16to29","X30to44","X45to64","X65plus"
"E01029046","Mendip 011A","E07000187","Mendip",-0.01128069,0.01010101,-0.0591133,-0.010380623,-0.01659751,0.011940299
