"Code","Name","LA_code","LA_name","All","X0to15","X16to29","X30to44","X45to64","X65plus"
"E01032627","Mendip 011F","E07000187","Mendip",-0.002292526,-0.020134228,0.011278195,0.006993007,0.026825633,-0.037181996
