"Code","Name","LA_code","LA_name","All","X0to15","X16to29","X30to44","X45to64","X65plus"
"E01029030","Mendip 003A","E07000187","Mendip",0.018276762,0.040123457,0.026666667,0.023809524,0.022569444,-0.018469657
