"Code","Name","LA_code","LA_name","All","X0to15","X16to29","X30to44","X45to64","X65plus"
"E01029045","Mendip 004E","E07000187","Mendip",0.032471437,0.013157895,0.054982818,0.053968254,0.027210884,0.016025641
