"Code","Name","LA_code","LA_name","All","X0to15","X16to29","X30to44","X45to64","X65plus"
"E01029041","Mendip 004B","E07000187","Mendip",0.008004002,-0.00795756,0.052117264,0.007263923,-0.013232514,0.018766756
