"Code","Name","LA_code","LA_name","All","X0to15","X16to29","X30to44","X45to64","X65plus"
"E01029068","Mendip 002D","E07000187","Mendip",-0.001458789,-0.067092652,0.003773585,0.06918239,-0.020172911,0.048780488
