"Code","Name","LA_code","LA_name","All","X0to15","X16to29","X30to44","X45to64","X65plus"
"E01029050","Mendip 011D","E07000187","Mendip",-0.016545601,0.004796163,0,-0.021028037,-0.030872483,-0.021568627
