"Code","Name","LA_code","LA_name","All","X0to15","X16to29","X30to44","X45to64","X65plus"
"E01029062","Mendip 009A","E07000187","Mendip",-0.013548387,-0.054945055,0.036363636,0.003095975,-0.026162791,-0.052238806
