"Code","Name","LA_code","LA_name","All","X0to15","X16to29","X30to44","X45to64","X65plus"
"E01029037","Mendip 007C","E07000187","Mendip",-0.060055866,-0.095846645,-0.034682081,-0.054421769,0.014492754,-0.168067227
