"Code","Name","LA_code","LA_name","All","X0to15","X16to29","X30to44","X45to64","X65plus"
"E01029079","Mendip 008B","E07000187","Mendip",0.031289911,0.079646018,0.064655172,0.0703125,0.004192872,-0.010666667
