"Code","Name","LA_code","LA_name","All","X0to15","X16to29","X30to44","X45to64","X65plus"
"E01029054","Mendip 012B","E07000187","Mendip",0.03030303,-0.007067138,0.122093023,0.061674009,0.021153846,0.010471204
