"Code","Name","LA_code","LA_name","All","X0to15","X16to29","X30to44","X45to64","X65plus"
"E01029051","Mendip 011E","E07000187","Mendip",0.002717391,-0.018518519,-0.02484472,0.029069767,0.01084991,0
