"Code","Name","LA_code","LA_name","All","X0to15","X16to29","X30to44","X45to64","X65plus"
"E01029021","Mendip 010B","E07000187","Mendip",-0.039579968,-0.015228426,0.021582734,-0.142857143,-0.039534884,-0.007633588
