"Code","Name","LA_code","LA_name","All","X0to15","X16to29","X30to44","X45to64","X65plus"
"E01003405","Merton 018E","E09000024","Merton",-0.014020805,-0.017361111,0,-0.009983361,-0.043280182,0.019230769
