"Code","Name","LA_code","LA_name","All","X0to15","X16to29","X30to44","X45to64","X65plus"
"W01001312","Merthyr Tydfil 006E","W06000024","Merthyr Tydfil",0.045112782,0.008888889,0.009049774,0.027777778,0.059459459,0.078886311
