"Code","Name","LA_code","LA_name","All","X0to15","X16to29","X30to44","X45to64","X65plus"
"E01003424","Merton 015B","E09000024","Merton",-0.005177994,-0.022435897,-0.010752688,-0.03187251,-0.006578947,0.035294118
