"Code","Name","LA_code","LA_name","All","X0to15","X16to29","X30to44","X45to64","X65plus"
"E01003411","Merton 014C","E09000024","Merton",0.011182109,-0.00862069,0.003225806,0.001745201,0.03125,0.074829932
