"Code","Name","LA_code","LA_name","All","X0to15","X16to29","X30to44","X45to64","X65plus"
"E01003392","Merton 013D","E09000024","Merton",0.001504891,-0.021505376,0.052419355,0.025889968,-0.042979943,0.013888889
