"Code","Name","LA_code","LA_name","All","X0to15","X16to29","X30to44","X45to64","X65plus"
"E01003381","Merton 016B","E09000024","Merton",-0.002659574,-0.049107143,0,0.008361204,0.003952569,0.005291005
