"Code","Name","LA_code","LA_name","All","X0to15","X16to29","X30to44","X45to64","X65plus"
"E01003431","Merton 019C","E09000024","Merton",0.050228311,0.034482759,0.08,0.053156146,0.050480769,0.02962963
