"Code","Name","LA_code","LA_name","All","X0to15","X16to29","X30to44","X45to64","X65plus"
"E01003395","Merton 007B","E09000024","Merton",0.03257329,0.006779661,0.034220532,0.050802139,0.020565553,0.056074766
