"Code","Name","LA_code","LA_name","All","X0to15","X16to29","X30to44","X45to64","X65plus"
"E01003403","Merton 004C","E09000024","Merton",-0.00255102,0.004424779,0.020304569,0.011627907,-0.013020833,-0.027190332
