"Code","Name","LA_code","LA_name","All","X0to15","X16to29","X30to44","X45to64","X65plus"
"E01003470","Merton 020E","E09000024","Merton",0.018404908,-0.019390582,0.022222222,0.038095238,0.018329939,0.038834951
