"Code","Name","LA_code","LA_name","All","X0to15","X16to29","X30to44","X45to64","X65plus"
"W01001315","Merthyr Tydfil 004D","W06000024","Merthyr Tydfil",0.039691943,0.190909091,0.049853372,0.017006803,0,0.008955224
