"Code","Name","LA_code","LA_name","All","X0to15","X16to29","X30to44","X45to64","X65plus"
"E01003397","Merton 007D","E09000024","Merton",0.011780105,0.006644518,0.035433071,0.044705882,-0.002906977,-0.053921569
