"Code","Name","LA_code","LA_name","All","X0to15","X16to29","X30to44","X45to64","X65plus"
"E01003373","Merton 018A","E09000024","Merton",0.014696059,0.018561485,-0.021428571,0.044117647,0.03,-0.02739726
