"Code","Name","LA_code","LA_name","All","X0to15","X16to29","X30to44","X45to64","X65plus"
"E01003442","Merton 010A","E09000024","Merton",-0.018963338,-0.035947712,-0.0375,-0.019178082,-0.017467249,0.006825939
