"Code","Name","LA_code","LA_name","All","X0to15","X16to29","X30to44","X45to64","X65plus"
"E01003476","Merton 003D","E09000024","Merton",0.010362694,0.009174312,0.023076923,0.034700315,-0.002915452,-0.048076923
