"Code","Name","LA_code","LA_name","All","X0to15","X16to29","X30to44","X45to64","X65plus"
"E01003377","Merton 012C","E09000024","Merton",0.004932182,-0.006944444,-0.003144654,0.011204482,0.02970297,-0.036036036
