"Code","Name","LA_code","LA_name","All","X0to15","X16to29","X30to44","X45to64","X65plus"
"E01003386","Merton 013A","E09000024","Merton",0.019386835,0.048736462,0.041871921,0.01309329,0.010729614,-0.077348066
