"Code","Name","LA_code","LA_name","All","X0to15","X16to29","X30to44","X45to64","X65plus"
"E01003404","Merton 004D","E09000024","Merton",0.040816327,0.090909091,0.062992126,0.036036036,-0.015243902,0.052264808
