"Code","Name","LA_code","LA_name","All","X0to15","X16to29","X30to44","X45to64","X65plus"
"E01003436","Merton 023B","E09000024","Merton",-0.000642261,-0.008849558,0.003636364,-0.016172507,-0.005194805,0.048128342
