"Code","Name","LA_code","LA_name","All","X0to15","X16to29","X30to44","X45to64","X65plus"
"E01003387","Merton 014A","E09000024","Merton",-0.007901235,-0.06407767,0.067055394,0.001915709,0.021881838,-0.090425532
