"Code","Name","LA_code","LA_name","All","X0to15","X16to29","X30to44","X45to64","X65plus"
"E01003366","Merton 016A","E09000024","Merton",0.006582885,0.02016129,0.019774011,-0.004065041,0.030640669,-0.04587156
