"Code","Name","LA_code","LA_name","All","X0to15","X16to29","X30to44","X45to64","X65plus"
"E01003378","Merton 018B","E09000024","Merton",0.018993352,-0.005802708,0.053672316,0.037643208,0.045851528,-0.120481928
