"Code","Name","LA_code","LA_name","All","X0to15","X16to29","X30to44","X45to64","X65plus"
"W01001292","Merthyr Tydfil 004A","W06000024","Merthyr Tydfil",-0.007918552,-0.008928571,0.01179941,0.012012012,-0.018957346,-0.044247788
