"Code","Name","LA_code","LA_name","All","X0to15","X16to29","X30to44","X45to64","X65plus"
"E01003417","Merton 025A","E09000024","Merton",0.005813953,0.014234875,0,0.00974026,0.004608295,0
