"Code","Name","LA_code","LA_name","All","X0to15","X16to29","X30to44","X45to64","X65plus"
"E01003422","Merton 025E","E09000024","Merton",0.014760148,0.04048583,0.032407407,-0.003921569,0.011299435,0
