"Code","Name","LA_code","LA_name","All","X0to15","X16to29","X30to44","X45to64","X65plus"
"E01003418","Merton 025B","E09000024","Merton",0.007896626,-0.013157895,0.037383178,-0.054901961,0.004454343,0.072874494
