"Code","Name","LA_code","LA_name","All","X0to15","X16to29","X30to44","X45to64","X65plus"
"W01001298","Merthyr Tydfil 002D","W06000024","Merthyr Tydfil",0.010934937,-0.026785714,0.005181347,0.056547619,0.020920502,-0.006825939
