"Code","Name","LA_code","LA_name","All","X0to15","X16to29","X30to44","X45to64","X65plus"
"W01001309","Merthyr Tydfil 008E","W06000024","Merthyr Tydfil",-0.00074184,-0.017857143,-0.004149378,0.041152263,-0.012903226,0
