"Code","Name","LA_code","LA_name","All","X0to15","X16to29","X30to44","X45to64","X65plus"
"E01003372","Merton 008B","E09000024","Merton",0.011865524,-0.046822742,0.042042042,0.033591731,-0.02425876,0.11023622
