"Code","Name","LA_code","LA_name","All","X0to15","X16to29","X30to44","X45to64","X65plus"
"W01001302","Merthyr Tydfil 006B","W06000024","Merthyr Tydfil",-0.032312925,-0.028225806,-0.025751073,-0.08994709,-0.009433962,-0.026595745
