"Code","Name","LA_code","LA_name","All","X0to15","X16to29","X30to44","X45to64","X65plus"
"E01003399","Merton 011D","E09000024","Merton",0.002220577,-0.02,0.018382353,0.019230769,-0.024305556,0.005714286
