"Code","Name","LA_code","LA_name","All","X0to15","X16to29","X30to44","X45to64","X65plus"
"E01003460","Merton 002A","E09000024","Merton",0.018604651,0,0.109289617,0.038732394,0,-0.008902077
