"Code","Name","LA_code","LA_name","All","X0to15","X16to29","X30to44","X45to64","X65plus"
"E01003358","Merton 009C","E09000024","Merton",0.036637931,0.036423841,0.007246377,0.044412607,0.035483871,0.090909091
