"Code","Name","LA_code","LA_name","All","X0to15","X16to29","X30to44","X45to64","X65plus"
"W01001293","Merthyr Tydfil 004B","W06000024","Merthyr Tydfil",0.044560185,0.045454545,0.048611111,0.051515152,0.05733945,0.019125683
