"Code","Name","LA_code","LA_name","All","X0to15","X16to29","X30to44","X45to64","X65plus"
"E01003465","Merton 002D","E09000024","Merton",-0.009748172,0.0125,0,0.042553191,-0.034031414,-0.034246575
