"Code","Name","LA_code","LA_name","All","X0to15","X16to29","X30to44","X45to64","X65plus"
"E01003452","Merton 024E","E09000024","Merton",-0.007537688,-0.040358744,0.00867052,0.013729977,-0.007952286,-0.007751938
