"Code","Name","LA_code","LA_name","All","X0to15","X16to29","X30to44","X45to64","X65plus"
"E01003454","Merton 003B","E09000024","Merton",0.007994186,0,0.056277056,0.010443864,0.006666667,-0.036036036
