"Code","Name","LA_code","LA_name","All","X0to15","X16to29","X30to44","X45to64","X65plus"
"E01003412","Merton 014D","E09000024","Merton",0.01965602,0.028132992,0.01056338,0.01216545,0.025641026,0.019736842
