"Code","Name","LA_code","LA_name","All","X0to15","X16to29","X30to44","X45to64","X65plus"
"W01001316","Merthyr Tydfil 005B","W06000024","Merthyr Tydfil",-0.023376623,-0.024630542,-0.016157989,-0.037676609,-0.01494396,-0.025316456
