"Code","Name","LA_code","LA_name","All","X0to15","X16to29","X30to44","X45to64","X65plus"
"E01003393","Merton 008C","E09000024","Merton",-0.006333122,-0.048859935,0.011070111,0,0.003460208,0.010752688
