"Code","Name","LA_code","LA_name","All","X0to15","X16to29","X30to44","X45to64","X65plus"
"E01003355","Merton 009A","E09000024","Merton",0.012330456,0.011070111,0.012944984,0.024691358,-0.007142857,-0.00877193
