"Code","Name","LA_code","LA_name","All","X0to15","X16to29","X30to44","X45to64","X65plus"
"E01003453","Merton 023E","E09000024","Merton",0.016609393,0.03286385,0.03515625,0.014613779,-0.002493766,0
