"Code","Name","LA_code","LA_name","All","X0to15","X16to29","X30to44","X45to64","X65plus"
"E01003459","Merton 006E","E09000024","Merton",0.012138189,-0.007772021,0.038071066,0.023869347,-0.007672634,-0.011428571
