"Code","Name","LA_code","LA_name","All","X0to15","X16to29","X30to44","X45to64","X65plus"
"E01003446","Merton 016C","E09000024","Merton",0.004383562,-0.028673835,0.046703297,0.009404389,-0.022792023,0.005181347
