"Code","Name","LA_code","LA_name","All","X0to15","X16to29","X30to44","X45to64","X65plus"
"E01003401","Merton 004A","E09000024","Merton",0.011037528,0.011363636,0.040178571,0.002487562,0.019157088,-0.014423077
