"Code","Name","LA_code","LA_name","All","X0to15","X16to29","X30to44","X45to64","X65plus"
"W01001290","Merthyr Tydfil 007A","W06000024","Merthyr Tydfil",-0.010702652,-0.028915663,-0.009803922,-0.02020202,0.008474576,-0.011764706
