"Code","Name","LA_code","LA_name","All","X0to15","X16to29","X30to44","X45to64","X65plus"
"E01003364","Merton 021C","E09000024","Merton",0.007411631,0.020231214,0.077669903,0.005449591,-0.013944223,-0.015015015
