"Code","Name","LA_code","LA_name","All","X0to15","X16to29","X30to44","X45to64","X65plus"
"E01003367","Merton 005A","E09000024","Merton",0.008808725,0.038575668,0.005952381,0.014444444,-0.029925187,0.016528926
