"Code","Name","LA_code","LA_name","All","X0to15","X16to29","X30to44","X45to64","X65plus"
"E01003379","Merton 018C","E09000024","Merton",0.027806925,0.041666667,0.041237113,0.02771855,0,0.03255814
