"Code","Name","LA_code","LA_name","All","X0to15","X16to29","X30to44","X45to64","X65plus"
"E01003359","Merton 006A","E09000024","Merton",0.020122974,-0.014388489,0.028132992,0.01814882,0.032967033,0.034146341
