"Code","Name","LA_code","LA_name","All","X0to15","X16to29","X30to44","X45to64","X65plus"
"E01020044","Mid Devon 008B","E07000042","Mid Devon",-0.010455105,-0.062271062,-0.067039106,0.029850746,0.004166667,0.004694836
