"Code","Name","LA_code","LA_name","All","X0to15","X16to29","X30to44","X45to64","X65plus"
"E01020059","Mid Devon 006B","E07000042","Mid Devon",0.024505184,0.047619048,0.081545064,0.003278689,0.023709902,-0.011185682
