"Code","Name","LA_code","LA_name","All","X0to15","X16to29","X30to44","X45to64","X65plus"
"E01012049","Middlesbrough 014A","E06000002","Middlesbrough",0.008148148,-0.028985507,0.057894737,-0.039473684,-0.012376238,0.062305296
