"Code","Name","LA_code","LA_name","All","X0to15","X16to29","X30to44","X45to64","X65plus"
"E01012035","Middlesbrough 019F","E06000002","Middlesbrough",0.025095057,0.033980583,-0.016949153,0.035242291,0.016759777,0.055555556
