"Code","Name","LA_code","LA_name","All","X0to15","X16to29","X30to44","X45to64","X65plus"
"E01012066","Middlesbrough 017B","E06000002","Middlesbrough",0.002062919,0.002785515,-0.026954178,0.023809524,-0.003100775,0.030701754
