"Code","Name","LA_code","LA_name","All","X0to15","X16to29","X30to44","X45to64","X65plus"
"E01012052","Middlesbrough 014D","E06000002","Middlesbrough",-0.015772871,-0.056338028,-0.010309278,0.029239766,-0.031331593,0.003257329
