"Code","Name","LA_code","LA_name","All","X0to15","X16to29","X30to44","X45to64","X65plus"
"E01012031","Middlesbrough 019B","E06000002","Middlesbrough",-0.033557047,-0.056140351,-0.038135593,-0.063897764,-0.019693654,-0.002873563
