"Code","Name","LA_code","LA_name","All","X0to15","X16to29","X30to44","X45to64","X65plus"
"E01012076","Middlesbrough 004C","E06000002","Middlesbrough",-0.021032505,-0.021072797,-0.018018018,-0.033613445,-0.006430868,-0.036363636
