"Code","Name","LA_code","LA_name","All","X0to15","X16to29","X30to44","X45to64","X65plus"
"E01012043","Middlesbrough 018B","E06000002","Middlesbrough",0.01016703,0.07,-0.004784689,0.028301887,-0.024456522,0.010309278
