"Code","Name","LA_code","LA_name","All","X0to15","X16to29","X30to44","X45to64","X65plus"
"E01012036","Middlesbrough 003A","E06000002","Middlesbrough",0.010459035,0,0.003125,0.026041667,0.035532995,-0.008547009
