"Code","Name","LA_code","LA_name","All","X0to15","X16to29","X30to44","X45to64","X65plus"
"E01012056","Middlesbrough 009D","E06000002","Middlesbrough",0.003004131,-0.018571429,0.010016694,0.016200295,-0.005905512,0.039548023
