"Code","Name","LA_code","LA_name","All","X0to15","X16to29","X30to44","X45to64","X65plus"
"E01012038","Middlesbrough 003C","E06000002","Middlesbrough",-0.001797484,-0.002398082,-0.004132231,0.028735632,-0.052631579,0.037037037
