"Code","Name","LA_code","LA_name","All","X0to15","X16to29","X30to44","X45to64","X65plus"
"E01020068","Mid Devon 010A","E07000042","Mid Devon",0.003236246,0.041322314,0.0625,-0.025252525,-0.003809524,-0.019047619
