"Code","Name","LA_code","LA_name","All","X0to15","X16to29","X30to44","X45to64","X65plus"
"E01020080","Mid Devon 002D","E07000042","Mid Devon",0.000784929,-0.054726368,-0.014925373,0.019480519,-0.005063291,0.033333333
