"Code","Name","LA_code","LA_name","All","X0to15","X16to29","X30to44","X45to64","X65plus"
"E01012025","Middlesbrough 015D","E06000002","Middlesbrough",-0.029618083,-0.043902439,-0.025,0.016129032,-0.059620596,-0.015479876
