"Code","Name","LA_code","LA_name","All","X0to15","X16to29","X30to44","X45to64","X65plus"
"E01033469","Middlesbrough 006E","E06000002","Middlesbrough",-0.018626929,-0.069868996,-0.023255814,-0.005934718,0.006960557,0.02690583
