"Code","Name","LA_code","LA_name","All","X0to15","X16to29","X30to44","X45to64","X65plus"
"E01012073","Middlesbrough 020E","E06000002","Middlesbrough",-0.006378455,-0.00913242,-0.004807692,-0.004784689,-0.019900498,0.008042895
