"Code","Name","LA_code","LA_name","All","X0to15","X16to29","X30to44","X45to64","X65plus"
"E01020075","Mid Devon 003C","E07000042","Mid Devon",0.00707428,0.005509642,-0.026666667,0.002994012,0.006622517,0.028697572
