"Code","Name","LA_code","LA_name","All","X0to15","X16to29","X30to44","X45to64","X65plus"
"E01012020","Middlesbrough 011C","E06000002","Middlesbrough",0.009457755,0.00990099,0.013651877,0.04494382,0.002403846,-0.029126214
