"Code","Name","LA_code","LA_name","All","X0to15","X16to29","X30to44","X45to64","X65plus"
"E01012060","Middlesbrough 002C","E06000002","Middlesbrough",0.005382775,0.012396694,0.009230769,0.023026316,0.01897019,-0.073684211
