"Code","Name","LA_code","LA_name","All","X0to15","X16to29","X30to44","X45to64","X65plus"
"E01032553","Middlesbrough 018H","E06000002","Middlesbrough",0.050266565,0.058394161,0.107954545,0.067039106,0.037735849,0.027707809
