"Code","Name","LA_code","LA_name","All","X0to15","X16to29","X30to44","X45to64","X65plus"
"E01012016","Middlesbrough 007B","E06000002","Middlesbrough",0.008705746,-0.018087855,0.021671827,0.025362319,-0.010893246,0.04676259
