"Code","Name","LA_code","LA_name","All","X0to15","X16to29","X30to44","X45to64","X65plus"
"E01020083","Mid Devon 010D","E07000042","Mid Devon",0.008666942,-0.001988072,0.01510574,0.013262599,0.011065007,0.008179959
