"Code","Name","LA_code","LA_name","All","X0to15","X16to29","X30to44","X45to64","X65plus"
"E01012088","Middlesbrough 004E","E06000002","Middlesbrough",0.002779708,0.013227513,0,0.0472103,0.013245033,-0.073059361
