"Code","Name","LA_code","LA_name","All","X0to15","X16to29","X30to44","X45to64","X65plus"
"E01012058","Middlesbrough 002A","E06000002","Middlesbrough",-0.004989309,0.048,-0.023668639,-0.030612245,0.002680965,-0.02027027
