"Code","Name","LA_code","LA_name","All","X0to15","X16to29","X30to44","X45to64","X65plus"
"E01020062","Mid Devon 006C","E07000042","Mid Devon",0.01025641,-0.040983607,0.047393365,0.03286385,0.004024145,0.017721519
