"Code","Name","LA_code","LA_name","All","X0to15","X16to29","X30to44","X45to64","X65plus"
"E01033468","Middlesbrough 001G","E06000002","Middlesbrough",0.021290977,0.02480916,0.040904198,-0.019077901,0.008375209,0.067857143
