"Code","Name","LA_code","LA_name","All","X0to15","X16to29","X30to44","X45to64","X65plus"
"E01012009","Middlesbrough 012C","E06000002","Middlesbrough",-0.00724234,-0.022653722,-0.002610966,-0.005681818,0.004329004,-0.017301038
