"Code","Name","LA_code","LA_name","All","X0to15","X16to29","X30to44","X45to64","X65plus"
"E01012037","Middlesbrough 003B","E06000002","Middlesbrough",-0.017901235,-0.055137845,-0.009389671,-0.007978723,-0.019230769,0.056074766
