"Code","Name","LA_code","LA_name","All","X0to15","X16to29","X30to44","X45to64","X65plus"
"E01012084","Middlesbrough 010C","E06000002","Middlesbrough",-0.000615385,-0.011933174,0.002923977,0.0375,-0.050847458,0.071090047
