"Code","Name","LA_code","LA_name","All","X0to15","X16to29","X30to44","X45to64","X65plus"
"E01020076","Mid Devon 009C","E07000042","Mid Devon",-0.014623172,-0.006153846,-0.030769231,-0.008097166,-0.016920474,-0.011267606
