"Code","Name","LA_code","LA_name","All","X0to15","X16to29","X30to44","X45to64","X65plus"
"E01031729","Mid Sussex 003C","E07000228","Mid Sussex",0.011199253,0.007092199,0.03358209,0.029255319,0.019077901,-0.024608501
