"Code","Name","LA_code","LA_name","All","X0to15","X16to29","X30to44","X45to64","X65plus"
"E01031728","Mid Sussex 011B","E07000228","Mid Sussex",0.028606457,0.027131783,0.026143791,0.011337868,0.027070064,0.04676259
