"Code","Name","LA_code","LA_name","All","X0to15","X16to29","X30to44","X45to64","X65plus"
"E01031774","Mid Sussex 008E","E07000228","Mid Sussex",-0.011341223,-0.045351474,-0.026737968,-0.005154639,0.007722008,0
