"Code","Name","LA_code","LA_name","All","X0to15","X16to29","X30to44","X45to64","X65plus"
"E01031699","Mid Sussex 012A","E07000228","Mid Sussex",0.0119976,0.031948882,0.02238806,0.024456522,-0.001841621,-0.022857143
