"Code","Name","LA_code","LA_name","All","X0to15","X16to29","X30to44","X45to64","X65plus"
"E01031763","Mid Sussex 011F","E07000228","Mid Sussex",0.033858727,0.112627986,0,-0.013114754,0.042596349,0.019851117
