"Code","Name","LA_code","LA_name","All","X0to15","X16to29","X30to44","X45to64","X65plus"
"E01031757","Mid Sussex 010E","E07000228","Mid Sussex",0.022267206,0.026717557,0.060869565,0.028571429,-0.014962594,0.032846715
