"Code","Name","LA_code","LA_name","All","X0to15","X16to29","X30to44","X45to64","X65plus"
"E01031715","Mid Sussex 015D","E07000228","Mid Sussex",0.014781491,0.025280899,0.048387097,0.014925373,0.018,-0.05027933
