"Code","Name","LA_code","LA_name","All","X0to15","X16to29","X30to44","X45to64","X65plus"
"E01031704","Mid Sussex 013A","E07000228","Mid Sussex",-0.00556483,0.026086957,0.011406844,-0.020050125,-0.024774775,-0.00867052
