"Code","Name","LA_code","LA_name","All","X0to15","X16to29","X30to44","X45to64","X65plus"
"E01030085","Mid Suffolk 004E","E07000203","Mid Suffolk",0.038415366,0.006451613,0.068,0.070921986,0.047520661,0.005882353
