"Code","Name","LA_code","LA_name","All","X0to15","X16to29","X30to44","X45to64","X65plus"
"E01030042","Mid Suffolk 012A","E07000203","Mid Suffolk",-0.02205419,-0.021929825,0.034883721,-0.017467249,-0.011210762,-0.052734375
