"Code","Name","LA_code","LA_name","All","X0to15","X16to29","X30to44","X45to64","X65plus"
"E01031745","Mid Sussex 017B","E07000228","Mid Sussex",-0.018604651,-0.028368794,-0.056521739,-0.019277108,-0.009765625,-0.003508772
