"Code","Name","LA_code","LA_name","All","X0to15","X16to29","X30to44","X45to64","X65plus"
"E01030084","Mid Suffolk 004D","E07000203","Mid Suffolk",0.015772871,0.059288538,0.011695906,-0.004329004,0.008333333,0.011111111
