"Code","Name","LA_code","LA_name","All","X0to15","X16to29","X30to44","X45to64","X65plus"
"E01030058","Mid Suffolk 001B","E07000203","Mid Suffolk",0.013493976,0.027522936,0.028436019,0.0078125,0.01037037,0.00660066
