"Code","Name","LA_code","LA_name","All","X0to15","X16to29","X30to44","X45to64","X65plus"
"E01031697","Mid Sussex 007C","E07000228","Mid Sussex",0.003958828,0.008810573,0.057553957,-0.01010101,0.01843318,-0.041509434
