"Code","Name","LA_code","LA_name","All","X0to15","X16to29","X30to44","X45to64","X65plus"
"E01030061","Mid Suffolk 011C","E07000203","Mid Suffolk",0.010440835,0.023529412,-0.004032258,0.040816327,0.016203704,-0.012121212
