"Code","Name","LA_code","LA_name","All","X0to15","X16to29","X30to44","X45to64","X65plus"
"E01030039","Mid Suffolk 002A","E07000203","Mid Suffolk",-0.004596192,-0.02811245,0.032608696,-0.013888889,-0.00814664,0.002610966
