"Code","Name","LA_code","LA_name","All","X0to15","X16to29","X30to44","X45to64","X65plus"
"E01030089","Mid Suffolk 006E","E07000203","Mid Suffolk",0.022806148,0.025362319,0,0.06097561,0.041204437,-0.003442341
