"Code","Name","LA_code","LA_name","All","X0to15","X16to29","X30to44","X45to64","X65plus"
"E01031773","Mid Sussex 008D","E07000228","Mid Sussex",0.017373531,-0.029925187,0.063583815,0.048484848,0.037664783,-0.001915709
