"Code","Name","LA_code","LA_name","All","X0to15","X16to29","X30to44","X45to64","X65plus"
"E01031751","Mid Sussex 009A","E07000228","Mid Sussex",0.007614213,-0.007619048,0.014314928,0.02147651,0,0.005882353
