"Code","Name","LA_code","LA_name","All","X0to15","X16to29","X30to44","X45to64","X65plus"
"E01032837","Mid Sussex 009E","E07000228","Mid Sussex",-0.065153011,-0.056521739,-0.062200957,-0.111517367,-0.087628866,0.004739336
