"Code","Name","LA_code","LA_name","All","X0to15","X16to29","X30to44","X45to64","X65plus"
"E01030051","Mid Suffolk 006A","E07000203","Mid Suffolk",0.03768997,0.051851852,0.020304569,0.08,0.012958963,0.038709677
