"Code","Name","LA_code","LA_name","All","X0to15","X16to29","X30to44","X45to64","X65plus"
"E01031760","Mid Sussex 008B","E07000228","Mid Sussex",-0.003346347,0.002645503,-0.007905138,-0.015915119,0.008528785,-0.009493671
