"Code","Name","LA_code","LA_name","All","X0to15","X16to29","X30to44","X45to64","X65plus"
"E01030038","Mid Suffolk 005B","E07000203","Mid Suffolk",0.004061738,-0.05,-0.011904762,0.026143791,0.012315271,0.026315789
