"Code","Name","LA_code","LA_name","All","X0to15","X16to29","X30to44","X45to64","X65plus"
"E01031713","Mid Sussex 013E","E07000228","Mid Sussex",-0.019953052,-0.035608309,-0.023364486,-0.03257329,0.021691974,-0.044155844
