"Code","Name","LA_code","LA_name","All","X0to15","X16to29","X30to44","X45to64","X65plus"
"E01031725","Mid Sussex 005D","E07000228","Mid Sussex",-0.003994674,0.017421603,-0.018072289,-0.039473684,-0.004694836,0.007594937
