"Code","Name","LA_code","LA_name","All","X0to15","X16to29","X30to44","X45to64","X65plus"
"E01031761","Mid Sussex 009C","E07000228","Mid Sussex",0.006768953,0.068592058,0.025974026,0.00974026,-0.006451613,-0.035940803
