"Code","Name","LA_code","LA_name","All","X0to15","X16to29","X30to44","X45to64","X65plus"
"E01031719","Mid Sussex 002B","E07000228","Mid Sussex",0.000570125,0.027210884,0.007490637,-0.00877193,-0.011516315,0
