"Code","Name","LA_code","LA_name","All","X0to15","X16to29","X30to44","X45to64","X65plus"
"E01030076","Mid Suffolk 010D","E07000203","Mid Suffolk",0.045003309,0.067567568,0.088803089,0.070707071,0.030150754,-0.030651341
