"Code","Name","LA_code","LA_name","All","X0to15","X16to29","X30to44","X45to64","X65plus"
"E01030043","Mid Suffolk 011B","E07000203","Mid Suffolk",0.013571869,-0.006116208,0.045296167,0.065420561,-0.002293578,-0.036
