"Code","Name","LA_code","LA_name","All","X0to15","X16to29","X30to44","X45to64","X65plus"
"E01030079","Mid Suffolk 008C","E07000203","Mid Suffolk",0.008631319,-0.020356234,0.007490637,0.033898305,0.02189781,0.00390625
