"Code","Name","LA_code","LA_name","All","X0to15","X16to29","X30to44","X45to64","X65plus"
"E01030063","Mid Suffolk 009A","E07000203","Mid Suffolk",-0.016567545,-0.010178117,0.006993007,0.005602241,-0.002832861,-0.060457516
