"Code","Name","LA_code","LA_name","All","X0to15","X16to29","X30to44","X45to64","X65plus"
"E01031702","Mid Sussex 015A","E07000228","Mid Sussex",-0.003015682,0.020338983,-0.03902439,-0.02,-0.011811024,0.02
