"Code","Name","LA_code","LA_name","All","X0to15","X16to29","X30to44","X45to64","X65plus"
"E01031730","Mid Sussex 003D","E07000228","Mid Sussex",-0.019315673,-0.03902439,0.02734375,-0.033126294,-0.017857143,-0.006289308
