"Code","Name","LA_code","LA_name","All","X0to15","X16to29","X30to44","X45to64","X65plus"
"E01031750","Mid Sussex 011D","E07000228","Mid Sussex",-0.00328084,0.012987013,-0.033898305,0.033536585,-0.0175,-0.01984127
