"Code","Name","LA_code","LA_name","All","X0to15","X16to29","X30to44","X45to64","X65plus"
"E01030065","Mid Suffolk 006C","E07000203","Mid Suffolk",0.015270708,0.005405405,0.025423729,0.006688963,0.011235955,0.027573529
