"Code","Name","LA_code","LA_name","All","X0to15","X16to29","X30to44","X45to64","X65plus"
"E01031767","Mid Sussex 016B","E07000228","Mid Sussex",0.022713321,-0.005586592,-0.004032258,0.093333333,0.034567901,-0.006289308
