"Code","Name","LA_code","LA_name","All","X0to15","X16to29","X30to44","X45to64","X65plus"
"E01031772","Mid Sussex 008C","E07000228","Mid Sussex",-0.000518403,0.023809524,-0.004065041,-0.024523161,0,0
