"Code","Name","LA_code","LA_name","All","X0to15","X16to29","X30to44","X45to64","X65plus"
"E01030082","Mid Suffolk 003B","E07000203","Mid Suffolk",0.003311258,-0.002347418,-0.015873016,0.042253521,-0.003783102,0.003618818
