"Code","Name","LA_code","LA_name","All","X0to15","X16to29","X30to44","X45to64","X65plus"
"E01030077","Mid Suffolk 008B","E07000203","Mid Suffolk",-0.068197164,-0.025316456,0.026200873,-0.024691358,-0.110787172,-0.132867133
