"Code","Name","LA_code","LA_name","All","X0to15","X16to29","X30to44","X45to64","X65plus"
"E01031738","Mid Sussex 004C","E07000228","Mid Sussex",0.002730375,-0.003257329,-0.033333333,0.003816794,0.022900763,0
