"Code","Name","LA_code","LA_name","All","X0to15","X16to29","X30to44","X45to64","X65plus"
"E01031744","Mid Sussex 017A","E07000228","Mid Sussex",0.028668942,0.023166023,0.05,0.025974026,0.025,0.029333333
