"Code","Name","LA_code","LA_name","All","X0to15","X16to29","X30to44","X45to64","X65plus"
"E01032839","Mid Sussex 009G","E07000228","Mid Sussex",0.005847953,-0.015873016,0.032051282,-0.003289474,0.01384083,0.007722008
