"Code","Name","LA_code","LA_name","All","X0to15","X16to29","X30to44","X45to64","X65plus"
"E01016848","Milton Keynes 018E","E06000042","Milton Keynes",0.000667111,-0.061093248,0.030927835,0.005730659,-0.03030303,0.081560284
