"Code","Name","LA_code","LA_name","All","X0to15","X16to29","X30to44","X45to64","X65plus"
"E01016793","Milton Keynes 004C","E06000042","Milton Keynes",0.003034901,0.007614213,0.003412969,0.026252983,0,-0.025352113
