"Code","Name","LA_code","LA_name","All","X0to15","X16to29","X30to44","X45to64","X65plus"
"E01016819","Milton Keynes 012C","E06000042","Milton Keynes",0.003172086,0.012987013,0.039548023,-0.011320755,-0.033962264,0.023668639
