"Code","Name","LA_code","LA_name","All","X0to15","X16to29","X30to44","X45to64","X65plus"
"E01033522","Milton Keynes 019F","E06000042","Milton Keynes",0.077289571,0.075614367,0.140350877,0.062730627,0.12034384,-0.141732283
