"Code","Name","LA_code","LA_name","All","X0to15","X16to29","X30to44","X45to64","X65plus"
"E01016847","Milton Keynes 021D","E06000042","Milton Keynes",0.013248283,0.023941068,0.021943574,0.011472275,-0.009174312,0.023041475
