"Code","Name","LA_code","LA_name","All","X0to15","X16to29","X30to44","X45to64","X65plus"
"E01016715","Milton Keynes 031C","E06000042","Milton Keynes",0.016015375,0.027522936,0.008695652,0.009836066,0.018779343,0.010989011
