"Code","Name","LA_code","LA_name","All","X0to15","X16to29","X30to44","X45to64","X65plus"
"E01016760","Milton Keynes 002B","E06000042","Milton Keynes",0.006583588,-0.004409171,0.033536585,0.006535948,0.003533569,0
