"Code","Name","LA_code","LA_name","All","X0to15","X16to29","X30to44","X45to64","X65plus"
"E01016784","Milton Keynes 016D","E06000042","Milton Keynes",0.002290951,0.029333333,0.034013605,0.005434783,-0.013729977,-0.047794118
