"Code","Name","LA_code","LA_name","All","X0to15","X16to29","X30to44","X45to64","X65plus"
"E01016796","Milton Keynes 001A","E06000042","Milton Keynes",-0.022034997,-0.013986014,-0.078212291,0.036630037,-0.01305483,-0.049763033
