"Code","Name","LA_code","LA_name","All","X0to15","X16to29","X30to44","X45to64","X65plus"
"E01016824","Milton Keynes 022B","E06000042","Milton Keynes",0.015970516,0.025773196,0.012765957,0.004889976,0.00867679,0.051851852
