"Code","Name","LA_code","LA_name","All","X0to15","X16to29","X30to44","X45to64","X65plus"
"E01016737","Milton Keynes 027A","E06000042","Milton Keynes",-0.009846154,0.048780488,-0.012875536,-0.003289474,-0.012903226,-0.074576271
