"Code","Name","LA_code","LA_name","All","X0to15","X16to29","X30to44","X45to64","X65plus"
"E01016830","Milton Keynes 031D","E06000042","Milton Keynes",-0.02672956,-0.022522523,-0.017142857,0.014035088,-0.027607362,-0.079545455
