"Code","Name","LA_code","LA_name","All","X0to15","X16to29","X30to44","X45to64","X65plus"
"E01016843","Milton Keynes 023C","E06000042","Milton Keynes",-0.00976801,0.005424955,-0.041984733,-0.00536193,-0.011594203,-0.019047619
