"Code","Name","LA_code","LA_name","All","X0to15","X16to29","X30to44","X45to64","X65plus"
"E01016829","Milton Keynes 029A","E06000042","Milton Keynes",0.008211144,-0.022779043,0.05019305,-0.006644518,0.00729927,0.033898305
