"Code","Name","LA_code","LA_name","All","X0to15","X16to29","X30to44","X45to64","X65plus"
"E01016813","Milton Keynes 015B","E06000042","Milton Keynes",0.000670241,-0.010135135,0.033557047,0.036585366,0.016216216,-0.228813559
