"Code","Name","LA_code","LA_name","All","X0to15","X16to29","X30to44","X45to64","X65plus"
"E01016798","Milton Keynes 001C","E06000042","Milton Keynes",0.01540154,0.033240997,0.016460905,0.060810811,-0.013029316,0.006578947
