"Code","Name","LA_code","LA_name","All","X0to15","X16to29","X30to44","X45to64","X65plus"
"E01016809","Milton Keynes 006C","E06000042","Milton Keynes",0.002135231,-0.029673591,0.038277512,0.0433213,0.008,-0.048309179
