"Code","Name","LA_code","LA_name","All","X0to15","X16to29","X30to44","X45to64","X65plus"
"E01016774","Milton Keynes 020A","E06000042","Milton Keynes",0.012791991,0.025139665,-0.020746888,0.03030303,0.025390625,-0.020618557
