"Code","Name","LA_code","LA_name","All","X0to15","X16to29","X30to44","X45to64","X65plus"
"E01016842","Milton Keynes 023B","E06000042","Milton Keynes",0.019740901,0.00952381,-0.024896266,0.027027027,0.036723164,0.076335878
