"Code","Name","LA_code","LA_name","All","X0to15","X16to29","X30to44","X45to64","X65plus"
"E01016750","Milton Keynes 028C","E06000042","Milton Keynes",0.017699115,0.041401274,0.004385965,0.031339031,0.002188184,0.00862069
