"Code","Name","LA_code","LA_name","All","X0to15","X16to29","X30to44","X45to64","X65plus"
"E01016826","Milton Keynes 024D","E06000042","Milton Keynes",-0.004155125,0.033088235,0.022727273,0.022222222,0.001831502,-0.197080292
