"Code","Name","LA_code","LA_name","All","X0to15","X16to29","X30to44","X45to64","X65plus"
"E01016732","Milton Keynes 016B","E06000042","Milton Keynes",0.010122921,-0.043165468,-0.005,0.041666667,0.01891253,0.037190083
