"Code","Name","LA_code","LA_name","All","X0to15","X16to29","X30to44","X45to64","X65plus"
"E01033512","Milton Keynes 017J","E06000042","Milton Keynes",-0.00631769,-0.030844156,-0.023333333,0,-0.027472527,0.181208054
