"Code","Name","LA_code","LA_name","All","X0to15","X16to29","X30to44","X45to64","X65plus"
"E01016801","Milton Keynes 002D","E06000042","Milton Keynes",0.01028481,-0.024038462,-0.066666667,0.070588235,-0.004889976,0.049707602
