"Code","Name","LA_code","LA_name","All","X0to15","X16to29","X30to44","X45to64","X65plus"
"E01016733","Milton Keynes 018B","E06000042","Milton Keynes",0.01285347,0.002016129,0.021226415,0.001865672,0.015345269,0.081632653
