"Code","Name","LA_code","LA_name","All","X0to15","X16to29","X30to44","X45to64","X65plus"
"E01016743","Milton Keynes 032B","E06000042","Milton Keynes",0.012368584,-0.005524862,0.018998273,0.01954023,0.039292731,-0.010526316
