"Code","Name","LA_code","LA_name","All","X0to15","X16to29","X30to44","X45to64","X65plus"
"E01016767","Milton Keynes 005D","E06000042","Milton Keynes",-0.000799361,0.020833333,0.036144578,-0.02283105,0.026506024,-0.065637066
