"Code","Name","LA_code","LA_name","All","X0to15","X16to29","X30to44","X45to64","X65plus"
"E01016811","Milton Keynes 012B","E06000042","Milton Keynes",0.04044804,0.053448276,0.050359712,0.005555556,0.01056338,0.142857143
