"Code","Name","LA_code","LA_name","All","X0to15","X16to29","X30to44","X45to64","X65plus"
"E01016816","Milton Keynes 015D","E06000042","Milton Keynes",0.002039429,0,0.055865922,-0.061433447,0.011792453,0.020761246
