"Code","Name","LA_code","LA_name","All","X0to15","X16to29","X30to44","X45to64","X65plus"
"E01016720","Milton Keynes 013B","E06000042","Milton Keynes",-0.001265823,-0.007177033,0.021186441,-0.003030303,-0.042857143,0.048780488
