"Code","Name","LA_code","LA_name","All","X0to15","X16to29","X30to44","X45to64","X65plus"
"E01016781","Milton Keynes 019C","E06000042","Milton Keynes",0.013995801,0.051660517,-0.03539823,0.113122172,0.003944773,-0.06372549
