"Code","Name","LA_code","LA_name","All","X0to15","X16to29","X30to44","X45to64","X65plus"
"E01016775","Milton Keynes 020B","E06000042","Milton Keynes",0.001749271,-0.002512563,0.019011407,-0.005102041,0.01750547,-0.034146341
