"Code","Name","LA_code","LA_name","All","X0to15","X16to29","X30to44","X45to64","X65plus"
"E01016812","Milton Keynes 010A","E06000042","Milton Keynes",0.013395847,0.01986755,0.005780347,-0.014440433,-0.00968523,0.06402439
