"Code","Name","LA_code","LA_name","All","X0to15","X16to29","X30to44","X45to64","X65plus"
"E01016759","Milton Keynes 002A","E06000042","Milton Keynes",0.006024096,-0.007380074,0.0234375,0.018867925,0.005012531,0
