"Code","Name","LA_code","LA_name","All","X0to15","X16to29","X30to44","X45to64","X65plus"
"E01030520","Mole Valley 007A","E07000210","Mole Valley",-0.009549795,-0.011029412,-0.051282051,-0.016759777,-0.004587156,0.004728132
