"Code","Name","LA_code","LA_name","All","X0to15","X16to29","X30to44","X45to64","X65plus"
"E01030534","Mole Valley 009C","E07000210","Mole Valley",-0.015601783,-0.024390244,0.006289308,0.043189369,-0.053672316,-0.033639144
