"Code","Name","LA_code","LA_name","All","X0to15","X16to29","X30to44","X45to64","X65plus"
"E01030523","Mole Valley 007D","E07000210","Mole Valley",-0.001713796,0.047619048,0.047244094,-0.037974684,-0.014285714,-0.017492711
