"Code","Name","LA_code","LA_name","All","X0to15","X16to29","X30to44","X45to64","X65plus"
"E01030526","Mole Valley 008C","E07000210","Mole Valley",0.016140866,0.018315018,0,0.034482759,-0.012135922,0.04778157
