"Code","Name","LA_code","LA_name","All","X0to15","X16to29","X30to44","X45to64","X65plus"
"E01030539","Mole Valley 005A","E07000210","Mole Valley",0.035778175,0.035598706,0.072727273,0.047101449,0.018556701,0.021084337
