"Code","Name","LA_code","LA_name","All","X0to15","X16to29","X30to44","X45to64","X65plus"
"E01030514","Mole Valley 001E","E07000210","Mole Valley",0.006241331,-0.007117438,-0.012820513,0.032258065,-0.011709602,0.030470914
