"Code","Name","LA_code","LA_name","All","X0to15","X16to29","X30to44","X45to64","X65plus"
"E01030542","Mole Valley 005D","E07000210","Mole Valley",0.003785011,0.048951049,-0.023529412,0.02293578,0,-0.037453184
