"Code","Name","LA_code","LA_name","All","X0to15","X16to29","X30to44","X45to64","X65plus"
"E01030530","Mole Valley 013C","E07000210","Mole Valley",0.023424879,0.027272727,0.027210884,0.027972028,0.012468828,0.03058104
