"Code","Name","LA_code","LA_name","All","X0to15","X16to29","X30to44","X45to64","X65plus"
"E01030522","Mole Valley 007C","E07000210","Mole Valley",-0.005061461,0.023622047,-0.031847134,-0.034682081,0.012195122,-0.017994859
