"Code","Name","LA_code","LA_name","All","X0to15","X16to29","X30to44","X45to64","X65plus"
"E01030524","Mole Valley 008A","E07000210","Mole Valley",0.003986049,-0.028708134,0.085526316,0.03875969,-0.011940299,-0.001392758
