"Code","Name","LA_code","LA_name","All","X0to15","X16to29","X30to44","X45to64","X65plus"
"E01030506","Mole Valley 001A","E07000210","Mole Valley",0.004511278,0.003676471,-0.025477707,0.059574468,0.009876543,-0.034482759
