"Code","Name","LA_code","LA_name","All","X0to15","X16to29","X30to44","X45to64","X65plus"
"E01030544","Mole Valley 011A","E07000210","Mole Valley",0.049141504,0.068965517,0.03125,0.039568345,0.030828516,0.076719577
