"Code","Name","LA_code","LA_name","All","X0to15","X16to29","X30to44","X45to64","X65plus"
"E01030519","Mole Valley 006D","E07000210","Mole Valley",-0.007848267,-0.0375,-0.004694836,-0.013392857,0.002217295,0.009345794
