"Code","Name","LA_code","LA_name","All","X0to15","X16to29","X30to44","X45to64","X65plus"
"W01001560","Monmouthshire 006C","W06000021","Monmouthshire",0.056603774,0.058536585,0.116022099,0.083916084,0.023809524,0.056886228
