"Code","Name","LA_code","LA_name","All","X0to15","X16to29","X30to44","X45to64","X65plus"
"W01001908","Monmouthshire 010G","W06000021","Monmouthshire",0.031828979,0.024,0.059620596,0.047619048,0.026929982,0.01372549
