"Code","Name","LA_code","LA_name","All","X0to15","X16to29","X30to44","X45to64","X65plus"
"W01001548","Monmouthshire 001B","W06000021","Monmouthshire",-0.015711645,-0.052117264,-0.021818182,-0.017985612,-0.01038961,0.001872659
