"Code","Name","LA_code","LA_name","All","X0to15","X16to29","X30to44","X45to64","X65plus"
"W01001572","Monmouthshire 011A","W06000021","Monmouthshire",-0.019561352,-0.039215686,-0.066666667,-0.022641509,0.005940594,-0.007772021
