"Code","Name","LA_code","LA_name","All","X0to15","X16to29","X30to44","X45to64","X65plus"
"W01001543","Monmouthshire 009B","W06000021","Monmouthshire",0.006810443,0.006134969,0,0.028301887,0.00998004,-0.010810811
