"Code","Name","LA_code","LA_name","All","X0to15","X16to29","X30to44","X45to64","X65plus"
"W01001559","Monmouthshire 008A","W06000021","Monmouthshire",0.007953724,-0.004219409,0.032258065,0.023255814,-0.026455026,0.029268293
