"Code","Name","LA_code","LA_name","All","X0to15","X16to29","X30to44","X45to64","X65plus"
"W01001577","Monmouthshire 004E","W06000021","Monmouthshire",0.023015873,0.046511628,-0.005494505,0.005617978,0.063829787,0.00248139
