"Code","Name","LA_code","LA_name","All","X0to15","X16to29","X30to44","X45to64","X65plus"
"W01001558","Monmouthshire 002C","W06000021","Monmouthshire",0.014435696,-0.007352941,0.10106383,-0.041198502,0.016166282,0.024725275
