"Code","Name","LA_code","LA_name","All","X0to15","X16to29","X30to44","X45to64","X65plus"
"W01001580","Monmouthshire 002E","W06000021","Monmouthshire",-0.007119387,-0.041139241,-0.0375,0.02173913,-0.013645224,0.020790021
