"Code","Name","LA_code","LA_name","All","X0to15","X16to29","X30to44","X45to64","X65plus"
"W01001585","Monmouthshire 007C","W06000021","Monmouthshire",0.053745928,0.016393443,0.061349693,0.041916168,0.044444444,0.090322581
