"Code","Name","LA_code","LA_name","All","X0to15","X16to29","X30to44","X45to64","X65plus"
"W01001568","Monmouthshire 005C","W06000021","Monmouthshire",-0.001099505,0.003378378,0.01369863,-0.025751073,-0.001579779,0.002283105
