"Code","Name","LA_code","LA_name","All","X0to15","X16to29","X30to44","X45to64","X65plus"
"W01001579","Monmouthshire 001E","W06000021","Monmouthshire",0.00209937,-0.03030303,0.013157895,-0.050691244,0.03286385,0.006396588
