"Code","Name","LA_code","LA_name","All","X0to15","X16to29","X30to44","X45to64","X65plus"
"W01001553","Monmouthshire 004B","W06000021","Monmouthshire",0.018124782,-0.005199307,0.016317016,0.061135371,0.001145475,0.035714286
