"Code","Name","LA_code","LA_name","All","X0to15","X16to29","X30to44","X45to64","X65plus"
"W01001597","Monmouthshire 006F","W06000021","Monmouthshire",0.015231788,-0.012396694,0.045685279,0.047169811,0.016701461,-0.002631579
