"Code","Name","LA_code","LA_name","All","X0to15","X16to29","X30to44","X45to64","X65plus"
"W01001551","Monmouthshire 010C","W06000021","Monmouthshire",-0.003445306,0.008,0.010810811,0.052631579,-0.00990099,-0.055555556
