"Code","Name","LA_code","LA_name","All","X0to15","X16to29","X30to44","X45to64","X65plus"
"W01001599","Monmouthshire 004F","W06000021","Monmouthshire",-0.012897282,-0.030395137,0.038461538,-0.022875817,-0.020602219,-0.012403101
