"Code","Name","LA_code","LA_name","All","X0to15","X16to29","X30to44","X45to64","X65plus"
"W01001582","Monmouthshire 011D","W06000021","Monmouthshire",0.006696429,-0.005420054,0.042813456,0.02866242,-0.021568627,0.007352941
