"Code","Name","LA_code","LA_name","All","X0to15","X16to29","X30to44","X45to64","X65plus"
"W01001587","Monmouthshire 008C","W06000021","Monmouthshire",-0.011941848,-0.057877814,-0.00623053,-0.020253165,0.019193858,-0.013227513
