"Code","Name","LA_code","LA_name","All","X0to15","X16to29","X30to44","X45to64","X65plus"
"W01000923","Neath Port Talbot 007D","W06000012","Neath Port Talbot",-0.016608997,-0.035242291,-0.017751479,0.013824885,0.004454343,-0.046997389
