"Code","Name","LA_code","LA_name","All","X0to15","X16to29","X30to44","X45to64","X65plus"
"W01000935","Neath Port Talbot 008B","W06000012","Neath Port Talbot",0.02335587,0.02016129,0.0234375,0.023391813,-0.002242152,0.059701493
