"Code","Name","LA_code","LA_name","All","X0to15","X16to29","X30to44","X45to64","X65plus"
"W01000949","Neath Port Talbot 018A","W06000012","Neath Port Talbot",-0.014637904,-0.107954545,0.005128205,-0.021008403,0.016826923,-0.010989011
