"Code","Name","LA_code","LA_name","All","X0to15","X16to29","X30to44","X45to64","X65plus"
"W01000933","Neath Port Talbot 019B","W06000012","Neath Port Talbot",-0.008840864,-0.006666667,-0.01369863,-0.002439024,-0.018803419,0.003344482
