"Code","Name","LA_code","LA_name","All","X0to15","X16to29","X30to44","X45to64","X65plus"
"W01000967","Neath Port Talbot 019C","W06000012","Neath Port Talbot",0.016540317,0.029411765,-0.039215686,0.003436426,0.061333333,0.007751938
