"Code","Name","LA_code","LA_name","All","X0to15","X16to29","X30to44","X45to64","X65plus"
"W01000889","Neath Port Talbot 015A","W06000012","Neath Port Talbot",-0.003409091,0.008547009,-0.029787234,0.006097561,0.003875969,-0.011185682
