"Code","Name","LA_code","LA_name","All","X0to15","X16to29","X30to44","X45to64","X65plus"
"W01000890","Neath Port Talbot 015B","W06000012","Neath Port Talbot",-0.005625,-0.02739726,0.056701031,-0.04743083,-0.009765625,0.007109005
