"Code","Name","LA_code","LA_name","All","X0to15","X16to29","X30to44","X45to64","X65plus"
"W01000953","Neath Port Talbot 005B","W06000012","Neath Port Talbot",0.003562945,0,0.003389831,0.051903114,0.012371134,-0.048929664
