"Code","Name","LA_code","LA_name","All","X0to15","X16to29","X30to44","X45to64","X65plus"
"W01000904","Neath Port Talbot 006C","W06000012","Neath Port Talbot",0.040748163,0.086956522,0.0456621,0.091911765,0.009925558,-0.006116208
