"Code","Name","LA_code","LA_name","All","X0to15","X16to29","X30to44","X45to64","X65plus"
"W01000927","Neath Port Talbot 020B","W06000012","Neath Port Talbot",0.008312958,0.026726058,-0.008498584,-0.006451613,0.024291498,-0.003521127
