"Code","Name","LA_code","LA_name","All","X0to15","X16to29","X30to44","X45to64","X65plus"
"W01000930","Neath Port Talbot 011D","W06000012","Neath Port Talbot",0.023076923,0.042918455,0.012345679,0.019607843,0.038575668,0
