"Code","Name","LA_code","LA_name","All","X0to15","X16to29","X30to44","X45to64","X65plus"
"W01000948","Neath Port Talbot 004D","W06000012","Neath Port Talbot",-0.021409922,-0.020338983,-0.009433962,-0.032448378,-0.003616637,-0.046341463
