"Code","Name","LA_code","LA_name","All","X0to15","X16to29","X30to44","X45to64","X65plus"
"W01000952","Neath Port Talbot 018D","W06000012","Neath Port Talbot",0.00169348,-0.026086957,0.009756098,0.008733624,0.003030303,0.016042781
