"Code","Name","LA_code","LA_name","All","X0to15","X16to29","X30to44","X45to64","X65plus"
"W01000913","Neath Port Talbot 010B","W06000012","Neath Port Talbot",-0.047138047,-0.046511628,-0.04954955,-0.065217391,-0.032894737,-0.046153846
