"Code","Name","LA_code","LA_name","All","X0to15","X16to29","X30to44","X45to64","X65plus"
"W01000962","Neath Port Talbot 016D","W06000012","Neath Port Talbot",0,0.015037594,-0.013651877,0.020710059,-0.013661202,-0.018957346
