"Code","Name","LA_code","LA_name","All","X0to15","X16to29","X30to44","X45to64","X65plus"
"W01000883","Neath Port Talbot 016A","W06000012","Neath Port Talbot",0.00433213,-0.012903226,-0.019230769,-0.008658009,0.023354565,0.005376344
