"Code","Name","LA_code","LA_name","All","X0to15","X16to29","X30to44","X45to64","X65plus"
"W01000969","Neath Port Talbot 009D","W06000012","Neath Port Talbot",0.00244898,-0.05,0.010152284,-0.011695906,-0.004329004,0.047058824
