"Code","Name","LA_code","LA_name","All","X0to15","X16to29","X30to44","X45to64","X65plus"
"W01000901","Neath Port Talbot 014D","W06000012","Neath Port Talbot",0.011926058,-0.006535948,-0.014545455,0.034246575,-0.006072874,0.061290323
