"Code","Name","LA_code","LA_name","All","X0to15","X16to29","X30to44","X45to64","X65plus"
"W01000888","Neath Port Talbot 004A","W06000012","Neath Port Talbot",0.020684169,0.029411765,0.014888337,0.015810277,0.02578019,0.014084507
