"Code","Name","LA_code","LA_name","All","X0to15","X16to29","X30to44","X45to64","X65plus"
"W01000917","Neath Port Talbot 010F","W06000012","Neath Port Talbot",0.019908987,0.017366136,0.022435897,0.014254386,0.018404908,0.033755274
