"Code","Name","LA_code","LA_name","All","X0to15","X16to29","X30to44","X45to64","X65plus"
"W01000943","Neath Port Talbot 012D","W06000012","Neath Port Talbot",-0.046296296,-0.034013605,-0.057268722,-0.059259259,-0.052301255,-0.031339031
