"Code","Name","LA_code","LA_name","All","X0to15","X16to29","X30to44","X45to64","X65plus"
"W01000911","Neath Port Talbot 009C","W06000012","Neath Port Talbot",-0.001663894,-0.082474227,-0.005882353,0.031818182,0,0.033333333
