"Code","Name","LA_code","LA_name","All","X0to15","X16to29","X30to44","X45to64","X65plus"
"W01000885","Neath Port Talbot 017B","W06000012","Neath Port Talbot",0.013484741,-0.019607843,0,0.02006689,0.035928144,0.025641026
