"Code","Name","LA_code","LA_name","All","X0to15","X16to29","X30to44","X45to64","X65plus"
"W01000891","Neath Port Talbot 015C","W06000012","Neath Port Talbot",-0.014944769,-0.017182131,0.026200873,-0.003174603,-0.042606516,-0.019672131
