"Code","Name","LA_code","LA_name","All","X0to15","X16to29","X30to44","X45to64","X65plus"
"E01028337","Newark and Sherwood 003C","E07000175","Newark and Sherwood",0.023728814,-0.046610169,-0.032786885,0.055276382,0.044871795,0.051413882
