"Code","Name","LA_code","LA_name","All","X0to15","X16to29","X30to44","X45to64","X65plus"
"E01028334","Newark and Sherwood 009D","E07000175","Newark and Sherwood",0.000600601,-0.002257336,0.006153846,0.050675676,-0.005037783,-0.06372549
