"Code","Name","LA_code","LA_name","All","X0to15","X16to29","X30to44","X45to64","X65plus"
"E01028290","Newark and Sherwood 011F","E07000175","Newark and Sherwood",0.030434783,0.028455285,0.068783069,0.027522936,0.043243243,0
