"Code","Name","LA_code","LA_name","All","X0to15","X16to29","X30to44","X45to64","X65plus"
"E01028342","Newark and Sherwood 006E","E07000175","Newark and Sherwood",0.007124352,0.03313253,-0.012987013,-0.030898876,0.016241299,0.068376068
