"Code","Name","LA_code","LA_name","All","X0to15","X16to29","X30to44","X45to64","X65plus"
"E01033393","Newark and Sherwood 012F","E07000175","Newark and Sherwood",0.006690029,-0.003921569,-0.012072435,0.007380074,-0.012084592,0.07960199
