"Code","Name","LA_code","LA_name","All","X0to15","X16to29","X30to44","X45to64","X65plus"
"E01028349","Newark and Sherwood 003D","E07000175","Newark and Sherwood",0.006747638,0.009661836,-0.010526316,0.063829787,0.005671078,-0.013586957
