"Code","Name","LA_code","LA_name","All","X0to15","X16to29","X30to44","X45to64","X65plus"
"E01028321","Newark and Sherwood 002C","E07000175","Newark and Sherwood",-0.0373599,-0.136842105,0.010582011,-0.023923445,-0.057142857,-0.005681818
