"Code","Name","LA_code","LA_name","All","X0to15","X16to29","X30to44","X45to64","X65plus"
"E01028300","Newark and Sherwood 006D","E07000175","Newark and Sherwood",-0.002541296,0.041522491,-0.013888889,-0.027874564,-0.002564103,-0.009375
