"Code","Name","LA_code","LA_name","All","X0to15","X16to29","X30to44","X45to64","X65plus"
"E01028287","Newark and Sherwood 011C","E07000175","Newark and Sherwood",-0.007343124,0.01119403,-0.01369863,0.052173913,-0.024154589,-0.035422343
