"Code","Name","LA_code","LA_name","All","X0to15","X16to29","X30to44","X45to64","X65plus"
"E01028325","Newark and Sherwood 012B","E07000175","Newark and Sherwood",0.000834725,0.024390244,-0.038461538,-0.022857143,0.007246377,0.003333333
