"Code","Name","LA_code","LA_name","All","X0to15","X16to29","X30to44","X45to64","X65plus"
"E01028307","Newark and Sherwood 007E","E07000175","Newark and Sherwood",0.025236593,0.041493776,0,0.033222591,0.022988506,0.025641026
