"Code","Name","LA_code","LA_name","All","X0to15","X16to29","X30to44","X45to64","X65plus"
"E01028309","Newark and Sherwood 010B","E07000175","Newark and Sherwood",-0.00942029,-0.005847953,-0.038461538,-0.005208333,0.012931034,-0.027707809
