"Code","Name","LA_code","LA_name","All","X0to15","X16to29","X30to44","X45to64","X65plus"
"E01028348","Newark and Sherwood 008D","E07000175","Newark and Sherwood",0.004021448,-0.020661157,0.046460177,-0.006289308,-0.023026316,-0.005970149
