"Code","Name","LA_code","LA_name","All","X0to15","X16to29","X30to44","X45to64","X65plus"
"E01028319","Newark and Sherwood 010D","E07000175","Newark and Sherwood",-0.008173077,-0.012345679,-0.010178117,-0.005555556,0.004149378,-0.019498607
