"Code","Name","LA_code","LA_name","All","X0to15","X16to29","X30to44","X45to64","X65plus"
"E01028317","Newark and Sherwood 004C","E07000175","Newark and Sherwood",0.016393443,0.029045643,0.049019608,-0.031007752,0.029296875,0.006944444
