"Code","Name","LA_code","LA_name","All","X0to15","X16to29","X30to44","X45to64","X65plus"
"E01028295","Newark and Sherwood 005A","E07000175","Newark and Sherwood",-0.021443515,-0.01010101,-0.004385965,-0.006535948,-0.032258065,-0.032537961
