"Code","Name","LA_code","LA_name","All","X0to15","X16to29","X30to44","X45to64","X65plus"
"E01028291","Newark and Sherwood 011G","E07000175","Newark and Sherwood",-0.017167382,-0.020710059,-0.030716724,-0.025270758,0.008547009,-0.035294118
