"Code","Name","LA_code","LA_name","All","X0to15","X16to29","X30to44","X45to64","X65plus"
"E01028316","Newark and Sherwood 004B","E07000175","Newark and Sherwood",-0.020366599,-0.051813472,0.012738854,-0.044303797,-0.011389522,-0.019011407
