"Code","Name","LA_code","LA_name","All","X0to15","X16to29","X30to44","X45to64","X65plus"
"E01029604","Newcastle-under-Lyme 011E","E07000195","Newcastle-under-Lyme",0.020441989,-0.028089888,0.02027027,0.028037383,0.029484029,0.028846154
