"Code","Name","LA_code","LA_name","All","X0to15","X16to29","X30to44","X45to64","X65plus"
"E01008321","Newcastle upon Tyne 007D","E08000021","Newcastle upon Tyne",-0.009148085,-0.034920635,-0.030075188,0.030120482,0.00210084,-0.022222222
