"Code","Name","LA_code","LA_name","All","X0to15","X16to29","X30to44","X45to64","X65plus"
"E01029538","Newcastle-under-Lyme 006B","E07000195","Newcastle-under-Lyme",-0.010989011,-0.021798365,-0.018181818,-0.014450867,-0.011820331,0.007334963
