"Code","Name","LA_code","LA_name","All","X0to15","X16to29","X30to44","X45to64","X65plus"
"E01008436","Newcastle upon Tyne 020F","E08000021","Newcastle upon Tyne",-0.031537451,-0.028673835,-0.033149171,-0.03880597,-0.025210084,-0.031746032
