"Code","Name","LA_code","LA_name","All","X0to15","X16to29","X30to44","X45to64","X65plus"
"E01008325","Newcastle upon Tyne 015B","E08000021","Newcastle upon Tyne",0.034175334,0.076086957,0.011363636,-0.021276596,0.024054983,0.057065217
