"Code","Name","LA_code","LA_name","All","X0to15","X16to29","X30to44","X45to64","X65plus"
"E01029533","Newcastle-under-Lyme 005B","E07000195","Newcastle-under-Lyme",0.009721322,0.007905138,0.023148148,0.049056604,0.006369427,-0.023668639
