"Code","Name","LA_code","LA_name","All","X0to15","X16to29","X30to44","X45to64","X65plus"
"E01008374","Newcastle upon Tyne 008B","E08000021","Newcastle upon Tyne",-0.015444015,-0.029126214,-0.026315789,-0.015772871,-0.029680365,0.034351145
