"Code","Name","LA_code","LA_name","All","X0to15","X16to29","X30to44","X45to64","X65plus"
"E01029580","Newcastle-under-Lyme 009C","E07000195","Newcastle-under-Lyme",-0.010615711,0.012552301,0.017621145,-0.029739777,-0.043902439,0.014925373
