"Code","Name","LA_code","LA_name","All","X0to15","X16to29","X30to44","X45to64","X65plus"
"E01008300","Newcastle upon Tyne 016A","E08000021","Newcastle upon Tyne",-0.002458513,0.012531328,-0.020979021,-0.036827195,0.061583578,-0.044354839
