"Code","Name","LA_code","LA_name","All","X0to15","X16to29","X30to44","X45to64","X65plus"
"E01008380","Newcastle upon Tyne 008G","E08000021","Newcastle upon Tyne",-0.015765766,-0.014861996,-0.020231214,-0.007731959,-0.018957346,-0.020134228
