"Code","Name","LA_code","LA_name","All","X0to15","X16to29","X30to44","X45to64","X65plus"
"E01008363","Newcastle upon Tyne 012E","E08000021","Newcastle upon Tyne",-0.000616523,0.03164557,-0.013661202,0.012158055,0.011363636,-0.021582734
