"Code","Name","LA_code","LA_name","All","X0to15","X16to29","X30to44","X45to64","X65plus"
"E01033550","Newcastle upon Tyne 002F","E08000021","Newcastle upon Tyne",0.001454193,0.015679443,-0.007751938,0.013916501,-0.015463918,-0.01369863
