"Code","Name","LA_code","LA_name","All","X0to15","X16to29","X30to44","X45to64","X65plus"
"E01008441","Newcastle upon Tyne 031A","E08000021","Newcastle upon Tyne",-0.010682493,0.029032258,-0.035830619,-0.010791367,-0.002197802,-0.035820896
