"Code","Name","LA_code","LA_name","All","X0to15","X16to29","X30to44","X45to64","X65plus"
"E01029572","Newcastle-under-Lyme 016D","E07000195","Newcastle-under-Lyme",0.026251526,0.037037037,0.046632124,0.026785714,0.001801802,0.042553191
