"Code","Name","LA_code","LA_name","All","X0to15","X16to29","X30to44","X45to64","X65plus"
"E01029591","Newcastle-under-Lyme 014C","E07000195","Newcastle-under-Lyme",0.013568521,-0.024734982,-0.008333333,0.03187251,0.034285714,0.025714286
