"Code","Name","LA_code","LA_name","All","X0to15","X16to29","X30to44","X45to64","X65plus"
"E01008357","Newcastle upon Tyne 002D","E08000021","Newcastle upon Tyne",-0.015984655,-0.05907173,0.017142857,-0.014423077,-0.002004008,-0.02247191
