"Code","Name","LA_code","LA_name","All","X0to15","X16to29","X30to44","X45to64","X65plus"
"E01008356","Newcastle upon Tyne 006C","E08000021","Newcastle upon Tyne",0.0260631,0.029411765,0.008474576,0.014545455,0.037946429,0.030508475
