"Code","Name","LA_code","LA_name","All","X0to15","X16to29","X30to44","X45to64","X65plus"
"E01029545","Newcastle-under-Lyme 004C","E07000195","Newcastle-under-Lyme",-0.013182674,0.016666667,-0.066666667,-0.013468013,0.010351967,-0.037037037
