"Code","Name","LA_code","LA_name","All","X0to15","X16to29","X30to44","X45to64","X65plus"
"E01008288","Newcastle upon Tyne 027A","E08000021","Newcastle upon Tyne",0.003770739,0.054794521,-0.022727273,-0.022140221,0.023622047,-0.021276596
