"Code","Name","LA_code","LA_name","All","X0to15","X16to29","X30to44","X45to64","X65plus"
"E01029566","Newcastle-under-Lyme 010C","E07000195","Newcastle-under-Lyme",0.025166543,0.060096154,-0.007722008,0.013245033,0.024193548,0.007936508
