"Code","Name","LA_code","LA_name","All","X0to15","X16to29","X30to44","X45to64","X65plus"
"E01008405","Newcastle upon Tyne 014F","E08000021","Newcastle upon Tyne",0.00138217,0.082191781,-0.037656904,-0.055172414,0.012531328,-0.008810573
