"Code","Name","LA_code","LA_name","All","X0to15","X16to29","X30to44","X45to64","X65plus"
"E01029596","Newcastle-under-Lyme 004E","E07000195","Newcastle-under-Lyme",0.018600531,0.03539823,-0.058394161,0.007042254,0.028571429,0.035545024
