"Code","Name","LA_code","LA_name","All","X0to15","X16to29","X30to44","X45to64","X65plus"
"E01008306","Newcastle upon Tyne 001B","E08000021","Newcastle upon Tyne",-0.003663004,-0.049295775,-0.029761905,-0.032128514,0.024193548,0.020408163
