"Code","Name","LA_code","LA_name","All","X0to15","X16to29","X30to44","X45to64","X65plus"
"E01029554","Newcastle-under-Lyme 010B","E07000195","Newcastle-under-Lyme",0.011097411,0.042105263,-0.028205128,0.033033033,0.041666667,-0.023178808
