"Code","Name","LA_code","LA_name","All","X0to15","X16to29","X30to44","X45to64","X65plus"
"E01008340","Newcastle upon Tyne 003E","E08000021","Newcastle upon Tyne",-0.011088011,-0.029023747,-0.003676471,0.007434944,-0.014084507,-0.005952381
