"Code","Name","LA_code","LA_name","All","X0to15","X16to29","X30to44","X45to64","X65plus"
"E01029546","Newcastle-under-Lyme 004D","E07000195","Newcastle-under-Lyme",-0.002777778,-0.027303754,-0.003663004,0.065292096,0.004484305,-0.116788321
