"Code","Name","LA_code","LA_name","All","X0to15","X16to29","X30to44","X45to64","X65plus"
"E01029563","Newcastle-under-Lyme 002B","E07000195","Newcastle-under-Lyme",0.009579956,-0.024038462,0.068292683,0.029850746,0.007672634,-0.014204545
