"Code","Name","LA_code","LA_name","All","X0to15","X16to29","X30to44","X45to64","X65plus"
"E01008446","Newcastle upon Tyne 031E","E08000021","Newcastle upon Tyne",-0.005826657,0.013422819,-0.0875,-0.040462428,-0.00257732,0.023856859
