"Code","Name","LA_code","LA_name","All","X0to15","X16to29","X30to44","X45to64","X65plus"
"E01008330","Newcastle upon Tyne 015G","E08000021","Newcastle upon Tyne",-0.053401609,-0.057401813,-0.054393305,-0.099264706,-0.034055728,-0.014851485
