"Code","Name","LA_code","LA_name","All","X0to15","X16to29","X30to44","X45to64","X65plus"
"E01008412","Newcastle upon Tyne 023E","E08000021","Newcastle upon Tyne",-0.012401353,-0.090909091,-0.016546019,-0.003095975,-0.012875536,0.101851852
