"Code","Name","LA_code","LA_name","All","X0to15","X16to29","X30to44","X45to64","X65plus"
"E01008416","Newcastle upon Tyne 025C","E08000021","Newcastle upon Tyne",-0.004265692,-0.01056338,0.013636364,-0.036474164,0.0041841,0.009090909
