"Code","Name","LA_code","LA_name","All","X0to15","X16to29","X30to44","X45to64","X65plus"
"E01008424","Newcastle upon Tyne 005F","E08000021","Newcastle upon Tyne",-0.017775229,-0.028688525,-0.017167382,-0.016990291,-0.008695652,-0.018867925
