"Code","Name","LA_code","LA_name","All","X0to15","X16to29","X30to44","X45to64","X65plus"
"E01008342","Newcastle upon Tyne 003G","E08000021","Newcastle upon Tyne",0.00150263,0.071428571,-0.031055901,-0.010050251,-0.002518892,-0.002380952
