"Code","Name","LA_code","LA_name","All","X0to15","X16to29","X30to44","X45to64","X65plus"
"E01008332","Newcastle upon Tyne 029B","E08000021","Newcastle upon Tyne",-0.007221589,-0.020460358,0.008976661,-0.024427481,-0.017977528,0.083333333
