"Code","Name","LA_code","LA_name","All","X0to15","X16to29","X30to44","X45to64","X65plus"
"E01029552","Newcastle-under-Lyme 006D","E07000195","Newcastle-under-Lyme",0.039650538,0.077235772,0.015625,0.099264706,0.037220844,-0.019292605
