"Code","Name","LA_code","LA_name","All","X0to15","X16to29","X30to44","X45to64","X65plus"
"E01008429","Newcastle upon Tyne 028D","E08000021","Newcastle upon Tyne",0.014472777,0.048632219,0.00390625,-0.067193676,0.017751479,0.054545455
