"Code","Name","LA_code","LA_name","All","X0to15","X16to29","X30to44","X45to64","X65plus"
"E01008423","Newcastle upon Tyne 006G","E08000021","Newcastle upon Tyne",0.000746269,-0.038167939,-0.019230769,0.036585366,-0.002336449,0.027272727
