"Code","Name","LA_code","LA_name","All","X0to15","X16to29","X30to44","X45to64","X65plus"
"E01029609","Newcastle-under-Lyme 008D","E07000195","Newcastle-under-Lyme",0.014192785,0.056537102,0.059405941,-0.030640669,0.026128266,-0.030769231
