"Code","Name","LA_code","LA_name","All","X0to15","X16to29","X30to44","X45to64","X65plus"
"E01008316","Newcastle upon Tyne 012C","E08000021","Newcastle upon Tyne",-0.011670762,-0.026217228,-0.026845638,-0.021084337,0.013157895,-0.010909091
