"Code","Name","LA_code","LA_name","All","X0to15","X16to29","X30to44","X45to64","X65plus"
"E01029605","Newcastle-under-Lyme 014E","E07000195","Newcastle-under-Lyme",0.048611111,0.0472103,0.009049774,0.07253886,0.035135135,0.082437276
