"Code","Name","LA_code","LA_name","All","X0to15","X16to29","X30to44","X45to64","X65plus"
"E01008297","Newcastle upon Tyne 011B","E08000021","Newcastle upon Tyne",-0.013092269,0.005555556,-0.044609665,-0.036423841,-0.022222222,0.03358209
