"Code","Name","LA_code","LA_name","All","X0to15","X16to29","X30to44","X45to64","X65plus"
"E01008385","Newcastle upon Tyne 021E","E08000021","Newcastle upon Tyne",-0.030656934,-0.038167939,0.007380074,-0.014492754,-0.041666667,-0.074626866
