"Code","Name","LA_code","LA_name","All","X0to15","X16to29","X30to44","X45to64","X65plus"
"E01029539","Newcastle-under-Lyme 006C","E07000195","Newcastle-under-Lyme",0.001315789,-0.034749035,-0.010989011,0.007092199,0.023474178,0.007142857
