"Code","Name","LA_code","LA_name","All","X0to15","X16to29","X30to44","X45to64","X65plus"
"E01008327","Newcastle upon Tyne 015D","E08000021","Newcastle upon Tyne",-0.00075358,0.025477707,-0.025179856,-0.009389671,0.006688963,-0.00896861
