"Code","Name","LA_code","LA_name","All","X0to15","X16to29","X30to44","X45to64","X65plus"
"E01008301","Newcastle upon Tyne 026A","E08000021","Newcastle upon Tyne",-0.041522491,-0.0078125,-0.024608501,-0.002583979,-0.028508772,-0.239361702
