"Code","Name","LA_code","LA_name","All","X0to15","X16to29","X30to44","X45to64","X65plus"
"E01029579","Newcastle-under-Lyme 009B","E07000195","Newcastle-under-Lyme",0.004750594,-0.047457627,-0.007633588,0.037037037,0.034965035,-0.00802139
