"Code","Name","LA_code","LA_name","All","X0to15","X16to29","X30to44","X45to64","X65plus"
"E01029559","Newcastle-under-Lyme 007C","E07000195","Newcastle-under-Lyme",0.027590848,-0.01119403,0.022556391,0.050724638,0.020833333,0.06147541
