"Code","Name","LA_code","LA_name","All","X0to15","X16to29","X30to44","X45to64","X65plus"
"E01008343","Newcastle upon Tyne 019A","E08000021","Newcastle upon Tyne",0.003780718,0.027777778,-0.034883721,-0.016286645,0.017073171,0.011904762
