"Code","Name","LA_code","LA_name","All","X0to15","X16to29","X30to44","X45to64","X65plus"
"E01033543","Newcastle upon Tyne 024G","E08000021","Newcastle upon Tyne",-0.020961145,0.150537634,-0.021804511,-0.058823529,0.009708738,-0.102564103
