"Code","Name","LA_code","LA_name","All","X0to15","X16to29","X30to44","X45to64","X65plus"
"E01033548","Newcastle upon Tyne 023G","E08000021","Newcastle upon Tyne",-0.005387205,0.087912088,0.007598784,-0.041666667,-0.029962547,0.007518797
