"Code","Name","LA_code","LA_name","All","X0to15","X16to29","X30to44","X45to64","X65plus"
"E01029558","Newcastle-under-Lyme 006E","E07000195","Newcastle-under-Lyme",-0.024429967,0.018556701,-0.077160494,-0.024875622,-0.023195876,-0.041152263
