"Code","Name","LA_code","LA_name","All","X0to15","X16to29","X30to44","X45to64","X65plus"
"E01008382","Newcastle upon Tyne 021B","E08000021","Newcastle upon Tyne",0.0015163,-0.002762431,0.020833333,-0.004587156,-0.018867925,0.026200873
