"Code","Name","LA_code","LA_name","All","X0to15","X16to29","X30to44","X45to64","X65plus"
"E01008378","Newcastle upon Tyne 006D","E08000021","Newcastle upon Tyne",0.00911641,0.052805281,-0.051546392,0.004016064,0.004938272,0.014545455
