"Code","Name","LA_code","LA_name","All","X0to15","X16to29","X30to44","X45to64","X65plus"
"E01022990","New Forest 017A","E07000091","New Forest",0.027528809,0.034602076,0.027322404,0.06626506,0.027083333,0.009009009
