"Code","Name","LA_code","LA_name","All","X0to15","X16to29","X30to44","X45to64","X65plus"
"E01023002","New Forest 019B","E07000091","New Forest",-0.004027618,0.009836066,-0.011583012,0.017064846,-0.006342495,-0.022058824
