"Code","Name","LA_code","LA_name","All","X0to15","X16to29","X30to44","X45to64","X65plus"
"E01022996","New Forest 016C","E07000091","New Forest",0.00486618,0.086206897,-0.053691275,0.1,-0.0175,-0.021621622
