"Code","Name","LA_code","LA_name","All","X0to15","X16to29","X30to44","X45to64","X65plus"
"E01023032","New Forest 013C","E07000091","New Forest",0.013709063,0.091370558,-0.010526316,0,-0.021798365,0.029850746
