"Code","Name","LA_code","LA_name","All","X0to15","X16to29","X30to44","X45to64","X65plus"
"E01022983","New Forest 022C","E07000091","New Forest",-0.009063444,0.007518797,-0.034722222,-0.055172414,-0.01511879,0.005194805
