"Code","Name","LA_code","LA_name","All","X0to15","X16to29","X30to44","X45to64","X65plus"
"E01023001","New Forest 019A","E07000091","New Forest",0.010314875,-0.022099448,0.016891892,0.008450704,0.008333333,0.042979943
