"Code","Name","LA_code","LA_name","All","X0to15","X16to29","X30to44","X45to64","X65plus"
"E01023073","New Forest 003A","E07000091","New Forest",-0.008559201,-0.042801556,-0.026315789,0.012875536,-0.013100437,0.04787234
