"Code","Name","LA_code","LA_name","All","X0to15","X16to29","X30to44","X45to64","X65plus"
"E01023023","New Forest 001E","E07000091","New Forest",0.008782201,-0.009677419,0.016574586,0.054166667,0.005976096,-0.002105263
