"Code","Name","LA_code","LA_name","All","X0to15","X16to29","X30to44","X45to64","X65plus"
"E01023036","New Forest 018F","E07000091","New Forest",0.015920398,-0.003787879,-0.006289308,0.078787879,0.007194245,0.019630485
