"Code","Name","LA_code","LA_name","All","X0to15","X16to29","X30to44","X45to64","X65plus"
"E01022988","New Forest 021B","E07000091","New Forest",-0.005728835,0.023622047,-0.051094891,0,-0.017241379,0.015831135
