"Code","Name","LA_code","LA_name","All","X0to15","X16to29","X30to44","X45to64","X65plus"
"E01023004","New Forest 011B","E07000091","New Forest",0.001629549,0.024169184,-0.026415094,0,-0.018903592,0.029339853
