"Code","Name","LA_code","LA_name","All","X0to15","X16to29","X30to44","X45to64","X65plus"
"E01023045","New Forest 007C","E07000091","New Forest",0.008373206,0.059760956,-0.02994012,-0.026086957,0.011605416,0.007889546
