"Code","Name","LA_code","LA_name","All","X0to15","X16to29","X30to44","X45to64","X65plus"
"E01023017","New Forest 020A","E07000091","New Forest",0.011616162,0.037037037,-0.01242236,0.026845638,-0.010162602,0.020408163
