"Code","Name","LA_code","LA_name","All","X0to15","X16to29","X30to44","X45to64","X65plus"
"E01023026","New Forest 010A","E07000091","New Forest",-0.044351464,-0.056701031,-0.081481481,0.007352941,0.004854369,-0.106918239
