"Code","Name","LA_code","LA_name","All","X0to15","X16to29","X30to44","X45to64","X65plus"
"E01022998","New Forest 015C","E07000091","New Forest",-0.008417508,-0.044,-0.042253521,-0.016853933,-0.005484461,0.018518519
