"Code","Name","LA_code","LA_name","All","X0to15","X16to29","X30to44","X45to64","X65plus"
"E01023063","New Forest 016E","E07000091","New Forest",0.038961039,0.089201878,0.034482759,0.015075377,0.048780488,0.004032258
