"Code","Name","LA_code","LA_name","All","X0to15","X16to29","X30to44","X45to64","X65plus"
"E01023068","New Forest 012B","E07000091","New Forest",0.03615329,0.086642599,0,0.065502183,-0.002710027,0.041811847
