"Code","Name","LA_code","LA_name","All","X0to15","X16to29","X30to44","X45to64","X65plus"
"E01022987","New Forest 022D","E07000091","New Forest",0.006009014,-0.019607843,0.102941176,-0.02962963,-0.002074689,0.005499542
