"Code","Name","LA_code","LA_name","All","X0to15","X16to29","X30to44","X45to64","X65plus"
"E01023066","New Forest 010D","E07000091","New Forest",0.003478261,0.024647887,0.038647343,0.038647343,-0.03646833,0.003952569
