"Code","Name","LA_code","LA_name","All","X0to15","X16to29","X30to44","X45to64","X65plus"
"E01023010","New Forest 008B","E07000091","New Forest",0.011478731,0,0.02640264,0.018181818,0.015,-0.010928962
