"Code","Name","LA_code","LA_name","All","X0to15","X16to29","X30to44","X45to64","X65plus"
"E01022991","New Forest 015B","E07000091","New Forest",-0.030927835,-0.052083333,-0.013274336,0,-0.04084507,-0.027941176
