"Code","Name","LA_code","LA_name","All","X0to15","X16to29","X30to44","X45to64","X65plus"
"E01023034","New Forest 018D","E07000091","New Forest",-0.008042895,0.006872852,-0.054054054,0.008097166,-0.007889546,-0.005016722
