"Code","Name","LA_code","LA_name","All","X0to15","X16to29","X30to44","X45to64","X65plus"
"E01023065","New Forest 012A","E07000091","New Forest",-0.024585477,-0.017492711,-0.010909091,-0.072727273,-0.032332564,0
