"Code","Name","LA_code","LA_name","All","X0to15","X16to29","X30to44","X45to64","X65plus"
"E01023086","New Forest 005D","E07000091","New Forest",-0.011327879,0.012903226,-0.009569378,-0.024793388,-0.008830022,-0.026666667
