"Code","Name","LA_code","LA_name","All","X0to15","X16to29","X30to44","X45to64","X65plus"
"E01023012","New Forest 001B","E07000091","New Forest",-0.00591716,-0.006622517,-0.021276596,0.048387097,0.001855288,-0.027707809
