"Code","Name","LA_code","LA_name","All","X0to15","X16to29","X30to44","X45to64","X65plus"
"E01022994","New Forest 016A","E07000091","New Forest",-0.009633911,0.004132231,-0.06993007,-0.009708738,0.008791209,-0.015655577
