"Code","Name","LA_code","LA_name","All","X0to15","X16to29","X30to44","X45to64","X65plus"
"E01023051","New Forest 023B","E07000091","New Forest",0.010996119,0.008474576,0.059171598,0.005464481,0.002380952,0.005576208
