"Code","Name","LA_code","LA_name","All","X0to15","X16to29","X30to44","X45to64","X65plus"
"E01023043","New Forest 017E","E07000091","New Forest",0.019036954,0.033707865,0.044715447,0.003144654,-0.002232143,0.027613412
