"Code","Name","LA_code","LA_name","All","X0to15","X16to29","X30to44","X45to64","X65plus"
"E01023042","New Forest 017D","E07000091","New Forest",-0.019789734,-0.116129032,0,-0.021164021,0,-0.014705882
