"Code","Name","LA_code","LA_name","All","X0to15","X16to29","X30to44","X45to64","X65plus"
"E01023062","New Forest 010B","E07000091","New Forest",-0.024038462,-0.044444444,-0.02259887,-0.065934066,-0.021359223,0.005602241
