"Code","Name","LA_code","LA_name","All","X0to15","X16to29","X30to44","X45to64","X65plus"
"E01023046","New Forest 007D","E07000091","New Forest",-0.007397445,0.005,0.056338028,-0.0456621,0,-0.029978587
