"Code","Name","LA_code","LA_name","All","X0to15","X16to29","X30to44","X45to64","X65plus"
"E01023081","New Forest 003C","E07000091","New Forest",-0.002780352,-0.019880716,0.01183432,0.00610998,0.008880995,-0.030418251
