"Code","Name","LA_code","LA_name","All","X0to15","X16to29","X30to44","X45to64","X65plus"
"E01023031","New Forest 014F","E07000091","New Forest",-0.015625,0.077419355,0.02955665,-0.074534161,-0.033057851,-0.038922156
