"Code","Name","LA_code","LA_name","All","X0to15","X16to29","X30to44","X45to64","X65plus"
"E01023024","New Forest 001F","E07000091","New Forest",-0.009609225,0.007751938,0,0,-0.015283843,-0.022222222
