"Code","Name","LA_code","LA_name","All","X0to15","X16to29","X30to44","X45to64","X65plus"
"E01003567","Newham 007D","E09000025","Newham",0.000508906,-0.013972056,0.023640662,0.005454545,0.01179941,-0.059210526
