"Code","Name","LA_code","LA_name","All","X0to15","X16to29","X30to44","X45to64","X65plus"
"E01003636","Newham 020E","E09000025","Newham",0.016336634,0.00456621,0.027322404,0.034416826,-0.005390836,0
