"Code","Name","LA_code","LA_name","All","X0to15","X16to29","X30to44","X45to64","X65plus"
"E01003515","Newham 036D","E09000025","Newham",-0.013293944,-0.011090573,-0.026726058,-0.018947368,0.002518892,-0.00591716
