"Code","Name","LA_code","LA_name","All","X0to15","X16to29","X30to44","X45to64","X65plus"
"E01003568","Newham 017A","E09000025","Newham",0.014292095,0.010351967,0.028634361,0.006144393,-0.017467249,0.093264249
