"Code","Name","LA_code","LA_name","All","X0to15","X16to29","X30to44","X45to64","X65plus"
"E01003491","Newham 022A","E09000025","Newham",0.093346574,0.081005587,0.103238866,0.114398422,0.108938547,0.037037037
