"Code","Name","LA_code","LA_name","All","X0to15","X16to29","X30to44","X45to64","X65plus"
"E01003628","Newham 015D","E09000025","Newham",0.01586369,-0.004962779,0.030136986,0.016203704,0,0.092436975
