"Code","Name","LA_code","LA_name","All","X0to15","X16to29","X30to44","X45to64","X65plus"
"E01003578","Newham 003A","E09000025","Newham",0.004946043,-0.03115727,0.022312373,0.03422619,-0.022875817,0.063291139
