"Code","Name","LA_code","LA_name","All","X0to15","X16to29","X30to44","X45to64","X65plus"
"E01033577","Newham 037E","E09000025","Newham",0.037974684,0.049586777,0.018803419,0.033457249,0,0.458333333
