"Code","Name","LA_code","LA_name","All","X0to15","X16to29","X30to44","X45to64","X65plus"
"E01003480","Newham 033A","E09000025","Newham",0.003070175,-0.077319588,0.017281106,0.04526749,0.015345269,-0.040816327
