"Code","Name","LA_code","LA_name","All","X0to15","X16to29","X30to44","X45to64","X65plus"
"E01003501","Newham 030B","E09000025","Newham",0.007953118,-0.029357798,0.028355388,0.010016694,0.005319149,0.072368421
