"Code","Name","LA_code","LA_name","All","X0to15","X16to29","X30to44","X45to64","X65plus"
"E01003590","Newham 003D","E09000025","Newham",0.043170103,0.013927577,0.076612903,0.055096419,0.049095607,0.020512821
