"Code","Name","LA_code","LA_name","All","X0to15","X16to29","X30to44","X45to64","X65plus"
"E01003557","Newham 006D","E09000025","Newham",0.037231504,0.014388489,0.034090909,0.026315789,0.036082474,0.198275862
