"Code","Name","LA_code","LA_name","All","X0to15","X16to29","X30to44","X45to64","X65plus"
"E01003619","Newham 012D","E09000025","Newham",0.0076599,-0.038812785,0.024336283,0.024,0.021857923,-0.071895425
