"Code","Name","LA_code","LA_name","All","X0to15","X16to29","X30to44","X45to64","X65plus"
"E01003559","Newham 009D","E09000025","Newham",0.003067485,0,0.022556391,0.029126214,-0.047281324,-0.098591549
