"Code","Name","LA_code","LA_name","All","X0to15","X16to29","X30to44","X45to64","X65plus"
"E01003595","Newham 026B","E09000025","Newham",-0.002151694,-0.02189781,0.011286682,0.032786885,-0.008108108,-0.052884615
