"Code","Name","LA_code","LA_name","All","X0to15","X16to29","X30to44","X45to64","X65plus"
"E01003605","Newham 028C","E09000025","Newham",0.018120523,0.012345679,0.034722222,0.030612245,-0.006451613,0.005649718
