"Code","Name","LA_code","LA_name","All","X0to15","X16to29","X30to44","X45to64","X65plus"
"E01003626","Newham 015B","E09000025","Newham",0.02851711,0.032786885,0.003125,0.032608696,-0.019169329,0.193277311
