"Code","Name","LA_code","LA_name","All","X0to15","X16to29","X30to44","X45to64","X65plus"
"E01003530","Newham 010B","E09000025","Newham",0.003739316,0.050802139,0.004587156,0.018518519,-0.01459854,-0.103030303
