"Code","Name","LA_code","LA_name","All","X0to15","X16to29","X30to44","X45to64","X65plus"
"E01003573","Newham 017C","E09000025","Newham",-0.012871727,-0.001908397,-0.022088353,-0.00308642,-0.017456359,-0.043956044
