"Code","Name","LA_code","LA_name","All","X0to15","X16to29","X30to44","X45to64","X65plus"
"E01003509","Newham 031C","E09000025","Newham",0.010628466,0.023809524,0.009940358,0.015929204,-0.042056075,0.091463415
