"Code","Name","LA_code","LA_name","All","X0to15","X16to29","X30to44","X45to64","X65plus"
"E01003531","Newham 010C","E09000025","Newham",0.063303189,0.061833689,0.07505071,0.063793103,0.005347594,0.151351351
