"Code","Name","LA_code","LA_name","All","X0to15","X16to29","X30to44","X45to64","X65plus"
"E01033586","Newham 013H","E09000025","Newham",-0.016995614,-0.010498688,-0.027093596,0.003401361,-0.036111111,-0.056179775
