"Code","Name","LA_code","LA_name","All","X0to15","X16to29","X30to44","X45to64","X65plus"
"E01003513","Newham 035D","E09000025","Newham",0.032085561,0.057603687,0.031545741,0.009541985,-0.015015015,0.253333333
