"Code","Name","LA_code","LA_name","All","X0to15","X16to29","X30to44","X45to64","X65plus"
"E01003528","Newham 005A","E09000025","Newham",0.015446608,0.017699115,-0.023026316,0.015306122,0.048672566,0.043478261
