"Code","Name","LA_code","LA_name","All","X0to15","X16to29","X30to44","X45to64","X65plus"
"E01003622","Newham 023D","E09000025","Newham",-0.002239642,0.032128514,0.014925373,0.013303769,-0.049046322,-0.096296296
