"Code","Name","LA_code","LA_name","All","X0to15","X16to29","X30to44","X45to64","X65plus"
"E01003558","Newham 008B","E09000025","Newham",0.031755915,0.028653295,0.060185185,0.038636364,0.007272727,-0.036363636
