"Code","Name","LA_code","LA_name","All","X0to15","X16to29","X30to44","X45to64","X65plus"
"E01003519","Newham 032E","E09000025","Newham",0.00907441,0.011396011,0.014184397,0.01734104,0.002369668,-0.018018018
