"Code","Name","LA_code","LA_name","All","X0to15","X16to29","X30to44","X45to64","X65plus"
"E01003625","Newham 015A","E09000025","Newham",0.015444015,0.016194332,0.011904762,0.048387097,0.019607843,-0.142857143
