"Code","Name","LA_code","LA_name","All","X0to15","X16to29","X30to44","X45to64","X65plus"
"E01003616","Newham 012A","E09000025","Newham",0.004797441,0.024691358,0.012773723,0.011363636,-0.005479452,-0.09009009
