"Code","Name","LA_code","LA_name","All","X0to15","X16to29","X30to44","X45to64","X65plus"
"E01003630","Newham 021C","E09000025","Newham",0.012218045,0.017897092,0.012219959,0.038888889,-0.012958963,-0.016042781
