"Code","Name","LA_code","LA_name","All","X0to15","X16to29","X30to44","X45to64","X65plus"
"E01003541","Newham 029D","E09000025","Newham",-0.021719039,-0.008090615,-0.019522777,-0.027944112,-0.018691589,-0.070512821
