"Code","Name","LA_code","LA_name","All","X0to15","X16to29","X30to44","X45to64","X65plus"
"E01003536","Newham 023B","E09000025","Newham",0.015096304,0.008976661,0.020942408,0.009920635,0.013623978,0.054054054
