"Code","Name","LA_code","LA_name","All","X0to15","X16to29","X30to44","X45to64","X65plus"
"E01033575","Newham 034G","E09000025","Newham",0.032403919,0.214953271,0.012152778,0.024856597,0.021052632,-0.076923077
