"Code","Name","LA_code","LA_name","All","X0to15","X16to29","X30to44","X45to64","X65plus"
"E01003592","Newham 022B","E09000025","Newham",-0.039860488,-0.063380282,-0.037254902,-0.023679417,-0.082857143,0.046511628
