"Code","Name","LA_code","LA_name","All","X0to15","X16to29","X30to44","X45to64","X65plus"
"E01003489","Newham 019B","E09000025","Newham",0.013296399,-0.02480916,0.036211699,0.043280182,0.031446541,-0.03030303
