"Code","Name","LA_code","LA_name","All","X0to15","X16to29","X30to44","X45to64","X65plus"
"E01003606","Newham 022D","E09000025","Newham",0.008792049,0.016051364,-0.003795066,-0.008298755,0.013011152,0.068292683
