"Code","Name","LA_code","LA_name","All","X0to15","X16to29","X30to44","X45to64","X65plus"
"E01003562","Newham 014A","E09000025","Newham",-0.004416961,-0.032653061,-0.006122449,0.015600624,-0.006160164,0.012820513
