"Code","Name","LA_code","LA_name","All","X0to15","X16to29","X30to44","X45to64","X65plus"
"E01003542","Newham 024D","E09000025","Newham",0.003811339,-0.010327022,-0.004830918,0.014141414,-0.002202643,0.064516129
