"Code","Name","LA_code","LA_name","All","X0to15","X16to29","X30to44","X45to64","X65plus"
"E01003497","Newham 034A","E09000025","Newham",0.021191294,-0.002770083,0.014851485,0.050228311,0.01897019,0.017241379
