"Code","Name","LA_code","LA_name","All","X0to15","X16to29","X30to44","X45to64","X65plus"
"E01003599","Newham 022C","E09000025","Newham",-0.024793388,-0.035443038,0.016348774,-0.002331002,-0.073529412,-0.049079755
