"Code","Name","LA_code","LA_name","All","X0to15","X16to29","X30to44","X45to64","X65plus"
"E01003600","Newham 021B","E09000025","Newham",0.01746988,-0.005050505,0,0.004819277,0.043731778,0.096551724
