"Code","Name","LA_code","LA_name","All","X0to15","X16to29","X30to44","X45to64","X65plus"
"E01003525","Newham 018D","E09000025","Newham",0.070346849,0.039256198,0.06352459,0.106382979,0.086834734,0.019480519
