"Code","Name","LA_code","LA_name","All","X0to15","X16to29","X30to44","X45to64","X65plus"
"E01003487","Newham 033D","E09000025","Newham",0.013950073,-0.015673981,0.00931677,0.035714286,0.024930748,0.025
