"Code","Name","LA_code","LA_name","All","X0to15","X16to29","X30to44","X45to64","X65plus"
"E01003507","Newham 031A","E09000025","Newham",0.030565882,0.016759777,0.034026465,0.031007752,0.028169014,0.061032864
