"Code","Name","LA_code","LA_name","All","X0to15","X16to29","X30to44","X45to64","X65plus"
"E01003484","Newham 032B","E09000025","Newham",0.012910798,0.009592326,0.011869436,0.022857143,-0.03038674,0.206349206
