"Code","Name","LA_code","LA_name","All","X0to15","X16to29","X30to44","X45to64","X65plus"
"W01001610","Newport 015C","W06000022","Newport",-0.02820122,-0.071186441,0,-0.060606061,0.003194888,-0.012605042
