"Code","Name","LA_code","LA_name","All","X0to15","X16to29","X30to44","X45to64","X65plus"
"W01001643","Newport 013B","W06000022","Newport",0.001294498,-0.004264392,0.018181818,-0.017291066,0.003289474,0.031578947
