"Code","Name","LA_code","LA_name","All","X0to15","X16to29","X30to44","X45to64","X65plus"
"W01001663","Newport 008C","W06000022","Newport",-0.04218853,-0.075697211,-0.075117371,-0.042056075,-0.036117381,-0.01010101
