"Code","Name","LA_code","LA_name","All","X0to15","X16to29","X30to44","X45to64","X65plus"
"W01001688","Newport 019C","W06000022","Newport",0.003289474,0,0.003717472,0,-0.004975124,0.047393365
