"Code","Name","LA_code","LA_name","All","X0to15","X16to29","X30to44","X45to64","X65plus"
"W01001645","Newport 015D","W06000022","Newport",0.002252252,-0.003246753,-0.003731343,0.016393443,0.005633803,-0.006369427
