"Code","Name","LA_code","LA_name","All","X0to15","X16to29","X30to44","X45to64","X65plus"
"W01001664","Newport 010A","W06000022","Newport",0.016630513,-0.036789298,0.058035714,0.008888889,0.011904762,0.050167224
