"Code","Name","LA_code","LA_name","All","X0to15","X16to29","X30to44","X45to64","X65plus"
"W01001666","Newport 010B","W06000022","Newport",-0.002177068,0.043478261,-0.008,0.009049774,-0.038575668,-0.016129032
