"Code","Name","LA_code","LA_name","All","X0to15","X16to29","X30to44","X45to64","X65plus"
"W01001634","Newport 019B","W06000022","Newport",0.008381689,0.019886364,0.037453184,0,-0.008086253,-0.003773585
