"Code","Name","LA_code","LA_name","All","X0to15","X16to29","X30to44","X45to64","X65plus"
"W01001605","Newport 014A","W06000022","Newport",-0.015850144,-0.012658228,-0.024096386,-0.013651877,0.002906977,-0.037735849
