"Code","Name","LA_code","LA_name","All","X0to15","X16to29","X30to44","X45to64","X65plus"
"W01001660","Newport 018B","W06000022","Newport",-0.011267606,-0.020671835,0.007792208,0.005154639,-0.0225,-0.037209302
