"Code","Name","LA_code","LA_name","All","X0to15","X16to29","X30to44","X45to64","X65plus"
"W01001682","Newport 006C","W06000022","Newport",0.024426351,-0.008695652,0.048672566,0.056701031,0.035135135,0
