"Code","Name","LA_code","LA_name","All","X0to15","X16to29","X30to44","X45to64","X65plus"
"W01001673","Newport 009D","W06000022","Newport",-0.00979021,-0.019230769,-0.013888889,0.029535865,-0.013953488,-0.02189781
