"Code","Name","LA_code","LA_name","All","X0to15","X16to29","X30to44","X45to64","X65plus"
"W01001685","Newport 014B","W06000022","Newport",0.017769608,-0.00955414,0.007832898,0.012285012,0.053731343,0.031088083
