"Code","Name","LA_code","LA_name","All","X0to15","X16to29","X30to44","X45to64","X65plus"
"W01001614","Newport 005A","W06000022","Newport",0.008541393,-0.010204082,0.031674208,0.042402827,-0.02393617,0.017241379
