"Code","Name","LA_code","LA_name","All","X0to15","X16to29","X30to44","X45to64","X65plus"
"W01001617","Newport 003A","W06000022","Newport",-0.017557861,-0.033333333,0.017467249,-0.018518519,0,-0.049056604
