"Code","Name","LA_code","LA_name","All","X0to15","X16to29","X30to44","X45to64","X65plus"
"W01001631","Newport 017C","W06000022","Newport",-0.008626887,-0.045454545,0.03,-0.030651341,0.012254902,-0.014285714
