"Code","Name","LA_code","LA_name","All","X0to15","X16to29","X30to44","X45to64","X65plus"
"W01001654","Newport 002D","W06000022","Newport",-0.004863222,0,-0.076271186,0.012232416,-0.014051522,0.036474164
