"Code","Name","LA_code","LA_name","All","X0to15","X16to29","X30to44","X45to64","X65plus"
"W01001913","Newport 020F","W06000022","Newport",0.104477612,0.048543689,0.100719424,0.053613054,0.198300283,0.171428571
