"Code","Name","LA_code","LA_name","All","X0to15","X16to29","X30to44","X45to64","X65plus"
"W01001602","Newport 012B","W06000022","Newport",0.009061489,-0.008032129,0.021582734,0.013468013,0.0155902,0.00486618
