"Code","Name","LA_code","LA_name","All","X0to15","X16to29","X30to44","X45to64","X65plus"
"W01001628","Newport 001F","W06000022","Newport",0.017873942,0.049689441,-0.015873016,-0.006802721,0.048275862,0.003623188
