"Code","Name","LA_code","LA_name","All","X0to15","X16to29","X30to44","X45to64","X65plus"
"W01001609","Newport 015B","W06000022","Newport",0.050030506,0.035123967,0.045801527,0.160447761,0.032432432,-0.064516129
