"Code","Name","LA_code","LA_name","All","X0to15","X16to29","X30to44","X45to64","X65plus"
"W01001641","Newport 004C","W06000022","Newport",0.014514897,0.005586592,-0.0625,0.136612022,-0.013245033,0.022857143
