"Code","Name","LA_code","LA_name","All","X0to15","X16to29","X30to44","X45to64","X65plus"
"W01001633","Newport 019A","W06000022","Newport",-0.005821475,-0.002358491,0,0.023569024,-0.058139535,0.028901734
