"Code","Name","LA_code","LA_name","All","X0to15","X16to29","X30to44","X45to64","X65plus"
"W01001686","Newport 014C","W06000022","Newport",-0.009651076,-0.023696682,-0.011152416,0.003717472,-0.029411765,0.022321429
