"Code","Name","LA_code","LA_name","All","X0to15","X16to29","X30to44","X45to64","X65plus"
"W01001671","Newport 016D","W06000022","Newport",0.036206897,0.029605263,0.017605634,0.002923977,0.059471366,0.058988764
