"Code","Name","LA_code","LA_name","All","X0to15","X16to29","X30to44","X45to64","X65plus"
"W01001635","Newport 016A","W06000022","Newport",-0.02688172,-0.017699115,-0.048275862,0,-0.038724374,-0.027667984
