"Code","Name","LA_code","LA_name","All","X0to15","X16to29","X30to44","X45to64","X65plus"
"W01001630","Newport 017B","W06000022","Newport",0.006711409,0.092592593,-0.019607843,0.037209302,-0.009708738,-0.022573363
