"Code","Name","LA_code","LA_name","All","X0to15","X16to29","X30to44","X45to64","X65plus"
"W01001652","Newport 002B","W06000022","Newport",0.023926047,0.037735849,-0.008152174,0.06031746,0.004555809,0.034129693
