"Code","Name","LA_code","LA_name","All","X0to15","X16to29","X30to44","X45to64","X65plus"
"W01001650","Newport 004E","W06000022","Newport",0.011683849,0.031746032,0.030534351,-0.021276596,0.005,0.015306122
