"Code","Name","LA_code","LA_name","All","X0to15","X16to29","X30to44","X45to64","X65plus"
"W01001668","Newport 010D","W06000022","Newport",-0.011725293,-0.02247191,-0.033653846,-0.033707865,0,0.02173913
