"Code","Name","LA_code","LA_name","All","X0to15","X16to29","X30to44","X45to64","X65plus"
"E01020463","North Dorset 001C","E07000050","North Dorset",-0.016636958,0.004166667,-0.063157895,0.030172414,-0.017175573,-0.030181087
