"Code","Name","LA_code","LA_name","All","X0to15","X16to29","X30to44","X45to64","X65plus"
"E01027393","Northumberland 022B","E06000048","Northumberland",-0.008733624,-0.014319809,-0.011869436,0.026515152,0.019662921,-0.079295154
