"Code","Name","LA_code","LA_name","All","X0to15","X16to29","X30to44","X45to64","X65plus"
"E01026736","North Norfolk 003C","E07000147","North Norfolk",-0.050038491,-0.037037037,-0.079710145,-0.00621118,-0.044568245,-0.064718163
