"Code","Name","LA_code","LA_name","All","X0to15","X16to29","X30to44","X45to64","X65plus"
"E01023610","North Hertfordshire 013E","E07000099","North Hertfordshire",0.014957265,0.027190332,-0.043209877,-0.002915452,0.025062657,0.059171598
