"Code","Name","LA_code","LA_name","All","X0to15","X16to29","X30to44","X45to64","X65plus"
"E01013174","North East Lincolnshire 001A","E06000012","North East Lincolnshire",0.041383989,0.030612245,0.041509434,0.077669903,0.02484472,0.034090909
