"Code","Name","LA_code","LA_name","All","X0to15","X16to29","X30to44","X45to64","X65plus"
"E01020100","North Devon 002B","E07000043","North Devon",0.031102733,0.124137931,-0.008064516,0,0.02739726,0.017804154
