"Code","Name","LA_code","LA_name","All","X0to15","X16to29","X30to44","X45to64","X65plus"
"E01027226","Northampton 025C","E07000154","Northampton",0.00982801,0,0.001636661,0.009784736,0.020050125,0.029411765
