"Code","Name","LA_code","LA_name","All","X0to15","X16to29","X30to44","X45to64","X65plus"
"E01032677","North Somerset 003D","E06000024","North Somerset",-0.164934165,-0.174683544,-0.124352332,-0.202643172,-0.138686131,-0.118110236
