"Code","Name","LA_code","LA_name","All","X0to15","X16to29","X30to44","X45to64","X65plus"
"E01027221","Northampton 002C","E07000154","Northampton",0.006148686,0.015197568,-0.014925373,-0.009259259,0.006369427,0.025188917
