"Code","Name","LA_code","LA_name","All","X0to15","X16to29","X30to44","X45to64","X65plus"
"E01008570","North Tyneside 011D","E08000022","North Tyneside",-0.000784929,-0.027559055,0.029761905,0.003278689,0.005571031,-0.010638298
