"Code","Name","LA_code","LA_name","All","X0to15","X16to29","X30to44","X45to64","X65plus"
"E01008526","North Tyneside 020C","E08000022","North Tyneside",0.002145923,-0.043062201,0.085227273,-0.019607843,0.010183299,-0.012578616
