"Code","Name","LA_code","LA_name","All","X0to15","X16to29","X30to44","X45to64","X65plus"
"E01020090","North Devon 004A","E07000043","North Devon",0.017977528,0.044444444,0.039325843,0.023346304,0.003717472,0.009310987
