"Code","Name","LA_code","LA_name","All","X0to15","X16to29","X30to44","X45to64","X65plus"
"E01008564","North Tyneside 007B","E08000022","North Tyneside",0.009259259,-0.025906736,-0.005813953,0.053719008,0.017621145,-0.005830904
