"Code","Name","LA_code","LA_name","All","X0to15","X16to29","X30to44","X45to64","X65plus"
"E01027241","Northampton 017B","E07000154","Northampton",0.068676717,0.104925054,0.050938338,0.067391304,0.070381232,0
