"Code","Name","LA_code","LA_name","All","X0to15","X16to29","X30to44","X45to64","X65plus"
"E01023624","North Hertfordshire 014D","E07000099","North Hertfordshire",0.00948213,0.028169014,0.018867925,-0.022641509,-0.020501139,0.075892857
