"Code","Name","LA_code","LA_name","All","X0to15","X16to29","X30to44","X45to64","X65plus"
"E01027491","Northumberland 035D","E06000048","Northumberland",0.007184847,-0.020408163,-0.049079755,0.06122449,0.014141414,0.016632017
