"Code","Name","LA_code","LA_name","All","X0to15","X16to29","X30to44","X45to64","X65plus"
"E01013289","North Lincolnshire 005C","E06000013","North Lincolnshire",-0.005913661,-0.025735294,-0.020491803,0.005988024,-0.012727273,0.024054983
