"Code","Name","LA_code","LA_name","All","X0to15","X16to29","X30to44","X45to64","X65plus"
"E01020112","North Devon 001B","E07000043","North Devon",-0.049049663,-0.092920354,-0.045307443,-0.056856187,-0.031111111,-0.040345821
