"Code","Name","LA_code","LA_name","All","X0to15","X16to29","X30to44","X45to64","X65plus"
"E01008476","North Tyneside 008B","E08000022","North Tyneside",-0.003374578,-0.052763819,0.029850746,0.035820896,-0.027659574,0.026058632
