"Code","Name","LA_code","LA_name","All","X0to15","X16to29","X30to44","X45to64","X65plus"
"E01027398","Northumberland 029A","E06000048","Northumberland",0.004807692,0.039076377,-0.011363636,0.00776699,0.003703704,-0.052173913
