"Code","Name","LA_code","LA_name","All","X0to15","X16to29","X30to44","X45to64","X65plus"
"E01008589","North Tyneside 006E","E08000022","North Tyneside",0.00921659,-0.017301038,0.080924855,0.032846715,-0.006122449,-0.003412969
