"Code","Name","LA_code","LA_name","All","X0to15","X16to29","X30to44","X45to64","X65plus"
"E01033159","North Dorset 006F","E07000050","North Dorset",0.013321492,0.049808429,0.086614173,0.004016064,-0.020080321,-0.020833333
