"Code","Name","LA_code","LA_name","All","X0to15","X16to29","X30to44","X45to64","X65plus"
"E01027149","Northampton 001C","E07000154","Northampton",-0.015320334,0.024193548,-0.068421053,-0.008230453,-0.021978022,-0.012787724
