"Code","Name","LA_code","LA_name","All","X0to15","X16to29","X30to44","X45to64","X65plus"
"E01014776","North Somerset 009B","E06000024","North Somerset",0.004735596,0.004201681,0.038461538,0.005076142,0.002439024,-0.011278195
