"Code","Name","LA_code","LA_name","All","X0to15","X16to29","X30to44","X45to64","X65plus"
"E01019822","North East Derbyshire 007C","E07000038","North East Derbyshire",-0.001855288,0.06097561,0.007968127,-0.033088235,0.010615711,-0.042440318
