"Code","Name","LA_code","LA_name","All","X0to15","X16to29","X30to44","X45to64","X65plus"
"E01027409","Northumberland 029B","E06000048","Northumberland",-0.003364738,-0.005555556,-0.009950249,0,0.013850416,-0.013207547
