"Code","Name","LA_code","LA_name","All","X0to15","X16to29","X30to44","X45to64","X65plus"
"E01027461","Northumberland 016E","E06000048","Northumberland",0.013157895,0.004219409,0.017045455,0.066350711,0.005586592,-0.009677419
