"Code","Name","LA_code","LA_name","All","X0to15","X16to29","X30to44","X45to64","X65plus"
"E01019769","North East Derbyshire 010A","E07000038","North East Derbyshire",-0.001092299,0.077981651,-0.025125628,0.012605042,-0.024834437,-0.003496503
