"Code","Name","LA_code","LA_name","All","X0to15","X16to29","X30to44","X45to64","X65plus"
"E01027247","Northampton 004C","E07000154","Northampton",-0.004176611,0.028639618,-0.045901639,-0.024793388,0.021479714,-0.029411765
