"Code","Name","LA_code","LA_name","All","X0to15","X16to29","X30to44","X45to64","X65plus"
"E01014833","North Somerset 021E","E06000024","North Somerset",0.034922767,0.022922636,0.085820896,0.003773585,0.018421053,0.057268722
