"Code","Name","LA_code","LA_name","All","X0to15","X16to29","X30to44","X45to64","X65plus"
"E01031037","North Warwickshire 001C","E07000218","North Warwickshire",0.01669878,-0.014814815,0.027237354,0.027667984,0.021226415,0.019830028
