"Code","Name","LA_code","LA_name","All","X0to15","X16to29","X30to44","X45to64","X65plus"
"E01027370","Northumberland 006E","E06000048","Northumberland",0.027729636,0.080213904,0.052356021,0.016759777,0.017830609,0.015968064
