"Code","Name","LA_code","LA_name","All","X0to15","X16to29","X30to44","X45to64","X65plus"
"E01027202","Northampton 028D","E07000154","Northampton",-0.001322751,0,0.042424242,0.008403361,-0.008298755,-0.018421053
