"Code","Name","LA_code","LA_name","All","X0to15","X16to29","X30to44","X45to64","X65plus"
"E01027497","Northumberland 038A","E06000048","Northumberland",0.012466944,0.007220217,0.002386635,0.012072435,0.018779343,0.018461538
