"Code","Name","LA_code","LA_name","All","X0to15","X16to29","X30to44","X45to64","X65plus"
"E01008541","North Tyneside 027C","E08000022","North Tyneside",0.005215124,0.025179856,-0.042471042,0.040268456,0.009708738,-0.013937282
