"Code","Name","LA_code","LA_name","All","X0to15","X16to29","X30to44","X45to64","X65plus"
"E01020131","North Devon 013B","E07000043","North Devon",0.009896536,0.058673469,-0.021201413,-0.002824859,0.0056899,0.00407332
