"Code","Name","LA_code","LA_name","All","X0to15","X16to29","X30to44","X45to64","X65plus"
"E01027259","Northampton 016E","E07000154","Northampton",-0.013986014,0.020477816,-0.013043478,-0.031073446,-0.014051522,-0.029739777
