"Code","Name","LA_code","LA_name","All","X0to15","X16to29","X30to44","X45to64","X65plus"
"E01013334","North Lincolnshire 009D","E06000013","North Lincolnshire",-0.013341419,-0.011695906,-0.006711409,-0.054597701,0.009501188,-0.004166667
