"Code","Name","LA_code","LA_name","All","X0to15","X16to29","X30to44","X45to64","X65plus"
"E01027503","Northumberland 019C","E06000048","Northumberland",-0.003625378,-0.00462963,-0.034285714,0,0.006791171,-0.006666667
