"Code","Name","LA_code","LA_name","All","X0to15","X16to29","X30to44","X45to64","X65plus"
"E01020437","North Dorset 007C","E07000050","North Dorset",-0.005303761,-0.046948357,-0.011235955,0.002985075,-0.014466546,0.038539554
