"Code","Name","LA_code","LA_name","All","X0to15","X16to29","X30to44","X45to64","X65plus"
"E01026741","North Norfolk 004A","E07000147","North Norfolk",-0.002816901,-0.061349693,-0.006711409,0.021276596,-0.006048387,0.007263923
