"Code","Name","LA_code","LA_name","All","X0to15","X16to29","X30to44","X45to64","X65plus"
"E01020119","North Devon 011D","E07000043","North Devon",0.031205674,0.19205298,-0.014388489,0.04,0.022869023,0
