"Code","Name","LA_code","LA_name","All","X0to15","X16to29","X30to44","X45to64","X65plus"
"E01013164","North East Lincolnshire 012D","E06000012","North East Lincolnshire",0.022679325,0.0215311,0.04359673,0.023316062,0.004716981,0.023255814
