"Code","Name","LA_code","LA_name","All","X0to15","X16to29","X30to44","X45to64","X65plus"
"E01027134","Northampton 022C","E07000154","Northampton",-0.013227513,0.025280899,-0.037837838,-0.00998004,-0.012158055,-0.026845638
