"Code","Name","LA_code","LA_name","All","X0to15","X16to29","X30to44","X45to64","X65plus"
"E01014858","North Somerset 012D","E06000024","North Somerset",-0.002977963,0.01056338,-0.028806584,0.022364217,0.017509728,-0.052307692
