"Code","Name","LA_code","LA_name","All","X0to15","X16to29","X30to44","X45to64","X65plus"
"E01014813","North Somerset 017B","E06000024","North Somerset",-0.01343785,-0.031339031,0.011811024,-0.044520548,0.012474012,-0.022058824
