"Code","Name","LA_code","LA_name","All","X0to15","X16to29","X30to44","X45to64","X65plus"
"E01026211","North Kesteven 005C","E07000139","North Kesteven",0.024536805,0.051771117,0.045643154,0.038356164,0.032206119,-0.037220844
