"Code","Name","LA_code","LA_name","All","X0to15","X16to29","X30to44","X45to64","X65plus"
"E01020118","North Devon 003D","E07000043","North Devon",-0.013828239,-0.010452962,0.004464286,0.011583012,-0.051630435,-0.004237288
