"Code","Name","LA_code","LA_name","All","X0to15","X16to29","X30to44","X45to64","X65plus"
"E01014770","North Somerset 023D","E06000024","North Somerset",-0.014503817,0.044444444,-0.063291139,0.00617284,-0.002624672,-0.036166365
