"Code","Name","LA_code","LA_name","All","X0to15","X16to29","X30to44","X45to64","X65plus"
"E01008505","North Tyneside 012B","E08000022","North Tyneside",-0.003957038,-0.024561404,-0.010416667,-0.005571031,0,0.013157895
