"Code","Name","LA_code","LA_name","All","X0to15","X16to29","X30to44","X45to64","X65plus"
"E01031027","North Warwickshire 007C","E07000218","North Warwickshire",0.068076669,0.038647343,0.08,0.081081081,0.098159509,0.039387309
