"Code","Name","LA_code","LA_name","All","X0to15","X16to29","X30to44","X45to64","X65plus"
"E01026761","North Norfolk 010I","E07000147","North Norfolk",-0.00065703,0,-0.02020202,0.004694836,0.035714286,-0.024193548
