"Code","Name","LA_code","LA_name","All","X0to15","X16to29","X30to44","X45to64","X65plus"
"E01026232","North Kesteven 010D","E07000139","North Kesteven",-0.050043141,-0.078212291,-0.046753247,-0.042780749,-0.039215686,-0.050933786
