"Code","Name","LA_code","LA_name","All","X0to15","X16to29","X30to44","X45to64","X65plus"
"E01027512","Northumberland 037E","E06000048","Northumberland",0.016781836,-0.044871795,-0.009345794,0.068965517,-0.00795756,0.078947368
