"Code","Name","LA_code","LA_name","All","X0to15","X16to29","X30to44","X45to64","X65plus"
"E01008547","North Tyneside 001A","E08000022","North Tyneside",-0.010021475,0.013761468,0,-0.052325581,-0.018918919,-0.001984127
