"Code","Name","LA_code","LA_name","All","X0to15","X16to29","X30to44","X45to64","X65plus"
"E01014773","North Somerset 014C","E06000024","North Somerset",0.02920143,0.055072464,0.028225806,0.031847134,0.009191176,0.035242291
