"Code","Name","LA_code","LA_name","All","X0to15","X16to29","X30to44","X45to64","X65plus"
"E01027534","Northumberland 017C","E06000048","Northumberland",-0.012439156,-0.00511509,0.011764706,-0.012658228,-0.021367521,-0.023866348
