"Code","Name","LA_code","LA_name","All","X0to15","X16to29","X30to44","X45to64","X65plus"
"E01025915","North West Leicestershire 003A","E07000134","North West Leicestershire",0.043939394,-0.019762846,0.015463918,0.060606061,0.077363897,0.064417178
