"Code","Name","LA_code","LA_name","All","X0to15","X16to29","X30to44","X45to64","X65plus"
"E01027143","Northampton 003A","E07000154","Northampton",-0.02609363,-0.03125,-0.039106145,-0.004545455,-0.033639144,-0.02266289
