"Code","Name","LA_code","LA_name","All","X0to15","X16to29","X30to44","X45to64","X65plus"
"E01027528","Northumberland 010A","E06000048","Northumberland",-0.002207506,-0.004385965,-0.003861004,0.046099291,-0.005376344,-0.055045872
