"Code","Name","LA_code","LA_name","All","X0to15","X16to29","X30to44","X45to64","X65plus"
"E01027473","Northumberland 015D","E06000048","Northumberland",0.007861635,0.027863777,0.004385965,0.037414966,0.001597444,-0.016018307
