"Code","Name","LA_code","LA_name","All","X0to15","X16to29","X30to44","X45to64","X65plus"
"E01013199","North East Lincolnshire 010C","E06000012","North East Lincolnshire",-0.004025765,-0.050724638,0.013043478,0.01984127,-0.006329114,0.017857143
