"Code","Name","LA_code","LA_name","All","X0to15","X16to29","X30to44","X45to64","X65plus"
"E01026789","North Norfolk 012D","E07000147","North Norfolk",-0.028793774,-0.103960396,0.02962963,-0.060606061,-0.023201856,0.006269592
