"Code","Name","LA_code","LA_name","All","X0to15","X16to29","X30to44","X45to64","X65plus"
"E01027356","Northumberland 004A","E06000048","Northumberland",-0.005148741,0.00456621,-0.045714286,0.004807692,0,-0.005042017
