"Code","Name","LA_code","LA_name","All","X0to15","X16to29","X30to44","X45to64","X65plus"
"E01027416","Northumberland 022C","E06000048","Northumberland",-0.00929368,-0.017857143,-0.008403361,-0.014981273,0.028645833,-0.056074766
