"Code","Name","LA_code","LA_name","All","X0to15","X16to29","X30to44","X45to64","X65plus"
"E01027369","Northumberland 007C","E06000048","Northumberland",0.011096606,0.030150754,0.102040816,0.016574586,-0.010638298,0.005136986
