"Code","Name","LA_code","LA_name","All","X0to15","X16to29","X30to44","X45to64","X65plus"
"E01008472","North Tyneside 018B","E08000022","North Tyneside",0.009174312,0.024038462,0.059171598,0.008928571,-0.022624434,0.016042781
