"Code","Name","LA_code","LA_name","All","X0to15","X16to29","X30to44","X45to64","X65plus"
"E01008470","North Tyneside 014A","E08000022","North Tyneside",-0.024578652,-0.071729958,-0.022421525,-0.106557377,0.028205128,0.006060606
