"Code","Name","LA_code","LA_name","All","X0to15","X16to29","X30to44","X45to64","X65plus"
"E01013280","North Lincolnshire 016B","E06000013","North Lincolnshire",0.006743088,0.037735849,-0.011627907,-0.008658009,-0.002427184,0.018927445
