"Code","Name","LA_code","LA_name","All","X0to15","X16to29","X30to44","X45to64","X65plus"
"E01008572","North Tyneside 029A","E08000022","North Tyneside",-0.005665722,-0.027027027,0.009411765,-0.009070295,0.007009346,-0.028571429
