"Code","Name","LA_code","LA_name","All","X0to15","X16to29","X30to44","X45to64","X65plus"
"E01026762","North Norfolk 005A","E07000147","North Norfolk",0.003930818,-0.029220779,-0.022653722,0.003597122,0.014588859,0.015642458
