"Code","Name","LA_code","LA_name","All","X0to15","X16to29","X30to44","X45to64","X65plus"
"E01014742","North Somerset 024B","E06000024","North Somerset",-0.009345794,-0.053921569,0.021052632,-0.030674847,-0.002277904,-0.007782101
