"Code","Name","LA_code","LA_name","All","X0to15","X16to29","X30to44","X45to64","X65plus"
"E01027239","Northampton 017A","E07000154","Northampton",-0.04664723,-0.071287129,-0.04109589,-0.043126685,-0.04815864,0.005154639
