"Code","Name","LA_code","LA_name","All","X0to15","X16to29","X30to44","X45to64","X65plus"
"E01026742","North Norfolk 004B","E07000147","North Norfolk",0.001181335,-0.021008403,-0.013850416,0.06185567,0.035460993,-0.005594406
