"Code","Name","LA_code","LA_name","All","X0to15","X16to29","X30to44","X45to64","X65plus"
"E01026212","North Kesteven 005D","E07000139","North Kesteven",-0.041431262,-0.075268817,-0.07,-0.071146245,-0.033057851,0.00795756
