"Code","Name","LA_code","LA_name","All","X0to15","X16to29","X30to44","X45to64","X65plus"
"E01013136","North East Lincolnshire 002A","E06000012","North East Lincolnshire",-0.007686932,-0.063953488,-0.006369427,0.049327354,-0.010416667,-0.014792899
