"Code","Name","LA_code","LA_name","All","X0to15","X16to29","X30to44","X45to64","X65plus"
"E01027484","Northumberland 037A","E06000048","Northumberland",-0.00496614,-0.039634146,0.018726592,-0.018450185,0.008298755,-0.006389776
