"Code","Name","LA_code","LA_name","All","X0to15","X16to29","X30to44","X45to64","X65plus"
"E01008469","North Tyneside 018A","E08000022","North Tyneside",0.009459459,-0.046511628,-0.00877193,0.030188679,0.017817372,0.021857923
