"Code","Name","LA_code","LA_name","All","X0to15","X16to29","X30to44","X45to64","X65plus"
"E01019782","North East Derbyshire 004C","E07000038","North East Derbyshire",0.038311181,0.083743842,0.081761006,0.043269231,0.019230769,0.008695652
