"Code","Name","LA_code","LA_name","All","X0to15","X16to29","X30to44","X45to64","X65plus"
"E01027520","Northumberland 021C","E06000048","Northumberland",0.040802676,0.126126126,0.042857143,0.0375,0.022494888,0.011976048
