"Code","Name","LA_code","LA_name","All","X0to15","X16to29","X30to44","X45to64","X65plus"
"E01013319","North Lincolnshire 014D","E06000013","North Lincolnshire",0.004897596,0.012006861,0.007936508,0.012589928,0.004166667,-0.032128514
