"Code","Name","LA_code","LA_name","All","X0to15","X16to29","X30to44","X45to64","X65plus"
"E01027475","Northumberland 008G","E06000048","Northumberland",0.022808268,0.027932961,0.007194245,0.053254438,0.006276151,0.03196347
