"Code","Name","LA_code","LA_name","All","X0to15","X16to29","X30to44","X45to64","X65plus"
"E01014752","North Somerset 005A","E06000024","North Somerset",-0.009202454,-0.038834951,0.005434783,0.014705882,-0.005988024,-0.013736264
