"Code","Name","LA_code","LA_name","All","X0to15","X16to29","X30to44","X45to64","X65plus"
"E01026218","North Kesteven 014C","E07000139","North Kesteven",0.05097706,0.033057851,0.129032258,0.022900763,0.014326648,0.07079646
