"Code","Name","LA_code","LA_name","All","X0to15","X16to29","X30to44","X45to64","X65plus"
"E01027160","Northampton 027C","E07000154","Northampton",0.022584034,0.052272727,0.028846154,0.028340081,-0.020325203,0.042168675
