"Code","Name","LA_code","LA_name","All","X0to15","X16to29","X30to44","X45to64","X65plus"
"E01023586","North Hertfordshire 005B","E07000099","North Hertfordshire",-0.019230769,-0.053968254,-0.016483516,-0.012295082,-0.006396588,-0.011428571
