"Code","Name","LA_code","LA_name","All","X0to15","X16to29","X30to44","X45to64","X65plus"
"E01027469","Northumberland 034C","E06000048","Northumberland",0.089645587,0.075396825,0.111111111,0.08994709,0.11409396,0.06281407
