"Code","Name","LA_code","LA_name","All","X0to15","X16to29","X30to44","X45to64","X65plus"
"E01020139","North Devon 007D","E07000043","North Devon",-0.013484741,-0.054945055,-0.040723982,-0.023166023,-0.023872679,0.071684588
