"Code","Name","LA_code","LA_name","All","X0to15","X16to29","X30to44","X45to64","X65plus"
"E01013250","North Lincolnshire 023A","E06000013","North Lincolnshire",-0.008615385,-0.039130435,0.004975124,0.004424779,0.011494253,-0.029147982
