"Code","Name","LA_code","LA_name","All","X0to15","X16to29","X30to44","X45to64","X65plus"
"E01020086","North Devon 012C","E07000043","North Devon",-0.007279947,-0.028688525,-0.050505051,0.017777778,-0.02238806,0.024886878
