"Code","Name","LA_code","LA_name","All","X0to15","X16to29","X30to44","X45to64","X65plus"
"E01014857","North Somerset 012C","E06000024","North Somerset",0.02440678,0,0.062857143,0.022522523,0.014563107,0.038147139
