"Code","Name","LA_code","LA_name","All","X0to15","X16to29","X30to44","X45to64","X65plus"
"E01008497","North Tyneside 010C","E08000022","North Tyneside",-0.000679348,-0.004484305,0,0.018518519,-0.007159905,-0.004750594
