"Code","Name","LA_code","LA_name","All","X0to15","X16to29","X30to44","X45to64","X65plus"
"E01027552","Northumberland 020G","E06000048","Northumberland",-0.017684887,-0.059782609,-0.057471264,-0.045,0.030379747,-0.013745704
