"Code","Name","LA_code","LA_name","All","X0to15","X16to29","X30to44","X45to64","X65plus"
"E01027529","Northumberland 010B","E06000048","Northumberland",0.02629108,0.036649215,0.046242775,0.045454545,-0.029850746,0.083333333
