"Code","Name","LA_code","LA_name","All","X0to15","X16to29","X30to44","X45to64","X65plus"
"E01008567","North Tyneside 007D","E08000022","North Tyneside",-0.004996431,-0.021875,-0.003968254,-0.003623188,0.016806723,-0.020408163
