"Code","Name","LA_code","LA_name","All","X0to15","X16to29","X30to44","X45to64","X65plus"
"E01020091","North Devon 005B","E07000043","North Devon",-0.003767898,-0.023584906,0.027777778,-0.03030303,0.007575758,-0.00265252
