"Code","Name","LA_code","LA_name","All","X0to15","X16to29","X30to44","X45to64","X65plus"
"E01013138","North East Lincolnshire 006A","E06000012","North East Lincolnshire",0.018531718,-0.010840108,0.009966777,0.017241379,0.075709779,-0.015873016
