"Code","Name","LA_code","LA_name","All","X0to15","X16to29","X30to44","X45to64","X65plus"
"E01013297","North Lincolnshire 007A","E06000013","North Lincolnshire",-0.001923817,0.028571429,-0.003546099,-0.026501767,0.024714829,-0.044386423
