"Code","Name","LA_code","LA_name","All","X0to15","X16to29","X30to44","X45to64","X65plus"
"E01027178","Northampton 005C","E07000154","Northampton",-0.00990991,0.001477105,-0.002325581,-0.012048193,0.002217295,-0.103658537
