"Code","Name","LA_code","LA_name","All","X0to15","X16to29","X30to44","X45to64","X65plus"
"E01032980","Northampton 028E","E07000154","Northampton",-0.009168704,-0.018808777,-0.019693654,-0.007079646,0.004201681,0.052631579
