"Code","Name","LA_code","LA_name","All","X0to15","X16to29","X30to44","X45to64","X65plus"
"E01026772","North Norfolk 001C","E07000147","North Norfolk",0.003434459,0.013100437,-0.046632124,0.045977011,0.028235294,-0.011019284
