"Code","Name","LA_code","LA_name","All","X0to15","X16to29","X30to44","X45to64","X65plus"
"E01027411","Northumberland 029C","E06000048","Northumberland",0.028140014,0,0.066666667,0.066666667,-0.012048193,0.038901602
