"Code","Name","LA_code","LA_name","All","X0to15","X16to29","X30to44","X45to64","X65plus"
"E01023623","North Hertfordshire 014C","E07000099","North Hertfordshire",0.004599212,0.003436426,0.007142857,-0.008333333,-0.012269939,0.035911602
