"Code","Name","LA_code","LA_name","All","X0to15","X16to29","X30to44","X45to64","X65plus"
"E01026204","North Kesteven 001E","E07000139","North Kesteven",0.017967782,0.057291667,0.017241379,0.009478673,0.008213552,0.016363636
