"Code","Name","LA_code","LA_name","All","X0to15","X16to29","X30to44","X45to64","X65plus"
"E01027206","Northampton 031D","E07000154","Northampton",-0.009645195,-0.013869626,-0.016949153,-0.015734266,-0.003671971,0
