"Code","Name","LA_code","LA_name","All","X0to15","X16to29","X30to44","X45to64","X65plus"
"E01019806","North East Derbyshire 001F","E07000038","North East Derbyshire",0.037651563,0.059633028,0.040892193,0.003773585,0.026768642,0.068493151
