"Code","Name","LA_code","LA_name","All","X0to15","X16to29","X30to44","X45to64","X65plus"
"E01008552","North Tyneside 009A","E08000022","North Tyneside",0.010559006,-0.004081633,-0.00952381,0.007326007,0.028340081,0.010309278
