"Code","Name","LA_code","LA_name","All","X0to15","X16to29","X30to44","X45to64","X65plus"
"E01013252","North Lincolnshire 023C","E06000013","North Lincolnshire",0.009195402,0.052083333,0.042105263,0.017316017,-0.016791045,-0.004040404
