"Code","Name","LA_code","LA_name","All","X0to15","X16to29","X30to44","X45to64","X65plus"
"E01014787","North Somerset 004D","E06000024","North Somerset",-0.008320333,-0.032967033,0.027888446,0.011594203,0.009242144,-0.047393365
