"Code","Name","LA_code","LA_name","All","X0to15","X16to29","X30to44","X45to64","X65plus"
"E01019816","North East Derbyshire 002D","E07000038","North East Derbyshire",-0.019517796,-0.004149378,-0.01826484,-0.011673152,-0.003460208,-0.053691275
