"Code","Name","LA_code","LA_name","All","X0to15","X16to29","X30to44","X45to64","X65plus"
"E01008524","North Tyneside 022B","E08000022","North Tyneside",-0.032795998,-0.15819209,-0.017482517,0.016853933,0.016423358,-0.094907407
