"Code","Name","LA_code","LA_name","All","X0to15","X16to29","X30to44","X45to64","X65plus"
"E01020446","North Dorset 005C","E07000050","North Dorset",0.035900783,0.08040201,0.178861789,0.024539877,-0.003891051,0.028142589
