"Code","Name","LA_code","LA_name","All","X0to15","X16to29","X30to44","X45to64","X65plus"
"E01027357","Northumberland 004B","E06000048","Northumberland",-0.008681926,-0.013245033,-0.008695652,0.080357143,0.007092199,-0.042918455
