"Code","Name","LA_code","LA_name","All","X0to15","X16to29","X30to44","X45to64","X65plus"
"E01027527","Northumberland 012D","E06000048","Northumberland",0.016504126,-0.051948052,0.004444444,0.06122449,0.053892216,0.018099548
