"Code","Name","LA_code","LA_name","All","X0to15","X16to29","X30to44","X45to64","X65plus"
"E01020134","North Devon 007C","E07000043","North Devon",0.037720034,-0.019685039,0.051428571,0.048034934,0.068181818,0.039647577
