"Code","Name","LA_code","LA_name","All","X0to15","X16to29","X30to44","X45to64","X65plus"
"E01013234","North East Lincolnshire 009D","E06000012","North East Lincolnshire",0.025930851,0.003875969,0.024096386,0.078512397,0.024930748,0.010152284
