"Code","Name","LA_code","LA_name","All","X0to15","X16to29","X30to44","X45to64","X65plus"
"E01020122","North Devon 012E","E07000043","North Devon",-0.025136612,-0.051369863,-0.045643154,0.003584229,-0.032258065,-0.004662005
