"Code","Name","LA_code","LA_name","All","X0to15","X16to29","X30to44","X45to64","X65plus"
"E01013229","North East Lincolnshire 013E","E06000012","North East Lincolnshire",0.016297262,0.006864989,0.009146341,0.007662835,0.045584046,0.006369427
