"Code","Name","LA_code","LA_name","All","X0to15","X16to29","X30to44","X45to64","X65plus"
"E01032994","North Kesteven 003H","E07000139","North Kesteven",0.0204947,0.073275862,-0.060728745,0.061946903,0.03271028,-0.003546099
