"Code","Name","LA_code","LA_name","All","X0to15","X16to29","X30to44","X45to64","X65plus"
"E01026757","North Norfolk 010E","E07000147","North Norfolk",-0.083875163,-0.116883117,-0.089430894,-0.053140097,-0.09478673,-0.06712963
