"Code","Name","LA_code","LA_name","All","X0to15","X16to29","X30to44","X45to64","X65plus"
"E01014807","North Somerset 022C","E06000024","North Somerset",-0.047562426,-0.068669528,-0.055555556,-0.043478261,-0.071984436,0.022140221
