"Code","Name","LA_code","LA_name","All","X0to15","X16to29","X30to44","X45to64","X65plus"
"E01027423","Northumberland 024C","E06000048","Northumberland",0.012096774,-0.003401361,0.004048583,0.036290323,0.01994302,0.005747126
