"Code","Name","LA_code","LA_name","All","X0to15","X16to29","X30to44","X45to64","X65plus"
"E01013326","North Lincolnshire 021B","E06000013","North Lincolnshire",0.008317338,-0.018779343,0.030864198,0.005434783,0.023483366,-0.002028398
