"Code","Name","LA_code","LA_name","All","X0to15","X16to29","X30to44","X45to64","X65plus"
"E01019817","North East Derbyshire 013B","E07000038","North East Derbyshire",-0.065768621,-0.129151292,-0.026595745,-0.102459016,-0.072327044,0.020746888
