"Code","Name","LA_code","LA_name","All","X0to15","X16to29","X30to44","X45to64","X65plus"
"E01013261","North Lincolnshire 018C","E06000013","North Lincolnshire",0.024982651,0.028169014,0.023668639,0.027522936,0.033942559,0.015283843
