"Code","Name","LA_code","LA_name","All","X0to15","X16to29","X30to44","X45to64","X65plus"
"E01026234","North Kesteven 011D","E07000139","North Kesteven",0.015668203,-0.00295858,0.029684601,0.015625,0.022271715,0.01369863
