"Code","Name","LA_code","LA_name","All","X0to15","X16to29","X30to44","X45to64","X65plus"
"E01013148","North East Lincolnshire 004D","E06000012","North East Lincolnshire",-0.000726744,-0.056410256,0.022522523,-0.008695652,0.006578947,0.014652015
