"Code","Name","LA_code","LA_name","All","X0to15","X16to29","X30to44","X45to64","X65plus"
"E01019813","North East Derbyshire 011E","E07000038","North East Derbyshire",-0.013737836,-0.017964072,-0.029126214,-0.021148036,-0.00621118,0.003448276
