"Code","Name","LA_code","LA_name","All","X0to15","X16to29","X30to44","X45to64","X65plus"
"E01008494","North Tyneside 013B","E08000022","North Tyneside",-0.007028754,-0.020833333,-0.096446701,0.02189781,0.034398034,-0.015037594
