"Code","Name","LA_code","LA_name","All","X0to15","X16to29","X30to44","X45to64","X65plus"
"E01008527","North Tyneside 017B","E08000022","North Tyneside",0.025550035,0.096969697,0.005208333,0.008450704,-0.002421308,0.059859155
