"Code","Name","LA_code","LA_name","All","X0to15","X16to29","X30to44","X45to64","X65plus"
"E01033717","Northumberland 005E","E06000048","Northumberland",-0.005863192,-0.034042553,-0.015306122,0.059090909,-0.028846154,0.010989011
