"Code","Name","LA_code","LA_name","All","X0to15","X16to29","X30to44","X45to64","X65plus"
"E01013264","North Lincolnshire 019B","E06000013","North Lincolnshire",0.017626322,0.050505051,-0.024489796,0.032467532,0.029644269,-0.011560694
