"Code","Name","LA_code","LA_name","All","X0to15","X16to29","X30to44","X45to64","X65plus"
"E01013180","North East Lincolnshire 001G","E06000012","North East Lincolnshire",0.023588277,-0.008474576,0.023041475,0.061320755,0.007211538,0.044025157
