"Code","Name","LA_code","LA_name","All","X0to15","X16to29","X30to44","X45to64","X65plus"
"E01027381","Northumberland 003C","E06000048","Northumberland",0.008781559,-0.007462687,0.071005917,0.030042918,0.025157233,-0.032945736
