"Code","Name","LA_code","LA_name","All","X0to15","X16to29","X30to44","X45to64","X65plus"
"E01013245","North Lincolnshire 006A","E06000013","North Lincolnshire",0.007275132,0.00286533,0.020661157,0.01048951,-0.020460358,0.040983607
