"Code","Name","LA_code","LA_name","All","X0to15","X16to29","X30to44","X45to64","X65plus"
"E01008511","North Tyneside 028A","E08000022","North Tyneside",0.022995649,0.016666667,0.021126761,-0.008823529,0.043859649,0.03930131
