"Code","Name","LA_code","LA_name","All","X0to15","X16to29","X30to44","X45to64","X65plus"
"E01027220","Northampton 013D","E07000154","Northampton",0.004474273,0.058064516,0.087591241,-0.016042781,0.002638522,-0.026915114
