"Code","Name","LA_code","LA_name","All","X0to15","X16to29","X30to44","X45to64","X65plus"
"E01027500","Northumberland 038D","E06000048","Northumberland",0.0125,-0.016556291,0.044715447,0.017361111,0.011876485,0.011820331
