"Code","Name","LA_code","LA_name","All","X0to15","X16to29","X30to44","X45to64","X65plus"
"E01026198","North Kesteven 008C","E07000139","North Kesteven",0.025721455,-0.076738609,-0.047413793,0.100217865,0.258883249,-0.035087719
