"Code","Name","LA_code","LA_name","All","X0to15","X16to29","X30to44","X45to64","X65plus"
"E01027237","Northampton 024C","E07000154","Northampton",-0.037383178,-0.08490566,-0.055882353,-0.051509769,-0.007371007,0.036789298
