"Code","Name","LA_code","LA_name","All","X0to15","X16to29","X30to44","X45to64","X65plus"
"E01014767","North Somerset 004B","E06000024","North Somerset",0.009266409,0.017647059,-0.013986014,-0.098159509,0.034985423,0.031512605
