"Code","Name","LA_code","LA_name","All","X0to15","X16to29","X30to44","X45to64","X65plus"
"E01027427","Northumberland 025C","E06000048","Northumberland",0.020954598,0.015772871,0.016025641,0.034129693,0.03930131,-0.00591716
