"Code","Name","LA_code","LA_name","All","X0to15","X16to29","X30to44","X45to64","X65plus"
"E01027477","Northumberland 040A","E06000048","Northumberland",0.005809129,-0.00625,0.099099099,0.050724638,-0.012820513,-0.012195122
