"Code","Name","LA_code","LA_name","All","X0to15","X16to29","X30to44","X45to64","X65plus"
"E01027490","Northumberland 035C","E06000048","Northumberland",0.015490534,0.041666667,0.026119403,0,-0.011764706,0.035616438
