"Code","Name","LA_code","LA_name","All","X0to15","X16to29","X30to44","X45to64","X65plus"
"E01027198","Northampton 007C","E07000154","Northampton",-0.019411765,-0.024774775,-0.01650165,-0.035,0.022727273,-0.076433121
