"Code","Name","LA_code","LA_name","All","X0to15","X16to29","X30to44","X45to64","X65plus"
"E01026756","North Norfolk 010D","E07000147","North Norfolk",0.063157895,0.054901961,0.079812207,0.074418605,0.103202847,0.007380074
