"Code","Name","LA_code","LA_name","All","X0to15","X16to29","X30to44","X45to64","X65plus"
"E01032976","Northampton 029F","E07000154","Northampton",0.036793693,0.054644809,0.036458333,0.089005236,-0.045643154,0.017595308
