"Code","Name","LA_code","LA_name","All","X0to15","X16to29","X30to44","X45to64","X65plus"
"E01014821","North Somerset 015A","E06000024","North Somerset",0.002566296,-0.007604563,0.026455026,-0.017730496,0.010273973,0.013986014
