"Code","Name","LA_code","LA_name","All","X0to15","X16to29","X30to44","X45to64","X65plus"
"E01026780","North Norfolk 009A","E07000147","North Norfolk",-0.015993907,0,-0.021052632,-0.015801354,-0.017264276,-0.024054983
