"Code","Name","LA_code","LA_name","All","X0to15","X16to29","X30to44","X45to64","X65plus"
"E01027170","Northampton 012C","E07000154","Northampton",0.035481963,0.051181102,0.014836795,0.026627219,0,0.127388535
