"Code","Name","LA_code","LA_name","All","X0to15","X16to29","X30to44","X45to64","X65plus"
"E01013304","North Lincolnshire 002B","E06000013","North Lincolnshire",-0.021725636,-0.003546099,-0.050925926,-0.015873016,-0.033730159,-0.005602241
