"Code","Name","LA_code","LA_name","All","X0to15","X16to29","X30to44","X45to64","X65plus"
"E01019807","North East Derbyshire 001G","E07000038","North East Derbyshire",-0.015594542,-0.023460411,-0.02247191,0.003460208,-0.028708134,0.004464286
