"Code","Name","LA_code","LA_name","All","X0to15","X16to29","X30to44","X45to64","X65plus"
"E01027515","Northumberland 020A","E06000048","Northumberland",0.015406162,0.032520325,0.066666667,-0.010989011,0.002427184,0.006968641
