"Code","Name","LA_code","LA_name","All","X0to15","X16to29","X30to44","X45to64","X65plus"
"E01020434","North Dorset 004B","E07000050","North Dorset",0.000554631,0.020661157,-0.005813953,-0.056768559,0.013282732,0.004739336
