"Code","Name","LA_code","LA_name","All","X0to15","X16to29","X30to44","X45to64","X65plus"
"E01033158","North Dorset 002F","E07000050","North Dorset",-0.00418702,0.019047619,-0.088757396,-0.043243243,0.002415459,0.028571429
