"Code","Name","LA_code","LA_name","All","X0to15","X16to29","X30to44","X45to64","X65plus"
"E01013291","North Lincolnshire 003B","E06000013","North Lincolnshire",0.010664994,0.029126214,0.014285714,-0.017182131,-0.005509642,0.032258065
