"Code","Name","LA_code","LA_name","All","X0to15","X16to29","X30to44","X45to64","X65plus"
"E01023629","North Hertfordshire 015F","E07000099","North Hertfordshire",0.00056338,-0.015060241,0.013289037,0.03630363,0.002074689,-0.028011204
