"Code","Name","LA_code","LA_name","All","X0to15","X16to29","X30to44","X45to64","X65plus"
"E01014739","North Somerset 011C","E06000024","North Somerset",-0.014724712,-0.047272727,-0.034482759,-0.005405405,0.025490196,-0.038277512
