"Code","Name","LA_code","LA_name","All","X0to15","X16to29","X30to44","X45to64","X65plus"
"E01020140","North Devon 008C","E07000043","North Devon",-0.001755926,-0.011627907,-0.021428571,-0.035928144,-0.025157233,0.049707602
