"Code","Name","LA_code","LA_name","All","X0to15","X16to29","X30to44","X45to64","X65plus"
"E01032975","Northampton 029E","E07000154","Northampton",-0.033805031,-0.007444169,-0.019021739,-0.080110497,0.005988024,-0.124137931
