"Code","Name","LA_code","LA_name","All","X0to15","X16to29","X30to44","X45to64","X65plus"
"E01032678","North Somerset 003E","E06000024","North Somerset",0.006300115,0.01814882,0.040816327,0,-0.041775457,0.062068966
