"Code","Name","LA_code","LA_name","All","X0to15","X16to29","X30to44","X45to64","X65plus"
"E01032648","North Tyneside 011F","E08000022","North Tyneside",-0.011494253,-0.032258065,0.015873016,0.004914005,0.011049724,-0.105633803
