"Code","Name","LA_code","LA_name","All","X0to15","X16to29","X30to44","X45to64","X65plus"
"E01008579","North Tyneside 004B","E08000022","North Tyneside",-0.028178694,-0.053763441,-0.02189781,-0.054878049,-0.027227723,-0.014184397
