"Code","Name","LA_code","LA_name","All","X0to15","X16to29","X30to44","X45to64","X65plus"
"E01027217","Northampton 019D","E07000154","Northampton",-0.046918489,-0.026104418,-0.120234604,-0.073076923,-0.022807018,-0.0221843
