"Code","Name","LA_code","LA_name","All","X0to15","X16to29","X30to44","X45to64","X65plus"
"E01027516","Northumberland 021B","E06000048","Northumberland",-0.004280822,-0.015384615,-0.01242236,-0.035714286,0.016759777,-0.005277045
