"Code","Name","LA_code","LA_name","All","X0to15","X16to29","X30to44","X45to64","X65plus"
"E01020135","North Devon 013C","E07000043","North Devon",-0.069070905,-0.084592145,-0.077272727,-0.053846154,-0.091358025,-0.04047619
