"Code","Name","LA_code","LA_name","All","X0to15","X16to29","X30to44","X45to64","X65plus"
"E01027474","Northumberland 008F","E06000048","Northumberland",0.004125838,-0.005263158,0.022801303,-0.002538071,0.002016129,0.008287293
