"Code","Name","LA_code","LA_name","All","X0to15","X16to29","X30to44","X45to64","X65plus"
"E01008586","North Tyneside 009E","E08000022","North Tyneside",-0.013089005,-0.022364217,0.005649718,0.015060241,-0.039215686,-0.010067114
