"Code","Name","LA_code","LA_name","All","X0to15","X16to29","X30to44","X45to64","X65plus"
"E01027533","Northumberland 013A","E06000048","Northumberland",0.013043478,-0.061776062,0.053459119,0.011029412,0.041002278,-0.00310559
