"Code","Name","LA_code","LA_name","All","X0to15","X16to29","X30to44","X45to64","X65plus"
"E01027367","Northumberland 004D","E06000048","Northumberland",-0.001104972,0.019607843,0.004672897,-0.027472527,-0.013483146,0.02247191
