"Code","Name","LA_code","LA_name","All","X0to15","X16to29","X30to44","X45to64","X65plus"
"E01013197","North East Lincolnshire 012E","E06000012","North East Lincolnshire",-0.000818331,-0.020920502,-0.012244898,-0.021857923,0.016574586,0.025906736
