"Code","Name","LA_code","LA_name","All","X0to15","X16to29","X30to44","X45to64","X65plus"
"E01020115","North Devon 001D","E07000043","North Devon",-0.012376238,-0.036458333,-0.0234375,0.022727273,-0.002610966,-0.024024024
