"Code","Name","LA_code","LA_name","All","X0to15","X16to29","X30to44","X45to64","X65plus"
"E01013222","North East Lincolnshire 003E","E06000012","North East Lincolnshire",0.020833333,0.026392962,0.049079755,0.021604938,-0.039156627,0.072727273
