"Code","Name","LA_code","LA_name","All","X0to15","X16to29","X30to44","X45to64","X65plus"
"E01014805","North Somerset 025B","E06000024","North Somerset",0.028393352,0.041666667,-0.100840336,0.092857143,0.020454545,0.0416
