"Code","Name","LA_code","LA_name","All","X0to15","X16to29","X30to44","X45to64","X65plus"
"E01014738","North Somerset 011B","E06000024","North Somerset",-0.006872852,0.009771987,0.005025126,0.004201681,-0.002237136,-0.053030303
