"Code","Name","LA_code","LA_name","All","X0to15","X16to29","X30to44","X45to64","X65plus"
"E01020085","North Devon 012B","E07000043","North Devon",-0.004472843,0.012345679,-0.019920319,-0.033898305,0.017283951,-0.004329004
