"Code","Name","LA_code","LA_name","All","X0to15","X16to29","X30to44","X45to64","X65plus"
"E01013283","North Lincolnshire 016D","E06000013","North Lincolnshire",-0.015132409,0.023201856,0.010169492,-0.026229508,-0.035502959,-0.078341014
