"Code","Name","LA_code","LA_name","All","X0to15","X16to29","X30to44","X45to64","X65plus"
"E01027174","Northampton 005A","E07000154","Northampton",-0.010670732,-0.03030303,-0.035971223,-0.023255814,0.024154589,-0.022222222
