"Code","Name","LA_code","LA_name","All","X0to15","X16to29","X30to44","X45to64","X65plus"
"E01008485","North Tyneside 023D","E08000022","North Tyneside",-0.018794556,-0.028056112,-0.025454545,-0.019292605,-0.006289308,0
