"Code","Name","LA_code","LA_name","All","X0to15","X16to29","X30to44","X45to64","X65plus"
"E01020123","North Devon 009B","E07000043","North Devon",-0.018843405,0.006779661,-0.009174312,-0.008583691,-0.03,-0.038167939
