"Code","Name","LA_code","LA_name","All","X0to15","X16to29","X30to44","X45to64","X65plus"
"E01014764","North Somerset 014A","E06000024","North Somerset",0.023508137,-0.021052632,0.061135371,0.024896266,0.00896861,0.045851528
