"Code","Name","LA_code","LA_name","All","X0to15","X16to29","X30to44","X45to64","X65plus"
"E01008522","North Tyneside 005D","E08000022","North Tyneside",0.010204082,0.022900763,0.011695906,0.003717472,-0.005952381,0.027624309
