"Code","Name","LA_code","LA_name","All","X0to15","X16to29","X30to44","X45to64","X65plus"
"E01014769","North Somerset 023C","E06000024","North Somerset",-0.009596294,-0.012080537,-0.007537688,-0.023188406,-0.019635344,0.027310924
