"Code","Name","LA_code","LA_name","All","X0to15","X16to29","X30to44","X45to64","X65plus"
"E01020133","North Devon 007B","E07000043","North Devon",0.007012623,0.017316017,0.004950495,0.007905138,0.022277228,-0.017857143
