"Code","Name","LA_code","LA_name","All","X0to15","X16to29","X30to44","X45to64","X65plus"
"E01019826","North East Derbyshire 009F","E07000038","North East Derbyshire",-0.046511628,-0.065743945,-0.033834586,-0.059055118,-0.026041667,-0.055762082
