"Code","Name","LA_code","LA_name","All","X0to15","X16to29","X30to44","X45to64","X65plus"
"E01014751","North Somerset 007B","E06000024","North Somerset",0.032238066,-0.031914894,0.026315789,0.060498221,0.026506024,0.066339066
