"Code","Name","LA_code","LA_name","All","X0to15","X16to29","X30to44","X45to64","X65plus"
"E01008502","North Tyneside 014C","E08000022","North Tyneside",-0.019975031,-0.035714286,-0.004048583,-0.003154574,-0.006741573,-0.056140351
