"Code","Name","LA_code","LA_name","All","X0to15","X16to29","X30to44","X45to64","X65plus"
"E01027536","Northumberland 012E","E06000048","Northumberland",0.034892353,0.074712644,0.00913242,0.046632124,0.045643154,0.003584229
