"Code","Name","LA_code","LA_name","All","X0to15","X16to29","X30to44","X45to64","X65plus"
"E01020457","North Dorset 003D","E07000050","North Dorset",-0.023765996,-0.02955665,-0.078817734,0.016949153,-0.004282655,-0.030456853
