"Code","Name","LA_code","LA_name","All","X0to15","X16to29","X30to44","X45to64","X65plus"
"E01013267","North Lincolnshire 011A","E06000013","North Lincolnshire",0.003093581,-0.045248869,0.038709677,0.005263158,0.032019704,-0.018691589
