"Code","Name","LA_code","LA_name","All","X0to15","X16to29","X30to44","X45to64","X65plus"
"E01027188","Northampton 013C","E07000154","Northampton",-0.037337662,0.007894737,-0.035326087,-0.04784689,-0.022727273,-0.119834711
