"Code","Name","LA_code","LA_name","All","X0to15","X16to29","X30to44","X45to64","X65plus"
"E01027151","Northampton 024A","E07000154","Northampton",-0.027549824,-0.016666667,-0.029100529,-0.01511879,-0.040871935,-0.057971014
