"Code","Name","LA_code","LA_name","All","X0to15","X16to29","X30to44","X45to64","X65plus"
"E01032990","North Kesteven 003G","E07000139","North Kesteven",-0.001179593,-0.010799136,0.017118402,0.011730205,-0.00681431,-0.090909091
