"Code","Name","LA_code","LA_name","All","X0to15","X16to29","X30to44","X45to64","X65plus"
"E01031021","North Warwickshire 006C","E07000218","North Warwickshire",-0.026878436,-0.062240664,0.013333333,-0.007662835,-0.026748971,-0.04009434
