"Code","Name","LA_code","LA_name","All","X0to15","X16to29","X30to44","X45to64","X65plus"
"E01023639","North Hertfordshire 009A","E07000099","North Hertfordshire",0.036021926,-0.014634146,0.054545455,0.02690583,0.048433048,0.051051051
