"Code","Name","LA_code","LA_name","All","X0to15","X16to29","X30to44","X45to64","X65plus"
"E01027171","Northampton 006A","E07000154","Northampton",-0.016053512,-0.017006803,-0.055276382,0.013114754,-0.031331593,0
