"Code","Name","LA_code","LA_name","All","X0to15","X16to29","X30to44","X45to64","X65plus"
"E01008493","North Tyneside 013A","E08000022","North Tyneside",0.003376097,0.010600707,0.01183432,0,0.002403846,-0.002932551
