"Code","Name","LA_code","LA_name","All","X0to15","X16to29","X30to44","X45to64","X65plus"
"E01023627","North Hertfordshire 015D","E07000099","North Hertfordshire",0.000577034,0.036630037,0.022321429,0.016835017,-0.025547445,-0.012787724
