"Code","Name","LA_code","LA_name","All","X0to15","X16to29","X30to44","X45to64","X65plus"
"E01027448","Northumberland 015B","E06000048","Northumberland",-0.013967926,-0.015923567,-0.01843318,-0.02991453,-0.00877193,-0.010330579
