"Code","Name","LA_code","LA_name","All","X0to15","X16to29","X30to44","X45to64","X65plus"
"E01013201","North East Lincolnshire 005C","E06000012","North East Lincolnshire",0.004682274,0.00280112,0.024024024,0.009966777,0.01971831,-0.080536913
