"Code","Name","LA_code","LA_name","All","X0to15","X16to29","X30to44","X45to64","X65plus"
"E01027180","Northampton 010B","E07000154","Northampton",-0.006417112,0.019851117,0,-0.01344086,-0.016985138,-0.017156863
