"Code","Name","LA_code","LA_name","All","X0to15","X16to29","X30to44","X45to64","X65plus"
"E01031005","North Warwickshire 005A","E07000218","North Warwickshire",-0.01659751,0.025362319,-0.033088235,-0.020408163,-0.018181818,-0.037313433
