"Code","Name","LA_code","LA_name","All","X0to15","X16to29","X30to44","X45to64","X65plus"
"E01026779","North Norfolk 003F","E07000147","North Norfolk",-0.020819342,-0.034090909,-0.004545455,-0.060606061,0.01025641,-0.022813688
