"Code","Name","LA_code","LA_name","All","X0to15","X16to29","X30to44","X45to64","X65plus"
"E01027397","Northumberland 028C","E06000048","Northumberland",0.023255814,0.02016129,-0.004405286,0.021929825,0.046035806,0.017730496
