"Code","Name","LA_code","LA_name","All","X0to15","X16to29","X30to44","X45to64","X65plus"
"E01013300","North Lincolnshire 007B","E06000013","North Lincolnshire",0.003846154,0.00982801,0.015189873,0.002079002,0.024725275,-0.075144509
