"Code","Name","LA_code","LA_name","All","X0to15","X16to29","X30to44","X45to64","X65plus"
"E01026731","North Norfolk 006A","E07000147","North Norfolk",-0.004537205,0,-0.006993007,-0.079545455,0.003875969,0.004123711
