"Code","Name","LA_code","LA_name","All","X0to15","X16to29","X30to44","X45to64","X65plus"
"E01027407","Northumberland 031C","E06000048","Northumberland",0.008870968,0.007042254,-0.033333333,0.053475936,-0.00257732,0.016085791
