"Code","Name","LA_code","LA_name","All","X0to15","X16to29","X30to44","X45to64","X65plus"
"E01013253","North Lincolnshire 023D","E06000013","North Lincolnshire",0.003528226,0.038123167,0.014440433,-0.021505376,0.010835913,-0.024943311
