"Code","Name","LA_code","LA_name","All","X0to15","X16to29","X30to44","X45to64","X65plus"
"E01026193","North Kesteven 003C","E07000139","North Kesteven",-0.019041366,0.069444444,-0.043715847,-0.023255814,-0.030018762,-0.039893617
