"Code","Name","LA_code","LA_name","All","X0to15","X16to29","X30to44","X45to64","X65plus"
"E01027197","Northampton 007B","E07000154","Northampton",0,-0.022012579,-0.031818182,-0.00286533,0.022922636,0.032110092
