"Code","Name","LA_code","LA_name","All","X0to15","X16to29","X30to44","X45to64","X65plus"
"E01013266","North Lincolnshire 019D","E06000013","North Lincolnshire",0.017951426,0.020761246,0.007142857,0.019607843,0.012522361,0.029339853
