"Code","Name","LA_code","LA_name","All","X0to15","X16to29","X30to44","X45to64","X65plus"
"E01027194","Northampton 008D","E07000154","Northampton",-0.024390244,-0.024509804,-0.050359712,-0.005208333,0.002673797,-0.047297297
