"Code","Name","LA_code","LA_name","All","X0to15","X16to29","X30to44","X45to64","X65plus"
"E01023650","North Hertfordshire 007B","E07000099","North Hertfordshire",-0.053846154,-0.020253165,-0.050179211,-0.086614173,-0.05399568,-0.063953488
