"Code","Name","LA_code","LA_name","All","X0to15","X16to29","X30to44","X45to64","X65plus"
"E01013226","North East Lincolnshire 007D","E06000012","North East Lincolnshire",0.022727273,0.084444444,0.08839779,-0.042918455,0.004366812,0.016901408
