"Code","Name","LA_code","LA_name","All","X0to15","X16to29","X30to44","X45to64","X65plus"
"E01020132","North Devon 007A","E07000043","North Devon",0.008106543,0.0234375,0.049107143,0.013289037,-0.031578947,0.016985138
