"Code","Name","LA_code","LA_name","All","X0to15","X16to29","X30to44","X45to64","X65plus"
"E01026201","North Kesteven 012B","E07000139","North Kesteven",0.00621118,-0.011527378,0.012,-0.011029412,0.010852713,0.017271157
