"Code","Name","LA_code","LA_name","All","X0to15","X16to29","X30to44","X45to64","X65plus"
"E01027195","Northampton 004A","E07000154","Northampton",-0.012557078,0.00407332,-0.01179941,-0.037558685,0.035911602,-0.126865672
