"Code","Name","LA_code","LA_name","All","X0to15","X16to29","X30to44","X45to64","X65plus"
"E01019821","North East Derbyshire 007B","E07000038","North East Derbyshire",0.040181956,0.089820359,0.032967033,0.090909091,0.022883295,0.019021739
