"Code","Name","LA_code","LA_name","All","X0to15","X16to29","X30to44","X45to64","X65plus"
"E01013209","North East Lincolnshire 019D","E06000012","North East Lincolnshire",0.005641749,-0.015479876,0.019920319,0.008064516,0.008130081,0.013215859
