"Code","Name","LA_code","LA_name","All","X0to15","X16to29","X30to44","X45to64","X65plus"
"E01027216","Northampton 018C","E07000154","Northampton",0.03742515,0.089230769,0.049586777,0.121134021,0.06639839,-0.083333333
