"Code","Name","LA_code","LA_name","All","X0to15","X16to29","X30to44","X45to64","X65plus"
"E01014856","North Somerset 012B","E06000024","North Somerset",-0.02552356,0.009615385,-0.037837838,-0.003521127,-0.039351852,-0.053968254
