"Code","Name","LA_code","LA_name","All","X0to15","X16to29","X30to44","X45to64","X65plus"
"E01023656","North Hertfordshire 002C","E07000099","North Hertfordshire",-0.030607783,-0.021220159,-0.068235294,-0.027419355,-0.017057569,-0.02020202
