"Code","Name","LA_code","LA_name","All","X0to15","X16to29","X30to44","X45to64","X65plus"
"E01014754","North Somerset 005B","E06000024","North Somerset",0.059753954,0.133928571,-0.009708738,0.09039548,0.043360434,0.058355438
