"Code","Name","LA_code","LA_name","All","X0to15","X16to29","X30to44","X45to64","X65plus"
"E01027463","Northumberland 011C","E06000048","Northumberland",0.046301525,0.035598706,0.043859649,0.115264798,0.02970297,0.019543974
