"Code","Name","LA_code","LA_name","All","X0to15","X16to29","X30to44","X45to64","X65plus"
"E01026231","North Kesteven 010C","E07000139","North Kesteven",0.065151515,0.117773019,0.091111111,0.047619048,0.043367347,0.041062802
