"Code","Name","LA_code","LA_name","All","X0to15","X16to29","X30to44","X45to64","X65plus"
"E01026209","North Kesteven 009A","E07000139","North Kesteven",-0.007119127,-0.004424779,-0.065502183,0.071428571,-0.016819572,-0.002493766
