"Code","Name","LA_code","LA_name","All","X0to15","X16to29","X30to44","X45to64","X65plus"
"E01027215","Northampton 019C","E07000154","Northampton",-0.032927702,-0.095238095,0,-0.04048583,-0.051851852,0.036184211
