"Code","Name","LA_code","LA_name","All","X0to15","X16to29","X30to44","X45to64","X65plus"
"E01027392","Northumberland 022A","E06000048","Northumberland",0.016069221,0.02310231,0.03654485,0,0.006802721,0.015243902
