"Code","Name","LA_code","LA_name","All","X0to15","X16to29","X30to44","X45to64","X65plus"
"E01020128","North Devon 010D","E07000043","North Devon",0.02057067,0.045454545,-0.010752688,0.045248869,-0.013921114,0.041975309
