"Code","Name","LA_code","LA_name","All","X0to15","X16to29","X30to44","X45to64","X65plus"
"E01027234","Northampton 026B","E07000154","Northampton",-0.004575163,0.00255102,0.041884817,-0.012886598,-0.016574586,-0.025380711
