"Code","Name","LA_code","LA_name","All","X0to15","X16to29","X30to44","X45to64","X65plus"
"E01026192","North Kesteven 006A","E07000139","North Kesteven",-0.01088647,-0.035087719,-0.012658228,-0.028846154,-0.007444169,0.017301038
