"Code","Name","LA_code","LA_name","All","X0to15","X16to29","X30to44","X45to64","X65plus"
"E01020108","North Devon 004B","E07000043","North Devon",-0.00270027,0.031413613,-0.003921569,-0.042666667,-0.00308642,0.001779359
