"Code","Name","LA_code","LA_name","All","X0to15","X16to29","X30to44","X45to64","X65plus"
"E01031022","North Warwickshire 006D","E07000218","North Warwickshire",0.001632209,0.038793103,0.003412969,0.003436426,-0.001945525,-0.013779528
