"Code","Name","LA_code","LA_name","All","X0to15","X16to29","X30to44","X45to64","X65plus"
"E01013307","North Lincolnshire 002D","E06000013","North Lincolnshire",-0.011758119,0.024922118,-0.0591133,-0.02006689,-0.023897059,0.00477327
