"Code","Name","LA_code","LA_name","All","X0to15","X16to29","X30to44","X45to64","X65plus"
"E01014799","North Somerset 020A","E06000024","North Somerset",-0.012470309,-0.027027027,-0.0375,0.027692308,-0.018903592,-0.003984064
