"Code","Name","LA_code","LA_name","All","X0to15","X16to29","X30to44","X45to64","X65plus"
"E01013301","North Lincolnshire 009B","E06000013","North Lincolnshire",0.002467613,-0.002770083,0.035842294,0.022364217,0.004975124,-0.052631579
