"Code","Name","LA_code","LA_name","All","X0to15","X16to29","X30to44","X45to64","X65plus"
"E01027222","Northampton 002D","E07000154","Northampton",-0.004152824,0,-0.055276382,0.021505376,0.017199017,-0.02283105
