"Code","Name","LA_code","LA_name","All","X0to15","X16to29","X30to44","X45to64","X65plus"
"E01014846","North Somerset 018F","E06000024","North Somerset",0.00643915,-0.031413613,0.022727273,0.004291845,0,0.020594966
