"Code","Name","LA_code","LA_name","All","X0to15","X16to29","X30to44","X45to64","X65plus"
"E01008544","North Tyneside 027D","E08000022","North Tyneside",0.007272727,-0.007968127,0.01618123,-0.015673981,0.03006012,-0.003676471
