"Code","Name","LA_code","LA_name","All","X0to15","X16to29","X30to44","X45to64","X65plus"
"E01027476","Northumberland 035A","E06000048","Northumberland",0.001267963,-0.015197568,0.024767802,-0.007772021,-0.002710027,0.008474576
