"Code","Name","LA_code","LA_name","All","X0to15","X16to29","X30to44","X45to64","X65plus"
"E01031015","North Warwickshire 003G","E07000218","North Warwickshire",-0.003424658,-0.015923567,0.036885246,-0.017793594,-0.021108179,0.016528926
