"Code","Name","LA_code","LA_name","All","X0to15","X16to29","X30to44","X45to64","X65plus"
"E01008554","North Tyneside 009C","E08000022","North Tyneside",0.03645506,0.035483871,0.017241379,0.04109589,0.005847953,0.114754098
