"Code","Name","LA_code","LA_name","All","X0to15","X16to29","X30to44","X45to64","X65plus"
"E01013295","North Lincolnshire 009A","E06000013","North Lincolnshire",-0.008522727,0.025641026,0.01025641,0.012605042,-0.025210084,-0.036458333
