"Code","Name","LA_code","LA_name","All","X0to15","X16to29","X30to44","X45to64","X65plus"
"E01014842","North Somerset 018B","E06000024","North Somerset",-0.007138608,0.005882353,0.003584229,-0.00617284,-0.013100437,-0.013333333
