"Code","Name","LA_code","LA_name","All","X0to15","X16to29","X30to44","X45to64","X65plus"
"E01027417","Northumberland 030A","E06000048","Northumberland",0.01226158,0.005494505,0.012903226,0.015625,0.004555809,0.02
