"Code","Name","LA_code","LA_name","All","X0to15","X16to29","X30to44","X45to64","X65plus"
"E01027203","Northampton 031A","E07000154","Northampton",-0.001168224,-0.023404255,0.03649635,0.017994859,-0.00856531,-0.035714286
