"Code","Name","LA_code","LA_name","All","X0to15","X16to29","X30to44","X45to64","X65plus"
"E01027358","Northumberland 005A","E06000048","Northumberland",0.026757608,0.024793388,0.033472803,0.013157895,0.021069692,0.03968254
