"Code","Name","LA_code","LA_name","All","X0to15","X16to29","X30to44","X45to64","X65plus"
"E01027146","Northampton 003C","E07000154","Northampton",-0.002666667,0,-0.03626943,-0.035433071,0.005050505,0.025380711
