"Code","Name","LA_code","LA_name","All","X0to15","X16to29","X30to44","X45to64","X65plus"
"E01027144","Northampton 003B","E07000154","Northampton",0.009180791,0.063583815,-0.03164557,0.005154639,0.002252252,0.011185682
