"Code","Name","LA_code","LA_name","All","X0to15","X16to29","X30to44","X45to64","X65plus"
"E01027495","Northumberland 040D","E06000048","Northumberland",0.005434783,-0.010752688,0,0.059259259,-0.005464481,0.007017544
