"Code","Name","LA_code","LA_name","All","X0to15","X16to29","X30to44","X45to64","X65plus"
"E01013294","North Lincolnshire 003D","E06000013","North Lincolnshire",0.011342155,0.025641026,-0.027027027,0.03030303,0.031078611,-0.012953368
