"Code","Name","LA_code","LA_name","All","X0to15","X16to29","X30to44","X45to64","X65plus"
"E01027182","Northampton 006C","E07000154","Northampton",-0.015328467,-0.061320755,0.012578616,-0.053097345,-0.007575758,0.013262599
