"Code","Name","LA_code","LA_name","All","X0to15","X16to29","X30to44","X45to64","X65plus"
"E01008543","North Tyneside 028C","E08000022","North Tyneside",0.002796644,0.052453469,-0.008639309,-0.026392962,-0.005545287,0.004424779
