"Code","Name","LA_code","LA_name","All","X0to15","X16to29","X30to44","X45to64","X65plus"
"E01008573","North Tyneside 029B","E08000022","North Tyneside",0.003458213,0.048701299,0.028947368,0.022883295,-0.020454545,-0.123529412
