"Code","Name","LA_code","LA_name","All","X0to15","X16to29","X30to44","X45to64","X65plus"
"E01026186","North Kesteven 001A","E07000139","North Kesteven",0.040957782,0.070754717,0.102040816,0.019138756,0.027253669,0.018018018
