"Code","Name","LA_code","LA_name","All","X0to15","X16to29","X30to44","X45to64","X65plus"
"E01026751","North Norfolk 007C","E07000147","North Norfolk",-0.039419087,-0.031088083,-0.027210884,-0.03164557,-0.057742782,-0.035273369
