"Code","Name","LA_code","LA_name","All","X0to15","X16to29","X30to44","X45to64","X65plus"
"E01020435","North Dorset 007A","E07000050","North Dorset",-0.011979464,-0.0651341,-0.013157895,0.01242236,-0.016042781,0.010498688
