"Code","Name","LA_code","LA_name","All","X0to15","X16to29","X30to44","X45to64","X65plus"
"E01027164","Northampton 030C","E07000154","Northampton",0.010841837,0.025714286,0.008695652,0.00990099,-0.002793296,0.018018018
