"Code","Name","LA_code","LA_name","All","X0to15","X16to29","X30to44","X45to64","X65plus"
"E01023661","North Hertfordshire 001B","E07000099","North Hertfordshire",-0.007919366,0.064189189,-0.021008403,-0.014285714,-0.012618297,-0.065891473
