"Code","Name","LA_code","LA_name","All","X0to15","X16to29","X30to44","X45to64","X65plus"
"E01008537","North Tyneside 030D","E08000022","North Tyneside",-0.033359809,-0.019704433,-0.069105691,-0.047008547,-0.060913706,0.076923077
