"Code","Name","LA_code","LA_name","All","X0to15","X16to29","X30to44","X45to64","X65plus"
"E01020447","North Dorset 001B","E07000050","North Dorset",0.017660044,0.017467249,-0.00990099,-0.004310345,0.031512605,0.023774146
