"Code","Name","LA_code","LA_name","All","X0to15","X16to29","X30to44","X45to64","X65plus"
"E01019785","North East Derbyshire 006C","E07000038","North East Derbyshire",-0.00394011,0.025773196,-0.03030303,-0.039548023,-0.012437811,0.016483516
