"Code","Name","LA_code","LA_name","All","X0to15","X16to29","X30to44","X45to64","X65plus"
"E01008548","North Tyneside 001B","E08000022","North Tyneside",-0.023594726,-0.117073171,0.01242236,-0.011049724,0,-0.023148148
