"Code","Name","LA_code","LA_name","All","X0to15","X16to29","X30to44","X45to64","X65plus"
"E01027480","Northumberland 019B","E06000048","Northumberland",0.016090105,-0.005405405,0.118055556,-0.02173913,0,0.030075188
