"Code","Name","LA_code","LA_name","All","X0to15","X16to29","X30to44","X45to64","X65plus"
"E01027390","Northumberland 003F","E06000048","Northumberland",-0.013075061,-0.064516129,-0.016260163,0,-0.013554217,0.002873563
