"Code","Name","LA_code","LA_name","All","X0to15","X16to29","X30to44","X45to64","X65plus"
"E01026200","North Kesteven 012A","E07000139","North Kesteven",0.019974227,0.020325203,0.029850746,-0.0041841,0.018145161,0.032432432
