"Code","Name","LA_code","LA_name","All","X0to15","X16to29","X30to44","X45to64","X65plus"
"E01031029","North Warwickshire 005E","E07000218","North Warwickshire",-0.037267081,-0.053156146,-0.03652968,-0.041811847,-0.031982942,-0.026946108
