"Code","Name","LA_code","LA_name","All","X0to15","X16to29","X30to44","X45to64","X65plus"
"E01014854","North Somerset 013D","E06000024","North Somerset",-0.008559201,0.040178571,-0.026595745,0.045918367,-0.023640662,-0.040431267
