"Code","Name","LA_code","LA_name","All","X0to15","X16to29","X30to44","X45to64","X65plus"
"E01027181","Northampton 010C","E07000154","Northampton",0.007981756,0.040145985,-0.011976048,-0.023411371,-0.006833713,0.026086957
