"Code","Name","LA_code","LA_name","All","X0to15","X16to29","X30to44","X45to64","X65plus"
"E01020448","North Dorset 008E","E07000050","North Dorset",-0.003952569,0.01242236,-0.040723982,0.003623188,-0.010401189,0.005639098
