"Code","Name","LA_code","LA_name","All","X0to15","X16to29","X30to44","X45to64","X65plus"
"E01008576","North Tyneside 029D","E08000022","North Tyneside",-0.037249284,-0.058704453,-0.018421053,-0.046464646,-0.035643564,-0.004545455
