"Code","Name","LA_code","LA_name","All","X0to15","X16to29","X30to44","X45to64","X65plus"
"E01020450","North Dorset 002B","E07000050","North Dorset",0.015057573,0.024937656,0.006369427,-0.005194805,0.052550232,-0.019569472
