"Code","Name","LA_code","LA_name","All","X0to15","X16to29","X30to44","X45to64","X65plus"
"E01027433","Northumberland 032B","E06000048","Northumberland",-0.000432526,-0.013544018,0.024943311,0.010141988,0.010050251,-0.050295858
