"Code","Name","LA_code","LA_name","All","X0to15","X16to29","X30to44","X45to64","X65plus"
"E01026215","North Kesteven 014B","E07000139","North Kesteven",0.002816901,-0.027586207,0.015151515,0.039370079,0.006622517,-0.005571031
