"Code","Name","LA_code","LA_name","All","X0to15","X16to29","X30to44","X45to64","X65plus"
"E01013321","North Lincolnshire 012D","E06000013","North Lincolnshire",0.002941176,0.021126761,-0.007220217,-0.01980198,0.014897579,-0.003344482
