"Code","Name","LA_code","LA_name","All","X0to15","X16to29","X30to44","X45to64","X65plus"
"E01027168","Northampton 012A","E07000154","Northampton",-0.040578099,-0.032467532,-0.029891304,-0.0243309,-0.046703297,-0.103092784
