"Code","Name","LA_code","LA_name","All","X0to15","X16to29","X30to44","X45to64","X65plus"
"E01031011","North Warwickshire 003C","E07000218","North Warwickshire",-0.032692308,0.002923977,-0.006006006,-0.031948882,-0.054602184,-0.048780488
