"Code","Name","LA_code","LA_name","All","X0to15","X16to29","X30to44","X45to64","X65plus"
"E01020462","North Dorset 002D","E07000050","North Dorset",-0.028105677,-0.0041841,-0.073033708,-0.048780488,-0.032840722,-0.010948905
