"Code","Name","LA_code","LA_name","All","X0to15","X16to29","X30to44","X45to64","X65plus"
"E01020111","North Devon 001A","E07000043","North Devon",0.013899049,0.059405941,0,0.014218009,0.010443864,-0.023904382
