"Code","Name","LA_code","LA_name","All","X0to15","X16to29","X30to44","X45to64","X65plus"
"E01019781","North East Derbyshire 004B","E07000038","North East Derbyshire",-0.012613875,0.117021277,-0.05988024,-0.051886792,-0.009389671,-0.034562212
