"Code","Name","LA_code","LA_name","All","X0to15","X16to29","X30to44","X45to64","X65plus"
"E01027514","Northumberland 021A","E06000048","Northumberland",0.00310559,-0.004651163,-0.039473684,0.046610169,0.002016129,0.006896552
