"Code","Name","LA_code","LA_name","All","X0to15","X16to29","X30to44","X45to64","X65plus"
"E01008503","North Tyneside 018E","E08000022","North Tyneside",0.09137842,0.147540984,0.056047198,0.18469657,0.078787879,-0.01396648
