"Code","Name","LA_code","LA_name","All","X0to15","X16to29","X30to44","X45to64","X65plus"
"E01014841","North Somerset 018A","E06000024","North Somerset",0.000549753,-0.042253521,0.016556291,0.008086253,-0.003571429,0.002252252
