"Code","Name","LA_code","LA_name","All","X0to15","X16to29","X30to44","X45to64","X65plus"
"E01014803","North Somerset 025A","E06000024","North Somerset",0.008940853,0.004444444,0.060402685,-0.005347594,0.013605442,-0.004424779
