"Code","Name","LA_code","LA_name","All","X0to15","X16to29","X30to44","X45to64","X65plus"
"E01014789","North Somerset 002A","E06000024","North Somerset",0.014545455,0.049079755,0.099236641,-0.00625,0.024719101,-0.023109244
