"Code","Name","LA_code","LA_name","All","X0to15","X16to29","X30to44","X45to64","X65plus"
"E01008467","North Tyneside 021C","E08000022","North Tyneside",0.011517615,-0.016611296,0.004926108,0.046875,-0.004854369,0.033333333
