"Code","Name","LA_code","LA_name","All","X0to15","X16to29","X30to44","X45to64","X65plus"
"E01026778","North Norfolk 003E","E07000147","North Norfolk",0.015058179,0.056451613,-0.018691589,0.046296296,0.012195122,0.010075567
