"Code","Name","LA_code","LA_name","All","X0to15","X16to29","X30to44","X45to64","X65plus"
"E01008518","North Tyneside 007A","E08000022","North Tyneside",-0.01216545,0.007633588,-0.02688172,-0.042345277,0.011337868,-0.020089286
