"Code","Name","LA_code","LA_name","All","X0to15","X16to29","X30to44","X45to64","X65plus"
"E01013274","North Lincolnshire 013A","E06000013","North Lincolnshire",-0.017307692,-0.033333333,-0.003205128,-0.029649596,-0.003278689,-0.024070022
