"Code","Name","LA_code","LA_name","All","X0to15","X16to29","X30to44","X45to64","X65plus"
"E01026196","North Kesteven 006D","E07000139","North Kesteven",0.018421053,0.073529412,0.114754098,-0.015306122,-0.029598309,0.019396552
