"Code","Name","LA_code","LA_name","All","X0to15","X16to29","X30to44","X45to64","X65plus"
"E01020453","North Dorset 006C","E07000050","North Dorset",-0.007242004,0,-0.013888889,-0.01369863,0.005199307,-0.022075055
