"Code","Name","LA_code","LA_name","All","X0to15","X16to29","X30to44","X45to64","X65plus"
"E01027207","Northampton 019A","E07000154","Northampton",0.0095518,0.031088083,-0.045751634,0.022346369,-0.002680965,0.023758099
