"Code","Name","LA_code","LA_name","All","X0to15","X16to29","X30to44","X45to64","X65plus"
"E01026811","Norwich 012B","E07000148","Norwich",-0.017105263,-0.0625,-0.071428571,-0.022857143,-0.030368764,0.025362319
