"Code","Name","LA_code","LA_name","All","X0to15","X16to29","X30to44","X45to64","X65plus"
"E01033435","Norwich 005G","E07000148","Norwich",-0.01207851,0.002544529,-0.008032129,-0.029411765,0.006896552,-0.086419753
