"Code","Name","LA_code","LA_name","All","X0to15","X16to29","X30to44","X45to64","X65plus"
"E01026823","Norwich 007B","E07000148","Norwich",-0.013345605,0.094488189,-0.021136063,-0.019762846,-0.006396588,-0.038216561
