"Code","Name","LA_code","LA_name","All","X0to15","X16to29","X30to44","X45to64","X65plus"
"E01026829","Norwich 002B","E07000148","Norwich",-0.012278308,0.003952569,-0.014134276,-0.03250478,0.005063291,-0.028708134
