"Code","Name","LA_code","LA_name","All","X0to15","X16to29","X30to44","X45to64","X65plus"
"E01026805","Norwich 004C","E07000148","Norwich",0.010899183,-0.011204482,0.05019305,-0.029288703,0.035369775,0.009933775
