"Code","Name","LA_code","LA_name","All","X0to15","X16to29","X30to44","X45to64","X65plus"
"E01026809","Norwich 004G","E07000148","Norwich",-0.022309711,-0.08,-0.014234875,-0.026217228,0.030674847,-0.025714286
