"Code","Name","LA_code","LA_name","All","X0to15","X16to29","X30to44","X45to64","X65plus"
"E01026837","Norwich 009C","E07000148","Norwich",-0.024262295,0.042780749,-0.056306306,-0.051020408,0,-0.021929825
