"Code","Name","LA_code","LA_name","All","X0to15","X16to29","X30to44","X45to64","X65plus"
"E01026813","Norwich 012D","E07000148","Norwich",-0.015916955,0,-0.011904762,0.01754386,-0.035714286,-0.01934236
