"Code","Name","LA_code","LA_name","All","X0to15","X16to29","X30to44","X45to64","X65plus"
"E01026803","Norwich 004A","E07000148","Norwich",-0.002001334,0.01607717,0,-0.04887218,-0.022222222,0.035608309
