"Code","Name","LA_code","LA_name","All","X0to15","X16to29","X30to44","X45to64","X65plus"
"E01026846","Norwich 003F","E07000148","Norwich",0.049083383,0.125,0.023109244,0.03030303,0.068111455,0.026845638
