"Code","Name","LA_code","LA_name","All","X0to15","X16to29","X30to44","X45to64","X65plus"
"E01026799","Norwich 001C","E07000148","Norwich",-0.014483213,-0.005319149,-0.044715447,-0.028277635,0.01497006,-0.017241379
