"Code","Name","LA_code","LA_name","All","X0to15","X16to29","X30to44","X45to64","X65plus"
"E01026815","Norwich 012F","E07000148","Norwich",0.004710633,0.015873016,-0.018050542,-0.016806723,0.012285012,0.022435897
