"Code","Name","LA_code","LA_name","All","X0to15","X16to29","X30to44","X45to64","X65plus"
"E01033441","Norwich 014D","E07000148","Norwich",-0.01566416,0.06557377,-0.012544803,-0.019011407,-0.019762846,-0.080291971
