"Code","Name","LA_code","LA_name","All","X0to15","X16to29","X30to44","X45to64","X65plus"
"E01026819","Norwich 013D","E07000148","Norwich",-0.016857721,-0.03943662,-0.023880597,-0.018518519,0.006872852,0.005617978
