"Code","Name","LA_code","LA_name","All","X0to15","X16to29","X30to44","X45to64","X65plus"
"E01026810","Norwich 012A","E07000148","Norwich",-0.011556764,-0.03202847,-0.01980198,-0.041666667,-0.002932551,0.017199017
