"Code","Name","LA_code","LA_name","All","X0to15","X16to29","X30to44","X45to64","X65plus"
"E01026848","Norwich 015A","E07000148","Norwich",-0.000538793,0.045454545,-0.005235602,-0.005434783,-0.023305085,-0.003289474
