"Code","Name","LA_code","LA_name","All","X0to15","X16to29","X30to44","X45to64","X65plus"
"E01026868","Norwich 006F","E07000148","Norwich",-0.025684932,-0.006465517,-0.049056604,-0.032448378,-0.065517241,0.108527132
