"Code","Name","LA_code","LA_name","All","X0to15","X16to29","X30to44","X45to64","X65plus"
"E01026798","Norwich 001B","E07000148","Norwich",-0.016624041,-0.024464832,0.009404389,0,-0.033419023,-0.039215686
