"Code","Name","LA_code","LA_name","All","X0to15","X16to29","X30to44","X45to64","X65plus"
"E01026821","Norwich 013F","E07000148","Norwich",-0.015394484,-0.032069971,-0.010452962,0.029288703,-0.037940379,-0.009345794
