"Code","Name","LA_code","LA_name","All","X0to15","X16to29","X30to44","X45to64","X65plus"
"E01033439","Norwich 014B","E07000148","Norwich",-0.040186372,-0.1,-0.083484574,-0.023758099,0.00265252,0.018072289
