"Code","Name","LA_code","LA_name","All","X0to15","X16to29","X30to44","X45to64","X65plus"
"E01026824","Norwich 007C","E07000148","Norwich",0.005921053,0,0.020588235,0.020895522,0.025641026,-0.048780488
