"Code","Name","LA_code","LA_name","All","X0to15","X16to29","X30to44","X45to64","X65plus"
"E01026852","Norwich 011A","E07000148","Norwich",0.003773585,0.035353535,-0.012987013,-0.027027027,0.024937656,-0.011428571
