"Code","Name","LA_code","LA_name","All","X0to15","X16to29","X30to44","X45to64","X65plus"
"E01026804","Norwich 004B","E07000148","Norwich",0.01952862,-0.006309148,0.027272727,0.070422535,0.002673797,0.024930748
