"Code","Name","LA_code","LA_name","All","X0to15","X16to29","X30to44","X45to64","X65plus"
"E01026842","Norwich 003B","E07000148","Norwich",-0.008818342,0.019455253,-0.051771117,-0.013806706,0.013661202,0.004901961
