"Code","Name","LA_code","LA_name","All","X0to15","X16to29","X30to44","X45to64","X65plus"
"E01026826","Norwich 007E","E07000148","Norwich",-0.032015066,-0.181395349,-0.011820331,-0.043010753,0,0.034482759
