"Code","Name","LA_code","LA_name","All","X0to15","X16to29","X30to44","X45to64","X65plus"
"E01026792","Norwich 005B","E07000148","Norwich",-0.011453114,-0.050387597,-0.029661017,0.007751938,0.00273224,0.003584229
