"Code","Name","LA_code","LA_name","All","X0to15","X16to29","X30to44","X45to64","X65plus"
"E01026856","Norwich 011E","E07000148","Norwich",0.003045685,0.069518717,-0.001127396,-0.048128342,0.022857143,0.023255814
