"Code","Name","LA_code","LA_name","All","X0to15","X16to29","X30to44","X45to64","X65plus"
"E01033436","Norwich 005H","E07000148","Norwich",-0.012541254,-0.00621118,-0.014084507,-0.025362319,-0.008064516,-0.008230453
