"Code","Name","LA_code","LA_name","All","X0to15","X16to29","X30to44","X45to64","X65plus"
"E01026849","Norwich 015B","E07000148","Norwich",-0.005583756,-0.048780488,-0.020790021,-0.034026465,0.004098361,0.093632959
