"Code","Name","LA_code","LA_name","All","X0to15","X16to29","X30to44","X45to64","X65plus"
"E01026828","Norwich 002A","E07000148","Norwich",-0.021103896,-0.026819923,-0.021108179,-0.008264463,0,-0.063348416
