"Code","Name","LA_code","LA_name","All","X0to15","X16to29","X30to44","X45to64","X65plus"
"E01013864","Nottingham 014A","E06000018","Nottingham",0.005583127,-0.006507592,0.005420054,0.027439024,0,0.009259259
