"Code","Name","LA_code","LA_name","All","X0to15","X16to29","X30to44","X45to64","X65plus"
"E01013963","Nottingham 007A","E06000018","Nottingham",0.013422819,0.004889976,0.030534351,0.003144654,0.012077295,0.025423729
