"Code","Name","LA_code","LA_name","All","X0to15","X16to29","X30to44","X45to64","X65plus"
"E01013839","Nottingham 012C","E06000018","Nottingham",0.009155646,0.026431718,0.031746032,0.010752688,0.002183406,-0.094594595
