"Code","Name","LA_code","LA_name","All","X0to15","X16to29","X30to44","X45to64","X65plus"
"E01013916","Nottingham 024D","E06000018","Nottingham",-0.001270648,-0.017817372,0.022875817,-0.016949153,-0.009493671,0.053691275
