"Code","Name","LA_code","LA_name","All","X0to15","X16to29","X30to44","X45to64","X65plus"
"E01013810","Nottingham 018A","E06000018","Nottingham",-0.008305648,-0.03030303,0.041343669,-0.013986014,-0.04,0.068965517
