"Code","Name","LA_code","LA_name","All","X0to15","X16to29","X30to44","X45to64","X65plus"
"E01013842","Nottingham 018D","E06000018","Nottingham",-0.036511156,-0.085185185,-0.009861933,-0.038461538,0.015479876,-0.064814815
