"Code","Name","LA_code","LA_name","All","X0to15","X16to29","X30to44","X45to64","X65plus"
"E01013911","Nottingham 037D","E06000018","Nottingham",-0.004950495,-0.014084507,-0.021367521,0.028037383,-0.024038462,0.022556391
