"Code","Name","LA_code","LA_name","All","X0to15","X16to29","X30to44","X45to64","X65plus"
"E01013813","Nottingham 022A","E06000018","Nottingham",-0.006246451,0.103448276,-0.005,-0.025974026,-0.039325843,-0.05952381
