"Code","Name","LA_code","LA_name","All","X0to15","X16to29","X30to44","X45to64","X65plus"
"E01013985","Nottingham 030E","E06000018","Nottingham",0.0767507,0.065155807,0.056277056,0.089285714,0.088669951,0.076252723
