"Code","Name","LA_code","LA_name","All","X0to15","X16to29","X30to44","X45to64","X65plus"
"E01013872","Nottingham 040C","E06000018","Nottingham",0.020397209,0.035545024,0.044742729,-0.002309469,-0.007518797,0.043209877
