"Code","Name","LA_code","LA_name","All","X0to15","X16to29","X30to44","X45to64","X65plus"
"E01013891","Nottingham 004E","E06000018","Nottingham",-0.001732102,0.01369863,0.028213166,-0.012048193,-0.046413502,0.037190083
