"Code","Name","LA_code","LA_name","All","X0to15","X16to29","X30to44","X45to64","X65plus"
"E01013881","Nottingham 002C","E06000018","Nottingham",-0.014341591,-0.023376623,-0.010869565,0.017605634,-0.016759777,-0.038961039
