"Code","Name","LA_code","LA_name","All","X0to15","X16to29","X30to44","X45to64","X65plus"
"E01013856","Nottingham 006D","E06000018","Nottingham",-0.012696493,-0.028985507,0.026041667,-0.009090909,-0.029649596,-0.032258065
