"Code","Name","LA_code","LA_name","All","X0to15","X16to29","X30to44","X45to64","X65plus"
"E01013896","Nottingham 034B","E06000018","Nottingham",-0.020255064,-0.088339223,-0.031496063,0.016326531,-0.014662757,0.033333333
