"Code","Name","LA_code","LA_name","All","X0to15","X16to29","X30to44","X45to64","X65plus"
"E01013937","Nottingham 015A","E06000018","Nottingham",0.008259587,0.02640264,0.008379888,0.013888889,-0.025641026,0.036734694
