"Code","Name","LA_code","LA_name","All","X0to15","X16to29","X30to44","X45to64","X65plus"
"E01033397","Nottingham 006F","E06000018","Nottingham",-0.044015826,-0.032967033,-0.058394161,-0.048736462,-0.016393443,-0.096551724
