"Code","Name","LA_code","LA_name","All","X0to15","X16to29","X30to44","X45to64","X65plus"
"E01013984","Nottingham 030D","E06000018","Nottingham",0.048746518,0.085470085,0.070422535,0.031088083,0.036619718,0.041015625
