"Code","Name","LA_code","LA_name","All","X0to15","X16to29","X30to44","X45to64","X65plus"
"E01013816","Nottingham 022D","E06000018","Nottingham",-0.00913242,0.116788321,-0.02373788,-0.02507837,0.080213904,0.157303371
