"Code","Name","LA_code","LA_name","All","X0to15","X16to29","X30to44","X45to64","X65plus"
"E01013903","Nottingham 035E","E06000018","Nottingham",-0.004022526,-0.030769231,0.016064257,-0.027932961,0.010989011,-0.0078125
