"Code","Name","LA_code","LA_name","All","X0to15","X16to29","X30to44","X45to64","X65plus"
"E01013879","Nottingham 002A","E06000018","Nottingham",0.008647799,0.053333333,0.004405286,-0.004098361,-0.017751479,0.006134969
