"Code","Name","LA_code","LA_name","All","X0to15","X16to29","X30to44","X45to64","X65plus"
"E01013905","Nottingham 036A","E06000018","Nottingham",0.017195767,0.01971831,0.006535948,0.00660066,0.032738095,0.018867925
