"Code","Name","LA_code","LA_name","All","X0to15","X16to29","X30to44","X45to64","X65plus"
"E01013900","Nottingham 035D","E06000018","Nottingham",0.025016458,0.081081081,-0.003154574,-0.010909091,0.009478673,0.066985646
