"Code","Name","LA_code","LA_name","All","X0to15","X16to29","X30to44","X45to64","X65plus"
"E01033398","Nottingham 006G","E06000018","Nottingham",0.03906837,0.003623188,0.069767442,0.036931818,0.062240664,-0.053333333
