"Code","Name","LA_code","LA_name","All","X0to15","X16to29","X30to44","X45to64","X65plus"
"E01013892","Nottingham 001B","E06000018","Nottingham",-0.00071736,0.034682081,-0.036458333,0.019607843,-0.030927835,0.018306636
