"Code","Name","LA_code","LA_name","All","X0to15","X16to29","X30to44","X45to64","X65plus"
"E01033403","Nottingham 039D","E06000018","Nottingham",-0.096217105,-0.075268817,-0.101265823,-0.145228216,-0.007352941,-0.057142857
