"Code","Name","LA_code","LA_name","All","X0to15","X16to29","X30to44","X45to64","X65plus"
"E01013894","Nottingham 001D","E06000018","Nottingham",0.008236102,0.032258065,0.02173913,0.007936508,0,-0.005
