"Code","Name","LA_code","LA_name","All","X0to15","X16to29","X30to44","X45to64","X65plus"
"E01013942","Nottingham 016D","E06000018","Nottingham",0.014360313,0.012152778,0.050328228,-0.013084112,0.030888031,-0.028301887
