"Code","Name","LA_code","LA_name","All","X0to15","X16to29","X30to44","X45to64","X65plus"
"E01013934","Nottingham 019E","E06000018","Nottingham",0.013707165,0.058282209,-0.007168459,-0.009202454,0.031413613,-0.01369863
