"Code","Name","LA_code","LA_name","All","X0to15","X16to29","X30to44","X45to64","X65plus"
"E01033401","Nottingham 023F","E06000018","Nottingham",-0.004464286,0.063291139,-0.001184834,-0.031531532,-0.019607843,-0.010309278
