"Code","Name","LA_code","LA_name","All","X0to15","X16to29","X30to44","X45to64","X65plus"
"E01013843","Nottingham 017A","E06000018","Nottingham",0.047309284,-0.02,0.040066778,0.051490515,0.056291391,0.14619883
