"Code","Name","LA_code","LA_name","All","X0to15","X16to29","X30to44","X45to64","X65plus"
"E01013854","Nottingham 006B","E06000018","Nottingham",-0.001405481,0.022801303,-0.003846154,0.02247191,0,-0.068627451
