"Code","Name","LA_code","LA_name","All","X0to15","X16to29","X30to44","X45to64","X65plus"
"E01013850","Nottingham 038B","E06000018","Nottingham",-0.019674355,-0.043636364,-0.007352941,-0.003802281,-0.028871391,-0.010600707
