"Code","Name","LA_code","LA_name","All","X0to15","X16to29","X30to44","X45to64","X65plus"
"E01013846","Nottingham 018E","E06000018","Nottingham",-0.010632642,0.005464481,-0.02020202,-0.009345794,0.006896552,-0.057692308
