"Code","Name","LA_code","LA_name","All","X0to15","X16to29","X30to44","X45to64","X65plus"
"E01033409","Nottingham 023H","E06000018","Nottingham",0.001583113,-0.05,0.005645161,-0.0625,0.048611111,-0.010989011
