"Code","Name","LA_code","LA_name","All","X0to15","X16to29","X30to44","X45to64","X65plus"
"E01013928","Nottingham 031G","E06000018","Nottingham",0.021826536,0.1,0.037037037,0.020833333,-0.129032258,-0.145454545
