"Code","Name","LA_code","LA_name","All","X0to15","X16to29","X30to44","X45to64","X65plus"
"E01013833","Nottingham 009E","E06000018","Nottingham",0.000736377,-0.003030303,0.035573123,0.015564202,0.011111111,-0.094936709
