"Code","Name","LA_code","LA_name","All","X0to15","X16to29","X30to44","X45to64","X65plus"
"E01013880","Nottingham 002B","E06000018","Nottingham",0.005256242,0.005141388,-0.034615385,0.054545455,0.009230769,-0.010989011
