"Code","Name","LA_code","LA_name","All","X0to15","X16to29","X30to44","X45to64","X65plus"
"E01013841","Nottingham 012E","E06000018","Nottingham",0.020618557,0.04047619,0.030898876,0.012658228,-0.006535948,0.021505376
