"Code","Name","LA_code","LA_name","All","X0to15","X16to29","X30to44","X45to64","X65plus"
"E01013889","Nottingham 004C","E06000018","Nottingham",-0.011323004,0.030927835,-0.011952191,-0.017793594,-0.006564551,-0.042713568
