"Code","Name","LA_code","LA_name","All","X0to15","X16to29","X30to44","X45to64","X65plus"
"E01013811","Nottingham 018B","E06000018","Nottingham",0.007797271,-0.016713092,0.010080645,0.024169184,0.026119403,-0.023529412
