"Code","Name","LA_code","LA_name","All","X0to15","X16to29","X30to44","X45to64","X65plus"
"E01013829","Nottingham 009A","E06000018","Nottingham",-0.001735107,-0.052486188,0.011764706,0.02972973,0,0.004784689
