"Code","Name","LA_code","LA_name","All","X0to15","X16to29","X30to44","X45to64","X65plus"
"E01013961","Nottingham 023D","E06000018","Nottingham",0.000773994,0.006472492,0.002597403,0.012345679,-0.014285714,-0.030534351
