"Code","Name","LA_code","LA_name","All","X0to15","X16to29","X30to44","X45to64","X65plus"
"E01013817","Nottingham 011A","E06000018","Nottingham",0.017917133,0.004341534,0.017804154,0.0225,0.073770492,-0.035087719
