"Code","Name","LA_code","LA_name","All","X0to15","X16to29","X30to44","X45to64","X65plus"
"E01033410","Nottingham 031I","E06000018","Nottingham",-0.002068252,-0.052631579,0,-0.007194245,0.049180328,-0.013793103
