"Code","Name","LA_code","LA_name","All","X0to15","X16to29","X30to44","X45to64","X65plus"
"E01013875","Nottingham 005A","E06000018","Nottingham",0.025841817,-0.016393443,0.108695652,0.013043478,0.005194805,0.051282051
