"Code","Name","LA_code","LA_name","All","X0to15","X16to29","X30to44","X45to64","X65plus"
"E01013865","Nottingham 014B","E06000018","Nottingham",-0.003017502,0.010810811,0.020134228,-0.006920415,-0.002583979,-0.038338658
