"Code","Name","LA_code","LA_name","All","X0to15","X16to29","X30to44","X45to64","X65plus"
"E01013967","Nottingham 007E","E06000018","Nottingham",-0.004756871,0.018691589,0.012522361,0.002192982,-0.009501188,-0.070247934
