"Code","Name","LA_code","LA_name","All","X0to15","X16to29","X30to44","X45to64","X65plus"
"E01013904","Nottingham 037A","E06000018","Nottingham",0.004383219,-0.010498688,0.012698413,0.007246377,0.015915119,-0.004032258
