"Code","Name","LA_code","LA_name","All","X0to15","X16to29","X30to44","X45to64","X65plus"
"E01013860","Nottingham 025B","E06000018","Nottingham",0.003236246,-0.024137931,0.02991453,0.029288703,0.009779951,-0.016085791
