"Code","Name","LA_code","LA_name","All","X0to15","X16to29","X30to44","X45to64","X65plus"
"E01033395","Nottingham 026G","E06000018","Nottingham",0.040768194,-0.173333333,0.068361817,-0.048929664,-0.098591549,0
