"Code","Name","LA_code","LA_name","All","X0to15","X16to29","X30to44","X45to64","X65plus"
"E01013920","Nottingham 029C","E06000018","Nottingham",-0.009816475,0.007653061,-0.009124088,-0.022988506,-0.008032129,-0.010135135
