"Code","Name","LA_code","LA_name","All","X0to15","X16to29","X30to44","X45to64","X65plus"
"E01031082","Nuneaton and Bedworth 004B","E07000219","Nuneaton and Bedworth",0.000762777,0.034632035,0.016129032,-0.053719008,-0.002173913,0.023076923
