"Code","Name","LA_code","LA_name","All","X0to15","X16to29","X30to44","X45to64","X65plus"
"E01031086","Nuneaton and Bedworth 016A","E07000219","Nuneaton and Bedworth",0.006753247,0.038071066,0.01384083,-0.016666667,0.014830508,-0.017073171
