"Code","Name","LA_code","LA_name","All","X0to15","X16to29","X30to44","X45to64","X65plus"
"E01031107","Nuneaton and Bedworth 012C","E07000219","Nuneaton and Bedworth",0.003759398,-0.065326633,0.056179775,0.005154639,-0.01552795,0.064327485
