"Code","Name","LA_code","LA_name","All","X0to15","X16to29","X30to44","X45to64","X65plus"
"E01031047","Nuneaton and Bedworth 005E","E07000219","Nuneaton and Bedworth",0.009401286,-0.014423077,0.011494253,0.033333333,0.006315789,0.004651163
