"Code","Name","LA_code","LA_name","All","X0to15","X16to29","X30to44","X45to64","X65plus"
"E01031075","Nuneaton and Bedworth 002E","E07000219","Nuneaton and Bedworth",-0.006356968,0.003944773,0.002617801,-0.00243309,-0.00804829,-0.044354839
