"Code","Name","LA_code","LA_name","All","X0to15","X16to29","X30to44","X45to64","X65plus"
"E01031093","Nuneaton and Bedworth 007D","E07000219","Nuneaton and Bedworth",0.015043547,-0.035714286,-0.004716981,0.013333333,0.014450867,0.066901408
