"Code","Name","LA_code","LA_name","All","X0to15","X16to29","X30to44","X45to64","X65plus"
"E01031113","Nuneaton and Bedworth 001D","E07000219","Nuneaton and Bedworth",0.008344031,-0.030716724,0.004672897,0.049242424,0.007518797,0.012886598
