"Code","Name","LA_code","LA_name","All","X0to15","X16to29","X30to44","X45to64","X65plus"
"E01031092","Nuneaton and Bedworth 007C","E07000219","Nuneaton and Bedworth",-0.064120055,-0.097560976,-0.023166023,-0.03030303,-0.076923077,-0.083743842
