"Code","Name","LA_code","LA_name","All","X0to15","X16to29","X30to44","X45to64","X65plus"
"E01031080","Nuneaton and Bedworth 018D","E07000219","Nuneaton and Bedworth",0.02292769,0.050473186,0.055944056,0.017857143,0.016548463,-0.012658228
