"Code","Name","LA_code","LA_name","All","X0to15","X16to29","X30to44","X45to64","X65plus"
"E01031046","Nuneaton and Bedworth 005D","E07000219","Nuneaton and Bedworth",-0.054171181,-0.057591623,-0.048969072,-0.037815126,-0.057934509,-0.088669951
