"Code","Name","LA_code","LA_name","All","X0to15","X16to29","X30to44","X45to64","X65plus"
"E01031077","Nuneaton and Bedworth 018A","E07000219","Nuneaton and Bedworth",0.044091711,0.026258206,0.078651685,0.07518797,0.047738693,-0.038888889
