"Code","Name","LA_code","LA_name","All","X0to15","X16to29","X30to44","X45to64","X65plus"
"E01031099","Nuneaton and Bedworth 015E","E07000219","Nuneaton and Bedworth",0.001696353,-0.014583333,0.0302267,0.011532125,0.003448276,-0.034013605
