"Code","Name","LA_code","LA_name","All","X0to15","X16to29","X30to44","X45to64","X65plus"
"E01031074","Nuneaton and Bedworth 002D","E07000219","Nuneaton and Bedworth",-0.000668449,-0.003546099,0.012820513,0.024767802,-0.02278481,-0.007633588
