"Code","Name","LA_code","LA_name","All","X0to15","X16to29","X30to44","X45to64","X65plus"
"E01031102","Nuneaton and Bedworth 003C","E07000219","Nuneaton and Bedworth",0.00073046,-0.00913242,-0.041198502,0.074235808,0.007462687,-0.023809524
