"Code","Name","LA_code","LA_name","All","X0to15","X16to29","X30to44","X45to64","X65plus"
"E01031117","Nuneaton and Bedworth 009C","E07000219","Nuneaton and Bedworth",0.066924067,0.14973262,0.080291971,0.068259386,0.050531915,-0.054852321
