"Code","Name","LA_code","LA_name","All","X0to15","X16to29","X30to44","X45to64","X65plus"
"E01031050","Nuneaton and Bedworth 008C","E07000219","Nuneaton and Bedworth",0.026864035,-0.011730205,0.032663317,0.051980198,0.034482759,0.013824885
