"Code","Name","LA_code","LA_name","All","X0to15","X16to29","X30to44","X45to64","X65plus"
"E01031068","Nuneaton and Bedworth 014B","E07000219","Nuneaton and Bedworth",0.019207683,0.026819923,0.018181818,0.033195021,0.041067762,-0.01171875
