"Code","Name","LA_code","LA_name","All","X0to15","X16to29","X30to44","X45to64","X65plus"
"E01031118","Nuneaton and Bedworth 009D","E07000219","Nuneaton and Bedworth",-0.048309179,-0.125899281,-0.037383178,-0.127777778,0.002808989,0.023364486
