"Code","Name","LA_code","LA_name","All","X0to15","X16to29","X30to44","X45to64","X65plus"
"E01031051","Nuneaton and Bedworth 008D","E07000219","Nuneaton and Bedworth",0.005239521,0.035897436,0.011764706,-0.03271028,0.002487562,0.011267606
