"Code","Name","LA_code","LA_name","All","X0to15","X16to29","X30to44","X45to64","X65plus"
"E01031048","Nuneaton and Bedworth 008A","E07000219","Nuneaton and Bedworth",-0.01607717,-0.047826087,-0.022321429,-0.009478673,0.005390836,-0.019230769
