"Code","Name","LA_code","LA_name","All","X0to15","X16to29","X30to44","X45to64","X65plus"
"E01031104","Nuneaton and Bedworth 003E","E07000219","Nuneaton and Bedworth",0.000719942,-0.066666667,0.046979866,0.054263566,0.0302267,-0.025500911
