"Code","Name","LA_code","LA_name","All","X0to15","X16to29","X30to44","X45to64","X65plus"
"E01025998","Oadby and Wigston 007D","E07000135","Oadby and Wigston",0.016119403,-0.003472222,0.046692607,-0.009677419,-0.007476636,0.080701754
