"Code","Name","LA_code","LA_name","All","X0to15","X16to29","X30to44","X45to64","X65plus"
"E01026001","Oadby and Wigston 007F","E07000135","Oadby and Wigston",0.014415781,0.020833333,-0.010928962,0.095477387,-0.025345622,0.029032258
