"Code","Name","LA_code","LA_name","All","X0to15","X16to29","X30to44","X45to64","X65plus"
"E01026005","Oadby and Wigston 005E","E07000135","Oadby and Wigston",0.009318579,-0.029304029,-0.017621145,0.063909774,0.029017857,-0.003976143
