"Code","Name","LA_code","LA_name","All","X0to15","X16to29","X30to44","X45to64","X65plus"
"E01025986","Oadby and Wigston 006B","E07000135","Oadby and Wigston",0.026476578,0.028436019,0.052083333,0.056603774,0.007518797,0.017429194
