"Code","Name","LA_code","LA_name","All","X0to15","X16to29","X30to44","X45to64","X65plus"
"E01025977","Oadby and Wigston 003E","E07000135","Oadby and Wigston",-0.018947368,-0.075313808,0.029411765,-0.007246377,0.002873563,-0.028169014
