"Code","Name","LA_code","LA_name","All","X0to15","X16to29","X30to44","X45to64","X65plus"
"E01025993","Oadby and Wigston 007C","E07000135","Oadby and Wigston",-0.015918958,-0.012448133,-0.034482759,-0.017094017,-0.011019284,-0.013513514
