"Code","Name","LA_code","LA_name","All","X0to15","X16to29","X30to44","X45to64","X65plus"
"E01025997","Oadby and Wigston 005C","E07000135","Oadby and Wigston",0.018906144,0.019672131,0.015444015,0.018181818,0.021563342,0.018450185
