"Code","Name","LA_code","LA_name","All","X0to15","X16to29","X30to44","X45to64","X65plus"
"E01025978","Oadby and Wigston 003F","E07000135","Oadby and Wigston",0.014964216,-0.021008403,0.02173913,0.020833333,0.037037037,0.005319149
