"Code","Name","LA_code","LA_name","All","X0to15","X16to29","X30to44","X45to64","X65plus"
"E01025991","Oadby and Wigston 007B","E07000135","Oadby and Wigston",0.008540925,-0.00862069,0.005128205,0.097142857,-0.00234192,-0.007978723
