"Code","Name","LA_code","LA_name","All","X0to15","X16to29","X30to44","X45to64","X65plus"
"E01005383","Oldham 026A","E08000004","Oldham",-0.044790193,-0.070202808,-0.028061224,-0.082039911,0.018348624,-0.049751244
