"Code","Name","LA_code","LA_name","All","X0to15","X16to29","X30to44","X45to64","X65plus"
"E01005428","Oldham 019A","E08000004","Oldham",-0.078238342,-0.103603604,-0.053921569,-0.071721311,-0.038910506,-0.135135135
