"Code","Name","LA_code","LA_name","All","X0to15","X16to29","X30to44","X45to64","X65plus"
"E01005387","Oldham 018A","E08000004","Oldham",-0.012195122,-0.008130081,0.026022305,0.016393443,-0.067010309,0
