"Code","Name","LA_code","LA_name","All","X0to15","X16to29","X30to44","X45to64","X65plus"
"E01005354","Oldham 016E","E08000004","Oldham",-0.00226886,0.019880716,0.011709602,-0.03125,-0.00887574,-0.036036036
