"Code","Name","LA_code","LA_name","All","X0to15","X16to29","X30to44","X45to64","X65plus"
"E01005331","Oldham 017C","E08000004","Oldham",0.009609949,0.027210884,0.027272727,0.03525641,0.002564103,-0.054054054
