"Code","Name","LA_code","LA_name","All","X0to15","X16to29","X30to44","X45to64","X65plus"
"E01005395","Oldham 004C","E08000004","Oldham",-0.010706638,0.02283105,-0.021505376,-0.0433213,-0.004694836,-0.006825939
