"Code","Name","LA_code","LA_name","All","X0to15","X16to29","X30to44","X45to64","X65plus"
"E01005413","Oldham 021B","E08000004","Oldham",-0.007864489,-0.013888889,-0.016260163,-0.010989011,-0.005660377,0.003164557
