"Code","Name","LA_code","LA_name","All","X0to15","X16to29","X30to44","X45to64","X65plus"
"E01005412","Oldham 013B","E08000004","Oldham",-0.019315673,-0.03358209,0.004545455,-0.030100334,-0.006644518,-0.033096927
