"Code","Name","LA_code","LA_name","All","X0to15","X16to29","X30to44","X45to64","X65plus"
"E01005338","Oldham 017E","E08000004","Oldham",-0.040431267,-0.101265823,-0.003378378,-0.049315068,0.014044944,-0.035714286
