"Code","Name","LA_code","LA_name","All","X0to15","X16to29","X30to44","X45to64","X65plus"
"E01005452","Oldham 007C","E08000004","Oldham",-0.00608828,-0.024038462,0.051813472,-0.051162791,0.016509434,-0.032846715
