"Code","Name","LA_code","LA_name","All","X0to15","X16to29","X30to44","X45to64","X65plus"
"E01005456","Oldham 012E","E08000004","Oldham",0.007590133,-0.01744186,-0.002941176,-0.003236246,0.017241379,0.071428571
