"Code","Name","LA_code","LA_name","All","X0to15","X16to29","X30to44","X45to64","X65plus"
"E01005368","Oldham 031C","E08000004","Oldham",-0.00908501,-0.006849315,0.006289308,0.024922118,-0.027918782,-0.050925926
