"Code","Name","LA_code","LA_name","All","X0to15","X16to29","X30to44","X45to64","X65plus"
"E01005381","Oldham 027D","E08000004","Oldham",0.075964392,0.087155963,0.099678457,0.091525424,0.039702233,0.066666667
