"Code","Name","LA_code","LA_name","All","X0to15","X16to29","X30to44","X45to64","X65plus"
"E01005344","Oldham 027C","E08000004","Oldham",-0.027777778,0.002155172,-0.025352113,-0.065395095,-0.025568182,-0.036842105
