"Code","Name","LA_code","LA_name","All","X0to15","X16to29","X30to44","X45to64","X65plus"
"E01005343","Oldham 027B","E08000004","Oldham",-0.010347376,-0.028753994,-0.037174721,0.011857708,0.01875,-0.02020202
