"Code","Name","LA_code","LA_name","All","X0to15","X16to29","X30to44","X45to64","X65plus"
"E01005434","Oldham 024B","E08000004","Oldham",-0.002560164,-0.012567325,-0.024752475,-0.049309665,0.06969697,0.090322581
