"Code","Name","LA_code","LA_name","All","X0to15","X16to29","X30to44","X45to64","X65plus"
"E01005442","Oldham 002B","E08000004","Oldham",-0.032544379,-0.058252427,-0.022222222,0,-0.024390244,-0.052959502
