"Code","Name","LA_code","LA_name","All","X0to15","X16to29","X30to44","X45to64","X65plus"
"E01005418","Oldham 018D","E08000004","Oldham",0.057337884,0.093862816,0.108597285,0.019083969,0.058679707,0.016891892
