"Code","Name","LA_code","LA_name","All","X0to15","X16to29","X30to44","X45to64","X65plus"
"E01005448","Oldham 012A","E08000004","Oldham",0.021099744,0.050938338,0.014035088,0.02970297,-0.01061008,0.022123894
