"Code","Name","LA_code","LA_name","All","X0to15","X16to29","X30to44","X45to64","X65plus"
"E01005371","Oldham 032D","E08000004","Oldham",-0.00222387,0.007518797,0.010714286,0.003225806,-0.033639144,0.012048193
