"Code","Name","LA_code","LA_name","All","X0to15","X16to29","X30to44","X45to64","X65plus"
"E01005440","Oldham 033D","E08000004","Oldham",-0.00456621,-0.053921569,0.022222222,0.025125628,-0.04742268,0.077235772
