"Code","Name","LA_code","LA_name","All","X0to15","X16to29","X30to44","X45to64","X65plus"
"E01032559","Oldham 007F","E08000004","Oldham",0.00646784,-0.027027027,-0.006451613,0.004926108,0.016172507,0.09469697
