"Code","Name","LA_code","LA_name","All","X0to15","X16to29","X30to44","X45to64","X65plus"
"E01005340","Oldham 010D","E08000004","Oldham",0.002754821,-0.00867052,-0.018656716,-0.015151515,0.01754386,0.043103448
