"Code","Name","LA_code","LA_name","All","X0to15","X16to29","X30to44","X45to64","X65plus"
"E01005407","Oldham 013A","E08000004","Oldham",0.011150235,0.007067138,0.014925373,0.032258065,-0.003418803,0.019662921
