"Code","Name","LA_code","LA_name","All","X0to15","X16to29","X30to44","X45to64","X65plus"
"E01005389","Oldham 018C","E08000004","Oldham",-0.012145749,-0.017721519,-0.009933775,-0.027777778,0.011820331,-0.024096386
