"Code","Name","LA_code","LA_name","All","X0to15","X16to29","X30to44","X45to64","X65plus"
"E01005431","Oldham 019B","E08000004","Oldham",-0.002829655,-0.027842227,0.025495751,0.00295858,-0.020887728,0.019083969
