"Code","Name","LA_code","LA_name","All","X0to15","X16to29","X30to44","X45to64","X65plus"
"E01032558","Oldham 007E","E08000004","Oldham",-0.009621552,0.016877637,-0.017123288,0.019169329,-0.06918239,-0.012345679
