"Code","Name","LA_code","LA_name","All","X0to15","X16to29","X30to44","X45to64","X65plus"
"E01005355","Oldham 005A","E08000004","Oldham",0.004078858,-0.034722222,0.006688963,-0.023178808,0.032520325,0.042253521
