"Code","Name","LA_code","LA_name","All","X0to15","X16to29","X30to44","X45to64","X65plus"
"E01005330","Oldham 015B","E08000004","Oldham",0.015915119,0.050632911,0.017167382,0.056603774,-0.008510638,-0.00990099
