"Code","Name","LA_code","LA_name","All","X0to15","X16to29","X30to44","X45to64","X65plus"
"E01032556","Oldham 026E","E08000004","Oldham",-0.005141388,0.019417476,0.015873016,-0.033444816,-0.017326733,-0.003424658
