"Code","Name","LA_code","LA_name","All","X0to15","X16to29","X30to44","X45to64","X65plus"
"E01005459","Oldham 024D","E08000004","Oldham",0.040514469,0.047709924,0.047619048,0.037151703,0.029411765,0.020408163
