"Code","Name","LA_code","LA_name","All","X0to15","X16to29","X30to44","X45to64","X65plus"
"E01005461","Oldham 035D","E08000004","Oldham",-0.024421053,0.001424501,-0.026929982,-0.038461538,0.005617978,-0.127659574
