"Code","Name","LA_code","LA_name","All","X0to15","X16to29","X30to44","X45to64","X65plus"
"E01028579","Oxford 011A","E07000178","Oxford",-0.030656039,-0.064220183,-0.006091371,-0.078512397,-0.027322404,-0.116071429
