"Code","Name","LA_code","LA_name","All","X0to15","X16to29","X30to44","X45to64","X65plus"
"E01028527","Oxford 015A","E07000178","Oxford",-0.060724234,-0.061797753,-0.067164179,-0.0951417,-0.053030303,-0.003558719
