"Code","Name","LA_code","LA_name","All","X0to15","X16to29","X30to44","X45to64","X65plus"
"E01028595","Oxford 001B","E07000178","Oxford",-0.01784534,-0.047222222,-0.057471264,-0.044609665,0.031400966,-0.003378378
