"Code","Name","LA_code","LA_name","All","X0to15","X16to29","X30to44","X45to64","X65plus"
"E01028563","Oxford 004D","E07000178","Oxford",-0.03253012,0.036036036,-0.088339223,-0.08490566,-0.037037037,0.037190083
