"Code","Name","LA_code","LA_name","All","X0to15","X16to29","X30to44","X45to64","X65plus"
"E01028523","Oxford 010A","E07000178","Oxford",-0.045108005,-0.011494253,-0.04496788,-0.061068702,-0.050583658,-0.051020408
