"Code","Name","LA_code","LA_name","All","X0to15","X16to29","X30to44","X45to64","X65plus"
"E01028544","Oxford 012D","E07000178","Oxford",-0.0168,0.019607843,-0.060367454,-0.052447552,0.008510638,0.061538462
