"Code","Name","LA_code","LA_name","All","X0to15","X16to29","X30to44","X45to64","X65plus"
"E01028540","Oxford 006F","E07000178","Oxford",-0.035830619,-0.026785714,-0.032978015,-0.073313783,-0.046575342,-0.015748031
