"Code","Name","LA_code","LA_name","All","X0to15","X16to29","X30to44","X45to64","X65plus"
"E01028559","Oxford 013G","E07000178","Oxford",-0.035673839,-0.01618123,-0.06323185,-0.057395143,-0.044736842,0.060913706
