"Code","Name","LA_code","LA_name","All","X0to15","X16to29","X30to44","X45to64","X65plus"
"E01028576","Oxford 016E","E07000178","Oxford",-0.062581486,-0.025761124,-0.075709779,-0.059701493,-0.082317073,-0.11023622
