"Code","Name","LA_code","LA_name","All","X0to15","X16to29","X30to44","X45to64","X65plus"
"E01028521","Oxford 008A","E07000178","Oxford",-0.042587953,0.024193548,-0.041921397,-0.063763608,-0.010526316,-0.122807018
