"Code","Name","LA_code","LA_name","All","X0to15","X16to29","X30to44","X45to64","X65plus"
"E01028526","Oxford 010D","E07000178","Oxford",-0.043977055,0.016393443,-0.036970781,-0.075566751,-0.051643192,-0.103448276
