"Code","Name","LA_code","LA_name","All","X0to15","X16to29","X30to44","X45to64","X65plus"
"E01028597","Oxford 001D","E07000178","Oxford",-0.010803511,0.006514658,-0.083700441,-0.076452599,0.014005602,0.079847909
