"Code","Name","LA_code","LA_name","All","X0to15","X16to29","X30to44","X45to64","X65plus"
"E01028570","Oxford 018D","E07000178","Oxford",-0.030506722,-0.024528302,-0.058823529,-0.074013158,0.020304569,0.177419355
