"Code","Name","LA_code","LA_name","All","X0to15","X16to29","X30to44","X45to64","X65plus"
"E01028517","Oxford 017A","E07000178","Oxford",-0.029202279,0.002666667,-0.076923077,-0.068681319,0,0.007462687
