"Code","Name","LA_code","LA_name","All","X0to15","X16to29","X30to44","X45to64","X65plus"
"E01028529","Oxford 015C","E07000178","Oxford",-0.04468599,-0.047619048,-0.080701754,-0.079812207,0,0.01010101
