"Code","Name","LA_code","LA_name","All","X0to15","X16to29","X30to44","X45to64","X65plus"
"E01028536","Oxford 006C","E07000178","Oxford",-0.031271244,0.061403509,-0.074792244,-0.092753623,-0.042553191,0.043137255
