"Code","Name","LA_code","LA_name","All","X0to15","X16to29","X30to44","X45to64","X65plus"
"E01028558","Oxford 013F","E07000178","Oxford",-0.05162413,-0.018469657,-0.095808383,-0.079903148,-0.040609137,-0.004901961
