"Code","Name","LA_code","LA_name","All","X0to15","X16to29","X30to44","X45to64","X65plus"
"E01028530","Oxford 015D","E07000178","Oxford",-0.041433371,-0.02247191,-0.048484848,-0.071881607,-0.002659574,-0.059760956
