"Code","Name","LA_code","LA_name","All","X0to15","X16to29","X30to44","X45to64","X65plus"
"E01028546","Oxford 014B","E07000178","Oxford",-0.049604222,-0.017412935,-0.087281796,-0.077540107,-0.045454545,-0.004273504
