"Code","Name","LA_code","LA_name","All","X0to15","X16to29","X30to44","X45to64","X65plus"
"E01028556","Oxford 013D","E07000178","Oxford",-0.052961276,-0.041666667,-0.07635468,-0.09263658,-0.003012048,-0.028169014
