"Code","Name","LA_code","LA_name","All","X0to15","X16to29","X30to44","X45to64","X65plus"
"E01028575","Oxford 015E","E07000178","Oxford",-0.017867778,-0.047297297,-0.026431718,-0.044510386,-0.002785515,0.013043478
