"Code","Name","LA_code","LA_name","All","X0to15","X16to29","X30to44","X45to64","X65plus"
"E01028594","Oxford 001A","E07000178","Oxford",-0.030883261,-0.037735849,-0.067873303,-0.085185185,-0.017094017,0.015189873
