"Code","Name","LA_code","LA_name","All","X0to15","X16to29","X30to44","X45to64","X65plus"
"E01028552","Oxford 016A","E07000178","Oxford",-0.042649272,-0.04302926,-0.039634146,-0.077586207,-0.004975124,-0.041284404
