"Code","Name","LA_code","LA_name","All","X0to15","X16to29","X30to44","X45to64","X65plus"
"E01028555","Oxford 016D","E07000178","Oxford",-0.039473684,0,-0.104247104,-0.044887781,-0.030612245,-0.026431718
