"Code","Name","LA_code","LA_name","All","X0to15","X16to29","X30to44","X45to64","X65plus"
"W01000557","Pembrokeshire 014A","W06000009","Pembrokeshire",-0.007402423,-0.028776978,-0.036866359,0.004016064,0.009638554,0
