"Code","Name","LA_code","LA_name","All","X0to15","X16to29","X30to44","X45to64","X65plus"
"W01000579","Pembrokeshire 003A","W06000009","Pembrokeshire",0.027477102,0.006507592,0.026315789,0.01183432,0.029112082,0.052264808
