"Code","Name","LA_code","LA_name","All","X0to15","X16to29","X30to44","X45to64","X65plus"
"W01000563","Pembrokeshire 011B","W06000009","Pembrokeshire",-0.011111111,0.052132701,0.02189781,-0.013333333,-0.017241379,-0.058641975
