"Code","Name","LA_code","LA_name","All","X0to15","X16to29","X30to44","X45to64","X65plus"
"W01000561","Pembrokeshire 001D","W06000009","Pembrokeshire",-0.007092199,-0.004032258,-0.033653846,0.059405941,-0.00511509,-0.033240997
