"Code","Name","LA_code","LA_name","All","X0to15","X16to29","X30to44","X45to64","X65plus"
"W01000601","Pembrokeshire 013B","W06000009","Pembrokeshire",0.068261787,0.016483516,0.093495935,0.134883721,0.070552147,0.059259259
