"Code","Name","LA_code","LA_name","All","X0to15","X16to29","X30to44","X45to64","X65plus"
"W01000565","Pembrokeshire 002B","W06000009","Pembrokeshire",0.014218009,0.003194888,0.02745098,0.008130081,0.026086957,0.008
