"Code","Name","LA_code","LA_name","All","X0to15","X16to29","X30to44","X45to64","X65plus"
"W01000559","Pembrokeshire 001B","W06000009","Pembrokeshire",0.001356852,0.036199095,0.129213483,-0.025510204,0.004319654,-0.0625
