"Code","Name","LA_code","LA_name","All","X0to15","X16to29","X30to44","X45to64","X65plus"
"W01000567","Pembrokeshire 002D","W06000009","Pembrokeshire",0.01145989,0.005586592,0.015384615,0.023411371,-0.017152659,0.042986425
