"Code","Name","LA_code","LA_name","All","X0to15","X16to29","X30to44","X45to64","X65plus"
"W01000616","Pembrokeshire 011F","W06000009","Pembrokeshire",0.005529954,-0.031746032,0.025477707,0.024,-0.003333333,0.01061008
