"Code","Name","LA_code","LA_name","All","X0to15","X16to29","X30to44","X45to64","X65plus"
"W01000582","Pembrokeshire 004A","W06000009","Pembrokeshire",-0.013947847,-0.040650407,0.021164021,-0.033519553,-0.015490534,-0.004405286
