"Code","Name","LA_code","LA_name","All","X0to15","X16to29","X30to44","X45to64","X65plus"
"W01000600","Pembrokeshire 013A","W06000009","Pembrokeshire",-0.02891845,-0.003367003,-0.089820359,-0.006993007,-0.034042553,-0.002923977
