"Code","Name","LA_code","LA_name","All","X0to15","X16to29","X30to44","X45to64","X65plus"
"W01000587","Pembrokeshire 010A","W06000009","Pembrokeshire",0.004008016,-0.02640264,0.006309148,0.023728814,0.008802817,0.003898635
