"Code","Name","LA_code","LA_name","All","X0to15","X16to29","X30to44","X45to64","X65plus"
"W01000592","Pembrokeshire 012D","W06000009","Pembrokeshire",-0.01373825,-0.011428571,-0.003921569,0.009009009,-0.02,-0.04368932
