"Code","Name","LA_code","LA_name","All","X0to15","X16to29","X30to44","X45to64","X65plus"
"W01000593","Pembrokeshire 010C","W06000009","Pembrokeshire",0.019628837,-0.010544815,0.018518519,0.042035398,0.021802326,0.028744327
