"Code","Name","LA_code","LA_name","All","X0to15","X16to29","X30to44","X45to64","X65plus"
"W01000617","Pembrokeshire 002F","W06000009","Pembrokeshire",0.029821074,0.092592593,0.015,0.097435897,-0.028017241,0.028947368
