"Code","Name","LA_code","LA_name","All","X0to15","X16to29","X30to44","X45to64","X65plus"
"W01000558","Pembrokeshire 001A","W06000009","Pembrokeshire",0.012735849,0.012820513,0.011627907,0,0.017271157,0.016014235
