"Code","Name","LA_code","LA_name","All","X0to15","X16to29","X30to44","X45to64","X65plus"
"W01000603","Pembrokeshire 013D","W06000009","Pembrokeshire",0.05489774,0.054054054,0.094801223,0.05775076,0.064239829,0.005479452
