"Code","Name","LA_code","LA_name","All","X0to15","X16to29","X30to44","X45to64","X65plus"
"E01025187","Pendle 012A","E07000122","Pendle",0.094979647,0.063492063,0.086363636,0.123348018,0.05915493,0.145658263
