"Code","Name","LA_code","LA_name","All","X0to15","X16to29","X30to44","X45to64","X65plus"
"E01025178","Pendle 006A","E07000122","Pendle",0.019058296,0.057553957,0.09569378,0.033670034,0.010544815,-0.041763341
