"Code","Name","LA_code","LA_name","All","X0to15","X16to29","X30to44","X45to64","X65plus"
"E01025214","Pendle 013E","E07000122","Pendle",0.050184502,0.079069767,-0.005434783,-0.004807692,0.029279279,0.131578947
