"Code","Name","LA_code","LA_name","All","X0to15","X16to29","X30to44","X45to64","X65plus"
"E01025194","Pendle 001D","E07000122","Pendle",-0.053146853,-0.065789474,0,-0.048048048,-0.067251462,-0.080188679
