"Code","Name","LA_code","LA_name","All","X0to15","X16to29","X30to44","X45to64","X65plus"
"E01025216","Pendle 012D","E07000122","Pendle",0.041958042,0.024528302,0.00862069,0.064073227,0.04312115,0.072886297
