"Code","Name","LA_code","LA_name","All","X0to15","X16to29","X30to44","X45to64","X65plus"
"E01025196","Pendle 002B","E07000122","Pendle",-0.009511731,0.058577406,0,0.002739726,-0.038095238,-0.0546875
