"Code","Name","LA_code","LA_name","All","X0to15","X16to29","X30to44","X45to64","X65plus"
"E01025220","Pendle 005A","E07000122","Pendle",0.018270402,0.008385744,0.033898305,-0.002832861,0.050632911,0.004975124
