"Code","Name","LA_code","LA_name","All","X0to15","X16to29","X30to44","X45to64","X65plus"
"E01025218","Pendle 010E","E07000122","Pendle",-0.035113387,-0.030985915,-0.027131783,-0.019736842,-0.075342466,-0.012658228
