"Code","Name","LA_code","LA_name","All","X0to15","X16to29","X30to44","X45to64","X65plus"
"E01015603","Peterborough 010A","E06000031","Peterborough",-0.053515625,-0.065466448,-0.049180328,-0.0544919,-0.03926097,-0.057268722
