"Code","Name","LA_code","LA_name","All","X0to15","X16to29","X30to44","X45to64","X65plus"
"E01015679","Peterborough 001D","E06000031","Peterborough",-0.01443418,-0.021201413,-0.037037037,-0.017647059,-0.011952191,0.008902077
