"Code","Name","LA_code","LA_name","All","X0to15","X16to29","X30to44","X45to64","X65plus"
"E01015671","Peterborough 019D","E06000031","Peterborough",-0.003787879,-0.005836576,-0.006329114,0.0029615,-0.008064516,-0.004962779
