"Code","Name","LA_code","LA_name","All","X0to15","X16to29","X30to44","X45to64","X65plus"
"E01015624","Peterborough 017C","E06000031","Peterborough",-0.011954573,0.023738872,-0.048859935,-0.002463054,-0.026315789,-0.004878049
