"Code","Name","LA_code","LA_name","All","X0to15","X16to29","X30to44","X45to64","X65plus"
"E01015606","Peterborough 013A","E06000031","Peterborough",0.002913753,-0.011331445,-0.003236246,0.012539185,0.013856813,0
