"Code","Name","LA_code","LA_name","All","X0to15","X16to29","X30to44","X45to64","X65plus"
"E01015609","Peterborough 007B","E06000031","Peterborough",0.016111708,0.010273973,0.013513514,0.011415525,0.008498584,0.094017094
