"Code","Name","LA_code","LA_name","All","X0to15","X16to29","X30to44","X45to64","X65plus"
"E01015685","Peterborough 003E","E06000031","Peterborough",-0.028263795,-0.025510204,-0.023668639,0.020512821,-0.026143791,-0.053533191
