"Code","Name","LA_code","LA_name","All","X0to15","X16to29","X30to44","X45to64","X65plus"
"E01033180","Peterborough 023F","E06000031","Peterborough",0.056537102,0.088768116,0.059171598,0.059386973,0.012,-0.194444444
