"Code","Name","LA_code","LA_name","All","X0to15","X16to29","X30to44","X45to64","X65plus"
"E01015615","Peterborough 013E","E06000031","Peterborough",-0.025111607,0.006818182,-0.083333333,-0.008450704,-0.017766497,-0.044444444
