"Code","Name","LA_code","LA_name","All","X0to15","X16to29","X30to44","X45to64","X65plus"
"E01015641","Peterborough 021D","E06000031","Peterborough",0.028793774,0.040133779,0.037209302,0.058295964,-0.027607362,0.058558559
