"Code","Name","LA_code","LA_name","All","X0to15","X16to29","X30to44","X45to64","X65plus"
"E01015598","Peterborough 015A","E06000031","Peterborough",0.014204545,-0.022522523,0.037974684,0.043859649,-0.017897092,0.04815864
