"Code","Name","LA_code","LA_name","All","X0to15","X16to29","X30to44","X45to64","X65plus"
"E01015666","Peterborough 017D","E06000031","Peterborough",0.019157088,0.012931034,0.035175879,0.072072072,-0.021917808,0.024390244
