"Code","Name","LA_code","LA_name","All","X0to15","X16to29","X30to44","X45to64","X65plus"
"E01015664","Peterborough 009E","E06000031","Peterborough",-0.014796547,0.011737089,-0.029801325,0,-0.034188034,-0.052980132
