"Code","Name","LA_code","LA_name","All","X0to15","X16to29","X30to44","X45to64","X65plus"
"E01015691","Peterborough 015E","E06000031","Peterborough",-0.005122368,0.020997375,-0.007042254,0.005747126,-0.028169014,-0.017994859
