"Code","Name","LA_code","LA_name","All","X0to15","X16to29","X30to44","X45to64","X65plus"
"E01015654","Peterborough 012E","E06000031","Peterborough",-0.029839026,-0.030254777,-0.03815261,-0.049069374,0,-0.026315789
