"Code","Name","LA_code","LA_name","All","X0to15","X16to29","X30to44","X45to64","X65plus"
"E01015684","Peterborough 003D","E06000031","Peterborough",-0.036637931,-0.125,-0.007936508,-0.087837838,-0.013513514,-0.019762846
