"Code","Name","LA_code","LA_name","All","X0to15","X16to29","X30to44","X45to64","X65plus"
"E01015657","Peterborough 007D","E06000031","Peterborough",0.001858045,-0.006864989,-0.012915129,0.021037868,-0.016826923,0.068493151
