"Code","Name","LA_code","LA_name","All","X0to15","X16to29","X30to44","X45to64","X65plus"
"E01015595","Peterborough 011D","E06000031","Peterborough",0.005948447,-0.010781671,-0.015873016,0.035587189,0.016483516,0.004081633
