"Code","Name","LA_code","LA_name","All","X0to15","X16to29","X30to44","X45to64","X65plus"
"E01015632","Peterborough 010C","E06000031","Peterborough",0.000945626,-0.009823183,0.004357298,0.016032064,0.015086207,-0.054347826
