"Code","Name","LA_code","LA_name","All","X0to15","X16to29","X30to44","X45to64","X65plus"
"E01015601","Peterborough 012A","E06000031","Peterborough",-0.02359882,-0.033771107,-0.032692308,-0.035864979,0.010126582,0
