"Code","Name","LA_code","LA_name","All","X0to15","X16to29","X30to44","X45to64","X65plus"
"E01015597","Peterborough 011E","E06000031","Peterborough",0.005586592,0.030023095,-0.023809524,0.005263158,-0.008498584,0.026490066
