"Code","Name","LA_code","LA_name","All","X0to15","X16to29","X30to44","X45to64","X65plus"
"E01015591","Peterborough 011A","E06000031","Peterborough",-0.004761905,-0.026217228,0.008695652,0.021052632,-0.005,-0.020833333
