"Code","Name","LA_code","LA_name","All","X0to15","X16to29","X30to44","X45to64","X65plus"
"E01015620","Peterborough 005D","E06000031","Peterborough",-0.024878313,-0.008547009,-0.075313808,-0.027777778,-0.010810811,-0.026315789
