"Code","Name","LA_code","LA_name","All","X0to15","X16to29","X30to44","X45to64","X65plus"
"E01015637","Peterborough 021A","E06000031","Peterborough",0.008867667,0.002325581,0.02962963,-0.002985075,0.026315789,-0.023622047
