"Code","Name","LA_code","LA_name","All","X0to15","X16to29","X30to44","X45to64","X65plus"
"E01015617","Peterborough 005A","E06000031","Peterborough",0.00154679,0.018099548,0.005988024,-0.020408163,-0.012987013,0.025454545
