"Code","Name","LA_code","LA_name","All","X0to15","X16to29","X30to44","X45to64","X65plus"
"E01015681","Peterborough 002C","E06000031","Peterborough",0.010496851,0.036437247,-0.012448133,0.027888446,0,0.010928962
