"Code","Name","LA_code","LA_name","All","X0to15","X16to29","X30to44","X45to64","X65plus"
"E01015128","Plymouth 032A","E06000026","Plymouth",-0.018416206,-0.060606061,0.016064257,-0.03196347,-0.055187638,0.025157233
