"Code","Name","LA_code","LA_name","All","X0to15","X16to29","X30to44","X45to64","X65plus"
"E01015109","Plymouth 022B","E06000026","Plymouth",-0.022884882,-0.028571429,-0.003610108,-0.033707865,0.010869565,-0.096491228
