"Code","Name","LA_code","LA_name","All","X0to15","X16to29","X30to44","X45to64","X65plus"
"E01015043","Plymouth 026A","E06000026","Plymouth",-0.007142857,-0.005390836,-0.025445293,-0.013245033,0.00887574,0.014705882
