"Code","Name","LA_code","LA_name","All","X0to15","X16to29","X30to44","X45to64","X65plus"
"E01015032","Plymouth 023B","E06000026","Plymouth",-0.009596929,-0.047904192,-0.011093502,-0.032490975,0.025,0.036231884
