"Code","Name","LA_code","LA_name","All","X0to15","X16to29","X30to44","X45to64","X65plus"
"E01015107","Plymouth 018A","E06000026","Plymouth",-0.00781759,0.036363636,0.0125,-0.019417476,-0.02970297,-0.058139535
