"Code","Name","LA_code","LA_name","All","X0to15","X16to29","X30to44","X45to64","X65plus"
"E01015034","Plymouth 016B","E06000026","Plymouth",0.004888268,0.013157895,-0.072727273,0.019704433,0.034120735,0.0075
