"Code","Name","LA_code","LA_name","All","X0to15","X16to29","X30to44","X45to64","X65plus"
"E01015088","Plymouth 006C","E06000026","Plymouth",-0.027373326,-0.024528302,-0.034666667,-0.012345679,-0.018808777,-0.065088757
