"Code","Name","LA_code","LA_name","All","X0to15","X16to29","X30to44","X45to64","X65plus"
"E01015175","Plymouth 025C","E06000026","Plymouth",0.004289216,-0.004048583,-0.007561437,-0.005747126,0.034161491,0.016129032
