"Code","Name","LA_code","LA_name","All","X0to15","X16to29","X30to44","X45to64","X65plus"
"E01015050","Plymouth 023D","E06000026","Plymouth",-0.006829268,-0.02173913,-0.017508418,0.024271845,0.036764706,0.030534351
