"Code","Name","LA_code","LA_name","All","X0to15","X16to29","X30to44","X45to64","X65plus"
"E01032657","Plymouth 027F","E06000026","Plymouth",0.002745367,0.203252033,-0.038277512,-0.008474576,-0.027777778,0.054794521
