"Code","Name","LA_code","LA_name","All","X0to15","X16to29","X30to44","X45to64","X65plus"
"E01015160","Plymouth 001C","E06000026","Plymouth",0.042361111,0.064356436,0.033898305,0.14213198,0.018823529,0.013667426
