"Code","Name","LA_code","LA_name","All","X0to15","X16to29","X30to44","X45to64","X65plus"
"E01015083","Plymouth 004C","E06000026","Plymouth",-0.049938348,-0.06884058,-0.051612903,-0.058020478,-0.042253521,-0.034700315
