"Code","Name","LA_code","LA_name","All","X0to15","X16to29","X30to44","X45to64","X65plus"
"E01015180","Plymouth 028C","E06000026","Plymouth",0.00373732,0.025974026,-0.025,0,0.005449591,0.024291498
