"Code","Name","LA_code","LA_name","All","X0to15","X16to29","X30to44","X45to64","X65plus"
"E01015157","Plymouth 029D","E06000026","Plymouth",-0.020946795,-0.079166667,-0.020295203,-0.017064846,-0.019292605,0.005037783
