"Code","Name","LA_code","LA_name","All","X0to15","X16to29","X30to44","X45to64","X65plus"
"E01015164","Plymouth 001D","E06000026","Plymouth",-0.034705007,-0.032692308,-0.019480519,-0.041666667,-0.039915966,-0.034334764
