"Code","Name","LA_code","LA_name","All","X0to15","X16to29","X30to44","X45to64","X65plus"
"E01015134","Plymouth 032D","E06000026","Plymouth",0.010547132,-0.018248175,-0.004385965,0.011450382,0.010498688,0.040322581
