"Code","Name","LA_code","LA_name","All","X0to15","X16to29","X30to44","X45to64","X65plus"
"E01015158","Plymouth 029E","E06000026","Plymouth",-0.016313214,-0.034042553,-0.02991453,-0.006578947,-0.009259259,-0.005780347
