"Code","Name","LA_code","LA_name","All","X0to15","X16to29","X30to44","X45to64","X65plus"
"E01015101","Plymouth 016E","E06000026","Plymouth",0.00990099,0.042857143,-0.032051282,-0.00456621,0.010309278,0.010504202
