"Code","Name","LA_code","LA_name","All","X0to15","X16to29","X30to44","X45to64","X65plus"
"E01015111","Plymouth 018C","E06000026","Plymouth",0.003638569,-0.005586592,0.005847953,0.016438356,0.002392344,-0.006024096
