"Code","Name","LA_code","LA_name","All","X0to15","X16to29","X30to44","X45to64","X65plus"
"E01015087","Plymouth 006B","E06000026","Plymouth",-0.0041841,-0.023474178,0.005571031,-0.003154574,-0.010335917,0.032608696
