"Code","Name","LA_code","LA_name","All","X0to15","X16to29","X30to44","X45to64","X65plus"
"E01015049","Plymouth 023C","E06000026","Plymouth",-0.052380952,-0.094488189,-0.032421479,-0.084070796,-0.081339713,-0.061068702
