"Code","Name","LA_code","LA_name","All","X0to15","X16to29","X30to44","X45to64","X65plus"
"E01015082","Plymouth 004B","E06000026","Plymouth",0.028419183,0.043209877,0.03654485,0.02739726,0.025917927,0.009708738
