"Code","Name","LA_code","LA_name","All","X0to15","X16to29","X30to44","X45to64","X65plus"
"E01015075","Plymouth 014D","E06000026","Plymouth",0.072633896,0.050675676,0.320441989,0.092827004,0.01312336,-0.003731343
