"Code","Name","LA_code","LA_name","All","X0to15","X16to29","X30to44","X45to64","X65plus"
"E01015063","Plymouth 010A","E06000026","Plymouth",0.022531478,0.050793651,-0.003344482,0.028673835,0.024930748,0.007843137
