"Code","Name","LA_code","LA_name","All","X0to15","X16to29","X30to44","X45to64","X65plus"
"E01015137","Plymouth 031C","E06000026","Plymouth",-0.033136095,-0.054878049,-0.044843049,-0.018927445,-0.022088353,-0.033950617
