"Code","Name","LA_code","LA_name","All","X0to15","X16to29","X30to44","X45to64","X65plus"
"E01015026","Plymouth 003B","E06000026","Plymouth",-0.008039579,0.088235294,-0.045454545,-0.021341463,0.0078125,-0.084444444
