"Code","Name","LA_code","LA_name","All","X0to15","X16to29","X30to44","X45to64","X65plus"
"E01015037","Plymouth 012B","E06000026","Plymouth",0.066619419,0.094117647,0.035242291,0.032258065,0.060367454,0.103333333
