"Code","Name","LA_code","LA_name","All","X0to15","X16to29","X30to44","X45to64","X65plus"
"E01015105","Plymouth 017E","E06000026","Plymouth",-0.016949153,-0.014492754,-0.023148148,-0.015306122,-0.014084507,-0.022321429
