"Code","Name","LA_code","LA_name","All","X0to15","X16to29","X30to44","X45to64","X65plus"
"E01015119","Plymouth 018D","E06000026","Plymouth",-0.010047281,-0.018567639,-0.032490975,-0.024725275,0.018604651,0
