"Code","Name","LA_code","LA_name","All","X0to15","X16to29","X30to44","X45to64","X65plus"
"E01015123","Plymouth 015C","E06000026","Plymouth",-0.033964365,-0.023148148,-0.115577889,-0.038961039,-0.027542373,-0.016224189
