"Code","Name","LA_code","LA_name","All","X0to15","X16to29","X30to44","X45to64","X65plus"
"E01015051","Plymouth 023E","E06000026","Plymouth",-0.029733959,-0.082474227,-0.028694405,0.068965517,-0.057324841,-0.052287582
