"Code","Name","LA_code","LA_name","All","X0to15","X16to29","X30to44","X45to64","X65plus"
"E01015039","Plymouth 014A","E06000026","Plymouth",-0.005512679,0.120535714,-0.091194969,-0.025242718,0.153061224,-0.075862069
