"Code","Name","LA_code","LA_name","All","X0to15","X16to29","X30to44","X45to64","X65plus"
"E01015057","Plymouth 021C","E06000026","Plymouth",-0.030395137,-0.042079208,-0.045296167,0.008797654,-0.03601108,-0.03968254
