"Code","Name","LA_code","LA_name","All","X0to15","X16to29","X30to44","X45to64","X65plus"
"E01015080","Plymouth 013D","E06000026","Plymouth",0,0.009756098,-0.054054054,-0.02994012,-0.024096386,0.242857143
