"Code","Name","LA_code","LA_name","All","X0to15","X16to29","X30to44","X45to64","X65plus"
"E01015070","Plymouth 007B","E06000026","Plymouth",-0.016988417,-0.017142857,-0.006756757,-0.010362694,-0.029154519,-0.016853933
