"Code","Name","LA_code","LA_name","All","X0to15","X16to29","X30to44","X45to64","X65plus"
"E01015138","Plymouth 031D","E06000026","Plymouth",-0.015521064,-0.028753994,-0.035928144,-0.019543974,-0.014925373,0.002079002
