"Code","Name","LA_code","LA_name","All","X0to15","X16to29","X30to44","X45to64","X65plus"
"E01015145","Plymouth 014E","E06000026","Plymouth",-0.017080745,-0.088390501,0.192893401,-0.045918367,-0.078313253,0.035714286
