"Code","Name","LA_code","LA_name","All","X0to15","X16to29","X30to44","X45to64","X65plus"
"E01015147","Plymouth 006D","E06000026","Plymouth",0.00334728,0.082352941,0.00621118,-0.097674419,0.025,0.006079027
