"Code","Name","LA_code","LA_name","All","X0to15","X16to29","X30to44","X45to64","X65plus"
"E01015074","Plymouth 011A","E06000026","Plymouth",-0.023447402,-0.033742331,-0.059259259,-0.014285714,-0.012919897,-0.003174603
