"Code","Name","LA_code","LA_name","All","X0to15","X16to29","X30to44","X45to64","X65plus"
"E01015136","Plymouth 031B","E06000026","Plymouth",-0.001390821,-0.02811245,0.013274336,0.015075377,-0.002293578,0
