"Code","Name","LA_code","LA_name","All","X0to15","X16to29","X30to44","X45to64","X65plus"
"E01015177","Plymouth 025D","E06000026","Plymouth",-0.025028441,-0.03030303,-0.00591716,-0.031941032,-0.054285714,0
