"Code","Name","LA_code","LA_name","All","X0to15","X16to29","X30to44","X45to64","X65plus"
"E01032658","Plymouth 027G","E06000026","Plymouth",-0.01618123,-0.007874016,-0.023611111,-0.05907173,0.047619048,-0.017391304
