"Code","Name","LA_code","LA_name","All","X0to15","X16to29","X30to44","X45to64","X65plus"
"E01015114","Plymouth 019C","E06000026","Plymouth",-0.030201342,-0.034749035,-0.040201005,-0.027888446,-0.031531532,-0.020771513
