"Code","Name","LA_code","LA_name","All","X0to15","X16to29","X30to44","X45to64","X65plus"
"E01015061","Plymouth 025A","E06000026","Plymouth",-0.008552632,0,-0.026415094,0.013114754,0.02745098,-0.064102564
