"Code","Name","LA_code","LA_name","All","X0to15","X16to29","X30to44","X45to64","X65plus"
"E01015058","Plymouth 012C","E06000026","Plymouth",-0.049938348,0.024,-0.060344828,-0.053571429,-0.079019074,-0.112244898
