"Code","Name","LA_code","LA_name","All","X0to15","X16to29","X30to44","X45to64","X65plus"
"E01015408","Poole 005B","E06000029","Poole",-0.017777778,-0.010309278,0.005319149,0.008658009,-0.028328612,-0.048780488
