"Code","Name","LA_code","LA_name","All","X0to15","X16to29","X30to44","X45to64","X65plus"
"E01015433","Poole 001C","E06000029","Poole",0.005315615,0.059459459,0.093959732,-0.033149171,0.012552301,-0.033203125
