"Code","Name","LA_code","LA_name","All","X0to15","X16to29","X30to44","X45to64","X65plus"
"E01015422","Poole 006F","E06000029","Poole",-0.024763292,-0.007604563,-0.061320755,-0.024221453,-0.028888889,0.006289308
