"Code","Name","LA_code","LA_name","All","X0to15","X16to29","X30to44","X45to64","X65plus"
"E01015402","Poole 018A","E06000029","Poole",-0.011961722,-0.055837563,-0.008928571,-0.023715415,0.005235602,-0.00487013
