"Code","Name","LA_code","LA_name","All","X0to15","X16to29","X30to44","X45to64","X65plus"
"E01015440","Poole 011A","E06000029","Poole",0.010479042,0.03030303,0,-0.026315789,0,0.055555556
