"Code","Name","LA_code","LA_name","All","X0to15","X16to29","X30to44","X45to64","X65plus"
"E01015434","Poole 001D","E06000029","Poole",0.010423053,0.064377682,-0.071005917,0.043902439,-0.015555556,0.020905923
