"Code","Name","LA_code","LA_name","All","X0to15","X16to29","X30to44","X45to64","X65plus"
"E01015404","Poole 018C","E06000029","Poole",-0.015706806,0,-0.066176471,-0.077586207,0.025316456,-0.012804097
