"Code","Name","LA_code","LA_name","All","X0to15","X16to29","X30to44","X45to64","X65plus"
"E01015394","Poole 010E","E06000029","Poole",-0.003103662,-0.021148036,-0.072289157,0.008955224,-0.015521064,0.097959184
