"Code","Name","LA_code","LA_name","All","X0to15","X16to29","X30to44","X45to64","X65plus"
"E01015391","Poole 010B","E06000029","Poole",-0.012390671,-0.004830918,-0.043956044,-0.038585209,0.023076923,-0.017730496
