"Code","Name","LA_code","LA_name","All","X0to15","X16to29","X30to44","X45to64","X65plus"
"E01015458","Poole 013A","E06000029","Poole",0.01036941,0.007017544,-0.008849558,-0.013513514,0.036117381,0.004166667
