"Code","Name","LA_code","LA_name","All","X0to15","X16to29","X30to44","X45to64","X65plus"
"E01015427","Poole 014A","E06000029","Poole",-0.003313087,0.023017903,-0.0425,-0.014989293,-0.002518892,0.064102564
