"Code","Name","LA_code","LA_name","All","X0to15","X16to29","X30to44","X45to64","X65plus"
"E01015388","Poole 009C","E06000029","Poole",-0.028552888,-0.081545064,0,-0.057613169,-0.008849558,-0.033195021
