"Code","Name","LA_code","LA_name","All","X0to15","X16to29","X30to44","X45to64","X65plus"
"E01015460","Poole 013B","E06000029","Poole",-0.029972752,0.002283105,-0.046428571,-0.050980392,-0.010178117,-0.060747664
