"Code","Name","LA_code","LA_name","All","X0to15","X16to29","X30to44","X45to64","X65plus"
"E01015387","Poole 009B","E06000029","Poole",-0.01228978,-0.003891051,-0.065217391,-0.022580645,0.002457002,0.00877193
