"Code","Name","LA_code","LA_name","All","X0to15","X16to29","X30to44","X45to64","X65plus"
"E01015450","Poole 012D","E06000029","Poole",0.00232288,0.035714286,0.003703704,-0.02173913,0.005565863,-0.011204482
