"Code","Name","LA_code","LA_name","All","X0to15","X16to29","X30to44","X45to64","X65plus"
"E01015407","Poole 005A","E06000029","Poole",0.00879567,0.011904762,0.025641026,-0.011278195,-0.012468828,0.035714286
