"Code","Name","LA_code","LA_name","All","X0to15","X16to29","X30to44","X45to64","X65plus"
"E01015426","Poole 016D","E06000029","Poole",-0.004341534,0.091743119,-0.0375,-0.029288703,-0.002631579,-0.029508197
