"Code","Name","LA_code","LA_name","All","X0to15","X16to29","X30to44","X45to64","X65plus"
"E01015406","Poole 018E","E06000029","Poole",-0.01279911,-0.030701754,0.012711864,-0.033210332,0,-0.017452007
