"Code","Name","LA_code","LA_name","All","X0to15","X16to29","X30to44","X45to64","X65plus"
"E01015451","Poole 012E","E06000029","Poole",-0.023699803,-0.008583691,-0.110429448,-0.06122449,-0.018058691,0.016091954
