"Code","Name","LA_code","LA_name","All","X0to15","X16to29","X30to44","X45to64","X65plus"
"E01015452","Poole 017A","E06000029","Poole",-0.010816658,-0.030054645,0.028985507,-0.019230769,0.007692308,-0.021238938
