"Code","Name","LA_code","LA_name","All","X0to15","X16to29","X30to44","X45to64","X65plus"
"E01017126","Portsmouth 025D","E06000044","Portsmouth",-0.020867655,-0.023148148,-0.014925373,-0.019736842,-0.002873563,-0.070707071
