"Code","Name","LA_code","LA_name","All","X0to15","X16to29","X30to44","X45to64","X65plus"
"E01017061","Portsmouth 003B","E06000044","Portsmouth",0.022674419,0.02991453,-0.02016129,0,-0.007920792,0.079303675
