"Code","Name","LA_code","LA_name","All","X0to15","X16to29","X30to44","X45to64","X65plus"
"E01017100","Portsmouth 017E","E06000044","Portsmouth",-0.027064539,-0.068259386,-0.059055118,0.006968641,-0.020408163,0.009302326
