"Code","Name","LA_code","LA_name","All","X0to15","X16to29","X30to44","X45to64","X65plus"
"E01017121","Portsmouth 025C","E06000044","Portsmouth",-0.009417304,0.028806584,-0.032258065,0.002688172,-0.005037783,-0.031620553
