"Code","Name","LA_code","LA_name","All","X0to15","X16to29","X30to44","X45to64","X65plus"
"E01017048","Portsmouth 008D","E06000044","Portsmouth",-0.012330456,-0.01459854,-0.045180723,0.046511628,-0.028865979,-0.004347826
