"Code","Name","LA_code","LA_name","All","X0to15","X16to29","X30to44","X45to64","X65plus"
"E01017077","Portsmouth 015B","E06000044","Portsmouth",-0.002739726,0.008902077,-0.008219178,-0.026143791,-0.007246377,0.04
