"Code","Name","LA_code","LA_name","All","X0to15","X16to29","X30to44","X45to64","X65plus"
"E01017049","Portsmouth 011D","E06000044","Portsmouth",0.027777778,-0.035856574,0.038910506,0.038610039,0.052631579,0.024221453
