"Code","Name","LA_code","LA_name","All","X0to15","X16to29","X30to44","X45to64","X65plus"
"E01017110","Portsmouth 011E","E06000044","Portsmouth",-0.042191436,0.009375,-0.073239437,-0.069637883,-0.023809524,-0.056818182
