"Code","Name","LA_code","LA_name","All","X0to15","X16to29","X30to44","X45to64","X65plus"
"E01017090","Portsmouth 007C","E06000044","Portsmouth",-0.029185022,-0.036144578,-0.036082474,-0.046875,0.004796163,-0.037735849
