"Code","Name","LA_code","LA_name","All","X0to15","X16to29","X30to44","X45to64","X65plus"
"E01017096","Portsmouth 017C","E06000044","Portsmouth",-0.009285714,0.021008403,0.013274336,-0.0625,-0.026315789,0.02919708
