"Code","Name","LA_code","LA_name","All","X0to15","X16to29","X30to44","X45to64","X65plus"
"E01017119","Portsmouth 001D","E06000044","Portsmouth",0.006165919,0.053658537,0.026490066,-0.011111111,-0.012631579,-0.037974684
