"Code","Name","LA_code","LA_name","All","X0to15","X16to29","X30to44","X45to64","X65plus"
"E01017047","Portsmouth 008C","E06000044","Portsmouth",0.017294626,0.053977273,-0.003184713,0.003508772,0.006711409,0.027149321
