"Code","Name","LA_code","LA_name","All","X0to15","X16to29","X30to44","X45to64","X65plus"
"E01017067","Portsmouth 023A","E06000044","Portsmouth",-0.013468013,0.011857708,0.028571429,-0.009463722,-0.039812646,-0.025559105
