"Code","Name","LA_code","LA_name","All","X0to15","X16to29","X30to44","X45to64","X65plus"
"E01017122","Portsmouth 022A","E06000044","Portsmouth",-0.048093842,-0.009661836,-0.086238532,-0.033591731,-0.022922636,-0.055299539
