"Code","Name","LA_code","LA_name","All","X0to15","X16to29","X30to44","X45to64","X65plus"
"E01017044","Portsmouth 011C","E06000044","Portsmouth",0.009174312,-0.00877193,-0.01010101,0.042042042,0.018181818,-0.00591716
