"Code","Name","LA_code","LA_name","All","X0to15","X16to29","X30to44","X45to64","X65plus"
"E01017017","Portsmouth 014C","E06000044","Portsmouth",-0.060372511,-0.113207547,-0.059055118,-0.078767123,-0.039473684,-0.027586207
