"Code","Name","LA_code","LA_name","All","X0to15","X16to29","X30to44","X45to64","X65plus"
"E01017116","Portsmouth 004D","E06000044","Portsmouth",-0.005422993,0.015544041,-0.028125,0.01146789,0.003144654,-0.083769634
