"Code","Name","LA_code","LA_name","All","X0to15","X16to29","X30to44","X45to64","X65plus"
"E01017083","Portsmouth 012F","E06000044","Portsmouth",-0.021578648,0.032911392,0,-0.03892944,-0.045977011,-0.088757396
