"Code","Name","LA_code","LA_name","All","X0to15","X16to29","X30to44","X45to64","X65plus"
"E01017056","Portsmouth 006B","E06000044","Portsmouth",-0.013503376,-0.039473684,-0.03539823,-0.039130435,-0.002673797,0.060301508
