"Code","Name","LA_code","LA_name","All","X0to15","X16to29","X30to44","X45to64","X65plus"
"E01017105","Portsmouth 009D","E06000044","Portsmouth",-0.02279924,-0.051359517,0.009345794,-0.02259887,-0.031609195,-0.013333333
