"Code","Name","LA_code","LA_name","All","X0to15","X16to29","X30to44","X45to64","X65plus"
"E01017069","Portsmouth 023C","E06000044","Portsmouth",-0.00792393,0.007407407,-0.023195876,-0.06116208,0.028446389,-0.006329114
