"Code","Name","LA_code","LA_name","All","X0to15","X16to29","X30to44","X45to64","X65plus"
"E01017052","Portsmouth 002B","E06000044","Portsmouth",-0.036649215,-0.045454545,-0.056478405,-0.046099291,-0.013227513,-0.025316456
