"Code","Name","LA_code","LA_name","All","X0to15","X16to29","X30to44","X45to64","X65plus"
"E01017064","Portsmouth 003D","E06000044","Portsmouth",-0.027681661,-0.041800643,-0.044642857,-0.03030303,-0.020361991,-0.016227181
