"Code","Name","LA_code","LA_name","All","X0to15","X16to29","X30to44","X45to64","X65plus"
"E01017091","Portsmouth 007D","E06000044","Portsmouth",-0.000595948,-0.023255814,0.017857143,0.006493506,-0.060422961,0.048192771
