"Code","Name","LA_code","LA_name","All","X0to15","X16to29","X30to44","X45to64","X65plus"
"E01017037","Portsmouth 013B","E06000044","Portsmouth",0.026682838,0.009090909,0.036414566,0.016556291,0.042979943,0.034825871
