"Code","Name","LA_code","LA_name","All","X0to15","X16to29","X30to44","X45to64","X65plus"
"E01017112","Portsmouth 001A","E06000044","Portsmouth",-0.003250271,-0.014457831,-0.007177033,0.011730205,-0.01059322,0.02
