"Code","Name","LA_code","LA_name","All","X0to15","X16to29","X30to44","X45to64","X65plus"
"E01017024","Portsmouth 020B","E06000044","Portsmouth",0.01020929,0.02970297,0.007056452,-0.019390582,0.04,0.023255814
