"Code","Name","LA_code","LA_name","All","X0to15","X16to29","X30to44","X45to64","X65plus"
"E01017107","Portsmouth 009E","E06000044","Portsmouth",0.011557178,0.041297935,0.017595308,0.002457002,0,-0.010638298
