"Code","Name","LA_code","LA_name","All","X0to15","X16to29","X30to44","X45to64","X65plus"
"E01017062","Portsmouth 026B","E06000044","Portsmouth",0.02480916,0.040322581,0,-0.023529412,0.044917258,0.057017544
