"Code","Name","LA_code","LA_name","All","X0to15","X16to29","X30to44","X45to64","X65plus"
"E01017059","Portsmouth 026A","E06000044","Portsmouth",-0.008631319,-0.041916168,-0.005208333,0.01532567,-0.002375297,-0.004830918
