"Code","Name","LA_code","LA_name","All","X0to15","X16to29","X30to44","X45to64","X65plus"
"E01017095","Portsmouth 021B","E06000044","Portsmouth",0.000540833,0.01734104,-0.017948718,-0.017777778,0.036036036,-0.02739726
