"Code","Name","LA_code","LA_name","All","X0to15","X16to29","X30to44","X45to64","X65plus"
"E01017130","Portsmouth 018D","E06000044","Portsmouth",-0.007640879,-0.012820513,-0.013114754,-0.01305483,0,0.021390374
