"Code","Name","LA_code","LA_name","All","X0to15","X16to29","X30to44","X45to64","X65plus"
"E01017027","Portsmouth 020C","E06000044","Portsmouth",0.003794038,0.037037037,-0.010460251,-0.003424658,0.015151515,0.048611111
