"Code","Name","LA_code","LA_name","All","X0to15","X16to29","X30to44","X45to64","X65plus"
"E01017132","Portsmouth 018E","E06000044","Portsmouth",-0.00634473,-0.004032258,-0.007246377,-0.054474708,0.022160665,0.047619048
