"Code","Name","LA_code","LA_name","All","X0to15","X16to29","X30to44","X45to64","X65plus"
"E01017040","Portsmouth 016F","E06000044","Portsmouth",-0.004608295,0.031007752,0.009345794,0.013513514,-0.030487805,-0.085561497
