"Code","Name","LA_code","LA_name","All","X0to15","X16to29","X30to44","X45to64","X65plus"
"E01017023","Portsmouth 019A","E06000044","Portsmouth",-0.009491904,-0.010752688,-0.014263074,-0.032,-0.009584665,0.051813472
