"Code","Name","LA_code","LA_name","All","X0to15","X16to29","X30to44","X45to64","X65plus"
"E01017079","Portsmouth 015D","E06000044","Portsmouth",-0.02288188,-0.014035088,-0.011286682,-0.038461538,0.009287926,-0.1
