"Code","Name","LA_code","LA_name","All","X0to15","X16to29","X30to44","X45to64","X65plus"
"W01000434","Powys 007A","W06000023","Powys",0.013422819,-0.021929825,0.034653465,0,0.013592233,0.025242718
