"Code","Name","LA_code","LA_name","All","X0to15","X16to29","X30to44","X45to64","X65plus"
"W01000474","Powys 020B","W06000023","Powys",-0.021324355,0.018050542,-0.052380952,0,-0.021812081,-0.044496487
