"Code","Name","LA_code","LA_name","All","X0to15","X16to29","X30to44","X45to64","X65plus"
"W01000453","Powys 010B","W06000023","Powys",-0.019732206,-0.022123894,-0.02688172,-0.043243243,-0.035087719,0.016393443
