"Code","Name","LA_code","LA_name","All","X0to15","X16to29","X30to44","X45to64","X65plus"
"W01000432","Powys 014B","W06000023","Powys",-0.034053156,-0.031914894,-0.052980132,-0.011494253,-0.065868263,-0.008403361
