"Code","Name","LA_code","LA_name","All","X0to15","X16to29","X30to44","X45to64","X65plus"
"W01000503","Powys 020C","W06000023","Powys",0.019550342,0.072992701,0.075862069,0.03125,0.010752688,-0.037344398
