"Code","Name","LA_code","LA_name","All","X0to15","X16to29","X30to44","X45to64","X65plus"
"W01000475","Powys 001E","W06000023","Powys",-0.010399334,0.00621118,0,0.014492754,-0.013994911,-0.029368576
