"Code","Name","LA_code","LA_name","All","X0to15","X16to29","X30to44","X45to64","X65plus"
"W01000498","Powys 003A","W06000023","Powys",-0.03566879,-0.028368794,-0.063670412,0,-0.015981735,-0.078431373
