"Code","Name","LA_code","LA_name","All","X0to15","X16to29","X30to44","X45to64","X65plus"
"W01001904","Powys 018G","W06000023","Powys",0.0215311,0.068592058,0.047058824,-0.014705882,0.03074141,-0.010683761
