"Code","Name","LA_code","LA_name","All","X0to15","X16to29","X30to44","X45to64","X65plus"
"W01000500","Powys 003C","W06000023","Powys",-0.03956605,-0.093189964,-0.045627376,-0.020661157,-0.054621849,0.022801303
