"Code","Name","LA_code","LA_name","All","X0to15","X16to29","X30to44","X45to64","X65plus"
"W01000484","Powys 011E","W06000023","Powys",-0.019423559,-0.079439252,0.01910828,0.020618557,-0.021778584,-0.01875
