"Code","Name","LA_code","LA_name","All","X0to15","X16to29","X30to44","X45to64","X65plus"
"W01000472","Powys 012C","W06000023","Powys",-0.000812348,-0.02173913,-0.053846154,0.023668639,0.011661808,0.004938272
