"Code","Name","LA_code","LA_name","All","X0to15","X16to29","X30to44","X45to64","X65plus"
"W01000497","Powys 005D","W06000023","Powys",0.001494768,0.066037736,-0.021276596,0.048387097,0,-0.049562682
