"Code","Name","LA_code","LA_name","All","X0to15","X16to29","X30to44","X45to64","X65plus"
"W01000483","Powys 009C","W06000023","Powys",-0.015934066,-0.011848341,-0.005540166,0.003484321,-0.019189765,-0.049822064
