"Code","Name","LA_code","LA_name","All","X0to15","X16to29","X30to44","X45to64","X65plus"
"W01000447","Powys 007C","W06000023","Powys",-0.013300493,-0.037249284,0.036885246,0.011904762,-0.039694656,0
