"Code","Name","LA_code","LA_name","All","X0to15","X16to29","X30to44","X45to64","X65plus"
"W01000480","Powys 008A","W06000023","Powys",0.005799903,0.026954178,0.007159905,0.008241758,0.003802281,-0.015424165
