"Code","Name","LA_code","LA_name","All","X0to15","X16to29","X30to44","X45to64","X65plus"
"E01033223","Preston 017F","E07000123","Preston",-0.082458771,-0.283018868,-0.060503059,-0.112676056,-0.125,-0.175
