"Code","Name","LA_code","LA_name","All","X0to15","X16to29","X30to44","X45to64","X65plus"
"E01025289","Preston 017A","E07000123","Preston",-0.01552795,-0.023166023,0.002057613,-0.018617021,0.005730659,-0.107142857
