"Code","Name","LA_code","LA_name","All","X0to15","X16to29","X30to44","X45to64","X65plus"
"E01025241","Preston 006B","E07000123","Preston",-0.003766478,0.003571429,-0.05982906,0.025270758,-0.028888889,0.036931818
