"Code","Name","LA_code","LA_name","All","X0to15","X16to29","X30to44","X45to64","X65plus"
"E01025274","Preston 011B","E07000123","Preston",-0.033195021,-0.07788162,-0.029333333,0.007159905,-0.009933775,-0.125
