"Code","Name","LA_code","LA_name","All","X0to15","X16to29","X30to44","X45to64","X65plus"
"E01025305","Preston 016F","E07000123","Preston",-0.001230012,0.032876712,-0.011494253,-0.019774011,0.010899183,-0.036458333
