"Code","Name","LA_code","LA_name","All","X0to15","X16to29","X30to44","X45to64","X65plus"
"E01025239","Preston 006A","E07000123","Preston",0.007336757,0.043478261,-0.022727273,0.017621145,-0.002624672,0.007594937
