"Code","Name","LA_code","LA_name","All","X0to15","X16to29","X30to44","X45to64","X65plus"
"E01025272","Preston 010B","E07000123","Preston",-0.038363171,-0.066455696,-0.04290429,-0.013937282,-0.019189765,-0.068783069
