"Code","Name","LA_code","LA_name","All","X0to15","X16to29","X30to44","X45to64","X65plus"
"E01025233","Preston 008A","E07000123","Preston",0.002281369,0.015748031,-0.004255319,-0.016393443,-0.007211538,0.026431718
