"Code","Name","LA_code","LA_name","All","X0to15","X16to29","X30to44","X45to64","X65plus"
"E01025231","Preston 013A","E07000123","Preston",-0.00790798,-0.008928571,-0.019900498,-0.009756098,-0.010025063,0.002762431
