"Code","Name","LA_code","LA_name","All","X0to15","X16to29","X30to44","X45to64","X65plus"
"E01025273","Preston 010C","E07000123","Preston",-0.00669145,0.028455285,-0.031111111,-0.024875622,-0.012939002,0.022727273
