"Code","Name","LA_code","LA_name","All","X0to15","X16to29","X30to44","X45to64","X65plus"
"E01025284","Preston 009C","E07000123","Preston",0.002256063,0.01980198,0.01,-0.012779553,0.020179372,-0.038709677
