"Code","Name","LA_code","LA_name","All","X0to15","X16to29","X30to44","X45to64","X65plus"
"E01025271","Preston 013G","E07000123","Preston",-0.02528445,0.037900875,-0.043137255,-0.055921053,-0.087765957,0.026315789
