"Code","Name","LA_code","LA_name","All","X0to15","X16to29","X30to44","X45to64","X65plus"
"E01025313","Preston 012F","E07000123","Preston",0.026891522,-0.061403509,0.024313725,0.052434457,0.024137931,0.156716418
