"Code","Name","LA_code","LA_name","All","X0to15","X16to29","X30to44","X45to64","X65plus"
"E01025277","Preston 002B","E07000123","Preston",-0.013998783,-0.06614786,-0.009661836,-0.032407407,-0.014198783,0.021276596
