"Code","Name","LA_code","LA_name","All","X0to15","X16to29","X30to44","X45to64","X65plus"
"E01025256","Preston 003A","E07000123","Preston",0.016926202,0.028455285,0.035242291,0.008064516,0.039164491,-0.018766756
