"Code","Name","LA_code","LA_name","All","X0to15","X16to29","X30to44","X45to64","X65plus"
"E01025290","Preston 017B","E07000123","Preston",-0.025625,0,-0.029296875,-0.004545455,0.009063444,-0.27
