"Code","Name","LA_code","LA_name","All","X0to15","X16to29","X30to44","X45to64","X65plus"
"E01025296","Preston 014B","E07000123","Preston",-0.003938946,-0.014754098,-0.01,0.020044543,-0.004728132,-0.013422819
