"Code","Name","LA_code","LA_name","All","X0to15","X16to29","X30to44","X45to64","X65plus"
"E01025281","Preston 002D","E07000123","Preston",-0.077720207,-0.028673835,-0.066326531,-0.06557377,-0.067864271,-0.137662338
