"Code","Name","LA_code","LA_name","All","X0to15","X16to29","X30to44","X45to64","X65plus"
"E01025240","Preston 008B","E07000123","Preston",-0.010814249,0.003891051,-0.011857708,-0.004694836,-0.035320088,0.005050505
