"Code","Name","LA_code","LA_name","All","X0to15","X16to29","X30to44","X45to64","X65plus"
"E01025265","Preston 013C","E07000123","Preston",-0.003477051,0.015873016,0,-0.007692308,-0.006382979,-0.019138756
