"Code","Name","LA_code","LA_name","All","X0to15","X16to29","X30to44","X45to64","X65plus"
"E01025250","Preston 016D","E07000123","Preston",-0.014440433,0.008528785,-0.044444444,-0.029411765,-0.018237082,0.038461538
