"Code","Name","LA_code","LA_name","All","X0to15","X16to29","X30to44","X45to64","X65plus"
"E01025286","Preston 009E","E07000123","Preston",-0.01253406,-0.021699819,0.008797654,-0.011904762,-0.009111617,-0.036144578
