"Code","Name","LA_code","LA_name","All","X0to15","X16to29","X30to44","X45to64","X65plus"
"E01020478","Purbeck 006A","E07000051","Purbeck",0.037174721,0.101123596,-0.017241379,-0.02739726,0.019417476,0.067278287
