"Code","Name","LA_code","LA_name","All","X0to15","X16to29","X30to44","X45to64","X65plus"
"E01020491","Purbeck 004C","E07000051","Purbeck",-0.023401826,0.003174603,-0.081632653,0.017857143,-0.056034483,-0.005102041
