"Code","Name","LA_code","LA_name","All","X0to15","X16to29","X30to44","X45to64","X65plus"
"E01020466","Purbeck 005A","E07000051","Purbeck",-0.025655644,-0.073593074,-0.010869565,-0.041860465,0,-0.029668412
