"Code","Name","LA_code","LA_name","All","X0to15","X16to29","X30to44","X45to64","X65plus"
"E01020472","Purbeck 002B","E07000051","Purbeck",-0.001343183,0.046511628,-0.0375,-0.039130435,-0.010152284,0.021798365
