"Code","Name","LA_code","LA_name","All","X0to15","X16to29","X30to44","X45to64","X65plus"
"E01020473","Purbeck 002C","E07000051","Purbeck",-0.005703422,-0.04494382,-0.022222222,0.042801556,-0.033039648,0.032
