"Code","Name","LA_code","LA_name","All","X0to15","X16to29","X30to44","X45to64","X65plus"
"E01020468","Purbeck 005C","E07000051","Purbeck",-0.014794889,0.051724138,0.045454545,-0.044585987,-0.018556701,-0.038961039
