"Code","Name","LA_code","LA_name","All","X0to15","X16to29","X30to44","X45to64","X65plus"
"E01020484","Purbeck 006G","E07000051","Purbeck",-0.008783784,-0.025316456,-0.042328042,0.009615385,0,-0.002403846
