"Code","Name","LA_code","LA_name","All","X0to15","X16to29","X30to44","X45to64","X65plus"
"E01020470","Purbeck 001C","E07000051","Purbeck",-0.008264463,0.048387097,0,0.019704433,-0.023291925,-0.02919708
