"Code","Name","LA_code","LA_name","All","X0to15","X16to29","X30to44","X45to64","X65plus"
"E01020476","Purbeck 003A","E07000051","Purbeck",-0.016976556,-0.029069767,0.053846154,0,-0.031784841,-0.026246719
