"Code","Name","LA_code","LA_name","All","X0to15","X16to29","X30to44","X45to64","X65plus"
"E01020486","Purbeck 003D","E07000051","Purbeck",-0.016540317,-0.024630542,-0.060240964,-0.05,-0.009592326,0.008247423
