"Code","Name","LA_code","LA_name","All","X0to15","X16to29","X30to44","X45to64","X65plus"
"E01016393","Reading 013E","E06000038","Reading",0.008318479,0,-0.015384615,0.006696429,0.010869565,0.039711191
