"Code","Name","LA_code","LA_name","All","X0to15","X16to29","X30to44","X45to64","X65plus"
"E01016388","Reading 013A","E06000038","Reading",-0.001430615,-0.007968127,0.004524887,-0.016339869,0,0.016460905
