"Code","Name","LA_code","LA_name","All","X0to15","X16to29","X30to44","X45to64","X65plus"
"E01016380","Reading 005A","E06000038","Reading",-0.009406232,-0.037037037,0,0.018348624,-0.010940919,-0.011627907
