"Code","Name","LA_code","LA_name","All","X0to15","X16to29","X30to44","X45to64","X65plus"
"E01016367","Reading 004E","E06000038","Reading",-0.040880503,-0.017094017,-0.05785124,-0.040339703,-0.049853372,-0.048648649
