"Code","Name","LA_code","LA_name","All","X0to15","X16to29","X30to44","X45to64","X65plus"
"E01016442","Reading 017E","E06000038","Reading",0.005755396,0.022300469,-0.004043127,-0.000935454,-0.0064,0.048128342
