"Code","Name","LA_code","LA_name","All","X0to15","X16to29","X30to44","X45to64","X65plus"
"E01016420","Reading 015B","E06000038","Reading",0.003908795,0.006342495,-0.008298755,-0.028409091,0.011560694,0.089430894
