"Code","Name","LA_code","LA_name","All","X0to15","X16to29","X30to44","X45to64","X65plus"
"E01016413","Reading 014E","E06000038","Reading",0.0082846,-0.02955665,0.022583559,-0.024615385,-0.003571429,0.051094891
