"Code","Name","LA_code","LA_name","All","X0to15","X16to29","X30to44","X45to64","X65plus"
"E01016433","Reading 009B","E06000038","Reading",0.016,0.042801556,0.012931034,-0.021834061,0.017391304,0.022435897
