"Code","Name","LA_code","LA_name","All","X0to15","X16to29","X30to44","X45to64","X65plus"
"E01016438","Reading 017D","E06000038","Reading",-0.029039464,-0.022408964,-0.034883721,-0.036101083,-0.014184397,-0.047337278
