"Code","Name","LA_code","LA_name","All","X0to15","X16to29","X30to44","X45to64","X65plus"
"E01016416","Reading 012C","E06000038","Reading",0.011255924,-0.023923445,0.014545455,0.013089005,-0.005102041,0.105263158
