"Code","Name","LA_code","LA_name","All","X0to15","X16to29","X30to44","X45to64","X65plus"
"E01016364","Reading 003A","E06000038","Reading",-0.015299026,0.013289037,-0.027624309,-0.017595308,-0.04359673,0.004032258
