"Code","Name","LA_code","LA_name","All","X0to15","X16to29","X30to44","X45to64","X65plus"
"E01016396","Reading 006D","E06000038","Reading",-0.015467384,-0.044041451,0.015748031,-0.005730659,0.006493506,-0.052631579
