"Code","Name","LA_code","LA_name","All","X0to15","X16to29","X30to44","X45to64","X65plus"
"E01016384","Reading 005C","E06000038","Reading",0.015441631,0.011320755,0.034042553,0.01953125,0.01754386,0
