"Code","Name","LA_code","LA_name","All","X0to15","X16to29","X30to44","X45to64","X65plus"
"E01016375","Reading 014B","E06000038","Reading",-0.000779423,0.022222222,0.012121212,0.011428571,-0.064516129,0.011764706
