"Code","Name","LA_code","LA_name","All","X0to15","X16to29","X30to44","X45to64","X65plus"
"E01016397","Reading 006E","E06000038","Reading",0.011196229,0.044573643,0.006993007,0.008571429,-0.008547009,-0.030927835
