"Code","Name","LA_code","LA_name","All","X0to15","X16to29","X30to44","X45to64","X65plus"
"E01016402","Reading 010B","E06000038","Reading",-0.007675439,-0.047468354,0.005141388,0.014705882,-0.026548673,-0.03125
