"Code","Name","LA_code","LA_name","All","X0to15","X16to29","X30to44","X45to64","X65plus"
"E01016394","Reading 009A","E06000038","Reading",-0.018759019,-0.008287293,0,-0.008298755,-0.04516129,-0.027667984
