"Code","Name","LA_code","LA_name","All","X0to15","X16to29","X30to44","X45to64","X65plus"
"E01016356","Reading 008A","E06000038","Reading",0.021546261,0.060773481,0,0.015384615,-0.011594203,0.087378641
