"Code","Name","LA_code","LA_name","All","X0to15","X16to29","X30to44","X45to64","X65plus"
"E01016410","Reading 001C","E06000038","Reading",0.006811146,0.01572327,0.047169811,0.016713092,0.021377672,-0.062295082
