"Code","Name","LA_code","LA_name","All","X0to15","X16to29","X30to44","X45to64","X65plus"
"E01016386","Reading 002A","E06000038","Reading",0.097080788,0.088353414,0.13836478,0.179347826,0.064655172,0.086330935
