"Code","Name","LA_code","LA_name","All","X0to15","X16to29","X30to44","X45to64","X65plus"
"E01016372","Reading 017B","E06000038","Reading",0.002332815,0.02507837,-0.025,0,-0.003076923,0.015151515
