"Code","Name","LA_code","LA_name","All","X0to15","X16to29","X30to44","X45to64","X65plus"
"E01016401","Reading 012A","E06000038","Reading",-0.014369693,0.06302521,-0.002325581,0.027777778,0.012539185,-0.1875
