"Code","Name","LA_code","LA_name","All","X0to15","X16to29","X30to44","X45to64","X65plus"
"E01016405","Reading 010D","E06000038","Reading",0.02145295,0.018518519,0.002155172,0.012477718,0.00990099,0.169117647
