"Code","Name","LA_code","LA_name","All","X0to15","X16to29","X30to44","X45to64","X65plus"
"E01016382","Reading 006B","E06000038","Reading",0.002209945,-0.015086207,-0.009404389,0.009501188,0,0.051282051
