"Code","Name","LA_code","LA_name","All","X0to15","X16to29","X30to44","X45to64","X65plus"
"E01016389","Reading 013B","E06000038","Reading",0.00284576,-0.030534351,0.007092199,0.017326733,0.009975062,0.054794521
