"Code","Name","LA_code","LA_name","All","X0to15","X16to29","X30to44","X45to64","X65plus"
"E01003788","Redbridge 029D","E09000026","Redbridge",0.005867971,-0.007142857,0.015337423,0,0.050295858,-0.033707865
