"Code","Name","LA_code","LA_name","All","X0to15","X16to29","X30to44","X45to64","X65plus"
"E01003758","Redbridge 023D","E09000026","Redbridge",0.027817404,0.030769231,0.037174721,0.017021277,0.011516315,0.092307692
