"Code","Name","LA_code","LA_name","All","X0to15","X16to29","X30to44","X45to64","X65plus"
"E01003750","Redbridge 001G","E09000026","Redbridge",0.028064147,0.040677966,0.021126761,0.002557545,0.05399061,0.02
