"Code","Name","LA_code","LA_name","All","X0to15","X16to29","X30to44","X45to64","X65plus"
"E01003703","Redbridge 006F","E09000026","Redbridge",0.006654344,-0.013513514,0,-0.005025126,0.016620499,0.050295858
