"Code","Name","LA_code","LA_name","All","X0to15","X16to29","X30to44","X45to64","X65plus"
"E01003764","Redbridge 009F","E09000026","Redbridge",0.000914077,-0.013363029,0.013550136,-0.005563282,0.022883295,-0.014018692
