"Code","Name","LA_code","LA_name","All","X0to15","X16to29","X30to44","X45to64","X65plus"
"E01003763","Redbridge 009E","E09000026","Redbridge",-0.001961746,-0.014830508,-0.012158055,0.002061856,-0.01048218,0.039855072
