"Code","Name","LA_code","LA_name","All","X0to15","X16to29","X30to44","X45to64","X65plus"
"E01003683","Redbridge 030A","E09000026","Redbridge",0.034671533,0.015060241,0.030588235,0.032374101,0.043367347,0.116129032
