"Code","Name","LA_code","LA_name","All","X0to15","X16to29","X30to44","X45to64","X65plus"
"E01003659","Redbridge 005C","E09000026","Redbridge",-0.010072748,-0.035911602,0.012121212,0.004750594,-0.002202643,-0.045454545
