"Code","Name","LA_code","LA_name","All","X0to15","X16to29","X30to44","X45to64","X65plus"
"E01003649","Redbridge 012C","E09000026","Redbridge",-0.006009615,-0.039877301,0.002941176,0.01863354,-0.023364486,0.024193548
