"Code","Name","LA_code","LA_name","All","X0to15","X16to29","X30to44","X45to64","X65plus"
"E01003751","Redbridge 020A","E09000026","Redbridge",-0.013119534,-0.03564728,0.025125628,-0.028103044,0.010917031,-0.045454545
