"Code","Name","LA_code","LA_name","All","X0to15","X16to29","X30to44","X45to64","X65plus"
"E01003737","Redbridge 031A","E09000026","Redbridge",0.004259851,-0.036281179,0.032835821,0.008264463,0.011904762,0.015673981
