"Code","Name","LA_code","LA_name","All","X0to15","X16to29","X30to44","X45to64","X65plus"
"E01003723","Redbridge 002C","E09000026","Redbridge",0.012903226,0.009456265,0.019607843,-0.013953488,0.037199125,0.012295082
