"Code","Name","LA_code","LA_name","All","X0to15","X16to29","X30to44","X45to64","X65plus"
"E01003674","Redbridge 007G","E09000026","Redbridge",0.012091898,0.010162602,0.032719836,0.014251781,0.016203704,-0.044247788
