"Code","Name","LA_code","LA_name","All","X0to15","X16to29","X30to44","X45to64","X65plus"
"E01003779","Redbridge 014F","E09000026","Redbridge",-0.007710558,0.064748201,-0.03960396,0.00462963,-0.00265252,-0.060453401
