"Code","Name","LA_code","LA_name","All","X0to15","X16to29","X30to44","X45to64","X65plus"
"E01003728","Redbridge 032A","E09000026","Redbridge",0.00564409,0.004926108,0.007326007,0,0.033980583,-0.027322404
