"Code","Name","LA_code","LA_name","All","X0to15","X16to29","X30to44","X45to64","X65plus"
"E01003787","Redbridge 026D","E09000026","Redbridge",0.003154574,-0.020881671,-0.013745704,0.022535211,0.002967359,0.052631579
