"Code","Name","LA_code","LA_name","All","X0to15","X16to29","X30to44","X45to64","X65plus"
"E01003652","Redbridge 015C","E09000026","Redbridge",0.022346369,0,0.021806854,0.009404389,0.040712468,0.050505051
