"Code","Name","LA_code","LA_name","All","X0to15","X16to29","X30to44","X45to64","X65plus"
"E01003664","Redbridge 019D","E09000026","Redbridge",-0.059012876,-0.054325956,-0.07712766,-0.096514745,-0.032036613,-0.022099448
