"Code","Name","LA_code","LA_name","All","X0to15","X16to29","X30to44","X45to64","X65plus"
"E01003645","Redbridge 017D","E09000026","Redbridge",-0.028819444,-0.067385445,-0.01,-0.011160714,-0.031311155,-0.008658009
