"Code","Name","LA_code","LA_name","All","X0to15","X16to29","X30to44","X45to64","X65plus"
"E01003782","Redbridge 026B","E09000026","Redbridge",0.003663004,-0.005504587,-0.013850416,0.032629559,0.01179941,-0.04137931
