"Code","Name","LA_code","LA_name","All","X0to15","X16to29","X30to44","X45to64","X65plus"
"E01003684","Redbridge 030B","E09000026","Redbridge",0,-0.00173913,0.016172507,-0.004444444,0.012755102,-0.047058824
