"Code","Name","LA_code","LA_name","All","X0to15","X16to29","X30to44","X45to64","X65plus"
"E01032581","Redbridge 034G","E09000026","Redbridge",0.050909091,0.012244898,0.120689655,0.030737705,0.069444444,-0.018348624
