"Code","Name","LA_code","LA_name","All","X0to15","X16to29","X30to44","X45to64","X65plus"
"E01003663","Redbridge 019C","E09000026","Redbridge",-0.01600413,0.018475751,0.016722408,-0.03125,-0.009111617,-0.073298429
