"Code","Name","LA_code","LA_name","All","X0to15","X16to29","X30to44","X45to64","X65plus"
"E01003765","Redbridge 009G","E09000026","Redbridge",0.035714286,0.067567568,0.049019608,0.028571429,0.004950495,0.029585799
