"Code","Name","LA_code","LA_name","All","X0to15","X16to29","X30to44","X45to64","X65plus"
"E01003785","Redbridge 029C","E09000026","Redbridge",0.005514706,-0.012307692,0.017676768,0.012718601,-0.033707865,0.117241379
