"Code","Name","LA_code","LA_name","All","X0to15","X16to29","X30to44","X45to64","X65plus"
"E01003784","Redbridge 029B","E09000026","Redbridge",0.010531859,-0.01978022,0.020565553,0.016528926,0.026894866,0.012345679
