"Code","Name","LA_code","LA_name","All","X0to15","X16to29","X30to44","X45to64","X65plus"
"E01003666","Redbridge 019F","E09000026","Redbridge",0.038326301,0.089790898,0.023809524,0.028465347,0.019267823,-0.063291139
