"Code","Name","LA_code","LA_name","All","X0to15","X16to29","X30to44","X45to64","X65plus"
"E01003643","Redbridge 017B","E09000026","Redbridge",0.01191067,-0.008264463,0.011764706,0.006681514,0.02293578,0.035947712
