"Code","Name","LA_code","LA_name","All","X0to15","X16to29","X30to44","X45to64","X65plus"
"E01003780","Redbridge 014G","E09000026","Redbridge",0.021978022,-0.036630037,0.033457249,0.029411765,0.021052632,0.061643836
