"Code","Name","LA_code","LA_name","All","X0to15","X16to29","X30to44","X45to64","X65plus"
"E01003724","Redbridge 003B","E09000026","Redbridge",-0.009648518,-0.028481013,0.007722008,-0.003003003,0.008287293,-0.049723757
