"Code","Name","LA_code","LA_name","All","X0to15","X16to29","X30to44","X45to64","X65plus"
"E01003759","Redbridge 009A","E09000026","Redbridge",0.036048064,0.033783784,0,0.023188406,0.036613272,0.084033613
