"Code","Name","LA_code","LA_name","All","X0to15","X16to29","X30to44","X45to64","X65plus"
"E01003761","Redbridge 009C","E09000026","Redbridge",-0.022964509,-0.033274956,-0.010380623,-0.030612245,-0.010729614,-0.02
