"Code","Name","LA_code","LA_name","All","X0to15","X16to29","X30to44","X45to64","X65plus"
"E01003786","Redbridge 026C","E09000026","Redbridge",0.020156047,0.027777778,0.043209877,-0.002785515,-0.002816901,0.064285714
