"Code","Name","LA_code","LA_name","All","X0to15","X16to29","X30to44","X45to64","X65plus"
"E01003781","Redbridge 026A","E09000026","Redbridge",-0.012486993,-0.03006012,0.019417476,-0.008992806,0.019021739,-0.089473684
