"Code","Name","LA_code","LA_name","All","X0to15","X16to29","X30to44","X45to64","X65plus"
"E01003676","Redbridge 036B","E09000026","Redbridge",0.008762322,0.014285714,0.043589744,-0.033149171,-0.009237875,0.040723982
