"Code","Name","LA_code","LA_name","All","X0to15","X16to29","X30to44","X45to64","X65plus"
"E01003702","Redbridge 006E","E09000026","Redbridge",0.006722689,0.016574586,0.025806452,0.002074689,-0.01703163,0.018181818
