"Code","Name","LA_code","LA_name","All","X0to15","X16to29","X30to44","X45to64","X65plus"
"E01003701","Redbridge 006D","E09000026","Redbridge",0.010348584,0.007246377,-0.008219178,0.012315271,0.024570025,0.016393443
