"Code","Name","LA_code","LA_name","All","X0to15","X16to29","X30to44","X45to64","X65plus"
"E01003733","Redbridge 032E","E09000026","Redbridge",-0.001722158,0.0215311,-0.002336449,-0.006741573,-0.015772871,-0.02238806
