"Code","Name","LA_code","LA_name","All","X0to15","X16to29","X30to44","X45to64","X65plus"
"E01003709","Redbridge 008C","E09000026","Redbridge",0.008163265,-0.021978022,0.014184397,0.012578616,0.023041475,0.012618297
