"Code","Name","LA_code","LA_name","All","X0to15","X16to29","X30to44","X45to64","X65plus"
"E01003644","Redbridge 017C","E09000026","Redbridge",0.017978921,0.017391304,0.033088235,0.004901961,-0.005194805,0.068965517
