"Code","Name","LA_code","LA_name","All","X0to15","X16to29","X30to44","X45to64","X65plus"
"E01003672","Redbridge 007E","E09000026","Redbridge",0.02760207,0.034090909,0.03880597,-0.00750469,0.02866242,0.087804878
