"Code","Name","LA_code","LA_name","All","X0to15","X16to29","X30to44","X45to64","X65plus"
"E01003696","Redbridge 035G","E09000026","Redbridge",-0.000508647,0.011904762,0.005366726,-0.002237136,-0.002747253,-0.023076923
