"Code","Name","LA_code","LA_name","All","X0to15","X16to29","X30to44","X45to64","X65plus"
"E01003707","Redbridge 008A","E09000026","Redbridge",0.012937595,0.016064257,0.012552301,-0.016877637,0.041551247,-0.004385965
