"Code","Name","LA_code","LA_name","All","X0to15","X16to29","X30to44","X45to64","X65plus"
"E01003776","Redbridge 014C","E09000026","Redbridge",0.016393443,0.01056338,0.042105263,0.00862069,-0.005479452,0.032345013
