"Code","Name","LA_code","LA_name","All","X0to15","X16to29","X30to44","X45to64","X65plus"
"E01003756","Redbridge 023C","E09000026","Redbridge",0.001415094,0.015086207,0.017316017,-0.036951501,0.009920635,-0.003891051
