"Code","Name","LA_code","LA_name","All","X0to15","X16to29","X30to44","X45to64","X65plus"
"E01003686","Redbridge 030D","E09000026","Redbridge",0.198139026,0.230414747,0.217703349,0.428205128,0.002597403,0.015
