"Code","Name","LA_code","LA_name","All","X0to15","X16to29","X30to44","X45to64","X65plus"
"E01003689","Redbridge 030G","E09000026","Redbridge",0.01121705,0.025369979,-0.008474576,0.03892944,-0.016853933,0.005291005
