"Code","Name","LA_code","LA_name","All","X0to15","X16to29","X30to44","X45to64","X65plus"
"E01003704","Redbridge 006G","E09000026","Redbridge",0.004507042,-0.037940379,0.033149171,-0.012254902,0.019607843,0.030701754
