"Code","Name","LA_code","LA_name","All","X0to15","X16to29","X30to44","X45to64","X65plus"
"E01003792","Redbridge 027C","E09000026","Redbridge",0.007665505,0.006578947,0.008695652,0.01459854,-0.026143791,0.089285714
