"Code","Name","LA_code","LA_name","All","X0to15","X16to29","X30to44","X45to64","X65plus"
"E01003789","Redbridge 018A","E09000026","Redbridge",-0.005555556,-0.04,0.03187251,-0.002898551,0.00862069,-0.033210332
