"Code","Name","LA_code","LA_name","All","X0to15","X16to29","X30to44","X45to64","X65plus"
"E01003742","Redbridge 031F","E09000026","Redbridge",0.031625835,0.050653595,0.04,0.017460317,0.0248307,0.0125
