"Code","Name","LA_code","LA_name","All","X0to15","X16to29","X30to44","X45to64","X65plus"
"E01012180","Redcar and Cleveland 004E","E06000003","Redcar and Cleveland",0.016840883,0.039877301,0.028753994,0.003355705,0.006655574,0.010869565
