"Code","Name","LA_code","LA_name","All","X0to15","X16to29","X30to44","X45to64","X65plus"
"E01012175","Redcar and Cleveland 009E","E06000003","Redcar and Cleveland",-0.022408964,-0.038011696,-0.007168459,-0.008264463,0.008982036,-0.077922078
