"Code","Name","LA_code","LA_name","All","X0to15","X16to29","X30to44","X45to64","X65plus"
"E01012158","Redcar and Cleveland 007A","E06000003","Redcar and Cleveland",-0.013022618,-0.024630542,-0.064748201,0.02247191,-0.014388489,-0.005747126
