"Code","Name","LA_code","LA_name","All","X0to15","X16to29","X30to44","X45to64","X65plus"
"E01012141","Redcar and Cleveland 006D","E06000003","Redcar and Cleveland",-0.014177694,-0.055555556,0.012820513,-0.038461538,0.006644518,-0.020289855
