"Code","Name","LA_code","LA_name","All","X0to15","X16to29","X30to44","X45to64","X65plus"
"E01012142","Redcar and Cleveland 002B","E06000003","Redcar and Cleveland",0.04029304,0.06440678,0.134615385,-0.003690037,-0.004484305,0.040983607
