"Code","Name","LA_code","LA_name","All","X0to15","X16to29","X30to44","X45to64","X65plus"
"E01012109","Redcar and Cleveland 011B","E06000003","Redcar and Cleveland",0.027146001,0.056497175,0.017467249,0.04048583,0.01369863,0.025735294
