"Code","Name","LA_code","LA_name","All","X0to15","X16to29","X30to44","X45to64","X65plus"
"E01012099","Redcar and Cleveland 010D","E06000003","Redcar and Cleveland",-0.004026846,-0.013927577,0.01369863,-0.025806452,0.002832861,0.011363636
