"Code","Name","LA_code","LA_name","All","X0to15","X16to29","X30to44","X45to64","X65plus"
"E01012143","Redcar and Cleveland 002C","E06000003","Redcar and Cleveland",-0.09137804,0.037974684,-0.225308642,-0.099585062,-0.081850534,-0.082051282
