"Code","Name","LA_code","LA_name","All","X0to15","X16to29","X30to44","X45to64","X65plus"
"E01012118","Redcar and Cleveland 018B","E06000003","Redcar and Cleveland",-0.007874016,0.022222222,0.004484305,-0.065306122,0.014409222,-0.016806723
