"Code","Name","LA_code","LA_name","All","X0to15","X16to29","X30to44","X45to64","X65plus"
"E01012181","Redcar and Cleveland 016D","E06000003","Redcar and Cleveland",0.005899705,0.005952381,-0.043887147,0.046822742,0.002173913,0.024911032
