"Code","Name","LA_code","LA_name","All","X0to15","X16to29","X30to44","X45to64","X65plus"
"E01012162","Redcar and Cleveland 012A","E06000003","Redcar and Cleveland",-0.000704225,0.027777778,-0.039525692,-0.014760148,0.020356234,-0.007968127
