"Code","Name","LA_code","LA_name","All","X0to15","X16to29","X30to44","X45to64","X65plus"
"E01012183","Redcar and Cleveland 020D","E06000003","Redcar and Cleveland",0.032345013,0.018939394,0.034653465,0.068965517,0.004219409,0.056537102
