"Code","Name","LA_code","LA_name","All","X0to15","X16to29","X30to44","X45to64","X65plus"
"E01012172","Redcar and Cleveland 011F","E06000003","Redcar and Cleveland",0.021755439,-0.028248588,0.048128342,0.08839779,0.026442308,-0.005376344
