"Code","Name","LA_code","LA_name","All","X0to15","X16to29","X30to44","X45to64","X65plus"
"E01012167","Redcar and Cleveland 022B","E06000003","Redcar and Cleveland",0.010882709,-0.008042895,-0.006309148,0.040268456,0.023094688,0.004291845
