"Code","Name","LA_code","LA_name","All","X0to15","X16to29","X30to44","X45to64","X65plus"
"E01032225","Redditch 004B","E07000236","Redditch",-0.0070609,-0.08045977,-0.017167382,0.04,0.021645022,0.016393443
