"Code","Name","LA_code","LA_name","All","X0to15","X16to29","X30to44","X45to64","X65plus"
"E01032277","Redditch 005C","E07000236","Redditch",-0.008560311,0.025641026,0.033457249,-0.010344828,-0.002906977,-0.148648649
