"Code","Name","LA_code","LA_name","All","X0to15","X16to29","X30to44","X45to64","X65plus"
"E01032253","Redditch 009A","E07000236","Redditch",-0.02686109,-0.019704433,-0.049261084,-0.016393443,-0.010362694,-0.048689139
