"Code","Name","LA_code","LA_name","All","X0to15","X16to29","X30to44","X45to64","X65plus"
"E01032278","Redditch 005D","E07000236","Redditch",0.006365372,-0.013661202,0.010033445,0.009280742,0.019354839,0.012121212
