"Code","Name","LA_code","LA_name","All","X0to15","X16to29","X30to44","X45to64","X65plus"
"E01032232","Redditch 003A","E07000236","Redditch",0.036007581,0.072948328,0,0.057575758,0.043814433,-0.013636364
