"Code","Name","LA_code","LA_name","All","X0to15","X16to29","X30to44","X45to64","X65plus"
"E01032250","Redditch 010A","E07000236","Redditch",-0.010997067,0.005555556,0,0,-0.028368794,-0.06122449
