"Code","Name","LA_code","LA_name","All","X0to15","X16to29","X30to44","X45to64","X65plus"
"E01032258","Redditch 011C","E07000236","Redditch",0.014314928,0.03930131,-0.022727273,-0.014652015,0.002262443,0.066006601
