"Code","Name","LA_code","LA_name","All","X0to15","X16to29","X30to44","X45to64","X65plus"
"E01032248","Redditch 012C","E07000236","Redditch",-0.004940014,-0.011952191,0.04368932,0.011278195,0,-0.069868996
