"Code","Name","LA_code","LA_name","All","X0to15","X16to29","X30to44","X45to64","X65plus"
"E01032257","Redditch 011B","E07000236","Redditch",-0.009893993,-0.046692607,0,-0.015503876,0.002150538,0.004149378
