"Code","Name","LA_code","LA_name","All","X0to15","X16to29","X30to44","X45to64","X65plus"
"E01032270","Redditch 008C","E07000236","Redditch",0.022255193,0.063829787,0.01744186,0.012048193,-0.004545455,0.043650794
