"Code","Name","LA_code","LA_name","All","X0to15","X16to29","X30to44","X45to64","X65plus"
"E01032228","Redditch 013A","E07000236","Redditch",0.068369647,0.055865922,-0.005649718,0.037433155,0.039215686,0.17325228
