"Code","Name","LA_code","LA_name","All","X0to15","X16to29","X30to44","X45to64","X65plus"
"E01030568","Reigate and Banstead 004D","E07000211","Reigate and Banstead",0.007667732,0.00729927,0.013513514,0.011538462,-0.008163265,0.02507837
