"Code","Name","LA_code","LA_name","All","X0to15","X16to29","X30to44","X45to64","X65plus"
"E01030605","Reigate and Banstead 001C","E07000211","Reigate and Banstead",-0.000640615,0.022922636,-0.063063063,-0.015337423,-0.008602151,0.070351759
