"Code","Name","LA_code","LA_name","All","X0to15","X16to29","X30to44","X45to64","X65plus"
"E01030643","Reigate and Banstead 005D","E07000211","Reigate and Banstead",0.049615653,0.056179775,0.046511628,0.025559105,0.134831461,-0.024767802
