"Code","Name","LA_code","LA_name","All","X0to15","X16to29","X30to44","X45to64","X65plus"
"E01030638","Reigate and Banstead 006D","E07000211","Reigate and Banstead",0.017532468,0.078651685,0.00456621,-0.00877193,-0.006535948,0.027247956
