"Code","Name","LA_code","LA_name","All","X0to15","X16to29","X30to44","X45to64","X65plus"
"E01030610","Reigate and Banstead 011A","E07000211","Reigate and Banstead",-0.003405995,0.01754386,-0.018099548,-0.019021739,0.016483516,-0.034682081
