"Code","Name","LA_code","LA_name","All","X0to15","X16to29","X30to44","X45to64","X65plus"
"E01030628","Reigate and Banstead 015A","E07000211","Reigate and Banstead",-0.008444757,0.103825137,-0.086021505,0.016042781,-0.001941748,-0.048571429
