"Code","Name","LA_code","LA_name","All","X0to15","X16to29","X30to44","X45to64","X65plus"
"E01030641","Reigate and Banstead 003B","E07000211","Reigate and Banstead",-0.023722628,-0.003472222,-0.059405941,-0.011583012,-0.028625954,-0.021563342
