"Code","Name","LA_code","LA_name","All","X0to15","X16to29","X30to44","X45to64","X65plus"
"E01030590","Reigate and Banstead 007B","E07000211","Reigate and Banstead",0.009149623,0.012618297,-0.027888446,0.009063444,0.01980198,0.014164306
