"Code","Name","LA_code","LA_name","All","X0to15","X16to29","X30to44","X45to64","X65plus"
"E01030576","Reigate and Banstead 018B","E07000211","Reigate and Banstead",0.009367681,-0.003021148,0.036585366,0.010443864,-0.00998004,0.036437247
