"Code","Name","LA_code","LA_name","All","X0to15","X16to29","X30to44","X45to64","X65plus"
"E01030597","Reigate and Banstead 012C","E07000211","Reigate and Banstead",-0.00295858,0.006315789,0.024390244,-0.004347826,0.010526316,-0.066350711
