"Code","Name","LA_code","LA_name","All","X0to15","X16to29","X30to44","X45to64","X65plus"
"E01030591","Reigate and Banstead 007C","E07000211","Reigate and Banstead",0.010114633,0.07480315,-0.039800995,-0.008298755,-0.002398082,0.018918919
