"Code","Name","LA_code","LA_name","All","X0to15","X16to29","X30to44","X45to64","X65plus"
"E01030598","Reigate and Banstead 009A","E07000211","Reigate and Banstead",-0.003656307,-0.036423841,-0.00390625,0.009646302,0.011337868,-0.006042296
