"Code","Name","LA_code","LA_name","All","X0to15","X16to29","X30to44","X45to64","X65plus"
"E01030633","Reigate and Banstead 015D","E07000211","Reigate and Banstead",-0.007493188,-0.041269841,0.009259259,0.003236246,-0.008746356,0.007017544
