"Code","Name","LA_code","LA_name","All","X0to15","X16to29","X30to44","X45to64","X65plus"
"E01030599","Reigate and Banstead 008A","E07000211","Reigate and Banstead",-0.013182674,-0.029649596,-0.041666667,-0.011494253,0.005012531,0.030674847
