"Code","Name","LA_code","LA_name","All","X0to15","X16to29","X30to44","X45to64","X65plus"
"E01030560","Reigate and Banstead 002B","E07000211","Reigate and Banstead",0.002368265,0.051792829,0.015625,-0.006493506,-0.010471204,-0.010791367
