"Code","Name","LA_code","LA_name","All","X0to15","X16to29","X30to44","X45to64","X65plus"
"E01030615","Reigate and Banstead 010A","E07000211","Reigate and Banstead",0.011989101,-0.01986755,0.014925373,0.025925926,0.01754386,0.036363636
