"Code","Name","LA_code","LA_name","All","X0to15","X16to29","X30to44","X45to64","X65plus"
"W01001278","Rhondda Cynon Taf 028E","W06000016","Rhondda Cynon Taf",0.025862069,0.048507463,0.00896861,0.012875536,0.003636364,0.068322981
