"Code","Name","LA_code","LA_name","All","X0to15","X16to29","X30to44","X45to64","X65plus"
"W01001150","Rhondda Cynon Taf 003B","W06000016","Rhondda Cynon Taf",0.065298507,0.079710145,0.043771044,0.06462585,0.082262211,0.053977273
