"Code","Name","LA_code","LA_name","All","X0to15","X16to29","X30to44","X45to64","X65plus"
"W01001248","Rhondda Cynon Taf 016D","W06000016","Rhondda Cynon Taf",-0.001373626,0.007317073,-0.006289308,-0.021276596,0.010224949,0.002597403
