"Code","Name","LA_code","LA_name","All","X0to15","X16to29","X30to44","X45to64","X65plus"
"W01001137","Rhondda Cynon Taf 005A","W06000016","Rhondda Cynon Taf",-0.033693305,-0.052631579,-0.045563549,-0.026570048,-0.037865749,-0.004474273
