"Code","Name","LA_code","LA_name","All","X0to15","X16to29","X30to44","X45to64","X65plus"
"W01001267","Rhondda Cynon Taf 007C","W06000016","Rhondda Cynon Taf",-0.000705716,0.019157088,0.01826484,-0.0375,-0.004842615,0.003521127
