"Code","Name","LA_code","LA_name","All","X0to15","X16to29","X30to44","X45to64","X65plus"
"W01001169","Rhondda Cynon Taf 004C","W06000016","Rhondda Cynon Taf",-0.003708282,-0.003355705,-0.00896861,-0.005181347,-0.010869565,0.023622047
