"Code","Name","LA_code","LA_name","All","X0to15","X16to29","X30to44","X45to64","X65plus"
"W01001165","Rhondda Cynon Taf 019B","W06000016","Rhondda Cynon Taf",0.023738872,0.029090909,0.050691244,0.030769231,0,0.026041667
