"Code","Name","LA_code","LA_name","All","X0to15","X16to29","X30to44","X45to64","X65plus"
"W01001286","Rhondda Cynon Taf 014E","W06000016","Rhondda Cynon Taf",-0.012771392,-0.024561404,-0.014705882,-0.032786885,-0.033492823,0.050179211
