"Code","Name","LA_code","LA_name","All","X0to15","X16to29","X30to44","X45to64","X65plus"
"W01001139","Rhondda Cynon Taf 005C","W06000016","Rhondda Cynon Taf",0.030883261,0.053072626,0.035483871,0.042944785,0.002604167,0.020746888
