"Code","Name","LA_code","LA_name","All","X0to15","X16to29","X30to44","X45to64","X65plus"
"W01001203","Rhondda Cynon Taf 009D","W06000016","Rhondda Cynon Taf",0.002276176,-0.014440433,-0.01826484,0.036082474,0.008108108,0.003875969
