"Code","Name","LA_code","LA_name","All","X0to15","X16to29","X30to44","X45to64","X65plus"
"W01001201","Rhondda Cynon Taf 014B","W06000016","Rhondda Cynon Taf",-0.023015873,0.008810573,-0.032388664,0.011299435,-0.038123167,-0.044776119
