"Code","Name","LA_code","LA_name","All","X0to15","X16to29","X30to44","X45to64","X65plus"
"W01001283","Rhondda Cynon Taf 015D","W06000016","Rhondda Cynon Taf",0.00947226,0.035573123,0.003891051,0,-0.009592326,0.024464832
