"Code","Name","LA_code","LA_name","All","X0to15","X16to29","X30to44","X45to64","X65plus"
"W01001264","Rhondda Cynon Taf 022F","W06000016","Rhondda Cynon Taf",0.010633156,0.270833333,0.006052455,-0.005208333,0,-0.097560976
