"Code","Name","LA_code","LA_name","All","X0to15","X16to29","X30to44","X45to64","X65plus"
"W01001258","Rhondda Cynon Taf 019E","W06000016","Rhondda Cynon Taf",0.003891051,0.065989848,0.009708738,0.012820513,-0.005434783,-0.039285714
