"Code","Name","LA_code","LA_name","All","X0to15","X16to29","X30to44","X45to64","X65plus"
"W01001171","Rhondda Cynon Taf 017A","W06000016","Rhondda Cynon Taf",0.025316456,0.096969697,0.015151515,0.011811024,0.021052632,0.007490637
