"Code","Name","LA_code","LA_name","All","X0to15","X16to29","X30to44","X45to64","X65plus"
"W01001175","Rhondda Cynon Taf 009A","W06000016","Rhondda Cynon Taf",-0.0138217,0.038297872,-0.06302521,0.008658009,-0.032178218,-0.008849558
