"Code","Name","LA_code","LA_name","All","X0to15","X16to29","X30to44","X45to64","X65plus"
"W01001161","Rhondda Cynon Taf 029B","W06000016","Rhondda Cynon Taf",-0.004449008,-0.026521061,0.005607477,-0.018786127,0.005625879,0.029154519
