"Code","Name","LA_code","LA_name","All","X0to15","X16to29","X30to44","X45to64","X65plus"
"W01001204","Rhondda Cynon Taf 006A","W06000016","Rhondda Cynon Taf",0.000765111,0.02892562,0.02955665,-0.0041841,-0.023809524,-0.008163265
