"Code","Name","LA_code","LA_name","All","X0to15","X16to29","X30to44","X45to64","X65plus"
"W01001168","Rhondda Cynon Taf 004B","W06000016","Rhondda Cynon Taf",-0.006202619,0.023622047,-0.025210084,0.013043478,-0.005263158,-0.028653295
