"Code","Name","LA_code","LA_name","All","X0to15","X16to29","X30to44","X45to64","X65plus"
"W01001209","Rhondda Cynon Taf 008A","W06000016","Rhondda Cynon Taf",0.002816901,0.020527859,0.003412969,0,-0.028901734,0.031746032
