"Code","Name","LA_code","LA_name","All","X0to15","X16to29","X30to44","X45to64","X65plus"
"W01001142","Rhondda Cynon Taf 005F","W06000016","Rhondda Cynon Taf",-0.002274019,-0.038348083,-0.008196721,-0.013793103,0.011086475,0.03514377
