"Code","Name","LA_code","LA_name","All","X0to15","X16to29","X30to44","X45to64","X65plus"
"W01001260","Rhondda Cynon Taf 014C","W06000016","Rhondda Cynon Taf",0.008810573,0.011538462,0.024271845,0.038961039,-0.024793388,-0.005102041
