"Code","Name","LA_code","LA_name","All","X0to15","X16to29","X30to44","X45to64","X65plus"
"W01001156","Rhondda Cynon Taf 003E","W06000016","Rhondda Cynon Taf",-0.002760524,0.011811024,-0.008163265,0.007968127,-0.011560694,-0.005555556
