"Code","Name","LA_code","LA_name","All","X0to15","X16to29","X30to44","X45to64","X65plus"
"W01001279","Rhondda Cynon Taf 028F","W06000016","Rhondda Cynon Taf",0.000900901,0.030042918,0.027173913,-0.047337278,0.018518519,-0.031496063
