"Code","Name","LA_code","LA_name","All","X0to15","X16to29","X30to44","X45to64","X65plus"
"W01001226","Rhondda Cynon Taf 031F","W06000016","Rhondda Cynon Taf",-0.015607581,-0.022058824,-0.014388489,-0.012953368,-0.002262443,-0.032142857
