"Code","Name","LA_code","LA_name","All","X0to15","X16to29","X30to44","X45to64","X65plus"
"W01001178","Rhondda Cynon Taf 023A","W06000016","Rhondda Cynon Taf",-0.001807229,-0.01,-0.006097561,-0.013986014,-0.017241379,0.04964539
