"Code","Name","LA_code","LA_name","All","X0to15","X16to29","X30to44","X45to64","X65plus"
"W01001284","Rhondda Cynon Taf 015E","W06000016","Rhondda Cynon Taf",0.015084295,0.009433962,-0.012987013,-0.004854369,0.011594203,0.112781955
