"Code","Name","LA_code","LA_name","All","X0to15","X16to29","X30to44","X45to64","X65plus"
"W01001183","Rhondda Cynon Taf 021B","W06000016","Rhondda Cynon Taf",-0.030395137,-0.121212121,-0.007067138,-0.043269231,0.02955665,-0.0390625
