"Code","Name","LA_code","LA_name","All","X0to15","X16to29","X30to44","X45to64","X65plus"
"E01025333","Ribble Valley 007C","E07000124","Ribble Valley",0.091679507,0.130434783,0.222929936,0.03030303,0.129310345,0.006024096
