"Code","Name","LA_code","LA_name","All","X0to15","X16to29","X30to44","X45to64","X65plus"
"E01025319","Ribble Valley 007B","E07000124","Ribble Valley",-0.001904762,-0.009925558,0.053872054,-0.019886364,0,-0.026086957
