"Code","Name","LA_code","LA_name","All","X0to15","X16to29","X30to44","X45to64","X65plus"
"E01025343","Ribble Valley 005D","E07000124","Ribble Valley",0.011968085,0.019230769,-0.043478261,0.033492823,0.031055901,0.00310559
