"Code","Name","LA_code","LA_name","All","X0to15","X16to29","X30to44","X45to64","X65plus"
"E01025322","Ribble Valley 004A","E07000124","Ribble Valley",0.009071877,0.023148148,0.023923445,-0.010526316,0.022,-0.018867925
