"Code","Name","LA_code","LA_name","All","X0to15","X16to29","X30to44","X45to64","X65plus"
"E01025345","Ribble Valley 002C","E07000124","Ribble Valley",0.00606469,0.035019455,0.040609137,-0.056122449,0.023094688,-0.017456359
