"Code","Name","LA_code","LA_name","All","X0to15","X16to29","X30to44","X45to64","X65plus"
"E01025350","Ribble Valley 007D","E07000124","Ribble Valley",0.015969582,0.01980198,0,-0.005847953,0.024509804,0.021164021
