"Code","Name","LA_code","LA_name","All","X0to15","X16to29","X30to44","X45to64","X65plus"
"E01003856","Richmond upon Thames 003E","E09000027","Richmond upon Thames",-0.006828057,0.008474576,0.035087719,-0.019855596,-0.031746032,0.019480519
