"Code","Name","LA_code","LA_name","All","X0to15","X16to29","X30to44","X45to64","X65plus"
"E01003893","Richmond upon Thames 009B","E09000027","Richmond upon Thames",-0.009101942,0.010869565,0.004694836,-0.014285714,-0.018223235,-0.016666667
