"Code","Name","LA_code","LA_name","All","X0to15","X16to29","X30to44","X45to64","X65plus"
"E01003876","Richmond upon Thames 008B","E09000027","Richmond upon Thames",-0.00171723,-0.040609137,-0.027777778,0.018656716,-0.002398082,0.008695652
