"Code","Name","LA_code","LA_name","All","X0to15","X16to29","X30to44","X45to64","X65plus"
"E01003808","Richmond upon Thames 005C","E09000027","Richmond upon Thames",0.008465608,-0.022573363,0.059602649,-0.00805153,0.030092593,0.037037037
