"Code","Name","LA_code","LA_name","All","X0to15","X16to29","X30to44","X45to64","X65plus"
"E01027768","Richmondshire 002D","E07000166","Richmondshire",-0.029281278,0.039548023,-0.078947368,-0.074534161,-0.026246719,-0.030612245
