"Code","Name","LA_code","LA_name","All","X0to15","X16to29","X30to44","X45to64","X65plus"
"E01003874","Richmond upon Thames 006B","E09000027","Richmond upon Thames",0.001884422,-0.059925094,0.044334975,-0.010526316,0.026315789,0.034883721
