"Code","Name","LA_code","LA_name","All","X0to15","X16to29","X30to44","X45to64","X65plus"
"E01003840","Richmond upon Thames 013A","E09000027","Richmond upon Thames",-0.017772512,0.002645503,-0.015037594,-0.017660044,0.00530504,-0.098130841
