"Code","Name","LA_code","LA_name","All","X0to15","X16to29","X30to44","X45to64","X65plus"
"E01027761","Richmondshire 001E","E07000166","Richmondshire",-0.016637478,-0.061643836,-0.011111111,-0.015384615,0.014285714,-0.028169014
