"Code","Name","LA_code","LA_name","All","X0to15","X16to29","X30to44","X45to64","X65plus"
"E01003812","Richmond upon Thames 018B","E09000027","Richmond upon Thames",0.010813594,0.019522777,0.018726592,-0.010695187,-0.00811359,0.10625
