"Code","Name","LA_code","LA_name","All","X0to15","X16to29","X30to44","X45to64","X65plus"
"E01003858","Richmond upon Thames 003G","E09000027","Richmond upon Thames",-0.00982801,-0.005025126,-0.046979866,-0.03131524,0.022670025,-0.004878049
