"Code","Name","LA_code","LA_name","All","X0to15","X16to29","X30to44","X45to64","X65plus"
"E01003864","Richmond upon Thames 002F","E09000027","Richmond upon Thames",0.041527127,0.050541516,0.060773481,0.043701799,0.015463918,0.054263566
