"Code","Name","LA_code","LA_name","All","X0to15","X16to29","X30to44","X45to64","X65plus"
"E01003822","Richmond upon Thames 023A","E09000027","Richmond upon Thames",0.003441156,-0.017605634,-0.050561798,0.020618557,-0.004319654,0.050898204
