"Code","Name","LA_code","LA_name","All","X0to15","X16to29","X30to44","X45to64","X65plus"
"E01033185","Richmondshire 006F","E07000166","Richmondshire",-0.07296467,-0.12244898,-0.052631579,-0.151041667,-0.052896725,-0.04589372
