"Code","Name","LA_code","LA_name","All","X0to15","X16to29","X30to44","X45to64","X65plus"
"E01003887","Richmond upon Thames 021B","E09000027","Richmond upon Thames",0.008337966,0.008379888,0.019512195,0.008714597,0.003898635,0.007575758
