"Code","Name","LA_code","LA_name","All","X0to15","X16to29","X30to44","X45to64","X65plus"
"E01027744","Richmondshire 006A","E07000166","Richmondshire",-0.022222222,-0.062893082,-0.052173913,0.010810811,-0.016548463,-0.01891253
