"Code","Name","LA_code","LA_name","All","X0to15","X16to29","X30to44","X45to64","X65plus"
"E01003853","Richmond upon Thames 003B","E09000027","Richmond upon Thames",-0.027652733,-0.003205128,-0.060773481,-0.034482759,-0.015521064,-0.043613707
