"Code","Name","LA_code","LA_name","All","X0to15","X16to29","X30to44","X45to64","X65plus"
"E01003819","Richmond upon Thames 017B","E09000027","Richmond upon Thames",-0.024755325,-0.024725275,-0.048387097,-0.010723861,-0.015748031,-0.040983607
