"Code","Name","LA_code","LA_name","All","X0to15","X16to29","X30to44","X45to64","X65plus"
"E01027772","Richmondshire 004F","E07000166","Richmondshire",-0.004548901,-0.03164557,0.028248588,0.037209302,-0.018329939,-0.017985612
