"Code","Name","LA_code","LA_name","All","X0to15","X16to29","X30to44","X45to64","X65plus"
"E01003909","Richmond upon Thames 010E","E09000027","Richmond upon Thames",-0.012635379,0.033333333,-0.013793103,-0.014164306,-0.048192771,-0.006578947
