"Code","Name","LA_code","LA_name","All","X0to15","X16to29","X30to44","X45to64","X65plus"
"E01027747","Richmondshire 003C","E07000166","Richmondshire",0.05590666,0.04467354,0.048019208,0.043583535,0.051515152,0.142105263
