"Code","Name","LA_code","LA_name","All","X0to15","X16to29","X30to44","X45to64","X65plus"
"E01003867","Richmond upon Thames 011A","E09000027","Richmond upon Thames",-0.015513898,-0.012232416,-0.046808511,-0.009280742,0.002785515,-0.030769231
