"Code","Name","LA_code","LA_name","All","X0to15","X16to29","X30to44","X45to64","X65plus"
"E01027770","Richmondshire 002F","E07000166","Richmondshire",0.001775148,0.093264249,0.008264463,-0.014388489,0.003710575,-0.034246575
