"Code","Name","LA_code","LA_name","All","X0to15","X16to29","X30to44","X45to64","X65plus"
"E01003845","Richmond upon Thames 013F","E09000027","Richmond upon Thames",0.006582885,0.023890785,-0.038277512,-0.01650165,0.007782101,0.036931818
