"Code","Name","LA_code","LA_name","All","X0to15","X16to29","X30to44","X45to64","X65plus"
"E01003811","Richmond upon Thames 018A","E09000027","Richmond upon Thames",-0.020652174,-0.020599251,-0.022857143,-0.048327138,0.027149321,-0.059602649
