"Code","Name","LA_code","LA_name","All","X0to15","X16to29","X30to44","X45to64","X65plus"
"E01027754","Richmondshire 004C","E07000166","Richmondshire",0.019880716,0.002624672,0.002770083,0.056657224,0.013605442,0.033333333
