"Code","Name","LA_code","LA_name","All","X0to15","X16to29","X30to44","X45to64","X65plus"
"E01027749","Richmondshire 004A","E07000166","Richmondshire",0.026968716,0.016166282,0.035502959,0.084057971,-0.009823183,0.030567686
