"Code","Name","LA_code","LA_name","All","X0to15","X16to29","X30to44","X45to64","X65plus"
"E01027753","Richmondshire 005B","E07000166","Richmondshire",-0.003692762,-0.034883721,0.006369427,0,0.006550218,-0.00872093
