"Code","Name","LA_code","LA_name","All","X0to15","X16to29","X30to44","X45to64","X65plus"
"E01003873","Richmond upon Thames 006A","E09000027","Richmond upon Thames",0.010340633,0.010526316,-0.015228426,0.0078125,-0.014888337,0.076923077
