"Code","Name","LA_code","LA_name","All","X0to15","X16to29","X30to44","X45to64","X65plus"
"E01027759","Richmondshire 001D","E07000166","Richmondshire",0.004329004,-0.040201005,0.075630252,-0.026315789,0.009708738,0.018461538
