"Code","Name","LA_code","LA_name","All","X0to15","X16to29","X30to44","X45to64","X65plus"
"E01005597","Rochdale 002C","E08000005","Rochdale",0.002823264,-0.026041667,0.007490637,0.033898305,0.019911504,-0.025477707
