"Code","Name","LA_code","LA_name","All","X0to15","X16to29","X30to44","X45to64","X65plus"
"E01021956","Rochford 007E","E07000075","Rochford",-0.002758621,-0.003952569,0.010309278,-0.007604563,-0.019047619,0.015625
