"Code","Name","LA_code","LA_name","All","X0to15","X16to29","X30to44","X45to64","X65plus"
"E01005473","Rochdale 010B","E08000005","Rochdale",-0.011787819,-0.032407407,-0.01910828,-0.020648968,0.028070175,0.006369427
