"Code","Name","LA_code","LA_name","All","X0to15","X16to29","X30to44","X45to64","X65plus"
"E01005514","Rochdale 019E","E08000005","Rochdale",0.009860789,0.002645503,0.034582133,-0.014925373,0.022727273,-0.004464286
