"Code","Name","LA_code","LA_name","All","X0to15","X16to29","X30to44","X45to64","X65plus"
"E01021960","Rochford 005D","E07000075","Rochford",-0.013487476,-0.058651026,0.01826484,0,-0.018425461,-0.001647446
