"Code","Name","LA_code","LA_name","All","X0to15","X16to29","X30to44","X45to64","X65plus"
"E01021914","Rochford 002A","E07000075","Rochford",0.005681818,0.00990099,0.012461059,0.014388489,0.01010101,-0.011605416
