"Code","Name","LA_code","LA_name","All","X0to15","X16to29","X30to44","X45to64","X65plus"
"E01021946","Rochford 009A","E07000075","Rochford",0.008274984,0.073732719,-0.016129032,0.008695652,-0.025145068,0.033426184
