"Code","Name","LA_code","LA_name","All","X0to15","X16to29","X30to44","X45to64","X65plus"
"E01005467","Rochdale 016D","E08000005","Rochdale",0.026436782,0.058951965,0.012698413,0.011527378,0.024064171,0.008130081
