"Code","Name","LA_code","LA_name","All","X0to15","X16to29","X30to44","X45to64","X65plus"
"E01005497","Rochdale 018A","E08000005","Rochdale",-0.017073171,-0.035010941,-0.038194444,0.016286645,-0.010443864,-0.009756098
