"Code","Name","LA_code","LA_name","All","X0to15","X16to29","X30to44","X45to64","X65plus"
"E01005506","Rochdale 020D","E08000005","Rochdale",0.010725552,-0.02006689,0.041984733,-0.011406844,0.03125,0.005797101
