"Code","Name","LA_code","LA_name","All","X0to15","X16to29","X30to44","X45to64","X65plus"
"E01005578","Rochdale 004A","E08000005","Rochdale",-0.003457815,0.036516854,-0.002610966,-0.026315789,0.003597122,-0.067484663
