"Code","Name","LA_code","LA_name","All","X0to15","X16to29","X30to44","X45to64","X65plus"
"E01005591","Rochdale 009D","E08000005","Rochdale",0.003469813,0.017921147,0.03539823,0.004115226,-0.015625,-0.009708738
