"Code","Name","LA_code","LA_name","All","X0to15","X16to29","X30to44","X45to64","X65plus"
"E01005484","Rochdale 010E","E08000005","Rochdale",-0.010511228,-0.081027668,0.011037528,0.021052632,0.004484305,0.009389671
