"Code","Name","LA_code","LA_name","All","X0to15","X16to29","X30to44","X45to64","X65plus"
"E01005574","Rochdale 007D","E08000005","Rochdale",-0.001811594,0.006779661,0.013333333,-0.029535865,0,-0.002624672
