"Code","Name","LA_code","LA_name","All","X0to15","X16to29","X30to44","X45to64","X65plus"
"E01005540","Rochdale 023E","E08000005","Rochdale",-0.010662605,-0.009049774,0.014150943,-0.024647887,0.007389163,-0.057894737
