"Code","Name","LA_code","LA_name","All","X0to15","X16to29","X30to44","X45to64","X65plus"
"E01005587","Rochdale 007E","E08000005","Rochdale",-0.050036258,-0.037671233,-0.081545064,-0.089285714,-0.03164557,-0.025641026
