"Code","Name","LA_code","LA_name","All","X0to15","X16to29","X30to44","X45to64","X65plus"
"E01005558","Rochdale 014C","E08000005","Rochdale",0.019460138,0.009677419,0.061728395,-0.00621118,0.04009434,-0.006802721
