"Code","Name","LA_code","LA_name","All","X0to15","X16to29","X30to44","X45to64","X65plus"
"E01005521","Rochdale 003C","E08000005","Rochdale",-0.006293706,-0.019704433,-0.014705882,-0.021929825,0.01446281,-0.012861736
