"Code","Name","LA_code","LA_name","All","X0to15","X16to29","X30to44","X45to64","X65plus"
"E01021918","Rochford 005A","E07000075","Rochford",-0.005009393,-0.006430868,-0.021645022,-0.041666667,0.014893617,0.013468013
