"Code","Name","LA_code","LA_name","All","X0to15","X16to29","X30to44","X45to64","X65plus"
"E01005524","Rochdale 021A","E08000005","Rochdale",-0.058596265,-0.103806228,-0.054474708,-0.066889632,-0.057142857,-0.003952569
