"Code","Name","LA_code","LA_name","All","X0to15","X16to29","X30to44","X45to64","X65plus"
"E01021957","Rochford 006C","E07000075","Rochford",-0.028446389,-0.031100478,0,-0.071246819,-0.01627907,-0.013888889
