"Code","Name","LA_code","LA_name","All","X0to15","X16to29","X30to44","X45to64","X65plus"
"E01021929","Rochford 002D","E07000075","Rochford",0.012135922,0.034375,0.028880866,0.018587361,-0.009541985,0.003875969
