"Code","Name","LA_code","LA_name","All","X0to15","X16to29","X30to44","X45to64","X65plus"
"E01021947","Rochford 009B","E07000075","Rochford",0.096642097,0.155555556,0.011560694,0.086021505,0.132307692,0.081232493
