"Code","Name","LA_code","LA_name","All","X0to15","X16to29","X30to44","X45to64","X65plus"
"E01005491","Rochdale 005C","E08000005","Rochdale",-0.015130674,-0.038135593,0.012931034,-0.057377049,0,-0.006410256
