"Code","Name","LA_code","LA_name","All","X0to15","X16to29","X30to44","X45to64","X65plus"
"E01005523","Rochdale 001D","E08000005","Rochdale",-0.009926855,0.017191977,-0.040752351,-0.011527378,0.011111111,-0.038997214
