"Code","Name","LA_code","LA_name","All","X0to15","X16to29","X30to44","X45to64","X65plus"
"E01021965","Rochford 009E","E07000075","Rochford",0,0.008196721,0.005797101,-0.018666667,-0.011976048,0.015923567
