"Code","Name","LA_code","LA_name","All","X0to15","X16to29","X30to44","X45to64","X65plus"
"E01005586","Rochdale 004C","E08000005","Rochdale",0.012273902,0.006550218,0.031372549,-0.013937282,0.010752688,0.033457249
