"Code","Name","LA_code","LA_name","All","X0to15","X16to29","X30to44","X45to64","X65plus"
"E01005577","Rochdale 011D","E08000005","Rochdale",-0.004676019,0.008849558,-0.004854369,-0.042016807,-0.008639309,0.016483516
