"Code","Name","LA_code","LA_name","All","X0to15","X16to29","X30to44","X45to64","X65plus"
"E01005472","Rochdale 010A","E08000005","Rochdale",-0.003634161,-0.013129103,0.016611296,-0.030864198,0.016759777,-0.004739336
