"Code","Name","LA_code","LA_name","All","X0to15","X16to29","X30to44","X45to64","X65plus"
"E01005563","Rochdale 012B","E08000005","Rochdale",0.017506631,0.02745098,0.04009434,-0.007246377,0.013477089,0
