"Code","Name","LA_code","LA_name","All","X0to15","X16to29","X30to44","X45to64","X65plus"
"E01021936","Rochford 003D","E07000075","Rochford",-0.015579919,-0.120437956,0.017621145,0.015936255,-0.006329114,0.001972387
