"Code","Name","LA_code","LA_name","All","X0to15","X16to29","X30to44","X45to64","X65plus"
"E01033258","Rochdale 008G","E08000005","Rochdale",-0.009312781,-0.007329843,0.006711409,-0.017783858,-0.018218623,-0.026455026
