"Code","Name","LA_code","LA_name","All","X0to15","X16to29","X30to44","X45to64","X65plus"
"E01005464","Rochdale 016A","E08000005","Rochdale",0,0.023423423,-0.017492711,-0.024691358,0.016,-0.016483516
