"Code","Name","LA_code","LA_name","All","X0to15","X16to29","X30to44","X45to64","X65plus"
"E01005470","Rochdale 015A","E08000005","Rochdale",0.018144116,0.023297491,0.034632035,0.019093079,-0.020408163,0.034013605
