"Code","Name","LA_code","LA_name","All","X0to15","X16to29","X30to44","X45to64","X65plus"
"E01021948","Rochford 009C","E07000075","Rochford",-0.028294862,-0.036144578,-0.018518519,-0.035433071,-0.034759358,-0.012
