"Code","Name","LA_code","LA_name","All","X0to15","X16to29","X30to44","X45to64","X65plus"
"E01021959","Rochford 006E","E07000075","Rochford",-0.012062033,0.005434783,0,0.002688172,-0.008639309,-0.081967213
