"Code","Name","LA_code","LA_name","All","X0to15","X16to29","X30to44","X45to64","X65plus"
"E01005478","Rochdale 017C","E08000005","Rochdale",0.00443038,0.027863777,0.017094017,-0.016949153,0.002583979,-0.005865103
