"Code","Name","LA_code","LA_name","All","X0to15","X16to29","X30to44","X45to64","X65plus"
"E01021930","Rochford 007A","E07000075","Rochford",-0.0329188,-0.047008547,-0.054263566,-0.01572327,-0.038461538,-0.00913242
