"Code","Name","LA_code","LA_name","All","X0to15","X16to29","X30to44","X45to64","X65plus"
"E01021955","Rochford 004D","E07000075","Rochford",-0.016571724,-0.020304569,-0.055276382,0,0.006944444,-0.014124294
