"Code","Name","LA_code","LA_name","All","X0to15","X16to29","X30to44","X45to64","X65plus"
"E01005536","Rochdale 021E","E08000005","Rochdale",-0.000602047,0.005479452,0.003076923,-0.035422343,0.048076923,-0.058510638
