"Code","Name","LA_code","LA_name","All","X0to15","X16to29","X30to44","X45to64","X65plus"
"E01021962","Rochford 008C","E07000075","Rochford",0.006993007,0.016064257,0.034482759,-0.049586777,0.046511628,-0.01369863
