"Code","Name","LA_code","LA_name","All","X0to15","X16to29","X30to44","X45to64","X65plus"
"E01005572","Rochdale 007B","E08000005","Rochdale",0.030420712,0.068441065,0.066964286,0.003649635,0.006423983,0.031545741
