"Code","Name","LA_code","LA_name","All","X0to15","X16to29","X30to44","X45to64","X65plus"
"E01005542","Rochdale 023G","E08000005","Rochdale",0.006797583,0.007936508,-0.004587156,-0.007722008,0.033742331,-0.003717472
