"Code","Name","LA_code","LA_name","All","X0to15","X16to29","X30to44","X45to64","X65plus"
"E01005471","Rochdale 015B","E08000005","Rochdale",0.042377869,0.073770492,0.045592705,0.03030303,0.015576324,0.024242424
