"Code","Name","LA_code","LA_name","All","X0to15","X16to29","X30to44","X45to64","X65plus"
"E01005515","Rochdale 019F","E08000005","Rochdale",-0.047748237,-0.090384615,-0.031791908,-0.003246753,-0.033482143,-0.063348416
