"Code","Name","LA_code","LA_name","All","X0to15","X16to29","X30to44","X45to64","X65plus"
"E01021921","Rochford 010B","E07000075","Rochford",0.003270111,-0.007067138,-0.004310345,-0.018518519,0.012847966,0.025270758
