"Code","Name","LA_code","LA_name","All","X0to15","X16to29","X30to44","X45to64","X65plus"
"E01005490","Rochdale 005B","E08000005","Rochdale",0.03057905,0.053191489,0.038123167,-0.014285714,0.042372881,0.071428571
