"Code","Name","LA_code","LA_name","All","X0to15","X16to29","X30to44","X45to64","X65plus"
"E01005594","Rochdale 002B","E08000005","Rochdale",0.007829181,0.06,-0.050632911,0.030973451,-0.016706444,0.029304029
