"Code","Name","LA_code","LA_name","All","X0to15","X16to29","X30to44","X45to64","X65plus"
"E01005486","Rochdale 010F","E08000005","Rochdale",-0.017427885,-0.029411765,-0.019337017,0,-0.009771987,-0.03960396
