"Code","Name","LA_code","LA_name","All","X0to15","X16to29","X30to44","X45to64","X65plus"
"E01005581","Rochdale 008B","E08000005","Rochdale",0.003508772,-0.015503876,0.018691589,0.022535211,0.031468531,-0.038793103
