"Code","Name","LA_code","LA_name","All","X0to15","X16to29","X30to44","X45to64","X65plus"
"E01005553","Rochdale 022E","E08000005","Rochdale",-0.011363636,-0.023201856,-0.015151515,0,-0.011312217,-0.00308642
