"Code","Name","LA_code","LA_name","All","X0to15","X16to29","X30to44","X45to64","X65plus"
"E01005583","Rochdale 008D","E08000005","Rochdale",0.000565931,0.019354839,0.013574661,-0.061111111,0.025974026,0
