"Code","Name","LA_code","LA_name","All","X0to15","X16to29","X30to44","X45to64","X65plus"
"E01021964","Rochford 008E","E07000075","Rochford",-0.02678028,-0.058394161,-0.056603774,-0.012461059,-0.022321429,-0.005154639
