"Code","Name","LA_code","LA_name","All","X0to15","X16to29","X30to44","X45to64","X65plus"
"E01021966","Rochford 008F","E07000075","Rochford",-0.006681514,-0.025547445,0.007272727,0.003333333,-0.023310023,0.003861004
