"Code","Name","LA_code","LA_name","All","X0to15","X16to29","X30to44","X45to64","X65plus"
"E01005501","Rochdale 018B","E08000005","Rochdale",-0.000613497,-0.008547009,0.003610108,-0.005952381,-0.046568627,0.056
