"Code","Name","LA_code","LA_name","All","X0to15","X16to29","X30to44","X45to64","X65plus"
"E01005504","Rochdale 018D","E08000005","Rochdale",0.05006502,0.066445183,0.038834951,0.046594982,0.082324455,-0.008474576
