"Code","Name","LA_code","LA_name","All","X0to15","X16to29","X30to44","X45to64","X65plus"
"E01005567","Rochdale 013D","E08000005","Rochdale",0.024925816,0.005747126,0.002949853,0.034031414,0.053435115,0.022421525
