"Code","Name","LA_code","LA_name","All","X0to15","X16to29","X30to44","X45to64","X65plus"
"E01005517","Rochdale 003B","E08000005","Rochdale",-0.022282242,0.033816425,-0.034883721,-0.051643192,-0.052995392,0
