"Code","Name","LA_code","LA_name","All","X0to15","X16to29","X30to44","X45to64","X65plus"
"E01005468","Rochdale 016E","E08000005","Rochdale",0.021026592,0.007874016,0.06122449,-0.025089606,0.018672199,0.038961039
