"Code","Name","LA_code","LA_name","All","X0to15","X16to29","X30to44","X45to64","X65plus"
"E01005571","Rochdale 006D","E08000005","Rochdale",-0.000642674,-0.071428571,-0.022222222,0.007968127,0.005928854,0.052795031
