"Code","Name","LA_code","LA_name","All","X0to15","X16to29","X30to44","X45to64","X65plus"
"E01025369","Rossendale 003C","E07000125","Rossendale",-0.005490196,0.046875,0,0.004366812,-0.023323615,-0.056074766
