"Code","Name","LA_code","LA_name","All","X0to15","X16to29","X30to44","X45to64","X65plus"
"E01025363","Rossendale 002A","E07000125","Rossendale",-0.003684598,-0.009708738,-0.056074766,-0.06010929,-0.01285347,0.068493151
