"Code","Name","LA_code","LA_name","All","X0to15","X16to29","X30to44","X45to64","X65plus"
"E01025377","Rossendale 007A","E07000125","Rossendale",-0.015228426,0.003344482,0.01,-0.003558719,-0.028680688,-0.04029304
