"Code","Name","LA_code","LA_name","All","X0to15","X16to29","X30to44","X45to64","X65plus"
"E01025364","Rossendale 002B","E07000125","Rossendale",0.020667727,-0.015228426,0.048780488,0.069651741,0.016949153,0
