"Code","Name","LA_code","LA_name","All","X0to15","X16to29","X30to44","X45to64","X65plus"
"E01025376","Rossendale 009D","E07000125","Rossendale",-0.016101695,-0.015122873,-0.010178117,0.006315789,-0.023255814,-0.041551247
