"Code","Name","LA_code","LA_name","All","X0to15","X16to29","X30to44","X45to64","X65plus"
"E01025388","Rossendale 010G","E07000125","Rossendale",0.016479895,0.024054983,-0.031531532,0,0.029017857,0.04494382
