"Code","Name","LA_code","LA_name","All","X0to15","X16to29","X30to44","X45to64","X65plus"
"E01025390","Rossendale 010I","E07000125","Rossendale",0.002851711,0.083870968,0.051851852,0.005847953,-0.009202454,-0.056603774
