"Code","Name","LA_code","LA_name","All","X0to15","X16to29","X30to44","X45to64","X65plus"
"E01025384","Rossendale 008D","E07000125","Rossendale",0.001584786,-0.030927835,-0.022222222,0.031413613,-0.002739726,0.015915119
