"Code","Name","LA_code","LA_name","All","X0to15","X16to29","X30to44","X45to64","X65plus"
"E01025392","Rossendale 010D","E07000125","Rossendale",-0.04691165,-0.065989848,-0.014778325,-0.076233184,-0.065,-0.00390625
