"Code","Name","LA_code","LA_name","All","X0to15","X16to29","X30to44","X45to64","X65plus"
"E01025396","Rossendale 002E","E07000125","Rossendale",0.008759124,0.044827586,-0.008230453,-0.008097166,0.008695652,0
