"Code","Name","LA_code","LA_name","All","X0to15","X16to29","X30to44","X45to64","X65plus"
"E01025398","Rossendale 002G","E07000125","Rossendale",0.031490553,0.026455026,0.017421603,0.032374101,0.058282209,0.0125
