"Code","Name","LA_code","LA_name","All","X0to15","X16to29","X30to44","X45to64","X65plus"
"E01007819","Rotherham 002C","E08000018","Rotherham",-0.016172507,-0.008547009,-0.046511628,0.022813688,-0.02,-0.02688172
