"Code","Name","LA_code","LA_name","All","X0to15","X16to29","X30to44","X45to64","X65plus"
"E01007709","Rotherham 021B","E08000018","Rotherham",0.00068918,0.011538462,-0.032258065,-0.016194332,0.009638554,0.011661808
