"Code","Name","LA_code","LA_name","All","X0to15","X16to29","X30to44","X45to64","X65plus"
"E01007699","Rotherham 027B","E08000018","Rotherham",-0.002335357,-0.024390244,-0.008571429,0.014571949,0.019646365,-0.033195021
