"Code","Name","LA_code","LA_name","All","X0to15","X16to29","X30to44","X45to64","X65plus"
"E01007694","Rotherham 001B","E08000018","Rotherham",0.01343785,0.009345794,0.016891892,0.047477745,-0.025104603,0.044534413
