"Code","Name","LA_code","LA_name","All","X0to15","X16to29","X30to44","X45to64","X65plus"
"E01007740","Rotherham 011A","E08000018","Rotherham",-0.004663558,-0.041139241,0.029962547,-0.023529412,0,0.015151515
