"Code","Name","LA_code","LA_name","All","X0to15","X16to29","X30to44","X45to64","X65plus"
"E01007797","Rotherham 003B","E08000018","Rotherham",0.00483871,0.016129032,-0.024390244,0.033333333,-0.00308642,0.006349206
