"Code","Name","LA_code","LA_name","All","X0to15","X16to29","X30to44","X45to64","X65plus"
"E01007728","Rotherham 009A","E08000018","Rotherham",-0.00540054,0.022058824,-0.041916168,0,0.016528926,-0.026936027
