"Code","Name","LA_code","LA_name","All","X0to15","X16to29","X30to44","X45to64","X65plus"
"E01007684","Rotherham 022A","E08000018","Rotherham",0.069132808,0.120634921,0.057823129,0.120786517,0.06,-0.047008547
