"Code","Name","LA_code","LA_name","All","X0to15","X16to29","X30to44","X45to64","X65plus"
"E01007679","Rotherham 023C","E08000018","Rotherham",0.031185031,0.034562212,0.01179941,0.054644809,0.025862069,0.028037383
