"Code","Name","LA_code","LA_name","All","X0to15","X16to29","X30to44","X45to64","X65plus"
"E01007766","Rotherham 014C","E08000018","Rotherham",-0.012113055,-0.039267016,-0.007352941,-0.010869565,0.011173184,-0.01010101
