"Code","Name","LA_code","LA_name","All","X0to15","X16to29","X30to44","X45to64","X65plus"
"E01007678","Rotherham 023B","E08000018","Rotherham",-0.02335587,-0.073770492,-0.046082949,0,-0.0075,-0.014799154
