"Code","Name","LA_code","LA_name","All","X0to15","X16to29","X30to44","X45to64","X65plus"
"E01007753","Rotherham 033E","E08000018","Rotherham",0.029392118,0.012244898,0.027322404,0.041025641,0.03930131,0.024038462
