"Code","Name","LA_code","LA_name","All","X0to15","X16to29","X30to44","X45to64","X65plus"
"E01007760","Rotherham 020D","E08000018","Rotherham",-0.001171646,0.004761905,-0.018421053,0.0625,-0.017632242,-0.052631579
