"Code","Name","LA_code","LA_name","All","X0to15","X16to29","X30to44","X45to64","X65plus"
"E01007729","Rotherham 009B","E08000018","Rotherham",-0.008894536,-0.059907834,0.021352313,0.017605634,-0.022357724,-0.003333333
