"Code","Name","LA_code","LA_name","All","X0to15","X16to29","X30to44","X45to64","X65plus"
"E01007800","Rotherham 003E","E08000018","Rotherham",0.00266489,0.01984127,0.008264463,-0.007067138,0.002525253,-0.006097561
