"Code","Name","LA_code","LA_name","All","X0to15","X16to29","X30to44","X45to64","X65plus"
"E01007779","Rotherham 005B","E08000018","Rotherham",0.034825871,0.018292683,-0.027491409,0.016447368,0.011299435,0.148036254
