"Code","Name","LA_code","LA_name","All","X0to15","X16to29","X30to44","X45to64","X65plus"
"E01021098","Rother 003A","E07000064","Rother",0.018686297,0.024137931,0.02955665,0.008658009,0.001960784,0.031954887
