"Code","Name","LA_code","LA_name","All","X0to15","X16to29","X30to44","X45to64","X65plus"
"E01007799","Rotherham 003D","E08000018","Rotherham",0.002991773,0.008928571,-0.005050505,-0.014218009,0.023872679,-0.009174312
