"Code","Name","LA_code","LA_name","All","X0to15","X16to29","X30to44","X45to64","X65plus"
"E01021122","Rother 011E","E07000064","Rother",0.008706468,-0.147887324,0.10952381,-0.015544041,0.004889976,0.019877676
