"Code","Name","LA_code","LA_name","All","X0to15","X16to29","X30to44","X45to64","X65plus"
"E01007817","Rotherham 002B","E08000018","Rotherham",0,-0.008510638,0,-0.004310345,0.004819277,0.003095975
