"Code","Name","LA_code","LA_name","All","X0to15","X16to29","X30to44","X45to64","X65plus"
"E01007682","Rotherham 019A","E08000018","Rotherham",0.03032491,-0.011320755,0.093264249,0.037453184,0.037783375,0.007604563
