"Code","Name","LA_code","LA_name","All","X0to15","X16to29","X30to44","X45to64","X65plus"
"E01007725","Rotherham 019E","E08000018","Rotherham",-0.056179775,-0.139534884,-0.040540541,-0.082840237,-0.025943396,-0.027777778
