"Code","Name","LA_code","LA_name","All","X0to15","X16to29","X30to44","X45to64","X65plus"
"E01007687","Rotherham 022B","E08000018","Rotherham",-0.036401099,-0.012765957,-0.051813472,-0.032432432,-0.033557047,-0.047979798
