"Code","Name","LA_code","LA_name","All","X0to15","X16to29","X30to44","X45to64","X65plus"
"E01021127","Rother 008D","E07000064","Rother",-0.010739103,-0.033333333,0.01369863,-0.009661836,-0.017094017,-0.002386635
