"Code","Name","LA_code","LA_name","All","X0to15","X16to29","X30to44","X45to64","X65plus"
"E01021108","Rother 010D","E07000064","Rother",0.00067659,0.021097046,0.024509804,-0.004347826,0.002638522,-0.021028037
