"Code","Name","LA_code","LA_name","All","X0to15","X16to29","X30to44","X45to64","X65plus"
"E01007715","Rotherham 016A","E08000018","Rotherham",0.00754717,0.004524887,0.003952569,0.015909091,0,0.031496063
