"Code","Name","LA_code","LA_name","All","X0to15","X16to29","X30to44","X45to64","X65plus"
"E01007666","Rotherham 026A","E08000018","Rotherham",0.00076746,0.03164557,-0.048648649,-0.031088083,0.002247191,0.031055901
