"Code","Name","LA_code","LA_name","All","X0to15","X16to29","X30to44","X45to64","X65plus"
"E01021103","Rother 002A","E07000064","Rother",-0.040962289,-0.075117371,-0.011363636,-0.072727273,-0.037181996,-0.029598309
