"Code","Name","LA_code","LA_name","All","X0to15","X16to29","X30to44","X45to64","X65plus"
"E01021092","Rother 011C","E07000064","Rother",0.050839764,0.050473186,0.048913043,0.070175439,0.062745098,0.033033033
