"Code","Name","LA_code","LA_name","All","X0to15","X16to29","X30to44","X45to64","X65plus"
"E01007691","Rotherham 012B","E08000018","Rotherham",-0.000974659,-0.00621118,0.02991453,-0.003194888,-0.004636785,-0.005597015
