"Code","Name","LA_code","LA_name","All","X0to15","X16to29","X30to44","X45to64","X65plus"
"E01007743","Rotherham 015C","E08000018","Rotherham",0.006530612,-0.022222222,-0.005102041,-0.01,0.002645503,0.051660517
