"Code","Name","LA_code","LA_name","All","X0to15","X16to29","X30to44","X45to64","X65plus"
"E01007802","Rotherham 007C","E08000018","Rotherham",-0.017319277,-0.054878049,0.021052632,-0.038834951,-0.030837004,0.012738854
