"Code","Name","LA_code","LA_name","All","X0to15","X16to29","X30to44","X45to64","X65plus"
"E01007757","Rotherham 020A","E08000018","Rotherham",-0.003802281,-0.011406844,-0.052401747,0.023255814,0,0.008645533
