"Code","Name","LA_code","LA_name","All","X0to15","X16to29","X30to44","X45to64","X65plus"
"E01021097","Rother 006E","E07000064","Rother",-0.005524862,-0.010989011,-0.029585799,0.019704433,0.00234192,-0.013297872
