"Code","Name","LA_code","LA_name","All","X0to15","X16to29","X30to44","X45to64","X65plus"
"E01007773","Rotherham 006C","E08000018","Rotherham",0.002715547,-0.005899705,-0.026819923,0.020547945,-0.028901734,0.072340426
