"Code","Name","LA_code","LA_name","All","X0to15","X16to29","X30to44","X45to64","X65plus"
"E01007731","Rotherham 009D","E08000018","Rotherham",0.012605042,0.038461538,0,-0.005434783,-0.007444169,0.047945205
