"Code","Name","LA_code","LA_name","All","X0to15","X16to29","X30to44","X45to64","X65plus"
"E01007807","Rotherham 011E","E08000018","Rotherham",-0.003543586,0.032374101,-0.022556391,-0.017167382,-0.020512821,0.016393443
