"Code","Name","LA_code","LA_name","All","X0to15","X16to29","X30to44","X45to64","X65plus"
"E01007816","Rotherham 002A","E08000018","Rotherham",-0.004756243,0.002688172,-0.021097046,0,-0.021978022,0.019292605
