"Code","Name","LA_code","LA_name","All","X0to15","X16to29","X30to44","X45to64","X65plus"
"E01007786","Rotherham 029D","E08000018","Rotherham",-0.097581318,-0.170854271,-0.106060606,-0.103626943,-0.065420561,-0.079096045
