"Code","Name","LA_code","LA_name","All","X0to15","X16to29","X30to44","X45to64","X65plus"
"E01007754","Rotherham 018B","E08000018","Rotherham",-0.006676558,-0.004405286,-0.023923445,-0.008438819,-0.028195489,0.097902098
