"Code","Name","LA_code","LA_name","All","X0to15","X16to29","X30to44","X45to64","X65plus"
"E01007749","Rotherham 033B","E08000018","Rotherham",0.004909984,-0.005617978,0.019230769,-0.009202454,0.0056926,0.016483516
