"Code","Name","LA_code","LA_name","All","X0to15","X16to29","X30to44","X45to64","X65plus"
"E01007794","Rotherham 004C","E08000018","Rotherham",-0.008474576,0.01497006,0.036437247,-0.036585366,-0.017492711,-0.044715447
