"Code","Name","LA_code","LA_name","All","X0to15","X16to29","X30to44","X45to64","X65plus"
"E01007771","Rotherham 006A","E08000018","Rotherham",-0.015129683,-0.050387597,-0.02617801,-0.035242291,0.029411765,-0.023026316
