"Code","Name","LA_code","LA_name","All","X0to15","X16to29","X30to44","X45to64","X65plus"
"E01007806","Rotherham 011D","E08000018","Rotherham",-0.005046864,0.008746356,-0.014336918,-0.003424658,-0.01910828,0.006289308
