"Code","Name","LA_code","LA_name","All","X0to15","X16to29","X30to44","X45to64","X65plus"
"E01007792","Rotherham 028D","E08000018","Rotherham",-0.011682243,0.005076142,-0.022123894,-0.054644809,-0.002016129,0
