"Code","Name","LA_code","LA_name","All","X0to15","X16to29","X30to44","X45to64","X65plus"
"E01007663","Rotherham 032E","E08000018","Rotherham",-0.004092769,0.03271028,0.016574586,-0.03,0,-0.020790021
