"Code","Name","LA_code","LA_name","All","X0to15","X16to29","X30to44","X45to64","X65plus"
"E01007689","Rotherham 022C","E08000018","Rotherham",-0.0436457,-0.132575758,-0.125523013,-0.095238095,-0.016877637,0.100649351
