"Code","Name","LA_code","LA_name","All","X0to15","X16to29","X30to44","X45to64","X65plus"
"E01007732","Rotherham 009E","E08000018","Rotherham",0.007451565,-0.013605442,-0.030973451,0.043290043,-0.010335917,0.037037037
