"Code","Name","LA_code","LA_name","All","X0to15","X16to29","X30to44","X45to64","X65plus"
"E01021132","Rother 001A","E07000064","Rother",0.001387925,-0.038961039,0.08988764,-0.027522936,0.027918782,-0.020408163
