"Code","Name","LA_code","LA_name","All","X0to15","X16to29","X30to44","X45to64","X65plus"
"E01021102","Rother 004B","E07000064","Rother",0.080665025,0.084444444,0.138392857,0.100917431,0.063492063,0.059602649
