"Code","Name","LA_code","LA_name","All","X0to15","X16to29","X30to44","X45to64","X65plus"
"E01007778","Rotherham 005A","E08000018","Rotherham",-0.032616239,0.050561798,-0.030837004,0.010869565,-0.022375215,-0.140221402
