"Code","Name","LA_code","LA_name","All","X0to15","X16to29","X30to44","X45to64","X65plus"
"E01007675","Rotherham 023A","E08000018","Rotherham",0.010741139,0.036363636,0.003021148,0.020527859,-0.002164502,-0.010416667
