"Code","Name","LA_code","LA_name","All","X0to15","X16to29","X30to44","X45to64","X65plus"
"E01021086","Rother 006C","E07000064","Rother",0.007790762,0.006006006,0.004201681,0.01826484,-0.002004008,0.015748031
