"Code","Name","LA_code","LA_name","All","X0to15","X16to29","X30to44","X45to64","X65plus"
"E01007739","Rotherham 013E","E08000018","Rotherham",0.002544529,0.011428571,-0.010948905,0.003745318,-0.0078125,0.016835017
