"Code","Name","LA_code","LA_name","All","X0to15","X16to29","X30to44","X45to64","X65plus"
"E01007734","Rotherham 021F","E08000018","Rotherham",0.01099537,0.005970149,-0.045731707,0.027118644,0.025316456,0.040540541
