"Code","Name","LA_code","LA_name","All","X0to15","X16to29","X30to44","X45to64","X65plus"
"E01007782","Rotherham 005E","E08000018","Rotherham",0.00203252,-0.027108434,0.011450382,-0.007518797,0.036363636,-0.012987013
