"Code","Name","LA_code","LA_name","All","X0to15","X16to29","X30to44","X45to64","X65plus"
"E01021121","Rother 011D","E07000064","Rother",-0.013142174,-0.106741573,0.004672897,0.017777778,-0.004385965,-0.009983361
