"Code","Name","LA_code","LA_name","All","X0to15","X16to29","X30to44","X45to64","X65plus"
"E01021112","Rother 008A","E07000064","Rother",-0.040187542,-0.081730769,0.004347826,-0.100591716,-0.041463415,-0.021008403
