"Code","Name","LA_code","LA_name","All","X0to15","X16to29","X30to44","X45to64","X65plus"
"E01007662","Rotherham 032D","E08000018","Rotherham",0.010456274,-0.045248869,0.038216561,0.036144578,-0.01509434,0.053497942
