"Code","Name","LA_code","LA_name","All","X0to15","X16to29","X30to44","X45to64","X65plus"
"E01007815","Rotherham 026D","E08000018","Rotherham",0.017676768,0.020710059,0.051282051,0.011320755,0.002202643,0.011811024
