"Code","Name","LA_code","LA_name","All","X0to15","X16to29","X30to44","X45to64","X65plus"
"E01007726","Rotherham 019F","E08000018","Rotherham",-0.009596929,0.014619883,0.038626609,-0.023178808,0,-0.076124567
