"Code","Name","LA_code","LA_name","All","X0to15","X16to29","X30to44","X45to64","X65plus"
"E01007701","Rotherham 027D","E08000018","Rotherham",-0.039408867,-0.036036036,-0.055555556,-0.044444444,-0.032407407,-0.032846715
