"Code","Name","LA_code","LA_name","All","X0to15","X16to29","X30to44","X45to64","X65plus"
"E01007746","Rotherham 015F","E08000018","Rotherham",0.002043597,-0.057507987,0.022900763,0.016877637,0.018518519,0.013392857
