"Code","Name","LA_code","LA_name","All","X0to15","X16to29","X30to44","X45to64","X65plus"
"E01007805","Rotherham 011C","E08000018","Rotherham",0.015525759,0.05904059,0.050583658,-0.016194332,0.019607843,-0.035087719
