"Code","Name","LA_code","LA_name","All","X0to15","X16to29","X30to44","X45to64","X65plus"
"E01032927","Rotherham 012F","E08000018","Rotherham",-0.035522788,-0.027863777,-0.026717557,-0.076452599,-0.03562341,0.010695187
