"Code","Name","LA_code","LA_name","All","X0to15","X16to29","X30to44","X45to64","X65plus"
"E01007737","Rotherham 013C","E08000018","Rotherham",0.052434457,0.036093418,0.029498525,0.035616438,0.070512821,0.191304348
