"Code","Name","LA_code","LA_name","All","X0to15","X16to29","X30to44","X45to64","X65plus"
"E01007756","Rotherham 018D","E08000018","Rotherham",0.001398601,-0.023904382,-0.04787234,0.020833333,0.028199566,-0.003448276
