"Code","Name","LA_code","LA_name","All","X0to15","X16to29","X30to44","X45to64","X65plus"
"E01031158","Rugby 008D","E07000220","Rugby",0.001833181,-0.005405405,0.106382979,0,0.047101449,-0.054945055
