"Code","Name","LA_code","LA_name","All","X0to15","X16to29","X30to44","X45to64","X65plus"
"E01031129","Rugby 001B","E07000220","Rugby",0.026678141,-0.015,0.070422535,0.017241379,0.038709677,0.026785714
