"Code","Name","LA_code","LA_name","All","X0to15","X16to29","X30to44","X45to64","X65plus"
"E01031162","Rugby 010B","E07000220","Rugby",0.021396396,0.013071895,0.037656904,-0.006410256,0.034990792,0.021276596
