"Code","Name","LA_code","LA_name","All","X0to15","X16to29","X30to44","X45to64","X65plus"
"E01031181","Rugby 004E","E07000220","Rugby",0.030551009,0.032520325,0.054393305,0.044827586,0.001808318,0.044502618
