"Code","Name","LA_code","LA_name","All","X0to15","X16to29","X30to44","X45to64","X65plus"
"E01031170","Rugby 006D","E07000220","Rugby",0.031416716,0.002881844,0.044117647,0.063451777,0.028571429,0.004524887
