"Code","Name","LA_code","LA_name","All","X0to15","X16to29","X30to44","X45to64","X65plus"
"E01032895","Rugby 007H","E07000220","Rugby",0.010224949,0.01875,0.0456621,0.035335689,-0.010230179,-0.027559055
