"Code","Name","LA_code","LA_name","All","X0to15","X16to29","X30to44","X45to64","X65plus"
"E01031152","Rugby 004B","E07000220","Rugby",-0.020992366,-0.030075188,0,0.006060606,-0.006451613,-0.053291536
