"Code","Name","LA_code","LA_name","All","X0to15","X16to29","X30to44","X45to64","X65plus"
"E01031134","Rugby 011A","E07000220","Rugby",-0.006840796,-0.03255814,-0.012987013,0.050251256,-0.043478261,0.013793103
