"Code","Name","LA_code","LA_name","All","X0to15","X16to29","X30to44","X45to64","X65plus"
"E01031146","Rugby 009D","E07000220","Rugby",-0.014810045,0.006535948,0.00921659,-0.027888446,-0.008108108,-0.041564792
