"Code","Name","LA_code","LA_name","All","X0to15","X16to29","X30to44","X45to64","X65plus"
"E01031153","Rugby 004C","E07000220","Rugby",0.003306878,-0.003095975,0.004672897,0.017605634,-0.044117647,0.06360424
