"Code","Name","LA_code","LA_name","All","X0to15","X16to29","X30to44","X45to64","X65plus"
"E01031154","Rugby 004D","E07000220","Rugby",0.021599533,0.055749129,0,-0.003021148,0.032608696,0.015730337
