"Code","Name","LA_code","LA_name","All","X0to15","X16to29","X30to44","X45to64","X65plus"
"E01031130","Rugby 005A","E07000220","Rugby",0.016022099,-0.00243309,0.042296073,0.028397566,-0.011286682,0.053030303
