"Code","Name","LA_code","LA_name","All","X0to15","X16to29","X30to44","X45to64","X65plus"
"E01032894","Rugby 007G","E07000220","Rugby",0.023842917,0.021865889,0.013422819,0.030664395,-0.00443459,0.136752137
