"Code","Name","LA_code","LA_name","All","X0to15","X16to29","X30to44","X45to64","X65plus"
"E01031144","Rugby 009B","E07000220","Rugby",-0.011664075,-0.051181102,0.020100503,-0.031372549,-0.041791045,0.065843621
