"Code","Name","LA_code","LA_name","All","X0to15","X16to29","X30to44","X45to64","X65plus"
"E01031179","Rugby 010D","E07000220","Rugby",0.086931818,0.032608696,0.158798283,0.088685015,0.097888676,0.077170418
