"Code","Name","LA_code","LA_name","All","X0to15","X16to29","X30to44","X45to64","X65plus"
"E01031171","Rugby 003A","E07000220","Rugby",0.022121015,0.026011561,0.063829787,0.021126761,-0.002320186,0.020746888
