"Code","Name","LA_code","LA_name","All","X0to15","X16to29","X30to44","X45to64","X65plus"
"E01031166","Rugby 012E","E07000220","Rugby",0.011305242,0.026666667,-0.004424779,0.035714286,-0.005617978,0.022727273
