"Code","Name","LA_code","LA_name","All","X0to15","X16to29","X30to44","X45to64","X65plus"
"E01031135","Rugby 011B","E07000220","Rugby",0.017578125,0.061797753,0.074074074,0.046391753,0.022160665,-0.016467066
