"Code","Name","LA_code","LA_name","All","X0to15","X16to29","X30to44","X45to64","X65plus"
"E01031169","Rugby 006C","E07000220","Rugby",0.008884501,-0.026315789,0.032258065,0.025510204,-0.006564551,0.015151515
