"Code","Name","LA_code","LA_name","All","X0to15","X16to29","X30to44","X45to64","X65plus"
"E01031145","Rugby 009C","E07000220","Rugby",0.024836601,-0.056022409,0.017612524,0.171779141,0.022140221,0.065789474
