"Code","Name","LA_code","LA_name","All","X0to15","X16to29","X30to44","X45to64","X65plus"
"E01030656","Runnymede 004A","E07000212","Runnymede",-0.007277138,-0.006389776,-0.027027027,-0.02970297,0.002247191,0.020547945
