"Code","Name","LA_code","LA_name","All","X0to15","X16to29","X30to44","X45to64","X65plus"
"E01030659","Runnymede 006E","E07000212","Runnymede",-0.011844332,-0.020905923,-0.024561404,-0.014044944,-0.004106776,-0.002793296
