"Code","Name","LA_code","LA_name","All","X0to15","X16to29","X30to44","X45to64","X65plus"
"E01030693","Runnymede 010D","E07000212","Runnymede",-0.029827316,-0.021551724,-0.109677419,-0.06,0.005747126,-0.017699115
