"Code","Name","LA_code","LA_name","All","X0to15","X16to29","X30to44","X45to64","X65plus"
"E01030679","Runnymede 008C","E07000212","Runnymede",-0.013646702,0.004310345,0.014778325,-0.019230769,-0.029972752,-0.022653722
