"Code","Name","LA_code","LA_name","All","X0to15","X16to29","X30to44","X45to64","X65plus"
"E01030661","Runnymede 009D","E07000212","Runnymede",-0.02648357,-0.07012987,-0.003508772,-0.025,-0.028301887,-0.005780347
