"Code","Name","LA_code","LA_name","All","X0to15","X16to29","X30to44","X45to64","X65plus"
"E01030696","Runnymede 010G","E07000212","Runnymede",0.000657895,0.032374101,-0.042194093,-0.030837004,0.032019704,-0.010752688
