"Code","Name","LA_code","LA_name","All","X0to15","X16to29","X30to44","X45to64","X65plus"
"E01030662","Runnymede 007G","E07000212","Runnymede",-0.015024038,-0.005390836,-0.008264463,-0.032786885,0.002403846,-0.036363636
