"Code","Name","LA_code","LA_name","All","X0to15","X16to29","X30to44","X45to64","X65plus"
"E01030685","Runnymede 004C","E07000212","Runnymede",-0.017956656,-0.04797048,0.012690355,-0.035714286,0.00913242,-0.061538462
