"Code","Name","LA_code","LA_name","All","X0to15","X16to29","X30to44","X45to64","X65plus"
"E01030658","Runnymede 004B","E07000212","Runnymede",-0.011355571,-0.050847458,-0.064516129,-0.033492823,0.002320186,0.007590133
