"Code","Name","LA_code","LA_name","All","X0to15","X16to29","X30to44","X45to64","X65plus"
"E01030648","Runnymede 007B","E07000212","Runnymede",-0.036130536,-0.028248588,-0.037174721,-0.097421203,-0.03125,0.02027027
