"Code","Name","LA_code","LA_name","All","X0to15","X16to29","X30to44","X45to64","X65plus"
"E01030692","Runnymede 005D","E07000212","Runnymede",0,0.008474576,-0.041420118,0.005464481,0.013661202,-0.003236246
