"Code","Name","LA_code","LA_name","All","X0to15","X16to29","X30to44","X45to64","X65plus"
"E01030690","Runnymede 005B","E07000212","Runnymede",0.007788162,0.063291139,0.011494253,0.002403846,-0.017964072,-0.014164306
