"Code","Name","LA_code","LA_name","All","X0to15","X16to29","X30to44","X45to64","X65plus"
"E01030673","Runnymede 002C","E07000212","Runnymede",0.012871287,0.021276596,-0.035928144,-0.058139535,0.070895522,0.027906977
