"Code","Name","LA_code","LA_name","All","X0to15","X16to29","X30to44","X45to64","X65plus"
"E01030694","Runnymede 010E","E07000212","Runnymede",-0.009298999,-0.007722008,-0.027888446,0.007518797,-0.020942408,0.008333333
