"Code","Name","LA_code","LA_name","All","X0to15","X16to29","X30to44","X45to64","X65plus"
"E01030678","Runnymede 008B","E07000212","Runnymede",-0.043251305,-0.045801527,-0.028846154,-0.056291391,-0.028169014,-0.060747664
