"Code","Name","LA_code","LA_name","All","X0to15","X16to29","X30to44","X45to64","X65plus"
"E01030663","Runnymede 003A","E07000212","Runnymede",-0.017094017,-0.023622047,-0.022508039,-0.007389163,-0.009592326,-0.029166667
