"Code","Name","LA_code","LA_name","All","X0to15","X16to29","X30to44","X45to64","X65plus"
"E01023123","Rushmoor 012D","E07000092","Rushmoor",-0.003270111,0.017361111,0.004149378,0.010840108,-0.002409639,-0.064814815
