"Code","Name","LA_code","LA_name","All","X0to15","X16to29","X30to44","X45to64","X65plus"
"E01023106","Rushmoor 001C","E07000092","Rushmoor",-0.008997429,0.032894737,0.008797654,-0.077464789,-0.033980583,0.041860465
