"Code","Name","LA_code","LA_name","All","X0to15","X16to29","X30to44","X45to64","X65plus"
"E01023112","Rushmoor 004E","E07000092","Rushmoor",0.038714992,0.069387755,-0.025773196,0.023255814,0.016348774,0.153333333
