"Code","Name","LA_code","LA_name","All","X0to15","X16to29","X30to44","X45to64","X65plus"
"E01028358","Rushcliffe 002B","E07000176","Rushcliffe",-0.029186935,-0.076595745,-0.018181818,-0.026923077,-0.01529052,-0.019911504
