"Code","Name","LA_code","LA_name","All","X0to15","X16to29","X30to44","X45to64","X65plus"
"E01023097","Rushmoor 004B","E07000092","Rushmoor",0.008789723,0,-0.02688172,0.00621118,0.036781609,0
