"Code","Name","LA_code","LA_name","All","X0to15","X16to29","X30to44","X45to64","X65plus"
"E01028385","Rushcliffe 004D","E07000176","Rushcliffe",0.007709251,-0.016241299,0.04137931,0,0.022267206,-0.008733624
