"Code","Name","LA_code","LA_name","All","X0to15","X16to29","X30to44","X45to64","X65plus"
"E01023130","Rushmoor 010C","E07000092","Rushmoor",0.017164179,0.08490566,0.02020202,0.041666667,-0.028761062,0.019083969
