"Code","Name","LA_code","LA_name","All","X0to15","X16to29","X30to44","X45to64","X65plus"
"E01023131","Rushmoor 010D","E07000092","Rushmoor",-0.013157895,-0.014705882,-0.027027027,-0.02293578,-0.026315789,0.011933174
