"Code","Name","LA_code","LA_name","All","X0to15","X16to29","X30to44","X45to64","X65plus"
"E01028375","Rushcliffe 006B","E07000176","Rushcliffe",-0.013048017,-0.036866359,0.014285714,-0.027368421,-0.015184382,0.030612245
