"Code","Name","LA_code","LA_name","All","X0to15","X16to29","X30to44","X45to64","X65plus"
"E01023102","Rushmoor 003C","E07000092","Rushmoor",-0.00234192,0.028436019,0.062111801,-0.022222222,-0.052341598,0.02173913
