"Code","Name","LA_code","LA_name","All","X0to15","X16to29","X30to44","X45to64","X65plus"
"E01023093","Rushmoor 005B","E07000092","Rushmoor",-0.007479432,-0.048979592,-0.043715847,0,0.019354839,0.005494505
