"Code","Name","LA_code","LA_name","All","X0to15","X16to29","X30to44","X45to64","X65plus"
"E01023103","Rushmoor 004C","E07000092","Rushmoor",-0.02252816,-0.067164179,-0.034334764,-0.036211699,0.01875,-0.023255814
