"Code","Name","LA_code","LA_name","All","X0to15","X16to29","X30to44","X45to64","X65plus"
"E01028373","Rushcliffe 008B","E07000176","Rushcliffe",0.00204499,-0.003703704,-0.018867925,-0.030973451,0.009803922,0.024752475
