"Code","Name","LA_code","LA_name","All","X0to15","X16to29","X30to44","X45to64","X65plus"
"E01028362","Rushcliffe 002F","E07000176","Rushcliffe",0.01059322,0.006849315,0.040723982,0.015444015,0.016260163,-0.021818182
