"Code","Name","LA_code","LA_name","All","X0to15","X16to29","X30to44","X45to64","X65plus"
"E01028366","Rushcliffe 009A","E07000176","Rushcliffe",-0.016081871,-0.038922156,0.003623188,-0.011494253,-0.003095975,-0.034482759
