"Code","Name","LA_code","LA_name","All","X0to15","X16to29","X30to44","X45to64","X65plus"
"E01028410","Rushcliffe 015E","E07000176","Rushcliffe",0.006116208,0.009756098,0.011695906,-0.027932961,0.020100503,0.002816901
