"Code","Name","LA_code","LA_name","All","X0to15","X16to29","X30to44","X45to64","X65plus"
"E01028372","Rushcliffe 008A","E07000176","Rushcliffe",0.01532567,-0.031578947,0.027027027,0.004098361,0.008219178,0.079847909
