"Code","Name","LA_code","LA_name","All","X0to15","X16to29","X30to44","X45to64","X65plus"
"E01028371","Rushcliffe 001A","E07000176","Rushcliffe",0.001755002,0.015923567,0.01529052,0.003663004,-0.00101833,-0.008823529
