"Code","Name","LA_code","LA_name","All","X0to15","X16to29","X30to44","X45to64","X65plus"
"E01028388","Rushcliffe 015A","E07000176","Rushcliffe",0.020920502,0.04601227,0.029535865,0.02016129,0.012750455,0.003194888
