"Code","Name","LA_code","LA_name","All","X0to15","X16to29","X30to44","X45to64","X65plus"
"E01028389","Rushcliffe 015B","E07000176","Rushcliffe",0.009090909,-0.061674009,-0.029069767,0.077348066,0.020050125,0.019607843
