"Code","Name","LA_code","LA_name","All","X0to15","X16to29","X30to44","X45to64","X65plus"
"E01028381","Rushcliffe 013B","E07000176","Rushcliffe",-0.003915427,-0.012987013,-0.020689655,-0.032786885,0.007556675,0.007537688
