"Code","Name","LA_code","LA_name","All","X0to15","X16to29","X30to44","X45to64","X65plus"
"E01028394","Rushcliffe 003B","E07000176","Rushcliffe",-0.001308044,-0.021367521,0.048387097,0.008928571,-0.002421308,-0.014830508
