"Code","Name","LA_code","LA_name","All","X0to15","X16to29","X30to44","X45to64","X65plus"
"E01028397","Rushcliffe 006E","E07000176","Rushcliffe",0.019417476,0.05026455,-0.036290323,0.041543027,-0.002024291,0.037414966
