"Code","Name","LA_code","LA_name","All","X0to15","X16to29","X30to44","X45to64","X65plus"
"E01023104","Rushmoor 001B","E07000092","Rushmoor",-0.004778973,0.015873016,-0.021406728,-0.041420118,0.013921114,0.007604563
