"Code","Name","LA_code","LA_name","All","X0to15","X16to29","X30to44","X45to64","X65plus"
"E01028413","Rushcliffe 003D","E07000176","Rushcliffe",-0.004694836,0.002808989,0.013392857,0,-0.030769231,0
