"Code","Name","LA_code","LA_name","All","X0to15","X16to29","X30to44","X45to64","X65plus"
"E01023142","Rushmoor 008B","E07000092","Rushmoor",0.01142596,0.006550218,0.028355388,0.007800312,0,0.007905138
