"Code","Name","LA_code","LA_name","All","X0to15","X16to29","X30to44","X45to64","X65plus"
"E01028386","Rushcliffe 004E","E07000176","Rushcliffe",0.028419183,0.064705882,0.030201342,0.035616438,0.001988072,0.016393443
