"Code","Name","LA_code","LA_name","All","X0to15","X16to29","X30to44","X45to64","X65plus"
"E01023100","Rushmoor 003A","E07000092","Rushmoor",-0.004071661,0.018050542,0.009950249,-0.003115265,0.01607717,-0.13559322
