"Code","Name","LA_code","LA_name","All","X0to15","X16to29","X30to44","X45to64","X65plus"
"E01013800","Rutland 002B","E06000017","Rutland",0.003225806,-0.057692308,0.037634409,0.023809524,0.015659955,0
