"Code","Name","LA_code","LA_name","All","X0to15","X16to29","X30to44","X45to64","X65plus"
"E01013789","Rutland 001B","E06000017","Rutland",0.018368846,-0.00617284,0.062992126,0.097701149,0.016806723,-0.016587678
