"Code","Name","LA_code","LA_name","All","X0to15","X16to29","X30to44","X45to64","X65plus"
"E01013788","Rutland 001A","E06000017","Rutland",0.020424509,-0.056265985,0.043678161,0.046181172,0.029772329,0.020484171
