"Code","Name","LA_code","LA_name","All","X0to15","X16to29","X30to44","X45to64","X65plus"
"E01013801","Rutland 002C","E06000017","Rutland",-0.003091721,0.008462623,0.004705882,0.008759124,0.001536098,-0.054421769
