"Code","Name","LA_code","LA_name","All","X0to15","X16to29","X30to44","X45to64","X65plus"
"E01027779","Ryedale 004A","E07000167","Ryedale",-0.012953368,0,-0.012903226,-0.059171598,-0.029100529,0.028985507
