"Code","Name","LA_code","LA_name","All","X0to15","X16to29","X30to44","X45to64","X65plus"
"E01027799","Ryedale 007E","E07000167","Ryedale",0.018002323,0.011627907,0.065934066,-0.004484305,0,0.034623218
