"Code","Name","LA_code","LA_name","All","X0to15","X16to29","X30to44","X45to64","X65plus"
"E01027776","Ryedale 001A","E07000167","Ryedale",-0.001243781,0.004201681,0.017241379,0.010869565,-0.003731343,-0.012605042
