"Code","Name","LA_code","LA_name","All","X0to15","X16to29","X30to44","X45to64","X65plus"
"E01027782","Ryedale 007C","E07000167","Ryedale",0.019596542,0.012711864,0.033707865,0.090452261,0.020168067,-0.009487666
