"Code","Name","LA_code","LA_name","All","X0to15","X16to29","X30to44","X45to64","X65plus"
"E01027784","Ryedale 001D","E07000167","Ryedale",0.042892157,0.036184211,0.038297872,0.089068826,0.03255814,0.033653846
