"Code","Name","LA_code","LA_name","All","X0to15","X16to29","X30to44","X45to64","X65plus"
"E01027796","Ryedale 004B","E07000167","Ryedale",0.005142857,0.013377926,0.005025126,0.028,0.011450382,-0.018828452
