"Code","Name","LA_code","LA_name","All","X0to15","X16to29","X30to44","X45to64","X65plus"
"E01005683","Salford 017C","E08000006","Salford",-0.003667482,-0.01061008,0.013623978,-0.003401361,0.018867925,-0.057268722
