"Code","Name","LA_code","LA_name","All","X0to15","X16to29","X30to44","X45to64","X65plus"
"E01005650","Salford 010C","E08000006","Salford",-0.012138728,-0.043402778,0.01509434,0.015503876,0,-0.015267176
