"Code","Name","LA_code","LA_name","All","X0to15","X16to29","X30to44","X45to64","X65plus"
"E01005701","Salford 015D","E08000006","Salford",-0.006872852,0.012987013,-0.018587361,-0.006309148,0,-0.023498695
