"Code","Name","LA_code","LA_name","All","X0to15","X16to29","X30to44","X45to64","X65plus"
"E01032914","Salford 028H","E08000006","Salford",-0.018250134,-0.045454545,-0.0078125,-0.006546645,-0.052845528,-0.048387097
