"Code","Name","LA_code","LA_name","All","X0to15","X16to29","X30to44","X45to64","X65plus"
"E01005735","Salford 013D","E08000006","Salford",-0.014513788,-0.030651341,-0.029239766,-0.044897959,-0.016990291,0.038062284
