"Code","Name","LA_code","LA_name","All","X0to15","X16to29","X30to44","X45to64","X65plus"
"E01005679","Salford 008D","E08000006","Salford",-0.022235948,-0.017777778,-0.013333333,-0.04719764,0,-0.041666667
