"Code","Name","LA_code","LA_name","All","X0to15","X16to29","X30to44","X45to64","X65plus"
"E01005691","Salford 006C","E08000006","Salford",0.038744155,0.096969697,0.056277056,0.012345679,0.040201005,0.02173913
