"Code","Name","LA_code","LA_name","All","X0to15","X16to29","X30to44","X45to64","X65plus"
"E01005601","Salford 026C","E08000006","Salford",0.006426735,0.032258065,-0.009803922,-0.048109966,0.031700288,0.016666667
