"Code","Name","LA_code","LA_name","All","X0to15","X16to29","X30to44","X45to64","X65plus"
"E01005672","Salford 005B","E08000006","Salford",0.003793627,-0.053719008,0.036290323,0.014184397,0.031746032,-0.041666667
