"Code","Name","LA_code","LA_name","All","X0to15","X16to29","X30to44","X45to64","X65plus"
"E01005624","Salford 017A","E08000006","Salford",-0.016930023,-0.044742729,-0.023738872,-0.032418953,0.010869565,0.03196347
