"Code","Name","LA_code","LA_name","All","X0to15","X16to29","X30to44","X45to64","X65plus"
"E01005635","Salford 020E","E08000006","Salford",0.045836023,-0.016129032,0.049586777,-0.005780347,0.01978022,0.171875
