"Code","Name","LA_code","LA_name","All","X0to15","X16to29","X30to44","X45to64","X65plus"
"E01005640","Salford 029B","E08000006","Salford",-0.006185567,-0.013812155,0,-0.007633588,0.009036145,-0.029069767
