"Code","Name","LA_code","LA_name","All","X0to15","X16to29","X30to44","X45to64","X65plus"
"E01005696","Salford 012D","E08000006","Salford",0.005131495,-0.043613707,0.020746888,0.023188406,0.00968523,0.020920502
