"Code","Name","LA_code","LA_name","All","X0to15","X16to29","X30to44","X45to64","X65plus"
"E01005646","Salford 010A","E08000006","Salford",0.011265739,0.002040816,0.011235955,-0.027027027,0.045936396,0.024291498
