"Code","Name","LA_code","LA_name","All","X0to15","X16to29","X30to44","X45to64","X65plus"
"E01005686","Salford 006A","E08000006","Salford",-0.005148005,-0.021538462,0.022222222,-0.023738872,-0.01971831,0.031531532
