"Code","Name","LA_code","LA_name","All","X0to15","X16to29","X30to44","X45to64","X65plus"
"E01005613","Salford 016D","E08000006","Salford",0.02417154,0.036023055,0.008097166,0.004354136,0.025806452,0.080717489
