"Code","Name","LA_code","LA_name","All","X0to15","X16to29","X30to44","X45to64","X65plus"
"E01005719","Salford 021C","E08000006","Salford",-0.009664059,-0.028268551,0.001494768,-0.008247423,0.018604651,-0.058823529
