"Code","Name","LA_code","LA_name","All","X0to15","X16to29","X30to44","X45to64","X65plus"
"E01005615","Salford 016F","E08000006","Salford",-0.028884026,-0.057453416,-0.016326531,-0.016494845,-0.018575851,-0.020408163
