"Code","Name","LA_code","LA_name","All","X0to15","X16to29","X30to44","X45to64","X65plus"
"E01005732","Salford 025D","E08000006","Salford",0.017721519,0.055813953,0.058823529,0.03652968,-0.031073446,0.004761905
