"Code","Name","LA_code","LA_name","All","X0to15","X16to29","X30to44","X45to64","X65plus"
"E01032906","Salford 022G","E08000006","Salford",0.014492754,-0.023076923,0.00257732,0.0155902,0.037656904,0.14516129
