"Code","Name","LA_code","LA_name","All","X0to15","X16to29","X30to44","X45to64","X65plus"
"E01032687","Salford 022F","E08000006","Salford",-0.0176857,-0.076923077,-0.00543971,0.003546099,-0.068322981,-0.255319149
