"Code","Name","LA_code","LA_name","All","X0to15","X16to29","X30to44","X45to64","X65plus"
"E01005726","Salford 019B","E08000006","Salford",0.004748982,0.070707071,-0.013513514,-0.015923567,-0.007712082,-0.011235955
