"Code","Name","LA_code","LA_name","All","X0to15","X16to29","X30to44","X45to64","X65plus"
"E01005614","Salford 016E","E08000006","Salford",0.030433086,0.051359517,0.030023095,0.006410256,-0.004504505,-0.043103448
