"Code","Name","LA_code","LA_name","All","X0to15","X16to29","X30to44","X45to64","X65plus"
"E01005604","Salford 027B","E08000006","Salford",-0.01126408,0.003095975,-0.039711191,0,-0.0075,-0.019455253
