"Code","Name","LA_code","LA_name","All","X0to15","X16to29","X30to44","X45to64","X65plus"
"E01032684","Salford 022E","E08000006","Salford",0.002684564,0.063583815,-0.014040562,-0.007142857,0.005154639,0.064516129
