"Code","Name","LA_code","LA_name","All","X0to15","X16to29","X30to44","X45to64","X65plus"
"E01005670","Salford 005A","E08000006","Salford",-0.018244014,-0.030985915,0.00974026,-0.041994751,-0.023364486,0.007092199
