"Code","Name","LA_code","LA_name","All","X0to15","X16to29","X30to44","X45to64","X65plus"
"E01005716","Salford 013A","E08000006","Salford",-0.008551881,-0.027027027,0.003508772,-0.003496503,-0.010380623,-0.003236246
