"Code","Name","LA_code","LA_name","All","X0to15","X16to29","X30to44","X45to64","X65plus"
"E01005706","Salford 002C","E08000006","Salford",0.001337793,0.025423729,-0.004081633,-0.042635659,-0.012787724,0.04048583
