"Code","Name","LA_code","LA_name","All","X0to15","X16to29","X30to44","X45to64","X65plus"
"E01005623","Salford 018B","E08000006","Salford",0.003164557,0.054054054,0.023809524,-0.011952191,0.014124294,-0.063063063
