"Code","Name","LA_code","LA_name","All","X0to15","X16to29","X30to44","X45to64","X65plus"
"E01033330","Salford 022K","E08000006","Salford",0.012179487,-0.010928962,0.005167959,0.011737089,0.024154589,0.026666667
