"Code","Name","LA_code","LA_name","All","X0to15","X16to29","X30to44","X45to64","X65plus"
"E01005681","Salford 024C","E08000006","Salford",0.004252734,-0.009433962,-0.003605769,-0.013452915,0.033444816,0.021505376
