"Code","Name","LA_code","LA_name","All","X0to15","X16to29","X30to44","X45to64","X65plus"
"E01005612","Salford 016C","E08000006","Salford",-0.025869759,-0.046511628,-0.013513514,-0.047706422,0.018348624,-0.01875
