"Code","Name","LA_code","LA_name","All","X0to15","X16to29","X30to44","X45to64","X65plus"
"E01005708","Salford 002D","E08000006","Salford",0.010409889,0.059602649,0.017921147,-0.030201342,-0.021108179,0.035842294
