"Code","Name","LA_code","LA_name","All","X0to15","X16to29","X30to44","X45to64","X65plus"
"E01005692","Salford 006D","E08000006","Salford",0.004379562,-0.044052863,0.004716981,0.033457249,-0.007792208,0.032490975
