"Code","Name","LA_code","LA_name","All","X0to15","X16to29","X30to44","X45to64","X65plus"
"E01005712","Salford 007B","E08000006","Salford",-0.0433213,-0.13029316,-0.019607843,-0.016556291,-0.060796646,0.02962963
