"Code","Name","LA_code","LA_name","All","X0to15","X16to29","X30to44","X45to64","X65plus"
"E01005619","Salford 030D","E08000006","Salford",-0.003115265,-0.043137255,0.016666667,0.045833333,0.002915452,-0.04368932
