"Code","Name","LA_code","LA_name","All","X0to15","X16to29","X30to44","X45to64","X65plus"
"E01005688","Salford 006B","E08000006","Salford",0.006108735,0.005970149,-0.003623188,0.005830904,-0.013812155,0.037383178
