"Code","Name","LA_code","LA_name","All","X0to15","X16to29","X30to44","X45to64","X65plus"
"E01005605","Salford 027C","E08000006","Salford",0.02742616,0.084870849,0.053435115,0.005714286,-0.012618297,0.018018018
