"Code","Name","LA_code","LA_name","All","X0to15","X16to29","X30to44","X45to64","X65plus"
"E01005737","Salford 013F","E08000006","Salford",0.008603574,0.0625,-0.018867925,-0.016806723,-0.010060362,0.021276596
