"Code","Name","LA_code","LA_name","All","X0to15","X16to29","X30to44","X45to64","X65plus"
"E01005705","Salford 003B","E08000006","Salford",-0.005644811,0.006302521,-0.021226415,-0.01208981,0.009451796,-0.016949153
