"Code","Name","LA_code","LA_name","All","X0to15","X16to29","X30to44","X45to64","X65plus"
"E01005695","Salford 014A","E08000006","Salford",-0.00984252,-0.024137931,0.033149171,-0.024822695,-0.004454343,-0.01552795
