"Code","Name","LA_code","LA_name","All","X0to15","X16to29","X30to44","X45to64","X65plus"
"E01005637","Salford 020G","E08000006","Salford",-0.019359643,0.016460905,-0.021276596,-0.042207792,0.002762431,-0.05785124
