"Code","Name","LA_code","LA_name","All","X0to15","X16to29","X30to44","X45to64","X65plus"
"E01009992","Sandwell 017B","E08000028","Sandwell",-0.006024096,0.036111111,0,-0.044117647,-0.01146789,-0.013157895
