"Code","Name","LA_code","LA_name","All","X0to15","X16to29","X30to44","X45to64","X65plus"
"E01032592","Sandwell 039F","E08000028","Sandwell",-0.011242271,0,-0.033222591,-0.021943574,-0.023206751,0.021798365
