"Code","Name","LA_code","LA_name","All","X0to15","X16to29","X30to44","X45to64","X65plus"
"E01009980","Sandwell 016D","E08000028","Sandwell",0.012531328,0.038535645,0.006564551,-0.014209591,0.008880995,0.034246575
