"Code","Name","LA_code","LA_name","All","X0to15","X16to29","X30to44","X45to64","X65plus"
"E01009993","Sandwell 017C","E08000028","Sandwell",0.004559271,0.006818182,0.015384615,0.010695187,0.002114165,-0.011049724
