"Code","Name","LA_code","LA_name","All","X0to15","X16to29","X30to44","X45to64","X65plus"
"E01010040","Sandwell 029B","E08000028","Sandwell",0.002169197,0.013215859,-0.025210084,0.015384615,0.010050251,-0.003076923
