"Code","Name","LA_code","LA_name","All","X0to15","X16to29","X30to44","X45to64","X65plus"
"E01009965","Sandwell 004D","E08000028","Sandwell",-0.010026738,-0.040632054,-0.014084507,0.057142857,-0.006369427,-0.064285714
