"Code","Name","LA_code","LA_name","All","X0to15","X16to29","X30to44","X45to64","X65plus"
"E01010078","Sandwell 025D","E08000028","Sandwell",0.013949433,0.060606061,-0.032520325,0.050632911,-0.008310249,0.018766756
