"Code","Name","LA_code","LA_name","All","X0to15","X16to29","X30to44","X45to64","X65plus"
"E01010103","Sandwell 017D","E08000028","Sandwell",0.049014385,0.090909091,0.075566751,0.060324826,0,0.00754717
