"Code","Name","LA_code","LA_name","All","X0to15","X16to29","X30to44","X45to64","X65plus"
"E01009921","Sandwell 034A","E08000028","Sandwell",-0.001694915,-0.005089059,-0.023498695,0.025157233,0.016666667,-0.063694268
