"Code","Name","LA_code","LA_name","All","X0to15","X16to29","X30to44","X45to64","X65plus"
"E01010090","Sandwell 005A","E08000028","Sandwell",-0.006057269,0.002688172,-0.008264463,-0.042895442,-0.022099448,0.043352601
