"Code","Name","LA_code","LA_name","All","X0to15","X16to29","X30to44","X45to64","X65plus"
"E01010039","Sandwell 025A","E08000028","Sandwell",-0.009769714,0.00265252,-0.035573123,0.003205128,-0.007434944,-0.022522523
