"Code","Name","LA_code","LA_name","All","X0to15","X16to29","X30to44","X45to64","X65plus"
"E01009960","Sandwell 003A","E08000028","Sandwell",0.001886792,-0.01994302,-0.007633588,0.021472393,0,0.01984127
