"Code","Name","LA_code","LA_name","All","X0to15","X16to29","X30to44","X45to64","X65plus"
"E01010018","Sandwell 021C","E08000028","Sandwell",-0.010878661,-0.005172414,-0.028017241,-0.004934211,-0.026970954,0.0234375
