"Code","Name","LA_code","LA_name","All","X0to15","X16to29","X30to44","X45to64","X65plus"
"E01009953","Sandwell 038A","E08000028","Sandwell",-0.003464203,0.00974026,0.003558719,0.010899183,0.010869565,-0.060126582
