"Code","Name","LA_code","LA_name","All","X0to15","X16to29","X30to44","X45to64","X65plus"
"E01010095","Sandwell 013C","E08000028","Sandwell",-0.014934289,-0.048837209,0.008982036,0.008333333,0.005571031,-0.062827225
