"Code","Name","LA_code","LA_name","All","X0to15","X16to29","X30to44","X45to64","X65plus"
"E01009956","Sandwell 035D","E08000028","Sandwell",0.005034613,0.055384615,-0.035971223,0.025477707,0.002518892,-0.032727273
