"Code","Name","LA_code","LA_name","All","X0to15","X16to29","X30to44","X45to64","X65plus"
"E01010042","Sandwell 035F","E08000028","Sandwell",-0.01393534,-0.005681818,-0.018575851,-0.00867052,-0.02189781,-0.013812155
