"Code","Name","LA_code","LA_name","All","X0to15","X16to29","X30to44","X45to64","X65plus"
"E01010028","Sandwell 037E","E08000028","Sandwell",0.018530774,0.020833333,0.010830325,0.016339869,0.05,-0.021551724
