"Code","Name","LA_code","LA_name","All","X0to15","X16to29","X30to44","X45to64","X65plus"
"E01010065","Sandwell 026F","E08000028","Sandwell",-0.038451478,-0.010551948,-0.037457435,-0.061147695,-0.040307102,-0.119047619
