"Code","Name","LA_code","LA_name","All","X0to15","X16to29","X30to44","X45to64","X65plus"
"E01009952","Sandwell 035B","E08000028","Sandwell",-0.006246997,0.013207547,-0.016786571,0.008230453,-0.032183908,-0.014084507
