"Code","Name","LA_code","LA_name","All","X0to15","X16to29","X30to44","X45to64","X65plus"
"E01009983","Sandwell 009B","E08000028","Sandwell",-0.016183412,-0.036363636,0,-0.038194444,0.026315789,-0.046610169
