"Code","Name","LA_code","LA_name","All","X0to15","X16to29","X30to44","X45to64","X65plus"
"E01010102","Sandwell 020C","E08000028","Sandwell",0.010680157,0.030150754,0.020979021,-0.002427184,0,0.007518797
