"Code","Name","LA_code","LA_name","All","X0to15","X16to29","X30to44","X45to64","X65plus"
"E01010056","Sandwell 028C","E08000028","Sandwell",-0.010777085,0.007371007,-0.014492754,-0.00955414,0.011990408,-0.067857143
