"Code","Name","LA_code","LA_name","All","X0to15","X16to29","X30to44","X45to64","X65plus"
"E01010049","Sandwell 023D","E08000028","Sandwell",0.005211349,-0.031862745,0.056213018,0.005291005,0.007772021,-0.00921659
