"Code","Name","LA_code","LA_name","All","X0to15","X16to29","X30to44","X45to64","X65plus"
"E01010055","Sandwell 028B","E08000028","Sandwell",0.008733624,0.042718447,0.022727273,-0.02504817,0.006024096,-0.012658228
