"Code","Name","LA_code","LA_name","All","X0to15","X16to29","X30to44","X45to64","X65plus"
"E01009962","Sandwell 004A","E08000028","Sandwell",0.002276176,-0.006578947,-0.016129032,-0.03125,0.027173913,0.034482759
