"Code","Name","LA_code","LA_name","All","X0to15","X16to29","X30to44","X45to64","X65plus"
"E01010014","Sandwell 012D","E08000028","Sandwell",-0.001879699,-0.011320755,0.004504505,-0.012345679,0.017241379,-0.01055409
