"Code","Name","LA_code","LA_name","All","X0to15","X16to29","X30to44","X45to64","X65plus"
"E01010061","Sandwell 026B","E08000028","Sandwell",0.019639066,0.039426523,-0.012631579,0.00968523,0.015923567,0.096774194
