"Code","Name","LA_code","LA_name","All","X0to15","X16to29","X30to44","X45to64","X65plus"
"E01010053","Sandwell 023G","E08000028","Sandwell",-0.023096664,-0.025751073,-0.018552876,-0.031481481,-0.024861878,0
