"Code","Name","LA_code","LA_name","All","X0to15","X16to29","X30to44","X45to64","X65plus"
"E01010000","Sandwell 030A","E08000028","Sandwell",-0.059537572,-0.07073955,-0.054474708,-0.011904762,-0.053941909,-0.10755814
