"Code","Name","LA_code","LA_name","All","X0to15","X16to29","X30to44","X45to64","X65plus"
"E01009949","Sandwell 039C","E08000028","Sandwell",0.010197578,0.013157895,-0.011173184,-0.015974441,0.007518797,0.042780749
