"Code","Name","LA_code","LA_name","All","X0to15","X16to29","X30to44","X45to64","X65plus"
"E01010009","Sandwell 012B","E08000028","Sandwell",0.015320334,0.064220183,-0.027027027,0.022641509,0.011142061,-0.008849558
