"Code","Name","LA_code","LA_name","All","X0to15","X16to29","X30to44","X45to64","X65plus"
"E01010068","Sandwell 015C","E08000028","Sandwell",0.012396694,0.005813953,-0.003649635,-0.005747126,0.035532995,0.023952096
