"Code","Name","LA_code","LA_name","All","X0to15","X16to29","X30to44","X45to64","X65plus"
"E01009982","Sandwell 009A","E08000028","Sandwell",0.00464499,0.010126582,0.02739726,0.014545455,-0.013157895,-0.024242424
