"Code","Name","LA_code","LA_name","All","X0to15","X16to29","X30to44","X45to64","X65plus"
"E01009939","Sandwell 032B","E08000028","Sandwell",0.019977169,0.053072626,-0.017361111,0.036931818,0.034802784,-0.021671827
