"Code","Name","LA_code","LA_name","All","X0to15","X16to29","X30to44","X45to64","X65plus"
"E01009973","Sandwell 002D","E08000028","Sandwell",-0.000411523,-0.006622517,0.015765766,0.009242144,0.001620746,-0.044642857
