"Code","Name","LA_code","LA_name","All","X0to15","X16to29","X30to44","X45to64","X65plus"
"E01010035","Sandwell 007C","E08000028","Sandwell",0.030395137,0.046511628,0.033112583,0.12745098,0.005235602,-0.002457002
