"Code","Name","LA_code","LA_name","All","X0to15","X16to29","X30to44","X45to64","X65plus"
"E01010046","Sandwell 023A","E08000028","Sandwell",0.007797271,-0.008038585,-0.002212389,0.005736138,0.012383901,0.113636364
