"Code","Name","LA_code","LA_name","All","X0to15","X16to29","X30to44","X45to64","X65plus"
"E01010084","Sandwell 022G","E08000028","Sandwell",-0.020506634,-0.054585153,-0.021341463,0,-0.018867925,0.019323671
