"Code","Name","LA_code","LA_name","All","X0to15","X16to29","X30to44","X45to64","X65plus"
"E01010060","Sandwell 028E","E08000028","Sandwell",-0.015303682,-0.013307985,-0.012958963,-0.00990099,-0.026570048,-0.016393443
