"Code","Name","LA_code","LA_name","All","X0to15","X16to29","X30to44","X45to64","X65plus"
"E01010006","Sandwell 030E","E08000028","Sandwell",0.000590319,-0.018461538,-0.006006006,-0.027681661,-0.01910828,0.094202899
