"Code","Name","LA_code","LA_name","All","X0to15","X16to29","X30to44","X45to64","X65plus"
"E01010037","Sandwell 009D","E08000028","Sandwell",0.005962521,-0.027777778,-0.009389671,-0.004081633,-0.013452915,0.172932331
