"Code","Name","LA_code","LA_name","All","X0to15","X16to29","X30to44","X45to64","X65plus"
"E01010107","Sandwell 020D","E08000028","Sandwell",-0.000545852,-0.010416667,0,-0.002457002,-0.009546539,0.054545455
