"Code","Name","LA_code","LA_name","All","X0to15","X16to29","X30to44","X45to64","X65plus"
"E01027874","Scarborough 007D","E07000168","Scarborough",-0.008348241,0.015065913,0.006289308,-0.074204947,0.014367816,-0.040609137
