"Code","Name","LA_code","LA_name","All","X0to15","X16to29","X30to44","X45to64","X65plus"
"E01027865","Scarborough 003C","E07000168","Scarborough",0.010914052,-0.033333333,0.011494253,0.03286385,0.027837259,0
