"Code","Name","LA_code","LA_name","All","X0to15","X16to29","X30to44","X45to64","X65plus"
"E01027852","Scarborough 010B","E07000168","Scarborough",0.037589112,0.245283019,0.011396011,0.026022305,0.029978587,0.02
