"Code","Name","LA_code","LA_name","All","X0to15","X16to29","X30to44","X45to64","X65plus"
"E01027840","Scarborough 002C","E07000168","Scarborough",-0.009125841,0.006993007,-0.013513514,-0.035294118,-0.007861635,-0.004926108
