"Code","Name","LA_code","LA_name","All","X0to15","X16to29","X30to44","X45to64","X65plus"
"E01027846","Scarborough 006C","E07000168","Scarborough",-0.012651265,-0.00802139,-0.014534884,-0.012121212,0.004040404,-0.047272727
