"Code","Name","LA_code","LA_name","All","X0to15","X16to29","X30to44","X45to64","X65plus"
"E01027828","Scarborough 014B","E07000168","Scarborough",0.005416051,0.020338983,0.036866359,0.061904762,-0.009259259,-0.014304291
