"Code","Name","LA_code","LA_name","All","X0to15","X16to29","X30to44","X45to64","X65plus"
"E01027866","Scarborough 003D","E07000168","Scarborough",-0.015757576,-0.023255814,0.051851852,-0.0625,0.008602151,-0.058823529
