"Code","Name","LA_code","LA_name","All","X0to15","X16to29","X30to44","X45to64","X65plus"
"E01027873","Scarborough 009F","E07000168","Scarborough",0.032033426,0.08,0.164383562,0.005128205,0.011135857,0
