"Code","Name","LA_code","LA_name","All","X0to15","X16to29","X30to44","X45to64","X65plus"
"E01027811","Scarborough 008B","E07000168","Scarborough",0.010161387,0.009111617,0.006116208,0.011204482,0.043956044,-0.048387097
