"Code","Name","LA_code","LA_name","All","X0to15","X16to29","X30to44","X45to64","X65plus"
"E01027863","Scarborough 009E","E07000168","Scarborough",-0.00353857,0.050314465,0.06,-0.076923077,-0.002392344,-0.016981132
