"Code","Name","LA_code","LA_name","All","X0to15","X16to29","X30to44","X45to64","X65plus"
"E01027805","Scarborough 006A","E07000168","Scarborough",0.006811989,-0.054298643,-0.005128205,0.046218487,-0.010460251,0.050595238
