"Code","Name","LA_code","LA_name","All","X0to15","X16to29","X30to44","X45to64","X65plus"
"E01027809","Scarborough 011C","E07000168","Scarborough",0.023809524,0.038834951,0,-0.060150376,0.028795812,0.044989775
