"Code","Name","LA_code","LA_name","All","X0to15","X16to29","X30to44","X45to64","X65plus"
"E01027851","Scarborough 008D","E07000168","Scarborough",-0.004814305,-0.029520295,-0.012711864,0.065891473,-0.002298851,-0.047244094
