"Code","Name","LA_code","LA_name","All","X0to15","X16to29","X30to44","X45to64","X65plus"
"E01027858","Scarborough 012D","E07000168","Scarborough",-0.031272727,-0.09178744,-0.028368794,-0.03,-0.050632911,0.013888889
