"Code","Name","LA_code","LA_name","All","X0to15","X16to29","X30to44","X45to64","X65plus"
"E01027859","Scarborough 013D","E07000168","Scarborough",0.002337814,0,0.014492754,0.032258065,-0.009025271,-0.00462963
