"Code","Name","LA_code","LA_name","All","X0to15","X16to29","X30to44","X45to64","X65plus"
"E01027855","Scarborough 005E","E07000168","Scarborough",0.055957867,0.048888889,-0.006493506,0.073684211,0.059734513,0.068273092
