"Code","Name","LA_code","LA_name","All","X0to15","X16to29","X30to44","X45to64","X65plus"
"E01027829","Scarborough 014C","E07000168","Scarborough",0.009393064,0.03,0.092783505,0.019230769,-0.016260163,0.007002801
