"Code","Name","LA_code","LA_name","All","X0to15","X16to29","X30to44","X45to64","X65plus"
"E01027820","Scarborough 012C","E07000168","Scarborough",0.036093418,0.03125,0.063670412,0.029411765,0.012903226,0.060810811
