"Code","Name","LA_code","LA_name","All","X0to15","X16to29","X30to44","X45to64","X65plus"
"E01027839","Scarborough 001B","E07000168","Scarborough",0.022783251,0.025089606,0.017241379,0.035294118,0.017167382,0.022959184
