"Code","Name","LA_code","LA_name","All","X0to15","X16to29","X30to44","X45to64","X65plus"
"E01027836","Scarborough 004E","E07000168","Scarborough",0.009385265,0,0.012195122,0.025547445,0.010590015,0.004594181
