"Code","Name","LA_code","LA_name","All","X0to15","X16to29","X30to44","X45to64","X65plus"
"E01029150","Sedgemoor 012E","E07000188","Sedgemoor",0.007501875,-0.038043478,0.055555556,0.073333333,0.010683761,-0.021680217
