"Code","Name","LA_code","LA_name","All","X0to15","X16to29","X30to44","X45to64","X65plus"
"E01029136","Sedgemoor 006B","E07000188","Sedgemoor",0.018509729,0,0.012944984,0.030716724,0.023547881,0.022088353
