"Code","Name","LA_code","LA_name","All","X0to15","X16to29","X30to44","X45to64","X65plus"
"E01029127","Sedgemoor 001C","E07000188","Sedgemoor",0.026850033,0.061611374,0.004739336,0.074468085,0.038277512,-0.006012024
