"Code","Name","LA_code","LA_name","All","X0to15","X16to29","X30to44","X45to64","X65plus"
"E01032634","Sedgemoor 011G","E07000188","Sedgemoor",0.003120125,0.08040201,-0.006493506,-0.022727273,0.015544041,-0.035422343
