"Code","Name","LA_code","LA_name","All","X0to15","X16to29","X30to44","X45to64","X65plus"
"E01029124","Sedgemoor 007D","E07000188","Sedgemoor",0.00945495,0.017064846,-0.005649718,-0.004291845,0.009140768,0.016423358
