"Code","Name","LA_code","LA_name","All","X0to15","X16to29","X30to44","X45to64","X65plus"
"E01029151","Sedgemoor 012F","E07000188","Sedgemoor",-0.00074239,0.038216561,-0.081632653,-0.030674847,0.020737327,0.002242152
