"Code","Name","LA_code","LA_name","All","X0to15","X16to29","X30to44","X45to64","X65plus"
"E01029114","Sedgemoor 004A","E07000188","Sedgemoor",0.008026756,0.089430894,0,0.014184397,0.007853403,-0.005532503
