"Code","Name","LA_code","LA_name","All","X0to15","X16to29","X30to44","X45to64","X65plus"
"E01029095","Sedgemoor 009B","E07000188","Sedgemoor",-0.004134672,0.013029316,0.002564103,-0.016085791,-0.013262599,-0.004065041
