"Code","Name","LA_code","LA_name","All","X0to15","X16to29","X30to44","X45to64","X65plus"
"E01029143","Sedgemoor 014D","E07000188","Sedgemoor",0.0078125,0.008403361,0.021621622,-0.024390244,0.030150754,-0.005235602
