"Code","Name","LA_code","LA_name","All","X0to15","X16to29","X30to44","X45to64","X65plus"
"E01029103","Sedgemoor 011B","E07000188","Sedgemoor",0.032959789,0.009756098,0.073446328,0.024752475,0.046341463,0.021032505
