"Code","Name","LA_code","LA_name","All","X0to15","X16to29","X30to44","X45to64","X65plus"
"E01029152","Sedgemoor 006D","E07000188","Sedgemoor",0.015682657,0.052941176,-0.003717472,0,0.007587253,0.019736842
