"Code","Name","LA_code","LA_name","All","X0to15","X16to29","X30to44","X45to64","X65plus"
"E01029097","Sedgemoor 013A","E07000188","Sedgemoor",-0.011863224,-0.019662921,-0.025547445,0.003846154,-0.016759777,0.010810811
