"Code","Name","LA_code","LA_name","All","X0to15","X16to29","X30to44","X45to64","X65plus"
"E01032633","Sedgemoor 002G","E07000188","Sedgemoor",-0.014253898,0.046413502,0.031128405,-0.018726592,-0.016830295,-0.044098573
