"Code","Name","LA_code","LA_name","All","X0to15","X16to29","X30to44","X45to64","X65plus"
"E01029142","Sedgemoor 014C","E07000188","Sedgemoor",0.010087424,0.003875969,0.034090909,0.013043478,-0.025316456,0.035046729
