"Code","Name","LA_code","LA_name","All","X0to15","X16to29","X30to44","X45to64","X65plus"
"E01029144","Sedgemoor 014E","E07000188","Sedgemoor",0.032867707,0.005291005,0.073170732,0,0.01891253,0.06462585
