"Code","Name","LA_code","LA_name","All","X0to15","X16to29","X30to44","X45to64","X65plus"
"E01029130","Sedgemoor 012A","E07000188","Sedgemoor",0.001897533,0.021875,0,0.032258065,-0.010014306,-0.006884682
