"Code","Name","LA_code","LA_name","All","X0to15","X16to29","X30to44","X45to64","X65plus"
"E01029121","Sedgemoor 007A","E07000188","Sedgemoor",-0.029552716,-0.00621118,-0.029411765,-0.042424242,-0.022026432,-0.044642857
