"Code","Name","LA_code","LA_name","All","X0to15","X16to29","X30to44","X45to64","X65plus"
"E01029110","Sedgemoor 009C","E07000188","Sedgemoor",-0.073730684,-0.113006397,-0.036324786,-0.118503119,-0.057894737,-0.025270758
