"Code","Name","LA_code","LA_name","All","X0to15","X16to29","X30to44","X45to64","X65plus"
"E01006995","Sefton 008A","E08000014","Sefton",-0.126021798,-0.17,-0.114893617,-0.105042017,-0.089655172,-0.165384615
