"Code","Name","LA_code","LA_name","All","X0to15","X16to29","X30to44","X45to64","X65plus"
"E01006937","Sefton 022B","E08000014","Sefton",0.014948859,0.044,0.035714286,-0.028735632,0.01891253,-0.00390625
