"Code","Name","LA_code","LA_name","All","X0to15","X16to29","X30to44","X45to64","X65plus"
"E01006931","Sefton 010C","E08000014","Sefton",-0.012242268,0.026315789,-0.008368201,-0.025974026,-0.012987013,-0.033898305
