"Code","Name","LA_code","LA_name","All","X0to15","X16to29","X30to44","X45to64","X65plus"
"E01007081","Sefton 014D","E08000014","Sefton",0.080808081,0.041666667,0.053254438,0.043243243,0.078378378,0.11599297
