"Code","Name","LA_code","LA_name","All","X0to15","X16to29","X30to44","X45to64","X65plus"
"E01007006","Sefton 036C","E08000014","Sefton",0.004216444,-0.01897019,0,0.027667984,0.012820513,0.010362694
