"Code","Name","LA_code","LA_name","All","X0to15","X16to29","X30to44","X45to64","X65plus"
"E01006944","Sefton 003A","E08000014","Sefton",0.016509434,0.00862069,-0.006060606,-0.037735849,0.044736842,0.019406393
