"Code","Name","LA_code","LA_name","All","X0to15","X16to29","X30to44","X45to64","X65plus"
"E01006935","Sefton 009B","E08000014","Sefton",-0.030555556,-0.045801527,-0.038461538,-0.020905923,-0.024793388,-0.022857143
