"Code","Name","LA_code","LA_name","All","X0to15","X16to29","X30to44","X45to64","X65plus"
"E01006959","Sefton 032D","E08000014","Sefton",-0.005867014,-0.036144578,0.010989011,0.0078125,0,-0.015384615
