"Code","Name","LA_code","LA_name","All","X0to15","X16to29","X30to44","X45to64","X65plus"
"E01007098","Sefton 019C","E08000014","Sefton",-0.003513703,-0.023809524,0.018404908,0.023668639,-0.018018018,0.00228833
