"Code","Name","LA_code","LA_name","All","X0to15","X16to29","X30to44","X45to64","X65plus"
"E01006927","Sefton 011D","E08000014","Sefton",0.011111111,-0.007272727,0.026666667,-0.009174312,0.00952381,0.025695931
