"Code","Name","LA_code","LA_name","All","X0to15","X16to29","X30to44","X45to64","X65plus"
"E01007000","Sefton 008D","E08000014","Sefton",-0.003046458,-0.019354839,-0.014634146,0.014354067,0.002544529,0.005102041
