"Code","Name","LA_code","LA_name","All","X0to15","X16to29","X30to44","X45to64","X65plus"
"E01007060","Sefton 006C","E08000014","Sefton",0.015068493,0.04290429,-0.019417476,0.022222222,0.02184466,-0.007434944
