"Code","Name","LA_code","LA_name","All","X0to15","X16to29","X30to44","X45to64","X65plus"
"E01006942","Sefton 028B","E08000014","Sefton",0.004992867,0.031818182,0.008695652,-0.011111111,-0.00886918,0.021645022
