"Code","Name","LA_code","LA_name","All","X0to15","X16to29","X30to44","X45to64","X65plus"
"E01007066","Sefton 020B","E08000014","Sefton",0.004691689,-0.013468013,-0.004201681,-0.027027027,0.025522042,0.029962547
