"Code","Name","LA_code","LA_name","All","X0to15","X16to29","X30to44","X45to64","X65plus"
"E01007017","Sefton 034E","E08000014","Sefton",-0.012635379,-0.002754821,0.018018018,0.036697248,-0.052505967,-0.072727273
