"Code","Name","LA_code","LA_name","All","X0to15","X16to29","X30to44","X45to64","X65plus"
"E01007020","Sefton 021A","E08000014","Sefton",0.001408451,0.007633588,0.024911032,-0.005154639,0.002192982,-0.030837004
