"Code","Name","LA_code","LA_name","All","X0to15","X16to29","X30to44","X45to64","X65plus"
"E01007012","Sefton 036D","E08000014","Sefton",-0.038827839,-0.048275862,-0.011811024,-0.028571429,-0.064516129,-0.03030303
