"Code","Name","LA_code","LA_name","All","X0to15","X16to29","X30to44","X45to64","X65plus"
"E01007056","Sefton 005B","E08000014","Sefton",-0.007142857,0.037234043,0.010869565,-0.047619048,0,-0.053061224
