"Code","Name","LA_code","LA_name","All","X0to15","X16to29","X30to44","X45to64","X65plus"
"E01007109","Sefton 028E","E08000014","Sefton",-0.01285347,0.003246753,-0.013333333,-0.014035088,-0.016771488,-0.022988506
