"Code","Name","LA_code","LA_name","All","X0to15","X16to29","X30to44","X45to64","X65plus"
"E01007065","Sefton 020A","E08000014","Sefton",-0.01459854,-0.014760148,0.034313725,-0.007272727,-0.018617021,-0.057377049
