"Code","Name","LA_code","LA_name","All","X0to15","X16to29","X30to44","X45to64","X65plus"
"E01006945","Sefton 004A","E08000014","Sefton",-0.012148338,-0.077777778,-0.037037037,0.012987013,-0.020408163,0.015296367
