"Code","Name","LA_code","LA_name","All","X0to15","X16to29","X30to44","X45to64","X65plus"
"E01007048","Sefton 029A","E08000014","Sefton",0.014145141,0.009302326,0.035714286,-0.015243902,0.00257732,0.076388889
