"Code","Name","LA_code","LA_name","All","X0to15","X16to29","X30to44","X45to64","X65plus"
"E01006940","Sefton 022E","E08000014","Sefton",-0.00611413,-0.075892857,0,0,0.011210762,0.007751938
