"Code","Name","LA_code","LA_name","All","X0to15","X16to29","X30to44","X45to64","X65plus"
"E01006973","Sefton 009E","E08000014","Sefton",0.015318627,0.03164557,0.089473684,0,0.021582734,-0.008474576
