"Code","Name","LA_code","LA_name","All","X0to15","X16to29","X30to44","X45to64","X65plus"
"E01007072","Sefton 020D","E08000014","Sefton",0.005563282,0.006535948,-0.005747126,-0.033112583,-0.009852217,0.030685921
