"Code","Name","LA_code","LA_name","All","X0to15","X16to29","X30to44","X45to64","X65plus"
"E01006941","Sefton 028A","E08000014","Sefton",0.006798517,-0.02734375,0.004166667,0,0.010799136,0.030848329
