"Code","Name","LA_code","LA_name","All","X0to15","X16to29","X30to44","X45to64","X65plus"
"E01006957","Sefton 032C","E08000014","Sefton",-0.015758372,0.012048193,-0.021645022,-0.018726592,-0.003960396,-0.039548023
