"Code","Name","LA_code","LA_name","All","X0to15","X16to29","X30to44","X45to64","X65plus"
"E01007089","Sefton 024E","E08000014","Sefton",-0.008639309,0.075812274,0.058823529,-0.011583012,-0.055408971,-0.077777778
