"Code","Name","LA_code","LA_name","All","X0to15","X16to29","X30to44","X45to64","X65plus"
"E01006938","Sefton 022C","E08000014","Sefton",-0.016286645,-0.006756757,0.019047619,0.029411765,-0.010723861,-0.045064378
