"Code","Name","LA_code","LA_name","All","X0to15","X16to29","X30to44","X45to64","X65plus"
"E01007022","Sefton 021B","E08000014","Sefton",0.002855103,0.053278689,0.01010101,0.070707071,-0.036876356,-0.026666667
