"Code","Name","LA_code","LA_name","All","X0to15","X16to29","X30to44","X45to64","X65plus"
"E01007074","Sefton 019A","E08000014","Sefton",-0.008344924,-0.069672131,0.027522936,0.042253521,0.002183406,-0.036065574
