"Code","Name","LA_code","LA_name","All","X0to15","X16to29","X30to44","X45to64","X65plus"
"E01007107","Sefton 025E","E08000014","Sefton",0.046511628,0.086580087,0.032258065,0.070351759,0.034229829,0.022641509
