"Code","Name","LA_code","LA_name","All","X0to15","X16to29","X30to44","X45to64","X65plus"
"E01007036","Sefton 001E","E08000014","Sefton",0.032076985,-0.059139785,0.097902098,0.027173913,0.035230352,0.052054795
