"Code","Name","LA_code","LA_name","All","X0to15","X16to29","X30to44","X45to64","X65plus"
"E01007054","Sefton 029B","E08000014","Sefton",0.008035062,0.074074074,-0.02892562,-0.054298643,-0.002624672,0.046099291
