"Code","Name","LA_code","LA_name","All","X0to15","X16to29","X30to44","X45to64","X65plus"
"E01007042","Sefton 026C","E08000014","Sefton",0.00974026,0.005050505,0.036458333,-0.010362694,0.005555556,0.01384083
