"Code","Name","LA_code","LA_name","All","X0to15","X16to29","X30to44","X45to64","X65plus"
"E01007071","Sefton 020C","E08000014","Sefton",-0.026337449,-0.005882353,-0.067708333,-0.069620253,0.012690355,-0.03986711
