"Code","Name","LA_code","LA_name","All","X0to15","X16to29","X30to44","X45to64","X65plus"
"E01007040","Sefton 026B","E08000014","Sefton",-0.030004478,-0.040697674,-0.041474654,-0.008230453,-0.012326656,-0.071875
