"Code","Name","LA_code","LA_name","All","X0to15","X16to29","X30to44","X45to64","X65plus"
"E01007013","Sefton 036E","E08000014","Sefton",0.00530856,-0.00802139,0.014184397,0.003164557,0.01396648,0.005649718
