"Code","Name","LA_code","LA_name","All","X0to15","X16to29","X30to44","X45to64","X65plus"
"E01006966","Sefton 038F","E08000014","Sefton",-0.044179104,-0.053291536,-0.031791908,-0.018292683,-0.042755344,-0.084291188
