"Code","Name","LA_code","LA_name","All","X0to15","X16to29","X30to44","X45to64","X65plus"
"E01006955","Sefton 030A","E08000014","Sefton",-0.017758726,-0.039660057,0.046332046,-0.021538462,-0.052516411,0.016736402
