"Code","Name","LA_code","LA_name","All","X0to15","X16to29","X30to44","X45to64","X65plus"
"E01007026","Sefton 024D","E08000014","Sefton",0.014542344,0.004854369,0,-0.005235602,0.055865922,-0.013043478
