"Code","Name","LA_code","LA_name","All","X0to15","X16to29","X30to44","X45to64","X65plus"
"E01033094","Sefton 004F","E08000014","Sefton",-0.008255934,-0.102272727,-0.006849315,-0.048648649,-0.02994012,0.097222222
