"Code","Name","LA_code","LA_name","All","X0to15","X16to29","X30to44","X45to64","X65plus"
"E01007082","Sefton 016D","E08000014","Sefton",-0.050438596,-0.036036036,-0.005494505,-0.071770335,-0.008426966,-0.105263158
