"Code","Name","LA_code","LA_name","All","X0to15","X16to29","X30to44","X45to64","X65plus"
"E01006947","Sefton 002A","E08000014","Sefton",0.010806916,0.005291005,-0.042168675,0.035928144,0.008888889,0.026442308
