"Code","Name","LA_code","LA_name","All","X0to15","X16to29","X30to44","X45to64","X65plus"
"E01006926","Sefton 012D","E08000014","Sefton",0.00486618,-0.005208333,-0.032051282,0.033519553,-0.004098361,0.015898251
