"Code","Name","LA_code","LA_name","All","X0to15","X16to29","X30to44","X45to64","X65plus"
"E01007088","Sefton 029D","E08000014","Sefton",-0.000788644,-0.061320755,-0.011811024,0.019230769,0.027777778,0
