"Code","Name","LA_code","LA_name","All","X0to15","X16to29","X30to44","X45to64","X65plus"
"E01007102","Sefton 030D","E08000014","Sefton",0.019505852,-0.018808777,0.007662835,0.023952096,0.018561485,0.093264249
