"Code","Name","LA_code","LA_name","All","X0to15","X16to29","X30to44","X45to64","X65plus"
"E01007023","Sefton 021C","E08000014","Sefton",0.015175719,0.038251366,0.056179775,0.046357616,-0.004950495,-0.008928571
