"Code","Name","LA_code","LA_name","All","X0to15","X16to29","X30to44","X45to64","X65plus"
"E01006983","Sefton 031D","E08000014","Sefton",0.01536643,0.038043478,0.029962547,-0.008474576,0.002155172,0.025104603
