"Code","Name","LA_code","LA_name","All","X0to15","X16to29","X30to44","X45to64","X65plus"
"E01006933","Sefton 010E","E08000014","Sefton",0.032876712,0.015015015,0.030456853,0.028169014,0.060913706,0.01984127
