"Code","Name","LA_code","LA_name","All","X0to15","X16to29","X30to44","X45to64","X65plus"
"E01006985","Sefton 013A","E08000014","Sefton",0.022237665,0.055299539,0.010638298,0.053571429,-0.002232143,0.023923445
