"Code","Name","LA_code","LA_name","All","X0to15","X16to29","X30to44","X45to64","X65plus"
"E01007092","Sefton 023E","E08000014","Sefton",0.017806935,0.030172414,0.054878049,0.038251366,0.010989011,-0.03255814
