"Code","Name","LA_code","LA_name","All","X0to15","X16to29","X30to44","X45to64","X65plus"
"E01006934","Sefton 007A","E08000014","Sefton",0.021094265,0.030075188,0.007936508,0.011583012,0.035087719,0.01056338
