"Code","Name","LA_code","LA_name","All","X0to15","X16to29","X30to44","X45to64","X65plus"
"E01007030","Sefton 001D","E08000014","Sefton",0.000658762,0.061538462,-0.016326531,-0.027972028,0.018372703,-0.049822064
