"Code","Name","LA_code","LA_name","All","X0to15","X16to29","X30to44","X45to64","X65plus"
"E01007080","Sefton 014C","E08000014","Sefton",-0.017053206,-0.030769231,-0.005988024,0.016949153,-0.032663317,-0.017283951
