"Code","Name","LA_code","LA_name","All","X0to15","X16to29","X30to44","X45to64","X65plus"
"E01006954","Sefton 028C","E08000014","Sefton",0.010450686,-0.009708738,0.049382716,0,0.011605416,0
