"Code","Name","LA_code","LA_name","All","X0to15","X16to29","X30to44","X45to64","X65plus"
"E01007037","Sefton 021E","E08000014","Sefton",0.006565988,0.036082474,0.005,0.004672897,0.00204499,0
