"Code","Name","LA_code","LA_name","All","X0to15","X16to29","X30to44","X45to64","X65plus"
"E01007043","Sefton 027B","E08000014","Sefton",-0.008689356,0.08045977,-0.032608696,-0.024154589,0.00255102,-0.037735849
