"Code","Name","LA_code","LA_name","All","X0to15","X16to29","X30to44","X45to64","X65plus"
"E01007027","Sefton 021D","E08000014","Sefton",0.01298027,-0.004484305,-0.008695652,0.030769231,0.024147727,0.008710801
