"Code","Name","LA_code","LA_name","All","X0to15","X16to29","X30to44","X45to64","X65plus"
"E01027916","Selby 004D","E07000169","Selby",-0.002539683,0.038869258,-0.039735099,0.014285714,0.004705882,-0.031578947
