"Code","Name","LA_code","LA_name","All","X0to15","X16to29","X30to44","X45to64","X65plus"
"E01027901","Selby 003D","E07000169","Selby",0.000593824,-0.016129032,-0.023391813,-0.025723473,0.005976096,0.038461538
