"Code","Name","LA_code","LA_name","All","X0to15","X16to29","X30to44","X45to64","X65plus"
"E01027922","Selby 001E","E07000169","Selby",0.046420582,0.018404908,0.076923077,0.052419355,0.058721934,0.032786885
