"Code","Name","LA_code","LA_name","All","X0to15","X16to29","X30to44","X45to64","X65plus"
"E01027920","Selby 001C","E07000169","Selby",-0.005977797,0.005780347,-0.026595745,-0.033333333,0.015503876,-0.012345679
