"Code","Name","LA_code","LA_name","All","X0to15","X16to29","X30to44","X45to64","X65plus"
"E01027911","Selby 006C","E07000169","Selby",0.004975124,0.025,0.041916168,0.008695652,-0.002673797,-0.013761468
