"Code","Name","LA_code","LA_name","All","X0to15","X16to29","X30to44","X45to64","X65plus"
"E01027884","Selby 008B","E07000169","Selby",0.003802281,0.003731343,-0.009615385,-0.003623188,-0.010989011,0.052434457
