"Code","Name","LA_code","LA_name","All","X0to15","X16to29","X30to44","X45to64","X65plus"
"E01027924","Selby 010D","E07000169","Selby",0.005167959,0.03887689,-0.014869888,-0.008528785,-0.002649007,0.010928962
