"Code","Name","LA_code","LA_name","All","X0to15","X16to29","X30to44","X45to64","X65plus"
"E01027919","Selby 001B","E07000169","Selby",-0.036615134,-0.041474654,0.012269939,-0.078838174,-0.025188917,-0.042654028
