"Code","Name","LA_code","LA_name","All","X0to15","X16to29","X30to44","X45to64","X65plus"
"E01027907","Selby 005C","E07000169","Selby",0.002832861,-0.00265252,-0.003584229,0,0.032490975,-0.015789474
