"Code","Name","LA_code","LA_name","All","X0to15","X16to29","X30to44","X45to64","X65plus"
"E01027876","Selby 003A","E07000169","Selby",0.020087884,0.017857143,-0.028368794,0.063670412,0.035343035,0.003533569
