"Code","Name","LA_code","LA_name","All","X0to15","X16to29","X30to44","X45to64","X65plus"
"E01027888","Selby 002D","E07000169","Selby",-0.003201708,-0.018041237,-0.025210084,0.015337423,0.006920415,-0.005813953
