"Code","Name","LA_code","LA_name","All","X0to15","X16to29","X30to44","X45to64","X65plus"
"E01027892","Selby 009B","E07000169","Selby",-0.011375948,-0.038922156,0.010791367,0,0.001941748,-0.031662269
