"Code","Name","LA_code","LA_name","All","X0to15","X16to29","X30to44","X45to64","X65plus"
"E01027889","Selby 010A","E07000169","Selby",-0.021019443,-0.05,-0.003745318,-0.009404389,-0.028089888,-0.002610966
