"Code","Name","LA_code","LA_name","All","X0to15","X16to29","X30to44","X45to64","X65plus"
"E01027899","Selby 009D","E07000169","Selby",0.005136986,-0.008287293,0.01793722,0.025806452,0.016423358,-0.029126214
