"Code","Name","LA_code","LA_name","All","X0to15","X16to29","X30to44","X45to64","X65plus"
"E01024439","Sevenoaks 008C","E07000111","Sevenoaks",-0.0117866,-0.020408163,-0.010638298,-0.003861004,-0.009861933,-0.013736264
