"Code","Name","LA_code","LA_name","All","X0to15","X16to29","X30to44","X45to64","X65plus"
"E01024479","Sevenoaks 001E","E07000111","Sevenoaks",-0.016183412,-0.008658009,0.017316017,-0.061538462,-0.035460993,0.014792899
