"Code","Name","LA_code","LA_name","All","X0to15","X16to29","X30to44","X45to64","X65plus"
"E01024473","Sevenoaks 003B","E07000111","Sevenoaks",-0.051971326,-0.081081081,-0.083623693,-0.089171975,-0.008213552,-0.024137931
