"Code","Name","LA_code","LA_name","All","X0to15","X16to29","X30to44","X45to64","X65plus"
"E01024460","Sevenoaks 010B","E07000111","Sevenoaks",-0.036204059,-0.056603774,-0.009090909,-0.027431421,-0.070615034,0.017482517
