"Code","Name","LA_code","LA_name","All","X0to15","X16to29","X30to44","X45to64","X65plus"
"E01024436","Sevenoaks 007B","E07000111","Sevenoaks",-0.012768817,-0.040816327,-0.030534351,-0.036144578,-0.014830508,0.006993007
