"Code","Name","LA_code","LA_name","All","X0to15","X16to29","X30to44","X45to64","X65plus"
"E01024456","Sevenoaks 015D","E07000111","Sevenoaks",0.02200489,0.043290043,0.009090909,0.035714286,-0.01703163,0.055374593
