"Code","Name","LA_code","LA_name","All","X0to15","X16to29","X30to44","X45to64","X65plus"
"E01024470","Sevenoaks 012E","E07000111","Sevenoaks",-0.001189061,-0.025229358,-0.006410256,-0.012383901,0.038186158,-0.005747126
