"Code","Name","LA_code","LA_name","All","X0to15","X16to29","X30to44","X45to64","X65plus"
"E01024463","Sevenoaks 011D","E07000111","Sevenoaks",0.01594114,0.013667426,0.042168675,0.020338983,0.005964215,0.01754386
