"Code","Name","LA_code","LA_name","All","X0to15","X16to29","X30to44","X45to64","X65plus"
"E01024468","Sevenoaks 010F","E07000111","Sevenoaks",0.000634115,0.027247956,-0.009345794,0.009803922,-0.017142857,-0.021008403
