"Code","Name","LA_code","LA_name","All","X0to15","X16to29","X30to44","X45to64","X65plus"
"E01024477","Sevenoaks 002B","E07000111","Sevenoaks",0.029634735,0.03030303,0.024734982,0.023972603,0.010869565,0.075829384
