"Code","Name","LA_code","LA_name","All","X0to15","X16to29","X30to44","X45to64","X65plus"
"E01024425","Sevenoaks 014A","E07000111","Sevenoaks",-0.012035583,-0.012987013,-0.025316456,0,0,-0.028235294
