"Code","Name","LA_code","LA_name","All","X0to15","X16to29","X30to44","X45to64","X65plus"
"E01024478","Sevenoaks 002C","E07000111","Sevenoaks",-0.00067981,-0.014814815,0.034825871,0.00974026,-0.024128686,0.006269592
