"Code","Name","LA_code","LA_name","All","X0to15","X16to29","X30to44","X45to64","X65plus"
"E01024474","Sevenoaks 003C","E07000111","Sevenoaks",0.020151134,0.036842105,-0.011560694,-0.004716981,0.047761194,0.014234875
