"Code","Name","LA_code","LA_name","All","X0to15","X16to29","X30to44","X45to64","X65plus"
"E01024423","Sevenoaks 008B","E07000111","Sevenoaks",-0.03280543,-0.033678756,-0.026717557,-0.008474576,-0.049261084,-0.05785124
