"Code","Name","LA_code","LA_name","All","X0to15","X16to29","X30to44","X45to64","X65plus"
"E01024427","Sevenoaks 014C","E07000111","Sevenoaks",-0.005447471,-0.007042254,-0.059907834,-0.004310345,-0.002873563,0.049019608
