"Code","Name","LA_code","LA_name","All","X0to15","X16to29","X30to44","X45to64","X65plus"
"E01024434","Sevenoaks 005D","E07000111","Sevenoaks",-0.00185271,-0.007915567,-0.0225,-0.002136752,0.006072874,0.014354067
