"Code","Name","LA_code","LA_name","All","X0to15","X16to29","X30to44","X45to64","X65plus"
"E01024485","Sevenoaks 013E","E07000111","Sevenoaks",0.006505027,0.019337017,0,-0.036144578,0.028056112,0.00754717
