"Code","Name","LA_code","LA_name","All","X0to15","X16to29","X30to44","X45to64","X65plus"
"E01007905","Sheffield 027C","E08000019","Sheffield",0.001985112,0.023219814,0.006622517,0.004975124,-0.053333333,-0.056818182
