"Code","Name","LA_code","LA_name","All","X0to15","X16to29","X30to44","X45to64","X65plus"
"E01008044","Sheffield 046B","E08000019","Sheffield",0.010685104,0.078947368,0.004926108,-0.022082019,-0.004640371,0.00297619
