"Code","Name","LA_code","LA_name","All","X0to15","X16to29","X30to44","X45to64","X65plus"
"E01008144","Sheffield 001A","E08000019","Sheffield",-0.025107165,-0.064516129,-0.004081633,-0.021875,-0.002415459,-0.034883721
