"Code","Name","LA_code","LA_name","All","X0to15","X16to29","X30to44","X45to64","X65plus"
"E01008013","Sheffield 039C","E08000019","Sheffield",0.021558872,-0.027303754,-0.014285714,0.048611111,0.054744526,0.056737589
