"Code","Name","LA_code","LA_name","All","X0to15","X16to29","X30to44","X45to64","X65plus"
"E01007893","Sheffield 003C","E08000019","Sheffield",0.017723245,0.004975124,-0.031746032,-0.017316017,0.014957265,0.074074074
