"Code","Name","LA_code","LA_name","All","X0to15","X16to29","X30to44","X45to64","X65plus"
"E01008084","Sheffield 070D","E08000019","Sheffield",0.006455399,0.014583333,-0.005882353,-0.014749263,0.011940299,0.033333333
