"Code","Name","LA_code","LA_name","All","X0to15","X16to29","X30to44","X45to64","X65plus"
"E01008124","Sheffield 012F","E08000019","Sheffield",-0.029980013,0.027363184,-0.040462428,-0.048192771,-0.062068966,-0.061068702
