"Code","Name","LA_code","LA_name","All","X0to15","X16to29","X30to44","X45to64","X65plus"
"E01007991","Sheffield 016D","E08000019","Sheffield",-0.00589391,0.014084507,-0.028673835,0.016806723,-0.014117647,-0.009966777
