"Code","Name","LA_code","LA_name","All","X0to15","X16to29","X30to44","X45to64","X65plus"
"E01007888","Sheffield 003A","E08000019","Sheffield",0.002220577,-0.055319149,0.020942408,0.046218487,-0.011337868,0.024390244
