"Code","Name","LA_code","LA_name","All","X0to15","X16to29","X30to44","X45to64","X65plus"
"E01007901","Sheffield 003G","E08000019","Sheffield",0.003963012,0.029315961,0.004132231,-0.04379562,0.008219178,0.015337423
