"Code","Name","LA_code","LA_name","All","X0to15","X16to29","X30to44","X45to64","X65plus"
"E01008132","Sheffield 023D","E08000019","Sheffield",-0.002238806,0.009708738,-0.04,0.005025126,0.016528926,-0.026578073
