"Code","Name","LA_code","LA_name","All","X0to15","X16to29","X30to44","X45to64","X65plus"
"E01007986","Sheffield 059E","E08000019","Sheffield",0.008227375,0,0,0.043715847,-0.006666667,-0.017857143
