"Code","Name","LA_code","LA_name","All","X0to15","X16to29","X30to44","X45to64","X65plus"
"E01007826","Sheffield 066C","E08000019","Sheffield",-0.047201618,-0.030188679,-0.043010753,-0.054054054,-0.033864542,-0.084870849
