"Code","Name","LA_code","LA_name","All","X0to15","X16to29","X30to44","X45to64","X65plus"
"E01033264","Sheffield 073D","E08000019","Sheffield",-0.005541347,-0.013333333,0.001246106,-0.009765625,-0.045112782,-0.142857143
