"Code","Name","LA_code","LA_name","All","X0to15","X16to29","X30to44","X45to64","X65plus"
"E01008015","Sheffield 039D","E08000019","Sheffield",-0.01120283,0.014084507,-0.042345277,-0.031152648,-0.021186441,0.037344398
