"Code","Name","LA_code","LA_name","All","X0to15","X16to29","X30to44","X45to64","X65plus"
"E01007891","Sheffield 004D","E08000019","Sheffield",-0.026041667,-0.075117371,-0.038834951,-0.044117647,-0.043981481,0.024948025
