"Code","Name","LA_code","LA_name","All","X0to15","X16to29","X30to44","X45to64","X65plus"
"E01008119","Sheffield 009F","E08000019","Sheffield",-0.008821171,-0.006309148,0.034313725,-0.034632035,-0.012903226,-0.021621622
