"Code","Name","LA_code","LA_name","All","X0to15","X16to29","X30to44","X45to64","X65plus"
"E01008063","Sheffield 011B","E08000019","Sheffield",0.0110117,0.008928571,0.044176707,0.023166023,-0.017156863,0.012779553
