"Code","Name","LA_code","LA_name","All","X0to15","X16to29","X30to44","X45to64","X65plus"
"E01007950","Sheffield 015D","E08000019","Sheffield",0.002523659,0.022624434,0.003690037,-0.042813456,0.06031746,-0.052173913
