"Code","Name","LA_code","LA_name","All","X0to15","X16to29","X30to44","X45to64","X65plus"
"E01008032","Sheffield 056C","E08000019","Sheffield",-0.00446761,-0.020408163,0.029288703,-0.016064257,-0.022535211,0.015686275
