"Code","Name","LA_code","LA_name","All","X0to15","X16to29","X30to44","X45to64","X65plus"
"E01007883","Sheffield 027A","E08000019","Sheffield",0.038784745,0.041304348,0.093851133,0.024861878,0.044776119,-0.060810811
