"Code","Name","LA_code","LA_name","All","X0to15","X16to29","X30to44","X45to64","X65plus"
"E01007968","Sheffield 049C","E08000019","Sheffield",-0.030160858,-0.054878049,-0.015503876,-0.043137255,-0.005649718,-0.033670034
