"Code","Name","LA_code","LA_name","All","X0to15","X16to29","X30to44","X45to64","X65plus"
"E01008086","Sheffield 009B","E08000019","Sheffield",-0.014168531,0.006289308,-0.035087719,-0.004115226,-0.016759777,-0.030927835
