"Code","Name","LA_code","LA_name","All","X0to15","X16to29","X30to44","X45to64","X65plus"
"E01008134","Sheffield 005B","E08000019","Sheffield",-0.048632219,-0.056962025,-0.046783626,-0.097142857,-0.019047619,-0.056122449
