"Code","Name","LA_code","LA_name","All","X0to15","X16to29","X30to44","X45to64","X65plus"
"E01008126","Sheffield 008A","E08000019","Sheffield",0.000670241,0.017777778,-0.021857923,0.015873016,-0.002057613,-0.002444988
