"Code","Name","LA_code","LA_name","All","X0to15","X16to29","X30to44","X45to64","X65plus"
"E01007993","Sheffield 021C","E08000019","Sheffield",0.007096393,0.011204482,0.02247191,0.021671827,0.016091954,-0.038834951
