"Code","Name","LA_code","LA_name","All","X0to15","X16to29","X30to44","X45to64","X65plus"
"E01007898","Sheffield 003D","E08000019","Sheffield",-0.009200283,0.050925926,-0.01754386,0.007326007,-0.010309278,-0.08056872
