"Code","Name","LA_code","LA_name","All","X0to15","X16to29","X30to44","X45to64","X65plus"
"E01007899","Sheffield 003E","E08000019","Sheffield",-0.023288638,0.039106145,-0.042424242,-0.027472527,-0.0155902,-0.047511312
