"Code","Name","LA_code","LA_name","All","X0to15","X16to29","X30to44","X45to64","X65plus"
"E01007912","Sheffield 037B","E08000019","Sheffield",0.005372733,0.052356021,0.00877193,-0.025252525,-0.01048218,0.015189873
