"Code","Name","LA_code","LA_name","All","X0to15","X16to29","X30to44","X45to64","X65plus"
"E01033277","Sheffield 011E","E08000019","Sheffield",0.011227255,0.03058104,0.025270758,-0.007604563,-0.003690037,0.003257329
