"Code","Name","LA_code","LA_name","All","X0to15","X16to29","X30to44","X45to64","X65plus"
"E01007923","Sheffield 068C","E08000019","Sheffield",0.009304871,0.020289855,-0.00625,0.028391167,0.020257827,-0.019480519
