"Code","Name","LA_code","LA_name","All","X0to15","X16to29","X30to44","X45to64","X65plus"
"E01008007","Sheffield 060A","E08000019","Sheffield",-0.001119194,0.006006006,-0.018927445,-0.035842294,0.020833333,0.005291005
