"Code","Name","LA_code","LA_name","All","X0to15","X16to29","X30to44","X45to64","X65plus"
"E01008142","Sheffield 002A","E08000019","Sheffield",-0.011826544,0.012658228,0.01984127,0.006369427,-0.044554455,-0.046610169
