"Code","Name","LA_code","LA_name","All","X0to15","X16to29","X30to44","X45to64","X65plus"
"E01007871","Sheffield 019B","E08000019","Sheffield",0.018309101,0.031007752,0.039156627,0.01055409,0.011061947,0
