"Code","Name","LA_code","LA_name","All","X0to15","X16to29","X30to44","X45to64","X65plus"
"E01008011","Sheffield 039A","E08000019","Sheffield",-0.016938899,-0.034632035,-0.009345794,0.003584229,0.007575758,-0.066666667
