"Code","Name","LA_code","LA_name","All","X0to15","X16to29","X30to44","X45to64","X65plus"
"E01007830","Sheffield 064B","E08000019","Sheffield",-0.018408941,-0.03902439,-0.037837838,-0.009569378,0.006849315,-0.02892562
