"Code","Name","LA_code","LA_name","All","X0to15","X16to29","X30to44","X45to64","X65plus"
"E01007969","Sheffield 044B","E08000019","Sheffield",-0.011125654,0.020725389,-0.040590406,-0.003676471,0.009852217,-0.033678756
