"Code","Name","LA_code","LA_name","All","X0to15","X16to29","X30to44","X45to64","X65plus"
"E01008096","Sheffield 043B","E08000019","Sheffield",-0.01488498,-0.013215859,-0.003824092,-0.010548523,-0.04040404,0
