"Code","Name","LA_code","LA_name","All","X0to15","X16to29","X30to44","X45to64","X65plus"
"E01008099","Sheffield 051E","E08000019","Sheffield",0.019006744,0,0.002457002,0.01594533,0.031609195,0.059701493
