"Code","Name","LA_code","LA_name","All","X0to15","X16to29","X30to44","X45to64","X65plus"
"E01008104","Sheffield 036E","E08000019","Sheffield",0.072380952,0.208333333,0.054812834,0.081081081,0.045454545,0
