"Code","Name","LA_code","LA_name","All","X0to15","X16to29","X30to44","X45to64","X65plus"
"E01008041","Sheffield 063D","E08000019","Sheffield",-0.012729844,-0.003558719,-0.021834061,0.011538462,-0.005940594,-0.086330935
