"Code","Name","LA_code","LA_name","All","X0to15","X16to29","X30to44","X45to64","X65plus"
"E01033274","Sheffield 042G","E08000019","Sheffield",-0.010890152,0.015625,-0.006260672,-0.043902439,-0.063492063,0
