"Code","Name","LA_code","LA_name","All","X0to15","X16to29","X30to44","X45to64","X65plus"
"E01007906","Sheffield 027D","E08000019","Sheffield",-0.017336776,-0.030401737,-0.021164021,-0.019512195,0.012254902,0
