"Code","Name","LA_code","LA_name","All","X0to15","X16to29","X30to44","X45to64","X65plus"
"E01008035","Sheffield 063B","E08000019","Sheffield",0.008028546,-0.023952096,-0.02027027,-0.015957447,0.017721519,0.053811659
