"Code","Name","LA_code","LA_name","All","X0to15","X16to29","X30to44","X45to64","X65plus"
"E01008046","Sheffield 050C","E08000019","Sheffield",0.011522135,0.034090909,0.038123167,0.02745098,-0.009868421,-0.11971831
