"Code","Name","LA_code","LA_name","All","X0to15","X16to29","X30to44","X45to64","X65plus"
"E01007924","Sheffield 071E","E08000019","Sheffield",0.005131495,-0.011940299,0.154320988,-0.019169329,0.002386635,-0.024242424
