"Code","Name","LA_code","LA_name","All","X0to15","X16to29","X30to44","X45to64","X65plus"
"E01007951","Sheffield 029A","E08000019","Sheffield",0.02748931,0.003731343,0.053984576,0.057926829,0.006024096,0.00625
