"Code","Name","LA_code","LA_name","All","X0to15","X16to29","X30to44","X45to64","X65plus"
"E01008002","Sheffield 054B","E08000019","Sheffield",-0.00443038,-0.004608295,-0.060606061,0.014234875,0.004282655,0
