"Code","Name","LA_code","LA_name","All","X0to15","X16to29","X30to44","X45to64","X65plus"
"E01008020","Sheffield 065B","E08000019","Sheffield",0.005102041,0.032967033,-0.03286385,-0.012711864,0.008752735,0.024647887
