"Code","Name","LA_code","LA_name","All","X0to15","X16to29","X30to44","X45to64","X65plus"
"E01008081","Sheffield 070A","E08000019","Sheffield",-0.001950585,-0.037174721,0.003436426,0.003558719,0,0.019305019
