"Code","Name","LA_code","LA_name","All","X0to15","X16to29","X30to44","X45to64","X65plus"
"E01033267","Sheffield 074E","E08000019","Sheffield",-0.006185567,0.088235294,-0.006024096,0,-0.146341463,0.035714286
