"Code","Name","LA_code","LA_name","All","X0to15","X16to29","X30to44","X45to64","X65plus"
"E01007938","Sheffield 047F","E08000019","Sheffield",-0.009032258,-0.00273224,-0.038216561,-0.02866242,0,0.006849315
