"Code","Name","LA_code","LA_name","All","X0to15","X16to29","X30to44","X45to64","X65plus"
"E01008122","Sheffield 012E","E08000019","Sheffield",-0.013192612,-0.028708134,-0.012232416,-0.006557377,0.003436426,-0.017142857
