"Code","Name","LA_code","LA_name","All","X0to15","X16to29","X30to44","X45to64","X65plus"
"E01008109","Sheffield 042B","E08000019","Sheffield",-0.006253006,-0.02484472,-0.007534984,-0.010899183,-0.007692308,0.039800995
