"Code","Name","LA_code","LA_name","All","X0to15","X16to29","X30to44","X45to64","X65plus"
"E01007919","Sheffield 069C","E08000019","Sheffield",0.004830918,-0.002469136,0.00591716,-0.025936599,0.018518519,0.04787234
