"Code","Name","LA_code","LA_name","All","X0to15","X16to29","X30to44","X45to64","X65plus"
"E01008159","Sheffield 029D","E08000019","Sheffield",-0.028445006,0.034334764,-0.061032864,0.013089005,-0.046666667,-0.074688797
