"Code","Name","LA_code","LA_name","All","X0to15","X16to29","X30to44","X45to64","X65plus"
"E01007967","Sheffield 045B","E08000019","Sheffield",-0.006067292,0.013333333,-0.033707865,0,-0.004484305,-0.006644518
