"Code","Name","LA_code","LA_name","All","X0to15","X16to29","X30to44","X45to64","X65plus"
"E01008078","Sheffield 064E","E08000019","Sheffield",-0.028673835,-0.085106383,-0.071038251,-0.067961165,-0.007407407,0.014527845
