"Code","Name","LA_code","LA_name","All","X0to15","X16to29","X30to44","X45to64","X65plus"
"E01008029","Sheffield 056B","E08000019","Sheffield",-0.016223232,-0.003058104,-0.024767802,-0.010204082,-0.017492711,-0.027559055
