"Code","Name","LA_code","LA_name","All","X0to15","X16to29","X30to44","X45to64","X65plus"
"E01008092","Sheffield 012D","E08000019","Sheffield",0.006122449,0.020661157,-0.058295964,0.033670034,0.007874016,0.012232416
