"Code","Name","LA_code","LA_name","All","X0to15","X16to29","X30to44","X45to64","X65plus"
"E01007976","Sheffield 051B","E08000019","Sheffield",0.006151743,0.004444444,0.037344398,-0.010791367,-0.009174312,0.021201413
