"Code","Name","LA_code","LA_name","All","X0to15","X16to29","X30to44","X45to64","X65plus"
"E01033273","Sheffield 042F","E08000019","Sheffield",-0.007330247,-0.010810811,-0.00625,-0.011070111,-0.059210526,0.109375
