"Code","Name","LA_code","LA_name","All","X0to15","X16to29","X30to44","X45to64","X65plus"
"E01008003","Sheffield 054C","E08000019","Sheffield",-0.024595924,-0.072916667,-0.028455285,-0.040322581,0.020356234,-0.034883721
