"Code","Name","LA_code","LA_name","All","X0to15","X16to29","X30to44","X45to64","X65plus"
"E01007952","Sheffield 033A","E08000019","Sheffield",0.008838384,0.030100334,0.011494253,0.015564202,0,-0.002666667
