"Code","Name","LA_code","LA_name","All","X0to15","X16to29","X30to44","X45to64","X65plus"
"E01008148","Sheffield 001C","E08000019","Sheffield",0,0.010238908,0.051813472,-0.015686275,-0.002469136,-0.021563342
