"Code","Name","LA_code","LA_name","All","X0to15","X16to29","X30to44","X45to64","X65plus"
"E01007915","Sheffield 071A","E08000019","Sheffield",-0.008275862,-0.007575758,-0.056338028,0.008695652,-0.016129032,0.007894737
