"Code","Name","LA_code","LA_name","All","X0to15","X16to29","X30to44","X45to64","X65plus"
"E01007954","Sheffield 033C","E08000019","Sheffield",-0.019900498,-0.021806854,0.02173913,0.003937008,-0.015267176,-0.067692308
