"Code","Name","LA_code","LA_name","All","X0to15","X16to29","X30to44","X45to64","X65plus"
"E01008014","Sheffield 032E","E08000019","Sheffield",-0.003550296,-0.030985915,0.003389831,0.002890173,0.033333333,-0.021978022
