"Code","Name","LA_code","LA_name","All","X0to15","X16to29","X30to44","X45to64","X65plus"
"E01007940","Sheffield 022E","E08000019","Sheffield",0.057911065,0.071104387,0.004587156,0.054285714,0.098870056,0.067669173
