"Code","Name","LA_code","LA_name","All","X0to15","X16to29","X30to44","X45to64","X65plus"
"E01008129","Sheffield 023A","E08000019","Sheffield",0.007575758,0.020491803,-0.034825871,0.018957346,0.00845666,0.015479876
