"Code","Name","LA_code","LA_name","All","X0to15","X16to29","X30to44","X45to64","X65plus"
"E01007928","Sheffield 055B","E08000019","Sheffield",-0.00113701,0.020771513,0.025906736,-0.047008547,0,-0.006237006
