"Code","Name","LA_code","LA_name","All","X0to15","X16to29","X30to44","X45to64","X65plus"
"E01033262","Sheffield 073B","E08000019","Sheffield",-0.00511432,-0.156626506,0.001446132,0.051671733,-0.158730159,-0.25
