"Code","Name","LA_code","LA_name","All","X0to15","X16to29","X30to44","X45to64","X65plus"
"E01033265","Sheffield 074C","E08000019","Sheffield",-0.004331683,-0.097560976,0,-0.035714286,0.191011236,-0.244444444
