"Code","Name","LA_code","LA_name","All","X0to15","X16to29","X30to44","X45to64","X65plus"
"E01008059","Sheffield 010C","E08000019","Sheffield",-0.024636766,-0.03125,-0.003731343,-0.064285714,-0.012755102,-0.008810573
