"Code","Name","LA_code","LA_name","All","X0to15","X16to29","X30to44","X45to64","X65plus"
"E01007855","Sheffield 014F","E08000019","Sheffield",-0.007129278,-0.042553191,-0.014285714,0.008528785,0.006976744,0.057471264
