"Code","Name","LA_code","LA_name","All","X0to15","X16to29","X30to44","X45to64","X65plus"
"E01007963","Sheffield 045A","E08000019","Sheffield",0.022551092,0.07,0.013953488,0.003717472,0.037037037,-0.00660066
