"Code","Name","LA_code","LA_name","All","X0to15","X16to29","X30to44","X45to64","X65plus"
"E01008116","Sheffield 009C","E08000019","Sheffield",0.010711553,0.05,0.015625,-0.018691589,-0.017804154,0.025
