"Code","Name","LA_code","LA_name","All","X0to15","X16to29","X30to44","X45to64","X65plus"
"E01008053","Sheffield 006A","E08000019","Sheffield",0.030769231,0.053061224,0.039408867,-0.004132231,0.042296073,0.021505376
