"Code","Name","LA_code","LA_name","All","X0to15","X16to29","X30to44","X45to64","X65plus"
"E01007886","Sheffield 075F","E08000019","Sheffield",-0.009673519,0.032051282,0.016949153,-0.010380623,-0.033854167,-0.091743119
