"Code","Name","LA_code","LA_name","All","X0to15","X16to29","X30to44","X45to64","X65plus"
"E01007854","Sheffield 014E","E08000019","Sheffield",0.007501443,0.007889546,0,0,0.002739726,0.062015504
