"Code","Name","LA_code","LA_name","All","X0to15","X16to29","X30to44","X45to64","X65plus"
"E01008048","Sheffield 046D","E08000019","Sheffield",-0.009168704,0.022727273,-0.007062147,0.003076923,0,-0.085714286
