"Code","Name","LA_code","LA_name","All","X0to15","X16to29","X30to44","X45to64","X65plus"
"E01007989","Sheffield 016C","E08000019","Sheffield",-0.015161957,0,-0.050420168,0.002915452,-0.013227513,-0.025210084
