"Code","Name","LA_code","LA_name","All","X0to15","X16to29","X30to44","X45to64","X65plus"
"E01008150","Sheffield 001E","E08000019","Sheffield",-0.007392473,-0.003861004,-0.027906977,-0.046692607,0.002638522,0.018518519
