"Code","Name","LA_code","LA_name","All","X0to15","X16to29","X30to44","X45to64","X65plus"
"E01007866","Sheffield 030A","E08000019","Sheffield",-0.005592841,-0.006493506,-0.016068053,0.004273504,0,0.056
