"Code","Name","LA_code","LA_name","All","X0to15","X16to29","X30to44","X45to64","X65plus"
"E01008072","Sheffield 026C","E08000019","Sheffield",0.015653221,-0.02970297,0.033240997,0.035502959,0.029220779,0.02
