"Code","Name","LA_code","LA_name","All","X0to15","X16to29","X30to44","X45to64","X65plus"
"E01008103","Sheffield 048D","E08000019","Sheffield",0.024919614,0.083601286,0.007604563,-0.004329004,0.027303754,-0.02739726
