"Code","Name","LA_code","LA_name","All","X0to15","X16to29","X30to44","X45to64","X65plus"
"E01007861","Sheffield 038B","E08000019","Sheffield",0.007772021,0.003816794,0.076923077,-0.004716981,0.018726592,-0.033898305
