"Code","Name","LA_code","LA_name","All","X0to15","X16to29","X30to44","X45to64","X65plus"
"E01007966","Sheffield 049B","E08000019","Sheffield",0,-0.014218009,0.040955631,-0.026022305,0.008032129,-0.025862069
