"Code","Name","LA_code","LA_name","All","X0to15","X16to29","X30to44","X45to64","X65plus"
"E01008143","Sheffield 002B","E08000019","Sheffield",0.010793651,0.003921569,0.004048583,-0.047138047,0.008179959,0.087108014
