"Code","Name","LA_code","LA_name","All","X0to15","X16to29","X30to44","X45to64","X65plus"
"E01007869","Sheffield 020A","E08000019","Sheffield",-0.00443459,-0.00754717,0,-0.028205128,0.008333333,0.025974026
