"Code","Name","LA_code","LA_name","All","X0to15","X16to29","X30to44","X45to64","X65plus"
"E01007995","Sheffield 017A","E08000019","Sheffield",-0.024932615,-0.028571429,0.014204545,-0.012886598,-0.058988764,-0.062937063
