"Code","Name","LA_code","LA_name","All","X0to15","X16to29","X30to44","X45to64","X65plus"
"E01007900","Sheffield 003F","E08000019","Sheffield",0.000571102,0.026011561,0.003436426,-0.027522936,0.011312217,-0.014492754
