"Code","Name","LA_code","LA_name","All","X0to15","X16to29","X30to44","X45to64","X65plus"
"E01007828","Sheffield 059A","E08000019","Sheffield",0.008522727,0,0.030612245,-0.005494505,0.011857708,0.007434944
