"Code","Name","LA_code","LA_name","All","X0to15","X16to29","X30to44","X45to64","X65plus"
"E01008031","Sheffield 061A","E08000019","Sheffield",-0.002892263,-0.018604651,-0.024590164,0.020725389,-0.026431718,0.050541516
