"Code","Name","LA_code","LA_name","All","X0to15","X16to29","X30to44","X45to64","X65plus"
"E01007885","Sheffield 075E","E08000019","Sheffield",0.021238938,-0.007211538,-0.002816901,-0.018561485,0.060941828,0.196969697
