"Code","Name","LA_code","LA_name","All","X0to15","X16to29","X30to44","X45to64","X65plus"
"E01008045","Sheffield 050B","E08000019","Sheffield",-0.021723896,0.003496503,-0.014388489,-0.058441558,0.008264463,-0.067708333
