"Code","Name","LA_code","LA_name","All","X0to15","X16to29","X30to44","X45to64","X65plus"
"E01007971","Sheffield 037C","E08000019","Sheffield",0.002715547,-0.025396825,-0.008474576,0.022727273,-0.018421053,0.053956835
