"Code","Name","LA_code","LA_name","All","X0to15","X16to29","X30to44","X45to64","X65plus"
"E01033276","Sheffield 073E","E08000019","Sheffield",-0.016383495,0.115384615,-0.020340482,0.01875,-0.058823529,0.066666667
