"Code","Name","LA_code","LA_name","All","X0to15","X16to29","X30to44","X45to64","X65plus"
"E01008141","Sheffield 005E","E08000019","Sheffield",-0.051343284,-0.13229572,-0.014354067,0.007117438,-0.058577406,-0.051111111
