"Code","Name","LA_code","LA_name","All","X0to15","X16to29","X30to44","X45to64","X65plus"
"E01008105","Sheffield 040A","E08000019","Sheffield",-0.003343683,0.029239766,-0.00394607,-0.014051522,-0.028673835,0.020408163
