"Code","Name","LA_code","LA_name","All","X0to15","X16to29","X30to44","X45to64","X65plus"
"E01008100","Sheffield 048B","E08000019","Sheffield",0.013793103,0.026143791,0.003571429,-0.022123894,0.030959752,0.023529412
