"Code","Name","LA_code","LA_name","All","X0to15","X16to29","X30to44","X45to64","X65plus"
"E01007935","Sheffield 047C","E08000019","Sheffield",0,0.027491409,-0.004524887,-0.005420054,-0.028846154,0.046728972
