"Code","Name","LA_code","LA_name","All","X0to15","X16to29","X30to44","X45to64","X65plus"
"E01007831","Sheffield 059C","E08000019","Sheffield",-0.031746032,-0.029900332,-0.026315789,-0.050561798,-0.022613065,-0.026200873
