"Code","Name","LA_code","LA_name","All","X0to15","X16to29","X30to44","X45to64","X65plus"
"E01008158","Sheffield 025D","E08000019","Sheffield",0.004467135,0.013651877,-0.00862069,0.010909091,0.021333333,-0.015306122
