"Code","Name","LA_code","LA_name","All","X0to15","X16to29","X30to44","X45to64","X65plus"
"E01008079","Sheffield 064F","E08000019","Sheffield",0.034565916,0.080645161,0.048387097,-0.038277512,-0.005102041,0.099630996
