"Code","Name","LA_code","LA_name","All","X0to15","X16to29","X30to44","X45to64","X65plus"
"E01008161","Sheffield 026E","E08000019","Sheffield",0.019138756,0.05,0.002717391,-0.009950249,0.030444965,0.042553191
