"Code","Name","LA_code","LA_name","All","X0to15","X16to29","X30to44","X45to64","X65plus"
"E01007960","Sheffield 029B","E08000019","Sheffield",0.015114873,-0.009009009,0.076470588,-0.029925187,-0.02166065,0.024590164
