"Code","Name","LA_code","LA_name","All","X0to15","X16to29","X30to44","X45to64","X65plus"
"E01007872","Sheffield 020B","E08000019","Sheffield",-0.014452474,-0.044444444,-0.018927445,-0.032432432,0.030985915,0.011450382
