"Code","Name","LA_code","LA_name","All","X0to15","X16to29","X30to44","X45to64","X65plus"
"E01007846","Sheffield 062D","E08000019","Sheffield",0.004768392,-0.071146245,0.024489796,0.009174312,0.031784841,0.011661808
