"Code","Name","LA_code","LA_name","All","X0to15","X16to29","X30to44","X45to64","X65plus"
"E01008123","Sheffield 015E","E08000019","Sheffield",-0.003034901,0.008746356,-0.043824701,0.018018018,-0.018691589,0.033149171
