"Code","Name","LA_code","LA_name","All","X0to15","X16to29","X30to44","X45to64","X65plus"
"E01007907","Sheffield 032A","E08000019","Sheffield",-0.006555423,-0.009975062,0.011049724,-0.011111111,0.00591716,-0.041474654
