"Code","Name","LA_code","LA_name","All","X0to15","X16to29","X30to44","X45to64","X65plus"
"E01033279","Sheffield 076F","E08000019","Sheffield",-0.017338535,-0.043383948,-0.035040431,-0.016548463,0.014134276,-0.016460905
