"Code","Name","LA_code","LA_name","All","X0to15","X16to29","X30to44","X45to64","X65plus"
"E01007955","Sheffield 041A","E08000019","Sheffield",0.013523666,0.012765957,0.088,0.041176471,0.006864989,-0.016483516
