"Code","Name","LA_code","LA_name","All","X0to15","X16to29","X30to44","X45to64","X65plus"
"E01007937","Sheffield 047E","E08000019","Sheffield",0,0.01910828,0.023809524,0,0.014925373,-0.055749129
