"Code","Name","LA_code","LA_name","All","X0to15","X16to29","X30to44","X45to64","X65plus"
"E01007878","Sheffield 075A","E08000019","Sheffield",-0.009384164,0.008522727,-0.020527859,-0.019455253,0.020338983,-0.039408867
