"Code","Name","LA_code","LA_name","All","X0to15","X16to29","X30to44","X45to64","X65plus"
"E01024508","Shepway 015A","E07000112","Shepway",0.007393715,-0.023026316,-0.016326531,0.008492569,0.028629857,0.031707317
