"Code","Name","LA_code","LA_name","All","X0to15","X16to29","X30to44","X45to64","X65plus"
"E01024500","Shepway 004B","E07000112","Shepway",-0.017160686,-0.069767442,-0.004255319,0.038167939,-0.010380623,-0.035897436
