"Code","Name","LA_code","LA_name","All","X0to15","X16to29","X30to44","X45to64","X65plus"
"E01024540","Shepway 012D","E07000112","Shepway",-0.027272727,-0.050847458,-0.009569378,0.005263158,-0.00204499,-0.058935361
