"Code","Name","LA_code","LA_name","All","X0to15","X16to29","X30to44","X45to64","X65plus"
"E01024502","Shepway 004D","E07000112","Shepway",0.018867925,0,0.025,0.009287926,0.05974026,-0.033112583
