"Code","Name","LA_code","LA_name","All","X0to15","X16to29","X30to44","X45to64","X65plus"
"E01024509","Shepway 015B","E07000112","Shepway",-0.025672372,-0.06779661,-0.01863354,-0.067615658,0.011695906,-0.017509728
