"Code","Name","LA_code","LA_name","All","X0to15","X16to29","X30to44","X45to64","X65plus"
"E01033215","Shepway 014D","E07000112","Shepway",0.008298755,-0.038961039,0.043103448,-0.003584229,0.019283747,0.004784689
