"Code","Name","LA_code","LA_name","All","X0to15","X16to29","X30to44","X45to64","X65plus"
"E01024525","Shepway 010C","E07000112","Shepway",0.031818182,0.041916168,0.058479532,0.008583691,0.002739726,0.048013245
