"Code","Name","LA_code","LA_name","All","X0to15","X16to29","X30to44","X45to64","X65plus"
"E01024536","Shepway 009C","E07000112","Shepway",-0.013138686,-0.003257329,-0.050387597,0.007692308,-0.021857923,0.002008032
