"Code","Name","LA_code","LA_name","All","X0to15","X16to29","X30to44","X45to64","X65plus"
"E01024538","Shepway 012B","E07000112","Shepway",-0.013407821,-0.0625,0,-0.121019108,-0.03125,0.029177719
