"Code","Name","LA_code","LA_name","All","X0to15","X16to29","X30to44","X45to64","X65plus"
"E01024499","Shepway 004A","E07000112","Shepway",-0.01662844,-0.024439919,-0.011661808,0.016722408,-0.020737327,-0.050847458
