"Code","Name","LA_code","LA_name","All","X0to15","X16to29","X30to44","X45to64","X65plus"
"E01024522","Shepway 010A","E07000112","Shepway",0.006761833,0.029069767,-0.014492754,0.015151515,0,0.007228916
