"Code","Name","LA_code","LA_name","All","X0to15","X16to29","X30to44","X45to64","X65plus"
"E01024521","Shepway 006H","E07000112","Shepway",-0.01396648,-0.050228311,0,-0.018050542,-0.00862069,-0.007843137
