"Code","Name","LA_code","LA_name","All","X0to15","X16to29","X30to44","X45to64","X65plus"
"E01024526","Shepway 008B","E07000112","Shepway",0.02690583,0.063694268,0.018292683,0.056701031,0.017353579,0.017094017
