"Code","Name","LA_code","LA_name","All","X0to15","X16to29","X30to44","X45to64","X65plus"
"E01024539","Shepway 012C","E07000112","Shepway",0.006398537,0.023094688,0.018575851,0.027439024,-0.008143322,-0.012244898
