"Code","Name","LA_code","LA_name","All","X0to15","X16to29","X30to44","X45to64","X65plus"
"E01024488","Shepway 011C","E07000112","Shepway",-0.001473839,0.017241379,0.016129032,-0.022556391,0.008426966,-0.00955414
