"Code","Name","LA_code","LA_name","All","X0to15","X16to29","X30to44","X45to64","X65plus"
"E01024544","Shepway 001B","E07000112","Shepway",0.002186589,-0.023529412,0,-0.005952381,-0.002169197,0.021077283
