"Code","Name","LA_code","LA_name","All","X0to15","X16to29","X30to44","X45to64","X65plus"
"E01024546","Shepway 009D","E07000112","Shepway",0.021341463,0.007092199,0.049450549,0.018518519,0.005952381,0.039800995
