"Code","Name","LA_code","LA_name","All","X0to15","X16to29","X30to44","X45to64","X65plus"
"E01024515","Shepway 006E","E07000112","Shepway",-0.028751753,-0.103825137,-0.064864865,-0.045685279,-0.011933174,0.009049774
