"Code","Name","LA_code","LA_name","All","X0to15","X16to29","X30to44","X45to64","X65plus"
"E01024490","Shepway 001A","E07000112","Shepway",-0.018112488,-0.024691358,-0.033707865,-0.037190083,-0.01344086,-0.006644518
