"Code","Name","LA_code","LA_name","All","X0to15","X16to29","X30to44","X45to64","X65plus"
"E01024547","Shepway 001D","E07000112","Shepway",-0.018328446,-0.028985507,-0.019230769,-0.013761468,0,-0.030769231
