"Code","Name","LA_code","LA_name","All","X0to15","X16to29","X30to44","X45to64","X65plus"
"E01024487","Shepway 011B","E07000112","Shepway",-0.002442997,0.012987013,-0.019480519,-0.070921986,0.01055409,0.01
