"Code","Name","LA_code","LA_name","All","X0to15","X16to29","X30to44","X45to64","X65plus"
"E01024550","Shepway 008D","E07000112","Shepway",-0.001904762,-0.027027027,0.044692737,0.029411765,-0.006097561,-0.012779553
