"Code","Name","LA_code","LA_name","All","X0to15","X16to29","X30to44","X45to64","X65plus"
"E01028932","Shropshire 016A","E06000051","Shropshire",-0.007708779,0.002415459,-0.019693654,-0.007751938,-0.001607717,-0.015337423
