"Code","Name","LA_code","LA_name","All","X0to15","X16to29","X30to44","X45to64","X65plus"
"E01028953","Shropshire 020E","E06000051","Shropshire",0.015132409,-0.003058104,0.095588235,0.010135135,0.01754386,0.004672897
