"Code","Name","LA_code","LA_name","All","X0to15","X16to29","X30to44","X45to64","X65plus"
"E01029016","Shropshire 037D","E06000051","Shropshire",-0.005792904,-0.022857143,-0.00625,-0.052631579,0.027334852,-0.015384615
