"Code","Name","LA_code","LA_name","All","X0to15","X16to29","X30to44","X45to64","X65plus"
"E01028905","Shropshire 006F","E06000051","Shropshire",0.004373975,-0.01843318,-0.014204545,0.042959427,0.053571429,-0.077586207
