"Code","Name","LA_code","LA_name","All","X0to15","X16to29","X30to44","X45to64","X65plus"
"E01029013","Shropshire 036C","E06000051","Shropshire",0.013317892,0.057017544,0.008474576,0.038709677,-0.004329004,-0.00407332
