"Code","Name","LA_code","LA_name","All","X0to15","X16to29","X30to44","X45to64","X65plus"
"E01028919","Shropshire 011C","E06000051","Shropshire",0.004583652,0.037037037,-0.005235602,-0.024752475,-0.027100271,0.044
