"Code","Name","LA_code","LA_name","All","X0to15","X16to29","X30to44","X45to64","X65plus"
"E01028976","Shropshire 026D","E06000051","Shropshire",0,-0.008438819,0.008849558,0.009345794,0.017094017,-0.025104603
