"Code","Name","LA_code","LA_name","All","X0to15","X16to29","X30to44","X45to64","X65plus"
"E01028877","Shropshire 005E","E06000051","Shropshire",0.016886931,0.01459854,0.035502959,0.013761468,0.016528926,0.01183432
