"Code","Name","LA_code","LA_name","All","X0to15","X16to29","X30to44","X45to64","X65plus"
"E01028902","Shropshire 006C","E06000051","Shropshire",-0.014886165,-0.0625,0.013071895,0.016853933,-0.010309278,-0.025
