"Code","Name","LA_code","LA_name","All","X0to15","X16to29","X30to44","X45to64","X65plus"
"E01028933","Shropshire 015A","E06000051","Shropshire",0.011378003,0.039344262,0.045296167,-0.012539185,0.002475248,-0.014981273
