"Code","Name","LA_code","LA_name","All","X0to15","X16to29","X30to44","X45to64","X65plus"
"E01028855","Shropshire 025C","E06000051","Shropshire",0.023340249,0.048843188,-0.018348624,0.032876712,0.001845018,0.041062802
