"Code","Name","LA_code","LA_name","All","X0to15","X16to29","X30to44","X45to64","X65plus"
"E01028971","Shropshire 014D","E06000051","Shropshire",-0.013489209,-0.007672634,-0.003571429,0.023178808,-0.01497006,-0.039451115
