"Code","Name","LA_code","LA_name","All","X0to15","X16to29","X30to44","X45to64","X65plus"
"E01028961","Shropshire 028C","E06000051","Shropshire",0.01343785,0.006349206,0.019047619,0.04,-0.002320186,0.011320755
