"Code","Name","LA_code","LA_name","All","X0to15","X16to29","X30to44","X45to64","X65plus"
"E01028966","Shropshire 018B","E06000051","Shropshire",0.028122415,-0.005076142,0.039215686,0.015789474,0.029411765,0.050847458
