"Code","Name","LA_code","LA_name","All","X0to15","X16to29","X30to44","X45to64","X65plus"
"E01028972","Shropshire 019B","E06000051","Shropshire",0.035795455,0.069908815,-0.037037037,0.041984733,0.020220588,0.05733945
