"Code","Name","LA_code","LA_name","All","X0to15","X16to29","X30to44","X45to64","X65plus"
"E01028831","Shropshire 031B","E06000051","Shropshire",0.016549968,0,0.039735099,0.033962264,-0.012919897,0.033970276
