"Code","Name","LA_code","LA_name","All","X0to15","X16to29","X30to44","X45to64","X65plus"
"E01029012","Shropshire 038G","E06000051","Shropshire",-0.011077543,-0.052256532,0.017605634,0.011235955,0.01010101,-0.03255814
