"Code","Name","LA_code","LA_name","All","X0to15","X16to29","X30to44","X45to64","X65plus"
"E01028834","Shropshire 033C","E06000051","Shropshire",0.00955414,-0.017621145,-0.011049724,-0.009049774,0.016563147,0.032751092
