"Code","Name","LA_code","LA_name","All","X0to15","X16to29","X30to44","X45to64","X65plus"
"E01029011","Shropshire 038F","E06000051","Shropshire",-0.019502354,0.004651163,-0.021390374,-0.008298755,-0.039387309,-0.015503876
