"Code","Name","LA_code","LA_name","All","X0to15","X16to29","X30to44","X45to64","X65plus"
"E01028912","Shropshire 003C","E06000051","Shropshire",0.009397024,0.012048193,0.017777778,-0.024691358,0.003194888,0.04048583
