"Code","Name","LA_code","LA_name","All","X0to15","X16to29","X30to44","X45to64","X65plus"
"E01028859","Shropshire 034E","E06000051","Shropshire",0.00061237,-0.057377049,-0.018404908,0.035242291,-0.012765957,0.030245747
