"Code","Name","LA_code","LA_name","All","X0to15","X16to29","X30to44","X45to64","X65plus"
"E01028896","Shropshire 001E","E06000051","Shropshire",-0.001796138,-0.030444965,0.027439024,-0.007092199,0.020689655,-0.019189765
