"Code","Name","LA_code","LA_name","All","X0to15","X16to29","X30to44","X45to64","X65plus"
"E01028848","Shropshire 035C","E06000051","Shropshire",0.00875,0.016736402,0.010309278,-0.033018868,0.010438413,0.021008403
