"Code","Name","LA_code","LA_name","All","X0to15","X16to29","X30to44","X45to64","X65plus"
"E01029003","Shropshire 037B","E06000051","Shropshire",-0.01208981,0.003164557,0.008810573,0.018656716,-0.042471042,-0.004120879
