"Code","Name","LA_code","LA_name","All","X0to15","X16to29","X30to44","X45to64","X65plus"
"E01028975","Shropshire 026C","E06000051","Shropshire",0.013842746,0.017492711,0.016778523,0.05734767,0.001996008,-0.007792208
