"Code","Name","LA_code","LA_name","All","X0to15","X16to29","X30to44","X45to64","X65plus"
"E01028828","Shropshire 034A","E06000051","Shropshire",0.020631068,0.038610039,0.037735849,0.035856574,0.007692308,0.010893246
