"Code","Name","LA_code","LA_name","All","X0to15","X16to29","X30to44","X45to64","X65plus"
"E01028889","Shropshire 008C","E06000051","Shropshire",0.026200873,0.093023256,-0.015789474,0.118343195,0,0.006237006
