"Code","Name","LA_code","LA_name","All","X0to15","X16to29","X30to44","X45to64","X65plus"
"E01028940","Shropshire 023A","E06000051","Shropshire",0.017156863,-0.028469751,0.059701493,0.00729927,0.005825243,0.052631579
