"Code","Name","LA_code","LA_name","All","X0to15","X16to29","X30to44","X45to64","X65plus"
"E01028952","Shropshire 023B","E06000051","Shropshire",0.006086427,0.007246377,0.013333333,0.003184713,-0.022271715,0.036939314
