"Code","Name","LA_code","LA_name","All","X0to15","X16to29","X30to44","X45to64","X65plus"
"E01028981","Shropshire 016B","E06000051","Shropshire",0.004194128,0.009836066,0.011406844,0,-0.001949318,0.006920415
