"Code","Name","LA_code","LA_name","All","X0to15","X16to29","X30to44","X45to64","X65plus"
"E01028946","Shropshire 019A","E06000051","Shropshire",0.019213175,-0.025316456,0.01996008,0.021978022,0.010221465,0.041237113
