"Code","Name","LA_code","LA_name","All","X0to15","X16to29","X30to44","X45to64","X65plus"
"E01028908","Shropshire 007C","E06000051","Shropshire",-0.006563246,0.021084337,-0.017699115,0.016746411,-0.041871921,-0.011049724
