"Code","Name","LA_code","LA_name","All","X0to15","X16to29","X30to44","X45to64","X65plus"
"E01028867","Shropshire 004D","E06000051","Shropshire",-0.016832918,-0.00952381,-0.014285714,-0.072,-0.013888889,0.007556675
