"Code","Name","LA_code","LA_name","All","X0to15","X16to29","X30to44","X45to64","X65plus"
"E01028842","Shropshire 034C","E06000051","Shropshire",-0.020693853,-0.018018018,0.004405286,-0.083700441,-0.028268551,0.009975062
