"Code","Name","LA_code","LA_name","All","X0to15","X16to29","X30to44","X45to64","X65plus"
"E01028882","Shropshire 002C","E06000051","Shropshire",0.033825338,0.034482759,0.005464481,0.052238806,0.022346369,0.050397878
