"Code","Name","LA_code","LA_name","All","X0to15","X16to29","X30to44","X45to64","X65plus"
"E01028994","Shropshire 037A","E06000051","Shropshire",0.008178439,-0.030434783,0.031914894,-0.027210884,0.018087855,0.022900763
