"Code","Name","LA_code","LA_name","All","X0to15","X16to29","X30to44","X45to64","X65plus"
"E01028830","Shropshire 031A","E06000051","Shropshire",0.008191126,0.111764706,-0.011299435,0.009259259,0.002358491,-0.016736402
