"Code","Name","LA_code","LA_name","All","X0to15","X16to29","X30to44","X45to64","X65plus"
"E01028833","Shropshire 033B","E06000051","Shropshire",-0.018108652,-0.114285714,0.035502959,-0.048309179,0.002227171,-0.00814664
