"Code","Name","LA_code","LA_name","All","X0to15","X16to29","X30to44","X45to64","X65plus"
"E01028890","Shropshire 008D","E06000051","Shropshire",-0.038121171,0.008064516,-0.019047619,-0.028340081,-0.046838407,-0.080118694
