"Code","Name","LA_code","LA_name","All","X0to15","X16to29","X30to44","X45to64","X65plus"
"E01028876","Shropshire 005D","E06000051","Shropshire",-0.033964365,-0.107894737,-0.007246377,0,-0.004950495,-0.03960396
