"Code","Name","LA_code","LA_name","All","X0to15","X16to29","X30to44","X45to64","X65plus"
"E01028950","Shropshire 028A","E06000051","Shropshire",0.003781513,-0.002724796,0.003012048,0.011560694,-0.010376135,0.023049645
