"Code","Name","LA_code","LA_name","All","X0to15","X16to29","X30to44","X45to64","X65plus"
"E01028935","Shropshire 024A","E06000051","Shropshire",0.007318696,-0.06374502,0.022727273,0.028340081,0.019704433,0.01891253
