"Code","Name","LA_code","LA_name","All","X0to15","X16to29","X30to44","X45to64","X65plus"
"E01033527","Shropshire 038I","E06000051","Shropshire",0.0243309,-0.00952381,0.144444444,-0.008333333,0.055555556,0.001683502
