"Code","Name","LA_code","LA_name","All","X0to15","X16to29","X30to44","X45to64","X65plus"
"E01028988","Shropshire 018E","E06000051","Shropshire",0.009506833,0.006472492,0.029535865,0.023696682,0.025974026,-0.059288538
