"Code","Name","LA_code","LA_name","All","X0to15","X16to29","X30to44","X45to64","X65plus"
"E01016450","Slough 001A","E06000039","Slough",-0.010981912,-0.006666667,0,-0.030136986,-0.011363636,0.009090909
