"Code","Name","LA_code","LA_name","All","X0to15","X16to29","X30to44","X45to64","X65plus"
"E01016507","Slough 010B","E06000039","Slough",0.007352941,0.036117381,-0.003773585,-0.02173913,0.020100503,-0.004032258
