"Code","Name","LA_code","LA_name","All","X0to15","X16to29","X30to44","X45to64","X65plus"
"E01016485","Slough 002C","E06000039","Slough",0.032571429,0.036511156,0.048442907,0.00921659,0.015267176,0.106382979
