"Code","Name","LA_code","LA_name","All","X0to15","X16to29","X30to44","X45to64","X65plus"
"E01016454","Slough 001E","E06000039","Slough",-0.003733665,-0.021459227,0.037037037,0.008645533,-0.005154639,-0.036809816
