"Code","Name","LA_code","LA_name","All","X0to15","X16to29","X30to44","X45to64","X65plus"
"E01016453","Slough 001D","E06000039","Slough",0.006752609,0.007672634,0.050632911,0.002638522,0.012254902,-0.046728972
