"Code","Name","LA_code","LA_name","All","X0to15","X16to29","X30to44","X45to64","X65plus"
"E01016515","Slough 011E","E06000039","Slough",-0.017820774,-0.016990291,0.017857143,-0.013422819,-0.030434783,-0.045307443
