"Code","Name","LA_code","LA_name","All","X0to15","X16to29","X30to44","X45to64","X65plus"
"E01016483","Slough 002A","E06000039","Slough",-0.022088353,-0.070811744,-0.00872093,-0.006968641,0.008823529,0.006451613
