"Code","Name","LA_code","LA_name","All","X0to15","X16to29","X30to44","X45to64","X65plus"
"E01016497","Slough 003E","E06000039","Slough",0.003750938,0.015151515,0.023148148,0.046728972,-0.014354067,-0.036199095
