"Code","Name","LA_code","LA_name","All","X0to15","X16to29","X30to44","X45to64","X65plus"
"E01016449","Slough 004F","E06000039","Slough",-0.022877255,-0.042386185,-0.021052632,-0.01663586,-0.019693654,0.018404908
