"Code","Name","LA_code","LA_name","All","X0to15","X16to29","X30to44","X45to64","X65plus"
"E01016456","Slough 007A","E06000039","Slough",0.01377275,0.027027027,0.024719101,-0.003773585,-0.002439024,0.041916168
