"Code","Name","LA_code","LA_name","All","X0to15","X16to29","X30to44","X45to64","X65plus"
"E01016487","Slough 002E","E06000039","Slough",0.013407821,-0.012019231,0.011080332,0.009569378,0.014527845,0.082417582
