"Code","Name","LA_code","LA_name","All","X0to15","X16to29","X30to44","X45to64","X65plus"
"E01016482","Slough 014D","E06000039","Slough",-0.010559662,-0.002881844,0.008219178,0,-0.017241379,-0.074074074
