"Code","Name","LA_code","LA_name","All","X0to15","X16to29","X30to44","X45to64","X65plus"
"E01016494","Slough 003B","E06000039","Slough",0.009646302,0.011111111,0.003164557,0.010948905,0,0.042857143
