"Code","Name","LA_code","LA_name","All","X0to15","X16to29","X30to44","X45to64","X65plus"
"E01016516","Slough 005A","E06000039","Slough",0.007575758,0.02016129,0.028818444,0,0.005747126,-0.070866142
