"Code","Name","LA_code","LA_name","All","X0to15","X16to29","X30to44","X45to64","X65plus"
"E01016519","Slough 005D","E06000039","Slough",0.010292953,0.022304833,0.024096386,-0.003395586,0.009823183,-0.00255102
