"Code","Name","LA_code","LA_name","All","X0to15","X16to29","X30to44","X45to64","X65plus"
"E01016503","Slough 012D","E06000039","Slough",0.021011162,0.019444444,0.03030303,0.033591731,0.027247956,-0.04137931
