"Code","Name","LA_code","LA_name","All","X0to15","X16to29","X30to44","X45to64","X65plus"
"E01016451","Slough 001B","E06000039","Slough",0.011764706,0.010928962,0.061302682,-0.010989011,0,0.008849558
