"Code","Name","LA_code","LA_name","All","X0to15","X16to29","X30to44","X45to64","X65plus"
"E01016493","Slough 003A","E06000039","Slough",0.008389262,-0.012931034,0.016666667,0.019169329,0,0.026143791
