"Code","Name","LA_code","LA_name","All","X0to15","X16to29","X30to44","X45to64","X65plus"
"E01032731","Slough 013E","E06000039","Slough",-0.006261741,0,0.01509434,0.004415011,-0.009433962,-0.121495327
