"Code","Name","LA_code","LA_name","All","X0to15","X16to29","X30to44","X45to64","X65plus"
"E01016476","Slough 008D","E06000039","Slough",0.022274326,0.013539652,-0.011904762,0.031620553,-0.002793296,0.260273973
