"Code","Name","LA_code","LA_name","All","X0to15","X16to29","X30to44","X45to64","X65plus"
"E01016444","Slough 004A","E06000039","Slough",0.026285047,0.009433962,0.038216561,-0.01843318,0.017699115,0.315789474
