"Code","Name","LA_code","LA_name","All","X0to15","X16to29","X30to44","X45to64","X65plus"
"E01016504","Slough 012E","E06000039","Slough",0.008091706,-0.033670034,0.022321429,0.017241379,0.020833333,0.013043478
