"Code","Name","LA_code","LA_name","All","X0to15","X16to29","X30to44","X45to64","X65plus"
"E01016467","Slough 006A","E06000039","Slough",-0.001265022,-0.021377672,-0.021276596,0.009009009,0,0.057553957
