"Code","Name","LA_code","LA_name","All","X0to15","X16to29","X30to44","X45to64","X65plus"
"E01016484","Slough 002B","E06000039","Slough",0.021474173,0.04805492,0.019933555,0.030092593,-0.008595989,0
