"Code","Name","LA_code","LA_name","All","X0to15","X16to29","X30to44","X45to64","X65plus"
"E01016473","Slough 008A","E06000039","Slough",0.071339693,0.102068966,0.068126521,0.09476662,-0.013186813,0.079646018
