"Code","Name","LA_code","LA_name","All","X0to15","X16to29","X30to44","X45to64","X65plus"
"E01016508","Slough 010C","E06000039","Slough",-0.023190045,-0.017326733,-0.014440433,-0.025700935,-0.005089059,-0.063909774
