"Code","Name","LA_code","LA_name","All","X0to15","X16to29","X30to44","X45to64","X65plus"
"E01016513","Slough 011C","E06000039","Slough",0.003008165,0.007949126,0.006622517,0.011686144,0.039525692,-0.092783505
