"Code","Name","LA_code","LA_name","All","X0to15","X16to29","X30to44","X45to64","X65plus"
"E01010232","Solihull 015E","E08000029","Solihull",0.128134975,0.191397849,0.120987654,0.150779896,0.093126386,0.047457627
