"Code","Name","LA_code","LA_name","All","X0to15","X16to29","X30to44","X45to64","X65plus"
"E01010147","Solihull 005B","E08000029","Solihull",-0.01713198,-0.044,0.039344262,0.003144654,0.003144654,-0.140740741
