"Code","Name","LA_code","LA_name","All","X0to15","X16to29","X30to44","X45to64","X65plus"
"E01010108","Solihull 017A","E08000029","Solihull",0.009049774,0.01025641,0.028846154,0,0.009917355,0.004301075
