"Code","Name","LA_code","LA_name","All","X0to15","X16to29","X30to44","X45to64","X65plus"
"E01010196","Solihull 019B","E08000029","Solihull",-0.076136364,-0.095975232,-0.064102564,-0.087649402,-0.070921986,-0.067010309
