"Code","Name","LA_code","LA_name","All","X0to15","X16to29","X30to44","X45to64","X65plus"
"E01010131","Solihull 008F","E08000029","Solihull",-0.006721434,-0.015822785,0.003816794,-0.004115226,0.036065574,-0.070422535
