"Code","Name","LA_code","LA_name","All","X0to15","X16to29","X30to44","X45to64","X65plus"
"E01010166","Solihull 025A","E08000029","Solihull",0.02919708,0.038461538,0.056410256,0.056074766,0.028436019,-0.005128205
