"Code","Name","LA_code","LA_name","All","X0to15","X16to29","X30to44","X45to64","X65plus"
"E01032885","Solihull 029F","E08000029","Solihull",0.052936911,0.026785714,0.044642857,0.031446541,0.079861111,0.259259259
