"Code","Name","LA_code","LA_name","All","X0to15","X16to29","X30to44","X45to64","X65plus"
"E01010188","Solihull 028F","E08000029","Solihull",0.0101983,-0.011661808,0.005376344,-0.013636364,0.026168224,0.020790021
