"Code","Name","LA_code","LA_name","All","X0to15","X16to29","X30to44","X45to64","X65plus"
"E01010199","Solihull 018A","E08000029","Solihull",-0.070193819,-0.09375,-0.089795918,-0.082568807,-0.068181818,-0.025445293
