"Code","Name","LA_code","LA_name","All","X0to15","X16to29","X30to44","X45to64","X65plus"
"E01010184","Solihull 028B","E08000029","Solihull",0.020625,0.032697548,0.00990099,0.010989011,0.020642202,0.02173913
