"Code","Name","LA_code","LA_name","All","X0to15","X16to29","X30to44","X45to64","X65plus"
"E01010214","Solihull 027B","E08000029","Solihull",-0.005568815,0.015306122,-0.006097561,-0.028225806,-0.010416667,0.00754717
