"Code","Name","LA_code","LA_name","All","X0to15","X16to29","X30to44","X45to64","X65plus"
"E01032886","Solihull 029G","E08000029","Solihull",-0.039215686,-0.030162413,-0.01744186,-0.059548255,-0.036971831,-0.052380952
