"Code","Name","LA_code","LA_name","All","X0to15","X16to29","X30to44","X45to64","X65plus"
"E01010229","Solihull 016C","E08000029","Solihull",-0.010855683,-0.041139241,0.026455026,-0.018796992,-0.024038462,0.015831135
