"Code","Name","LA_code","LA_name","All","X0to15","X16to29","X30to44","X45to64","X65plus"
"E01010206","Solihull 018F","E08000029","Solihull",-0.011137163,-0.029023747,0,-0.005882353,-0.004395604,-0.01459854
