"Code","Name","LA_code","LA_name","All","X0to15","X16to29","X30to44","X45to64","X65plus"
"E01010207","Solihull 024D","E08000029","Solihull",-0.022957461,-0.023584906,0.02892562,0.022026432,-0.018223235,-0.091412742
