"Code","Name","LA_code","LA_name","All","X0to15","X16to29","X30to44","X45to64","X65plus"
"E01010238","Solihull 004D","E08000029","Solihull",-0.004511278,-0.003649635,-0.024561404,0.00877193,0.018927445,-0.026548673
