"Code","Name","LA_code","LA_name","All","X0to15","X16to29","X30to44","X45to64","X65plus"
"E01010150","Solihull 028A","E08000029","Solihull",0.014447236,0.036101083,0.06741573,-0.033057851,0.012847966,0.007009346
