"Code","Name","LA_code","LA_name","All","X0to15","X16to29","X30to44","X45to64","X65plus"
"E01010167","Solihull 017D","E08000029","Solihull",-0.001880878,0.035856574,-0.035242291,-0.052631579,0.035639413,-0.016901408
