"Code","Name","LA_code","LA_name","All","X0to15","X16to29","X30to44","X45to64","X65plus"
"E01010222","Solihull 021D","E08000029","Solihull",-0.002741604,-0.01826484,-0.016326531,0.079646018,-0.019047619,-0.017191977
