"Code","Name","LA_code","LA_name","All","X0to15","X16to29","X30to44","X45to64","X65plus"
"E01010148","Solihull 005C","E08000029","Solihull",0.00375134,-0.028725314,0.019886364,0.022535211,-0.009950249,0.06
