"Code","Name","LA_code","LA_name","All","X0to15","X16to29","X30to44","X45to64","X65plus"
"E01010223","Solihull 030B","E08000029","Solihull",0.067891374,0.107407407,0.069364162,0.062745098,0.041297935,0.065116279
