"Code","Name","LA_code","LA_name","All","X0to15","X16to29","X30to44","X45to64","X65plus"
"E01010237","Solihull 004C","E08000029","Solihull",0.012658228,0.013368984,-0.027932961,-0.015337423,-0.015873016,0.125748503
