"Code","Name","LA_code","LA_name","All","X0to15","X16to29","X30to44","X45to64","X65plus"
"E01010221","Solihull 021C","E08000029","Solihull",0,-0.029315961,-0.00390625,-0.03601108,0.023560209,0.037333333
