"Code","Name","LA_code","LA_name","All","X0to15","X16to29","X30to44","X45to64","X65plus"
"E01010170","Solihull 025D","E08000029","Solihull",0,0,-0.027777778,-0.021459227,-0.008130081,0.048543689
