"Code","Name","LA_code","LA_name","All","X0to15","X16to29","X30to44","X45to64","X65plus"
"E01010138","Solihull 011E","E08000029","Solihull",0.01511879,0.038297872,0.01980198,0.014285714,0.0078125,0.003472222
