"Code","Name","LA_code","LA_name","All","X0to15","X16to29","X30to44","X45to64","X65plus"
"E01010145","Solihull 005A","E08000029","Solihull",0.010841837,0.050473186,-0.011450382,0.019762846,0,-0.002881844
