"Code","Name","LA_code","LA_name","All","X0to15","X16to29","X30to44","X45to64","X65plus"
"E01010210","Solihull 023B","E08000029","Solihull",-0.013843111,-0.038095238,-0.020942408,-0.052380952,-0.004158004,0.009411765
