"Code","Name","LA_code","LA_name","All","X0to15","X16to29","X30to44","X45to64","X65plus"
"E01010128","Solihull 008D","E08000029","Solihull",0.001328904,0.032544379,0,0.021929825,-0.015831135,-0.028169014
