"Code","Name","LA_code","LA_name","All","X0to15","X16to29","X30to44","X45to64","X65plus"
"E01010180","Solihull 029A","E08000029","Solihull",-0.007575758,-0.012,-0.01734104,0.004366812,-0.002915452,-0.012307692
