"Code","Name","LA_code","LA_name","All","X0to15","X16to29","X30to44","X45to64","X65plus"
"E01010123","Solihull 003C","E08000029","Solihull",0.026440678,0.028301887,0.068669528,0.096969697,0.019067797,-0.020356234
