"Code","Name","LA_code","LA_name","All","X0to15","X16to29","X30to44","X45to64","X65plus"
"E01010203","Solihull 022C","E08000029","Solihull",0,0.032448378,-0.011661808,-0.008356546,0.01891253,-0.034682081
