"Code","Name","LA_code","LA_name","All","X0to15","X16to29","X30to44","X45to64","X65plus"
"E01010172","Solihull 014A","E08000029","Solihull",0.010416667,-0.015772871,-0.004694836,0.036866359,0.019027484,0.015822785
