"Code","Name","LA_code","LA_name","All","X0to15","X16to29","X30to44","X45to64","X65plus"
"E01010190","Solihull 024A","E08000029","Solihull",0.003640777,-0.025179856,-0.018518519,0.007905138,0.010638298,0.035335689
