"Code","Name","LA_code","LA_name","All","X0to15","X16to29","X30to44","X45to64","X65plus"
"E01010118","Solihull 001A","E08000029","Solihull",-0.001626016,0.038216561,0.004901961,-0.037037037,0.027295285,-0.046931408
