"Code","Name","LA_code","LA_name","All","X0to15","X16to29","X30to44","X45to64","X65plus"
"E01010133","Solihull 011B","E08000029","Solihull",0.007638447,0.004032258,0.076923077,0.009433962,-0.022573363,0.004474273
