"Code","Name","LA_code","LA_name","All","X0to15","X16to29","X30to44","X45to64","X65plus"
"E01010160","Solihull 012D","E08000029","Solihull",0.019008826,-0.038610039,0.075949367,0.003921569,0.012376238,0.044025157
