"Code","Name","LA_code","LA_name","All","X0to15","X16to29","X30to44","X45to64","X65plus"
"E01010134","Solihull 011C","E08000029","Solihull",0.008754209,0,0.03125,0.035714286,-0.01305483,0.003154574
