"Code","Name","LA_code","LA_name","All","X0to15","X16to29","X30to44","X45to64","X65plus"
"E01010154","Solihull 026D","E08000029","Solihull",0.008551881,-0.019736842,0.042944785,0.075471698,-0.015765766,0.00792393
