"Code","Name","LA_code","LA_name","All","X0to15","X16to29","X30to44","X45to64","X65plus"
"E01010225","Solihull 030C","E08000029","Solihull",0.012508229,-0.005586592,-0.021186441,0.023188406,0.013888889,0.059090909
