"Code","Name","LA_code","LA_name","All","X0to15","X16to29","X30to44","X45to64","X65plus"
"E01010176","Solihull 014C","E08000029","Solihull",0.034746352,0.010830325,0.08372093,0,0.04691358,0.031847134
