"Code","Name","LA_code","LA_name","All","X0to15","X16to29","X30to44","X45to64","X65plus"
"E01029216","South Somerset 010B","E07000189","South Somerset",-0.004498715,0.017167382,0.026143791,0.015384615,0.002242152,-0.035916824
