"Code","Name","LA_code","LA_name","All","X0to15","X16to29","X30to44","X45to64","X65plus"
"E01003988","Southwark 018B","E09000028","Southwark",-0.016260163,0.010204082,-0.024952015,-0.029684601,-0.009469697,-0.034749035
