"Code","Name","LA_code","LA_name","All","X0to15","X16to29","X30to44","X45to64","X65plus"
"E01017138","Southampton 023C","E06000045","Southampton",-0.024587156,-0.037735849,-0.035344302,-0.061728395,-0.005617978,0.107279693
