"Code","Name","LA_code","LA_name","All","X0to15","X16to29","X30to44","X45to64","X65plus"
"E01029166","South Somerset 002A","E07000189","South Somerset",0.011066844,0.03003003,-0.012605042,-0.011406844,0.016949153,0.012158055
