"Code","Name","LA_code","LA_name","All","X0to15","X16to29","X30to44","X45to64","X65plus"
"E01028609","South Oxfordshire 007D","E07000179","South Oxfordshire",-0.011544012,-0.044217687,0.005747126,0.056,-0.007481297,-0.056179775
