"Code","Name","LA_code","LA_name","All","X0to15","X16to29","X30to44","X45to64","X65plus"
"E01025402","South Ribble 008D","E07000126","South Ribble",-0.06613455,-0.106280193,-0.024390244,-0.082568807,-0.039325843,-0.072625698
