"Code","Name","LA_code","LA_name","All","X0to15","X16to29","X30to44","X45to64","X65plus"
"E01028605","South Oxfordshire 006B","E07000179","South Oxfordshire",0.019292605,0.039039039,0.037656904,0.011904762,0.027906977,-0.023255814
