"Code","Name","LA_code","LA_name","All","X0to15","X16to29","X30to44","X45to64","X65plus"
"E01028621","South Oxfordshire 010A","E07000179","South Oxfordshire",0.022918773,0.00811359,0.045,0.039421813,-0.002183406,0.024691358
