"Code","Name","LA_code","LA_name","All","X0to15","X16to29","X30to44","X45to64","X65plus"
"E01032751","Southampton 029H","E06000045","Southampton",-0.022551546,0.044334975,-0.03030303,-0.056603774,-0.011278195,-0.011764706
