"Code","Name","LA_code","LA_name","All","X0to15","X16to29","X30to44","X45to64","X65plus"
"E01017834","South Bucks 005D","E07000006","South Bucks",0.019267823,0.01369863,0.019305019,-0.020491803,0.030107527,0.04040404
