"Code","Name","LA_code","LA_name","All","X0to15","X16to29","X30to44","X45to64","X65plus"
"E01029198","South Somerset 006C","E07000189","South Somerset",0.015248796,-0.013297872,0.004694836,0.067484663,0.050847458,-0.115789474
