"Code","Name","LA_code","LA_name","All","X0to15","X16to29","X30to44","X45to64","X65plus"
"E01019395","South Lakeland 001D","E07000031","South Lakeland",0.005167959,0.027149321,0.004424779,-0.013043478,-0.005226481,0.013157895
