"Code","Name","LA_code","LA_name","All","X0to15","X16to29","X30to44","X45to64","X65plus"
"E01014963","South Gloucestershire 004D","E06000025","South Gloucestershire",0.018398268,0.009584665,-0.03030303,0.069105691,0.012345679,0.028513238
