"Code","Name","LA_code","LA_name","All","X0to15","X16to29","X30to44","X45to64","X65plus"
"E01026886","South Norfolk 014C","E07000149","South Norfolk",0.012326656,0.018867925,0.03030303,-0.041666667,0.013944223,0.026706231
