"Code","Name","LA_code","LA_name","All","X0to15","X16to29","X30to44","X45to64","X65plus"
"E01015896","Southend-on-Sea 010B","E06000033","Southend-on-Sea",0.024205031,0.015594542,0.08115942,0.00625,0.021834061,0.006430868
