"Code","Name","LA_code","LA_name","All","X0to15","X16to29","X30to44","X45to64","X65plus"
"E01026948","South Norfolk 004D","E07000149","South Norfolk",0.001424501,0.012738854,-0.014869888,0.005263158,0.032751092,-0.044520548
