"Code","Name","LA_code","LA_name","All","X0to15","X16to29","X30to44","X45to64","X65plus"
"E01003984","Southwark 023A","E09000028","Southwark",-0.011494253,-0.026392962,-0.005714286,-0.013108614,-0.004405286,-0.012820513
