"Code","Name","LA_code","LA_name","All","X0to15","X16to29","X30to44","X45to64","X65plus"
"E01026305","South Kesteven 014C","E07000141","South Kesteven",0.033333333,0.034632035,0.028901734,0.003831418,0.039832285,0.061797753
