"Code","Name","LA_code","LA_name","All","X0to15","X16to29","X30to44","X45to64","X65plus"
"E01029624","South Staffordshire 004D","E07000196","South Staffordshire",-0.022818792,-0.003891051,-0.06147541,-0.012145749,-0.04109589,0.025974026
