"Code","Name","LA_code","LA_name","All","X0to15","X16to29","X30to44","X45to64","X65plus"
"E01029167","South Somerset 002B","E07000189","South Somerset",-0.02482679,-0.006329114,-0.00390625,-0.026217228,-0.016018307,-0.057017544
