"Code","Name","LA_code","LA_name","All","X0to15","X16to29","X30to44","X45to64","X65plus"
"E01032750","Southampton 022G","E06000045","Southampton",0.002796421,0.016574586,-0.008024072,0.003333333,0.052631579,-0.036585366
