"Code","Name","LA_code","LA_name","All","X0to15","X16to29","X30to44","X45to64","X65plus"
"E01008634","South Tyneside 008B","E08000023","South Tyneside",0.010810811,0.021551724,-0.004504505,0.046948357,-0.006329114,0.006410256
