"Code","Name","LA_code","LA_name","All","X0to15","X16to29","X30to44","X45to64","X65plus"
"E01014950","South Gloucestershire 011E","E06000025","South Gloucestershire",-0.019676739,-0.031007752,0.011494253,-0.024539877,-0.01511335,-0.049723757
