"Code","Name","LA_code","LA_name","All","X0to15","X16to29","X30to44","X45to64","X65plus"
"E01025429","South Ribble 006D","E07000126","South Ribble",0.023415978,0.042929293,0.030651341,0.028846154,0.024615385,-0.050632911
