"Code","Name","LA_code","LA_name","All","X0to15","X16to29","X30to44","X45to64","X65plus"
"E01008687","South Tyneside 018E","E08000023","South Tyneside",-0.008379888,-0.042635659,0.015463918,-0.019685039,0.021782178,-0.022452504
