"Code","Name","LA_code","LA_name","All","X0to15","X16to29","X30to44","X45to64","X65plus"
"E01019874","South Derbyshire 003B","E07000039","South Derbyshire",0.012162162,0.023148148,0,0.014336918,-0.002222222,0.033557047
