"Code","Name","LA_code","LA_name","All","X0to15","X16to29","X30to44","X45to64","X65plus"
"E01026878","South Norfolk 011B","E07000149","South Norfolk",0.032941176,0.052,0.02994012,0.051813472,0.023255814,0.017021277
