"Code","Name","LA_code","LA_name","All","X0to15","X16to29","X30to44","X45to64","X65plus"
"E01026292","South Kesteven 007A","E07000141","South Kesteven",0.03640416,0.109947644,0.016393443,0.041666667,-0.002212389,0.055921053
