"Code","Name","LA_code","LA_name","All","X0to15","X16to29","X30to44","X45to64","X65plus"
"E01029171","South Somerset 023B","E07000189","South Somerset",-0.009082652,-0.01497006,0.025157233,0,-0.006968641,-0.030497592
