"Code","Name","LA_code","LA_name","All","X0to15","X16to29","X30to44","X45to64","X65plus"
"E01029634","South Staffordshire 007C","E07000196","South Staffordshire",-0.010800508,0.013333333,0.028225806,-0.036437247,-0.035955056,-0.008982036
