"Code","Name","LA_code","LA_name","All","X0to15","X16to29","X30to44","X45to64","X65plus"
"E01017814","South Bucks 006C","E07000006","South Bucks",0.0025,0,-0.018518519,0.021052632,0.014893617,-0.014326648
