"Code","Name","LA_code","LA_name","All","X0to15","X16to29","X30to44","X45to64","X65plus"
"E01019350","South Lakeland 008C","E07000031","South Lakeland",0.028423773,-0.013245033,0.159763314,-0.03030303,0.034990792,0.012320329
