"Code","Name","LA_code","LA_name","All","X0to15","X16to29","X30to44","X45to64","X65plus"
"E01025449","South Ribble 005C","E07000126","South Ribble",0.055158325,0.187969925,0.046979866,0.050724638,0.01980198,0.03515625
