"Code","Name","LA_code","LA_name","All","X0to15","X16to29","X30to44","X45to64","X65plus"
"E01008689","South Tyneside 019B","E08000023","South Tyneside",-0.003939593,-0.0125,-0.031372549,0.016736402,-0.00234192,0.005524862
