"Code","Name","LA_code","LA_name","All","X0to15","X16to29","X30to44","X45to64","X65plus"
"E01020179","South Hams 012C","E07000044","South Hams",0.000517866,0.01171875,0.054545455,0.051401869,0.014109347,-0.041152263
