"Code","Name","LA_code","LA_name","All","X0to15","X16to29","X30to44","X45to64","X65plus"
"E01029621","South Staffordshire 002A","E07000196","South Staffordshire",0.03986711,0.004424779,0.088495575,0.030418251,0.056016598,0.012987013
