"Code","Name","LA_code","LA_name","All","X0to15","X16to29","X30to44","X45to64","X65plus"
"E01017277","Southampton 032B","E06000045","Southampton",-0.011952191,0.00887574,-0.03649635,0.00990099,-0.041666667,0.004329004
