"Code","Name","LA_code","LA_name","All","X0to15","X16to29","X30to44","X45to64","X65plus"
"E01004048","Southwark 027C","E09000028","Southwark",0.014714899,0.055194805,-0.014285714,-0.005524862,0.031446541,0.044642857
