"Code","Name","LA_code","LA_name","All","X0to15","X16to29","X30to44","X45to64","X65plus"
"E01032995","South Holland 006F","E07000140","South Holland",0.00795756,-0.044444444,0.005602241,0.0859375,-0.016574586,0.012987013
