"Code","Name","LA_code","LA_name","All","X0to15","X16to29","X30to44","X45to64","X65plus"
"E01029630","South Staffordshire 009D","E07000196","South Staffordshire",0.015027322,0.009433962,0.069767442,0.018018018,-0.002506266,0.010893246
