"Code","Name","LA_code","LA_name","All","X0to15","X16to29","X30to44","X45to64","X65plus"
"E01017221","Southampton 028D","E06000045","Southampton",-0.001769912,-0.002557545,-0.028169014,-0.008130081,0,0.062146893
