"Code","Name","LA_code","LA_name","All","X0to15","X16to29","X30to44","X45to64","X65plus"
"E01026913","South Norfolk 009A","E07000149","South Norfolk",0.030909091,0.035483871,0.009302326,0.064220183,0.024017467,0.017647059
