"Code","Name","LA_code","LA_name","All","X0to15","X16to29","X30to44","X45to64","X65plus"
"E01004044","Southwark 013E","E09000028","Southwark",0.02256138,0.041543027,0.041297935,-0.033519553,0.011428571,0.113821138
