"Code","Name","LA_code","LA_name","All","X0to15","X16to29","X30to44","X45to64","X65plus"
"E01026946","South Norfolk 007E","E07000149","South Norfolk",0.009460738,-0.074074074,0.03539823,-0.047619048,0.05734767,0.014851485
