"Code","Name","LA_code","LA_name","All","X0to15","X16to29","X30to44","X45to64","X65plus"
"E01018280","South Cambridgeshire 015B","E07000012","South Cambridgeshire",-0.021329987,-0.03960396,-0.024509804,-0.015673981,0.005012531,-0.037940379
