"Code","Name","LA_code","LA_name","All","X0to15","X16to29","X30to44","X45to64","X65plus"
"E01008593","South Tyneside 016A","E08000023","South Tyneside",-0.01003861,-0.02507837,-0.004464286,0.015564202,-0.024464832,0
