"Code","Name","LA_code","LA_name","All","X0to15","X16to29","X30to44","X45to64","X65plus"
"E01003937","Southwark 009B","E09000028","Southwark",-0.023335621,-0.058064516,-0.008316008,-0.028355388,-0.009259259,-0.052631579
