"Code","Name","LA_code","LA_name","All","X0to15","X16to29","X30to44","X45to64","X65plus"
"E01018226","South Cambridgeshire 019A","E07000012","South Cambridgeshire",0.047358834,0.098901099,0.104395604,0.068965517,0.011428571,-0.032894737
