"Code","Name","LA_code","LA_name","All","X0to15","X16to29","X30to44","X45to64","X65plus"
"E01017797","South Bucks 001B","E07000006","South Bucks",0.016817594,0.042016807,0.01875,0.035242291,-0.00660793,0.00862069
