"Code","Name","LA_code","LA_name","All","X0to15","X16to29","X30to44","X45to64","X65plus"
"E01003963","Southwark 016A","E09000028","Southwark",-0.001820388,-0.033254157,-0.005586592,-0.005494505,-0.00729927,0.191489362
