"Code","Name","LA_code","LA_name","All","X0to15","X16to29","X30to44","X45to64","X65plus"
"E01015919","Southend-on-Sea 017F","E06000033","Southend-on-Sea",-0.008701958,-0.061093248,-0.030973451,0.03875969,0.002915452,0.012448133
