"Code","Name","LA_code","LA_name","All","X0to15","X16to29","X30to44","X45to64","X65plus"
"E01015840","Southend-on-Sea 014B","E06000033","Southend-on-Sea",-0.01309329,-0.002403846,-0.008379888,-0.012106538,-0.009009009,-0.054455446
