"Code","Name","LA_code","LA_name","All","X0to15","X16to29","X30to44","X45to64","X65plus"
"E01029189","South Somerset 017A","E07000189","South Somerset",0.030898876,0,0.076923077,0.012269939,0.016611296,0.053003534
