"Code","Name","LA_code","LA_name","All","X0to15","X16to29","X30to44","X45to64","X65plus"
"E01029169","South Somerset 022A","E07000189","South Somerset",-0.046622833,-0.044378698,-0.043137255,-0.044728435,-0.051643192,-0.046920821
