"Code","Name","LA_code","LA_name","All","X0to15","X16to29","X30to44","X45to64","X65plus"
"E01026240","South Holland 011B","E07000140","South Holland",0.055599682,0.035849057,0.070121951,0.089189189,0.045992116,0.056710775
