"Code","Name","LA_code","LA_name","All","X0to15","X16to29","X30to44","X45to64","X65plus"
"E01029619","South Staffordshire 006B","E07000196","South Staffordshire",-0.004181913,0.023166023,-0.012244898,-0.011904762,-0.010416667,-0.003442341
