"Code","Name","LA_code","LA_name","All","X0to15","X16to29","X30to44","X45to64","X65plus"
"E01014867","South Gloucestershire 019A","E06000025","South Gloucestershire",0.028211285,0.141361257,0.069565217,0.011538462,-0.001754386,0.004819277
