"Code","Name","LA_code","LA_name","All","X0to15","X16to29","X30to44","X45to64","X65plus"
"E01028617","South Oxfordshire 012B","E07000179","South Oxfordshire",0.020811099,0.010126582,0.026785714,0.050991501,0.004081633,0.02184466
