"Code","Name","LA_code","LA_name","All","X0to15","X16to29","X30to44","X45to64","X65plus"
"E01019873","South Derbyshire 003A","E07000039","South Derbyshire",0.014250614,0.025104603,0.009661836,-0.014981273,0.027777778,0.056737589
