"Code","Name","LA_code","LA_name","All","X0to15","X16to29","X30to44","X45to64","X65plus"
"E01015006","South Gloucestershire 029F","E06000025","South Gloucestershire",0.02173913,-0.058103976,0.042372881,0.026315789,0.040963855,0.057926829
