"Code","Name","LA_code","LA_name","All","X0to15","X16to29","X30to44","X45to64","X65plus"
"E01025411","South Ribble 005A","E07000126","South Ribble",0.000930233,-0.021028037,-0.006389776,0,0.03125,-0.009708738
