"Code","Name","LA_code","LA_name","All","X0to15","X16to29","X30to44","X45to64","X65plus"
"E01015012","South Gloucestershire 010D","E06000025","South Gloucestershire",-0.010465116,0.002985075,-0.003846154,-0.036666667,-0.029545455,0.015584416
