"Code","Name","LA_code","LA_name","All","X0to15","X16to29","X30to44","X45to64","X65plus"
"E01017256","Southampton 026A","E06000045","Southampton",-0.011302211,0.054755043,-0.013333333,-0.051546392,-0.022807018,-0.011627907
