"Code","Name","LA_code","LA_name","All","X0to15","X16to29","X30to44","X45to64","X65plus"
"E01017271","Southampton 003D","E06000045","Southampton",-0.023560209,0.015957447,-0.066964286,-0.051724138,0,-0.013274336
