"Code","Name","LA_code","LA_name","All","X0to15","X16to29","X30to44","X45to64","X65plus"
"E01017225","Southampton 024D","E06000045","Southampton",0.008408797,0.014285714,-0.027027027,0,-0.013262599,0.080321285
