"Code","Name","LA_code","LA_name","All","X0to15","X16to29","X30to44","X45to64","X65plus"
"E01017182","Southampton 004A","E06000045","Southampton",0.005714286,0.038674033,0.055276382,-0.034146341,-0.03125,0.014141414
