"Code","Name","LA_code","LA_name","All","X0to15","X16to29","X30to44","X45to64","X65plus"
"E01032803","Southwark 003J","E09000028","Southwark",-0.028179191,0.007575758,-0.011210762,-0.024013722,-0.097938144,-0.068965517
