"Code","Name","LA_code","LA_name","All","X0to15","X16to29","X30to44","X45to64","X65plus"
"E01025427","South Ribble 006B","E07000126","South Ribble",-0.017884914,-0.038461538,-0.01843318,-0.069868996,-0.031609195,0.056338028
