"Code","Name","LA_code","LA_name","All","X0to15","X16to29","X30to44","X45to64","X65plus"
"E01019866","South Derbyshire 001D","E07000039","South Derbyshire",-0.028706252,-0.075650118,0.002793296,-0.029850746,-0.016766467,-0.03047619
