"Code","Name","LA_code","LA_name","All","X0to15","X16to29","X30to44","X45to64","X65plus"
"E01008617","South Tyneside 023C","E08000023","South Tyneside",-0.008086253,-0.031390135,-0.039130435,0.005235602,0.010917031,-0.005235602
