"Code","Name","LA_code","LA_name","All","X0to15","X16to29","X30to44","X45to64","X65plus"
"E01015917","Southend-on-Sea 017D","E06000033","Southend-on-Sea",0.014917127,0.015250545,0.031347962,0.005540166,0.024282561,-0.013761468
