"Code","Name","LA_code","LA_name","All","X0to15","X16to29","X30to44","X45to64","X65plus"
"E01020170","South Hams 004C","E07000044","South Hams",0.020225776,-0.032258065,0.079439252,0.033755274,0.022630835,0.018237082
