"Code","Name","LA_code","LA_name","All","X0to15","X16to29","X30to44","X45to64","X65plus"
"E01015832","Southend-on-Sea 012F","E06000033","Southend-on-Sea",-0.008191925,0.046808511,-0.017241379,-0.021126761,-0.028708134,-0.005555556
