"Code","Name","LA_code","LA_name","All","X0to15","X16to29","X30to44","X45to64","X65plus"
"E01029664","South Staffordshire 011B","E07000196","South Staffordshire",0.006317119,-0.012145749,-0.014035088,0.033088235,-0.004032258,0.035335689
