"Code","Name","LA_code","LA_name","All","X0to15","X16to29","X30to44","X45to64","X65plus"
"E01029669","South Staffordshire 003D","E07000196","South Staffordshire",-0.009893455,-0.089622642,0.022857143,0.016304348,0.007915567,-0.010989011
