"Code","Name","LA_code","LA_name","All","X0to15","X16to29","X30to44","X45to64","X65plus"
"E01017801","South Bucks 001F","E07000006","South Bucks",-0.000582411,0.019559902,0.080357143,-0.003344482,-0.028282828,-0.04137931
