"Code","Name","LA_code","LA_name","All","X0to15","X16to29","X30to44","X45to64","X65plus"
"E01033334","South Gloucestershire 021F","E06000025","South Gloucestershire",0.025489034,0.045146727,0.016233766,0.013592233,0.036516854,-0.030769231
