"Code","Name","LA_code","LA_name","All","X0to15","X16to29","X30to44","X45to64","X65plus"
"E01014930","South Gloucestershire 003D","E06000025","South Gloucestershire",0.016020672,0.059945504,-0.035211268,0.003663004,0.011477762,0.031847134
