"Code","Name","LA_code","LA_name","All","X0to15","X16to29","X30to44","X45to64","X65plus"
"E01015876","Southend-on-Sea 013A","E06000033","Southend-on-Sea",0.036894696,0.024096386,0.053977273,0.041509434,0.022427441,0.056034483
