"Code","Name","LA_code","LA_name","All","X0to15","X16to29","X30to44","X45to64","X65plus"
"E01033074","South Tyneside 013E","E08000023","South Tyneside",0.004144687,0.016071429,0.002079002,0.00998004,-0.004341534,-0.002375297
