"Code","Name","LA_code","LA_name","All","X0to15","X16to29","X30to44","X45to64","X65plus"
"E01017830","South Bucks 005A","E07000006","South Bucks",0.004787234,0.002881844,0.014652015,-0.011594203,0.003759398,0.015665796
