"Code","Name","LA_code","LA_name","All","X0to15","X16to29","X30to44","X45to64","X65plus"
"E01026335","South Kesteven 013B","E07000141","South Kesteven",-0.009096816,-0.017045455,-0.072164948,0.077669903,-0.030769231,0.001968504
