"Code","Name","LA_code","LA_name","All","X0to15","X16to29","X30to44","X45to64","X65plus"
"E01018267","South Cambridgeshire 018B","E07000012","South Cambridgeshire",0.005567452,-0.002544529,-0.021201413,-0.002754821,0.00466563,0.027565084
