"Code","Name","LA_code","LA_name","All","X0to15","X16to29","X30to44","X45to64","X65plus"
"E01020172","South Hams 012A","E07000044","South Hams",-0.003320421,-0.060714286,0.005376344,0.02173913,-0.003831418,0.01188455
