"Code","Name","LA_code","LA_name","All","X0to15","X16to29","X30to44","X45to64","X65plus"
"E01029227","South Somerset 005B","E07000189","South Somerset",0.012388503,0.031941032,-0.014925373,0.021021021,0.005244755,0.01369863
