"Code","Name","LA_code","LA_name","All","X0to15","X16to29","X30to44","X45to64","X65plus"
"E01028652","South Oxfordshire 016C","E07000179","South Oxfordshire",0.005450942,-0.048275862,0.039525692,0.058659218,-0.014285714,0.001594896
