"Code","Name","LA_code","LA_name","All","X0to15","X16to29","X30to44","X45to64","X65plus"
"E01029203","South Somerset 009B","E07000189","South Somerset",0.014864865,-0.041474654,0.040935673,-0.020920502,0.036876356,0.030612245
