"Code","Name","LA_code","LA_name","All","X0to15","X16to29","X30to44","X45to64","X65plus"
"E01015816","Southend-on-Sea 003C","E06000033","Southend-on-Sea",-0.012978585,-0.048913043,0,-0.025773196,0.009975062,-0.016447368
