"Code","Name","LA_code","LA_name","All","X0to15","X16to29","X30to44","X45to64","X65plus"
"E01019867","South Derbyshire 005A","E07000039","South Derbyshire",0.009848982,0.04040404,-0.033112583,-0.025773196,0.00589391,0.029723992
