"Code","Name","LA_code","LA_name","All","X0to15","X16to29","X30to44","X45to64","X65plus"
"E01020155","South Hams 007D","E07000044","South Hams",-0.000904977,-0.023474178,-0.010810811,0.031413613,-0.03202847,0.038297872
