"Code","Name","LA_code","LA_name","All","X0to15","X16to29","X30to44","X45to64","X65plus"
"E01017817","South Bucks 004C","E07000006","South Bucks",0.008036163,0.068126521,-0.015384615,0.024930748,-0.007476636,-0.030660377
