"Code","Name","LA_code","LA_name","All","X0to15","X16to29","X30to44","X45to64","X65plus"
"E01026934","South Norfolk 014E","E07000149","South Norfolk",0.01842871,-0.070422535,0,0.04109589,-0.006622517,0.082781457
