"Code","Name","LA_code","LA_name","All","X0to15","X16to29","X30to44","X45to64","X65plus"
"E01019353","South Lakeland 013B","E07000031","South Lakeland",-0.021181001,-0.077348066,0.032085561,-0.061452514,-0.029850746,0
