"Code","Name","LA_code","LA_name","All","X0to15","X16to29","X30to44","X45to64","X65plus"
"E01029222","South Somerset 004C","E07000189","South Somerset",-0.0256996,-0.055045872,-0.010695187,-0.036900369,0.007575758,-0.043378995
