"Code","Name","LA_code","LA_name","All","X0to15","X16to29","X30to44","X45to64","X65plus"
"E01017217","Southampton 024A","E06000045","Southampton",-0.014916468,0.006410256,-0.037288136,-0.038095238,-0.002358491,-0.009090909
