"Code","Name","LA_code","LA_name","All","X0to15","X16to29","X30to44","X45to64","X65plus"
"E01020143","South Hams 006B","E07000044","South Hams",0.006823028,-0.023752969,0.032967033,0.033426184,0.015483871,-0.013539652
