"Code","Name","LA_code","LA_name","All","X0to15","X16to29","X30to44","X45to64","X65plus"
"E01020180","South Hams 003A","E07000044","South Hams",0.001511335,-0.029023747,0.008130081,0,0.020689655,0
