"Code","Name","LA_code","LA_name","All","X0to15","X16to29","X30to44","X45to64","X65plus"
"E01017247","Southampton 011A","E06000045","Southampton",0.009122007,0.029673591,-0.012012012,-0.024464832,0.025287356,0.02173913
