"Code","Name","LA_code","LA_name","All","X0to15","X16to29","X30to44","X45to64","X65plus"
"E01004027","Southwark 003E","E09000028","Southwark",0.000402576,0.044817927,-0.014184397,-0.001204819,-0.015873016,0.045454545
