"Code","Name","LA_code","LA_name","All","X0to15","X16to29","X30to44","X45to64","X65plus"
"E01017261","Southampton 030C","E06000045","Southampton",-0.035570855,0.028301887,-0.071428571,-0.029255319,-0.066381156,-0.029801325
