"Code","Name","LA_code","LA_name","All","X0to15","X16to29","X30to44","X45to64","X65plus"
"E01017267","Southampton 005B","E06000045","Southampton",-0.081272085,-0.142857143,-0.042105263,-0.129166667,-0.128440367,-0.009708738
