"Code","Name","LA_code","LA_name","All","X0to15","X16to29","X30to44","X45to64","X65plus"
"E01017213","Southampton 015E","E06000045","Southampton",-0.032905745,-0.031055901,-0.061007958,-0.034623218,-0.028846154,0.016042781
