"Code","Name","LA_code","LA_name","All","X0to15","X16to29","X30to44","X45to64","X65plus"
"E01014938","South Gloucestershire 030B","E06000025","South Gloucestershire",0.006781751,-0.03880597,0.017667845,0.037800687,-0.002053388,0.039823009
