"Code","Name","LA_code","LA_name","All","X0to15","X16to29","X30to44","X45to64","X65plus"
"E01014990","South Gloucestershire 002A","E06000025","South Gloucestershire",0.008713137,0.014018692,0.035087719,-0.014218009,0.00228833,0.013071895
