"Code","Name","LA_code","LA_name","All","X0to15","X16to29","X30to44","X45to64","X65plus"
"E01017220","Southampton 028C","E06000045","Southampton",-0.026727181,-0.002617801,-0.018475751,-0.032967033,-0.021868787,-0.069767442
