"Code","Name","LA_code","LA_name","All","X0to15","X16to29","X30to44","X45to64","X65plus"
"E01026253","South Holland 003D","E07000140","South Holland",-0.004610951,-0.02189781,-0.012658228,0.040677966,-0.010615711,-0.013100437
