"Code","Name","LA_code","LA_name","All","X0to15","X16to29","X30to44","X45to64","X65plus"
"E01003936","Southwark 009A","E09000028","Southwark",-0.001628664,0.074468085,0.000922509,-0.004219409,-0.107784431,-0.01369863
