"Code","Name","LA_code","LA_name","All","X0to15","X16to29","X30to44","X45to64","X65plus"
"E01015003","South Gloucestershire 028B","E06000025","South Gloucestershire",-0.033816425,-0.028880866,-0.024291498,-0.069767442,-0.024390244,-0.026315789
