"Code","Name","LA_code","LA_name","All","X0to15","X16to29","X30to44","X45to64","X65plus"
"E01018270","South Cambridgeshire 018E","E07000012","South Cambridgeshire",-0.016071429,-0.010362694,0.013513514,-0.062857143,0.008403361,-0.04048583
