"Code","Name","LA_code","LA_name","All","X0to15","X16to29","X30to44","X45to64","X65plus"
"E01020152","South Hams 007B","E07000044","South Hams",0.038575668,0.080357143,0.100917431,0.005952381,0.048498845,0.019011407
