"Code","Name","LA_code","LA_name","All","X0to15","X16to29","X30to44","X45to64","X65plus"
"E01026349","South Kesteven 016A","E07000141","South Kesteven",0.070197044,0.075342466,0.119148936,0.121311475,0.054726368,0.012820513
