"Code","Name","LA_code","LA_name","All","X0to15","X16to29","X30to44","X45to64","X65plus"
"E01025418","South Ribble 012B","E07000126","South Ribble",0.020366599,-0.097643098,-0.025104603,0.012820513,0.071038251,0.135135135
