"Code","Name","LA_code","LA_name","All","X0to15","X16to29","X30to44","X45to64","X65plus"
"E01020181","South Hams 003B","E07000044","South Hams",-0.00569152,-0.031468531,-0.008130081,0.02020202,-0.009363296,0.004056795
