"Code","Name","LA_code","LA_name","All","X0to15","X16to29","X30to44","X45to64","X65plus"
"E01003940","Southwark 006B","E09000028","Southwark",0.014503263,-0.028213166,-0.008902077,0.032490975,0.036253776,0.095652174
