"Code","Name","LA_code","LA_name","All","X0to15","X16to29","X30to44","X45to64","X65plus"
"E01015005","South Gloucestershire 028C","E06000025","South Gloucestershire",-0.004025045,0.010288066,-0.011574074,0.001650165,-0.029723992,0.01659751
