"Code","Name","LA_code","LA_name","All","X0to15","X16to29","X30to44","X45to64","X65plus"
"E01019378","South Lakeland 014A","E07000031","South Lakeland",0.014402004,0.028806584,0.009049774,0,0.021484375,0.007915567
