"Code","Name","LA_code","LA_name","All","X0to15","X16to29","X30to44","X45to64","X65plus"
"E01017276","Southampton 031C","E06000045","Southampton",-0.003804348,0.017721519,-0.011737089,-0.011261261,-0.011876485,0.006493506
