"Code","Name","LA_code","LA_name","All","X0to15","X16to29","X30to44","X45to64","X65plus"
"E01004036","Southwark 007E","E09000028","Southwark",-0.026591107,-0.010771993,-0.023255814,-0.036507937,-0.028497409,-0.049382716
