"Code","Name","LA_code","LA_name","All","X0to15","X16to29","X30to44","X45to64","X65plus"
"E01008666","South Tyneside 002C","E08000023","South Tyneside",0.000597015,0.025236593,-0.002610966,-0.028571429,0.002427184,0.008064516
