"Code","Name","LA_code","LA_name","All","X0to15","X16to29","X30to44","X45to64","X65plus"
"E01015884","Southend-on-Sea 009B","E06000033","Southend-on-Sea",-0.010029252,-0.019762846,-0.005089059,-0.014678899,-0.040441176,0.044444444
