"Code","Name","LA_code","LA_name","All","X0to15","X16to29","X30to44","X45to64","X65plus"
"E01017137","Southampton 023B","E06000045","Southampton",-0.004414125,0.205128205,-0.0086877,0.006711409,0.078125,-0.113207547
