"Code","Name","LA_code","LA_name","All","X0to15","X16to29","X30to44","X45to64","X65plus"
"E01014927","South Gloucestershire 027C","E06000025","South Gloucestershire",0.019417476,0.049242424,0.020648968,0.049875312,-0.014150943,0.004694836
