"Code","Name","LA_code","LA_name","All","X0to15","X16to29","X30to44","X45to64","X65plus"
"E01015851","Southend-on-Sea 015A","E06000033","Southend-on-Sea",0.028748591,-0.029411765,0.081818182,0.074742268,0.052256532,-0.022608696
