"Code","Name","LA_code","LA_name","All","X0to15","X16to29","X30to44","X45to64","X65plus"
"E01026920","South Norfolk 009E","E07000149","South Norfolk",0.012820513,0.066666667,0.014184397,0,-0.017156863,0.030100334
