"Code","Name","LA_code","LA_name","All","X0to15","X16to29","X30to44","X45to64","X65plus"
"E01025404","South Ribble 007A","E07000126","South Ribble",-0.004834811,-0.011299435,-0.00729927,-0.005,-0.018126888,0.01010101
