"Code","Name","LA_code","LA_name","All","X0to15","X16to29","X30to44","X45to64","X65plus"
"E01025414","South Ribble 002B","E07000126","South Ribble",-0.001945525,0,0.018181818,-0.009302326,-0.004301075,-0.004048583
