"Code","Name","LA_code","LA_name","All","X0to15","X16to29","X30to44","X45to64","X65plus"
"E01017828","South Bucks 008E","E07000006","South Bucks",-0.009356725,0.012658228,-0.038022814,0,0.004385965,-0.034285714
