"Code","Name","LA_code","LA_name","All","X0to15","X16to29","X30to44","X45to64","X65plus"
"E01018282","South Cambridgeshire 015D","E07000012","South Cambridgeshire",0.017293233,0.004291845,0.005464481,0.022556391,0.012626263,0.03968254
