"Code","Name","LA_code","LA_name","All","X0to15","X16to29","X30to44","X45to64","X65plus"
"E01015871","Southend-on-Sea 006C","E06000033","Southend-on-Sea",0.013613861,0.014134276,0.030434783,-0.045454545,0.034907598,0.017045455
