"Code","Name","LA_code","LA_name","All","X0to15","X16to29","X30to44","X45to64","X65plus"
"E01020190","South Hams 008D","E07000044","South Hams",0.040917266,0.021077283,0.028409091,0.06097561,0.052713178,0.035493827
