"Code","Name","LA_code","LA_name","All","X0to15","X16to29","X30to44","X45to64","X65plus"
"E01003914","Southwark 024B","E09000028","Southwark",-0.025049116,-0.051094891,-0.038095238,-0.023297491,-0.028037383,0.082191781
