"Code","Name","LA_code","LA_name","All","X0to15","X16to29","X30to44","X45to64","X65plus"
"E01018297","South Cambridgeshire 007D","E07000012","South Cambridgeshire",-0.026608911,-0.033613445,-0.009090909,-0.028011204,-0.012684989,-0.051829268
