"Code","Name","LA_code","LA_name","All","X0to15","X16to29","X30to44","X45to64","X65plus"
"E01026881","South Norfolk 002A","E07000149","South Norfolk",-0.003893215,0.067988669,-0.020491803,-0.011363636,-0.009324009,-0.051204819
