"Code","Name","LA_code","LA_name","All","X0to15","X16to29","X30to44","X45to64","X65plus"
"E01025403","South Ribble 004A","E07000126","South Ribble",0.053097345,0.074468085,0.055045872,0.085192698,0.035460993,-0.038888889
