"Code","Name","LA_code","LA_name","All","X0to15","X16to29","X30to44","X45to64","X65plus"
"E01003943","Southwark 009C","E09000028","Southwark",0,0.006079027,-0.013100437,0.016666667,0.004048583,-0.049019608
