"Code","Name","LA_code","LA_name","All","X0to15","X16to29","X30to44","X45to64","X65plus"
"E01025457","South Ribble 004B","E07000126","South Ribble",-0.011315417,-0.053571429,-0.039408867,0,0.004950495,0.018450185
