"Code","Name","LA_code","LA_name","All","X0to15","X16to29","X30to44","X45to64","X65plus"
"E01026931","South Norfolk 015E","E07000149","South Norfolk",0.031141869,0.111731844,-0.038961039,0.0625,0.032448378,-0.003424658
