"Code","Name","LA_code","LA_name","All","X0to15","X16to29","X30to44","X45to64","X65plus"
"E01017155","Southampton 022C","E06000045","Southampton",-0.042434394,-0.040860215,-0.039735099,-0.037344398,-0.057507987,-0.038461538
