"Code","Name","LA_code","LA_name","All","X0to15","X16to29","X30to44","X45to64","X65plus"
"E01017216","Southampton 019E","E06000045","Southampton",-0.05136541,0.019736842,-0.05704698,-0.120689655,-0.019444444,-0.070588235
