"Code","Name","LA_code","LA_name","All","X0to15","X16to29","X30to44","X45to64","X65plus"
"E01026347","South Kesteven 015E","E07000141","South Kesteven",0.008069522,-0.0375,0.013761468,0.061151079,0.025700935,-0.022770398
