"Code","Name","LA_code","LA_name","All","X0to15","X16to29","X30to44","X45to64","X65plus"
"E01017172","Southampton 014B","E06000045","Southampton",-0.0155,0.015345269,-0.031818182,-0.061913696,0,0.049261084
