"Code","Name","LA_code","LA_name","All","X0to15","X16to29","X30to44","X45to64","X65plus"
"E01019848","South Derbyshire 002D","E07000039","South Derbyshire",0.021478728,0.041666667,0.008163265,-0.001594896,0.020033389,0.100775194
