"Code","Name","LA_code","LA_name","All","X0to15","X16to29","X30to44","X45to64","X65plus"
"E01008692","South Tyneside 019E","E08000023","South Tyneside",0.009873061,0.012658228,0.004032258,0.025104603,0.014742015,-0.006968641
