"Code","Name","LA_code","LA_name","All","X0to15","X16to29","X30to44","X45to64","X65plus"
"E01029615","South Staffordshire 008C","E07000196","South Staffordshire",0.008389262,-0.021186441,-0.016949153,-0.02293578,0.042105263,0.039855072
