"Code","Name","LA_code","LA_name","All","X0to15","X16to29","X30to44","X45to64","X65plus"
"E01008676","South Tyneside 003C","E08000023","South Tyneside",-0.009146341,0.010152284,-0.007936508,-0.038834951,-0.002617801,0.005813953
