"Code","Name","LA_code","LA_name","All","X0to15","X16to29","X30to44","X45to64","X65plus"
"E01029185","South Somerset 021D","E07000189","South Somerset",-0.011735639,-0.019083969,0.053398058,0.048979592,-0.031847134,-0.050574713
