"Code","Name","LA_code","LA_name","All","X0to15","X16to29","X30to44","X45to64","X65plus"
"E01004063","Southwark 025C","E09000028","Southwark",-0.031533684,-0.1,-0.01754386,-0.024096386,-0.023529412,0.009615385
