"Code","Name","LA_code","LA_name","All","X0to15","X16to29","X30to44","X45to64","X65plus"
"E01032745","Southampton 029E","E06000045","Southampton",-0.008199776,-0.017857143,-0.007092199,-0.042222222,0.053658537,0.053571429
