"Code","Name","LA_code","LA_name","All","X0to15","X16to29","X30to44","X45to64","X65plus"
"E01015852","Southend-on-Sea 015B","E06000033","Southend-on-Sea",0.01450116,0.043165468,0.072139303,0.017156863,-0.004524887,-0.108247423
