"Code","Name","LA_code","LA_name","All","X0to15","X16to29","X30to44","X45to64","X65plus"
"E01003993","Southwark 017D","E09000028","Southwark",0.002545825,-0.005628518,0.046997389,-0.025316456,0.013824885,-0.028571429
