"Code","Name","LA_code","LA_name","All","X0to15","X16to29","X30to44","X45to64","X65plus"
"E01017279","Southampton 031E","E06000045","Southampton",-0.005885815,-0.030959752,0.003378378,-0.022792023,0.009546539,0.009677419
