"Code","Name","LA_code","LA_name","All","X0to15","X16to29","X30to44","X45to64","X65plus"
"E01032637","Southwark 003F","E09000028","Southwark",-0.022929936,-0.183098592,-0.032608696,-0.021879022,0.084507042,-0.183673469
