"Code","Name","LA_code","LA_name","All","X0to15","X16to29","X30to44","X45to64","X65plus"
"E01018269","South Cambridgeshire 018D","E07000012","South Cambridgeshire",0.008746356,0.007518797,0.018404908,-0.020477816,0.021220159,0.018315018
