"Code","Name","LA_code","LA_name","All","X0to15","X16to29","X30to44","X45to64","X65plus"
"E01008674","South Tyneside 006C","E08000023","South Tyneside",0.058119658,0.138157895,0.061068702,0.027472527,0.020979021,0.09057971
