"Code","Name","LA_code","LA_name","All","X0to15","X16to29","X30to44","X45to64","X65plus"
"E01017205","Southampton 018C","E06000045","Southampton",-0.022222222,-0.057636888,0.003367003,-0.041825095,-0.020114943,0.027027027
