"Code","Name","LA_code","LA_name","All","X0to15","X16to29","X30to44","X45to64","X65plus"
"E01018218","South Cambridgeshire 016A","E07000012","South Cambridgeshire",-0.02028169,-0.063694268,-0.004950495,0.004201681,-0.006908463,-0.027149321
