"Code","Name","LA_code","LA_name","All","X0to15","X16to29","X30to44","X45to64","X65plus"
"E01018304","South Cambridgeshire 001A","E07000012","South Cambridgeshire",-0.021567596,-0.023640662,-0.058823529,-0.025345622,0.00621118,-0.026143791
