"Code","Name","LA_code","LA_name","All","X0to15","X16to29","X30to44","X45to64","X65plus"
"E01017815","South Bucks 004A","E07000006","South Bucks",-0.019341349,-0.043010753,-0.084745763,0.028469751,-0.024691358,0.010940919
