"Code","Name","LA_code","LA_name","All","X0to15","X16to29","X30to44","X45to64","X65plus"
"E01008610","South Tyneside 021A","E08000023","South Tyneside",0.000705219,-0.011976048,-0.016806723,0.063636364,-0.01994302,0.007272727
