"Code","Name","LA_code","LA_name","All","X0to15","X16to29","X30to44","X45to64","X65plus"
"E01028626","South Oxfordshire 009B","E07000179","South Oxfordshire",0.001176471,-0.024038462,0.010416667,0.002178649,0.006651885,0.058139535
