"Code","Name","LA_code","LA_name","All","X0to15","X16to29","X30to44","X45to64","X65plus"
"E01008607","South Tyneside 016D","E08000023","South Tyneside",0.016540317,0.017811705,-0.003436426,0.034615385,0.019736842,0.014778325
