"Code","Name","LA_code","LA_name","All","X0to15","X16to29","X30to44","X45to64","X65plus"
"E01017167","Southampton 027A","E06000045","Southampton",-0.012768427,0.031809145,-0.037634409,-0.035928144,-0.018766756,-0.035460993
