"Code","Name","LA_code","LA_name","All","X0to15","X16to29","X30to44","X45to64","X65plus"
"E01027282","South Northamptonshire 001A","E07000155","South Northamptonshire",-0.013520822,-0.024096386,-0.030821918,0.009615385,0.014522822,-0.045977011
