"Code","Name","LA_code","LA_name","All","X0to15","X16to29","X30to44","X45to64","X65plus"
"E01008675","South Tyneside 003B","E08000023","South Tyneside",-0.009489051,-0.023364486,-0.021352313,-0.022727273,0.024930748,-0.019417476
