"Code","Name","LA_code","LA_name","All","X0to15","X16to29","X30to44","X45to64","X65plus"
"E01017807","South Bucks 007C","E07000006","South Bucks",0.001283697,0.044164038,0.02955665,-0.028481013,0.013043478,-0.057251908
