"Code","Name","LA_code","LA_name","All","X0to15","X16to29","X30to44","X45to64","X65plus"
"E01015831","Southend-on-Sea 012E","E06000033","Southend-on-Sea",0.009990485,-0.030640669,0.022900763,0.004731861,0.034220532,0.010526316
