"Code","Name","LA_code","LA_name","All","X0to15","X16to29","X30to44","X45to64","X65plus"
"E01015826","Southend-on-Sea 005G","E06000033","Southend-on-Sea",0.073270014,0.125461255,0.095238095,0.114982578,0.068783069,-0.015243902
