"Code","Name","LA_code","LA_name","All","X0to15","X16to29","X30to44","X45to64","X65plus"
"E01015886","Southend-on-Sea 009D","E06000033","Southend-on-Sea",-0.011726384,-0.031331593,-0.019607843,0.014134276,0.008108108,-0.032786885
