"Code","Name","LA_code","LA_name","All","X0to15","X16to29","X30to44","X45to64","X65plus"
"E01029641","South Staffordshire 004F","E07000196","South Staffordshire",-0.00706001,0.022792023,-0.023738872,-0.002631579,-0.015564202,-0.012468828
