"Code","Name","LA_code","LA_name","All","X0to15","X16to29","X30to44","X45to64","X65plus"
"E01014976","South Gloucestershire 026F","E06000025","South Gloucestershire",-0.008379888,-0.054380665,0.008595989,-0.043778802,0.002531646,0.06405694
