"Code","Name","LA_code","LA_name","All","X0to15","X16to29","X30to44","X45to64","X65plus"
"E01008618","South Tyneside 022B","E08000023","South Tyneside",-0.018268467,-0.023364486,0.014705882,0.036144578,-0.044502618,-0.024930748
