"Code","Name","LA_code","LA_name","All","X0to15","X16to29","X30to44","X45to64","X65plus"
"E01008625","South Tyneside 013C","E08000023","South Tyneside",-0.011042098,0.003546099,0.026666667,-0.024154589,-0.020460358,-0.029069767
