"Code","Name","LA_code","LA_name","All","X0to15","X16to29","X30to44","X45to64","X65plus"
"E01014996","South Gloucestershire 017C","E06000025","South Gloucestershire",-0.013741412,-0.067226891,-0.044843049,-0.017167382,-0.006802721,0.02360515
