"Code","Name","LA_code","LA_name","All","X0to15","X16to29","X30to44","X45to64","X65plus"
"E01029255","South Somerset 013D","E07000189","South Somerset",0.013764625,0.012861736,0.017316017,0.042635659,0.012779553,-0.008823529
