"Code","Name","LA_code","LA_name","All","X0to15","X16to29","X30to44","X45to64","X65plus"
"E01019356","South Lakeland 007A","E07000031","South Lakeland",0.002106742,0.0625,0.066115702,-0.025252525,-0.012195122,-0.006396588
