"Code","Name","LA_code","LA_name","All","X0to15","X16to29","X30to44","X45to64","X65plus"
"E01020189","South Hams 010C","E07000044","South Hams",0.016683023,0.012698413,0.011904762,0.074626866,-0.0112,0.024221453
