"Code","Name","LA_code","LA_name","All","X0to15","X16to29","X30to44","X45to64","X65plus"
"E01017180","Southampton 002A","E06000045","Southampton",0.00136612,0.023972603,-0.004032258,-0.021582734,-0.027989822,0.051383399
