"Code","Name","LA_code","LA_name","All","X0to15","X16to29","X30to44","X45to64","X65plus"
"E01017202","Southampton 016C","E06000045","Southampton",-0.005777008,-0.015730337,-0.024193548,0.008152174,-0.029498525,0.062801932
