"Code","Name","LA_code","LA_name","All","X0to15","X16to29","X30to44","X45to64","X65plus"
"E01017186","Southampton 004C","E06000045","Southampton",-0.041496201,-0.081920904,0.008287293,-0.055851064,-0.04185022,-0.03030303
