"Code","Name","LA_code","LA_name","All","X0to15","X16to29","X30to44","X45to64","X65plus"
"E01026283","South Holland 004C","E07000140","South Holland",0.021640091,0.035842294,0.010204082,0.056910569,0.014925373,0.008016032
