"Code","Name","LA_code","LA_name","All","X0to15","X16to29","X30to44","X45to64","X65plus"
"E01019371","South Lakeland 004D","E07000031","South Lakeland",0.024347056,0.021956088,0.005012531,0.028697572,0.031971581,0.032069971
