"Code","Name","LA_code","LA_name","All","X0to15","X16to29","X30to44","X45to64","X65plus"
"E01017821","South Bucks 002D","E07000006","South Bucks",-0.004705882,-0.040247678,-0.003891051,0.025735294,-0.018903592,0.028213166
