"Code","Name","LA_code","LA_name","All","X0to15","X16to29","X30to44","X45to64","X65plus"
"E01029632","South Staffordshire 007A","E07000196","South Staffordshire",0.030542986,0.11682243,0.044280443,0.011406844,0.017821782,0.009708738
