"Code","Name","LA_code","LA_name","All","X0to15","X16to29","X30to44","X45to64","X65plus"
"E01025428","South Ribble 006C","E07000126","South Ribble",0.022584693,0.006493506,0.039370079,0.041139241,0.011142061,0.019607843
