"Code","Name","LA_code","LA_name","All","X0to15","X16to29","X30to44","X45to64","X65plus"
"E01029616","South Staffordshire 006A","E07000196","South Staffordshire",0.003878474,0.046875,0.026041667,0.041666667,-0.007936508,-0.025695931
