"Code","Name","LA_code","LA_name","All","X0to15","X16to29","X30to44","X45to64","X65plus"
"E01018240","South Cambridgeshire 014A","E07000012","South Cambridgeshire",0.000821018,-0.058035714,0.037037037,0.009803922,0.031518625,-0.013071895
