"Code","Name","LA_code","LA_name","All","X0to15","X16to29","X30to44","X45to64","X65plus"
"E01015837","Southend-on-Sea 001E","E06000033","Southend-on-Sea",0.006264237,-0.021212121,0.008264463,0.029325513,0.00921659,0.004889976
