"Code","Name","LA_code","LA_name","All","X0to15","X16to29","X30to44","X45to64","X65plus"
"E01008647","South Tyneside 004A","E08000023","South Tyneside",0.002713704,0.010582011,0.047058824,0.004950495,-0.006036217,-0.009615385
