"Code","Name","LA_code","LA_name","All","X0to15","X16to29","X30to44","X45to64","X65plus"
"E01029657","South Staffordshire 001C","E07000196","South Staffordshire",0.017231135,0.014285714,0.022900763,0.009803922,-0.003533569,0.085427136
