"Code","Name","LA_code","LA_name","All","X0to15","X16to29","X30to44","X45to64","X65plus"
"E01029240","South Somerset 015D","E07000189","South Somerset",0.075511644,0.217948718,0.126984127,0.100917431,-0.007633588,-0.028436019
