"Code","Name","LA_code","LA_name","All","X0to15","X16to29","X30to44","X45to64","X65plus"
"E01019389","South Lakeland 012B","E07000031","South Lakeland",-0.002523129,0,0.015665796,0.013435701,-0.006546645,-0.037878788
