"Code","Name","LA_code","LA_name","All","X0to15","X16to29","X30to44","X45to64","X65plus"
"E01029671","South Staffordshire 012A","E07000196","South Staffordshire",-0.002569043,0.055813953,0.005154639,-0.039647577,0.00234192,-0.018218623
