"Code","Name","LA_code","LA_name","All","X0to15","X16to29","X30to44","X45to64","X65plus"
"E01017249","Southampton 011C","E06000045","Southampton",-0.019271949,-0.003816794,-0.037558685,-0.050209205,-0.027431421,0.017482517
