"Code","Name","LA_code","LA_name","All","X0to15","X16to29","X30to44","X45to64","X65plus"
"E01026345","South Kesteven 006F","E07000141","South Kesteven",0.024316109,0.028213166,0.021551724,0.069868996,-0.007481297,0.028017241
