"Code","Name","LA_code","LA_name","All","X0to15","X16to29","X30to44","X45to64","X65plus"
"E01003915","Southwark 024C","E09000028","Southwark",-0.031722054,-0.010723861,-0.013544018,-0.038387716,-0.033333333,-0.100591716
