"Code","Name","LA_code","LA_name","All","X0to15","X16to29","X30to44","X45to64","X65plus"
"E01019842","South Derbyshire 013A","E07000039","South Derbyshire",0.038302887,0.056149733,0.040372671,0.016778523,0.018058691,0.069230769
