"Code","Name","LA_code","LA_name","All","X0to15","X16to29","X30to44","X45to64","X65plus"
"E01025453","South Ribble 010B","E07000126","South Ribble",-0.03410475,-0.0781893,-0.041825095,-0.028301887,-0.037698413,-0.002380952
