"Code","Name","LA_code","LA_name","All","X0to15","X16to29","X30to44","X45to64","X65plus"
"E01014940","South Gloucestershire 030D","E06000025","South Gloucestershire",0.014652015,0.023148148,-0.003952569,-0.009049774,-0.031042129,0.142857143
