"Code","Name","LA_code","LA_name","All","X0to15","X16to29","X30to44","X45to64","X65plus"
"E01025442","South Ribble 009A","E07000126","South Ribble",0.008482564,-0.074561404,0.015544041,0.008849558,0.048327138,0.055172414
