"Code","Name","LA_code","LA_name","All","X0to15","X16to29","X30to44","X45to64","X65plus"
"E01028641","South Oxfordshire 006D","E07000179","South Oxfordshire",0.034923339,0.033149171,0.095652174,0.026041667,0.035616438,0.018691589
