"Code","Name","LA_code","LA_name","All","X0to15","X16to29","X30to44","X45to64","X65plus"
"E01029623","South Staffordshire 004C","E07000196","South Staffordshire",-0.037785589,-0.082802548,-0.072463768,-0.092857143,0.005102041,-0.016528926
