"Code","Name","LA_code","LA_name","All","X0to15","X16to29","X30to44","X45to64","X65plus"
"E01003924","Southwark 021E","E09000028","Southwark",-0.007846984,-0.039370079,-0.003030303,-0.010186757,-0.01059322,0.114285714
