"Code","Name","LA_code","LA_name","All","X0to15","X16to29","X30to44","X45to64","X65plus"
"E01018300","South Cambridgeshire 004C","E07000012","South Cambridgeshire",-0.056713928,0.012269939,-0.088757396,-0.045977011,-0.044854881,-0.095541401
