"Code","Name","LA_code","LA_name","All","X0to15","X16to29","X30to44","X45to64","X65plus"
"E01029628","South Staffordshire 009B","E07000196","South Staffordshire",0.021793797,0.043715847,-0.040322581,0.033333333,0.021538462,0.026246719
