"Code","Name","LA_code","LA_name","All","X0to15","X16to29","X30to44","X45to64","X65plus"
"E01029661","South Staffordshire 010B","E07000196","South Staffordshire",-0.024521824,0.009708738,-0.038043478,0.010380623,-0.044334975,-0.032327586
