"Code","Name","LA_code","LA_name","All","X0to15","X16to29","X30to44","X45to64","X65plus"
"E01029194","South Somerset 019B","E07000189","South Somerset",0.005947955,0.003846154,0.002617801,0.0041841,0.011784512,0.005586592
