"Code","Name","LA_code","LA_name","All","X0to15","X16to29","X30to44","X45to64","X65plus"
"E01017200","Southampton 016A","E06000045","Southampton",-0.018211034,-0.131944444,-0.006779661,0.005830904,-0.006,0.015873016
