"Code","Name","LA_code","LA_name","All","X0to15","X16to29","X30to44","X45to64","X65plus"
"E01015900","Southend-on-Sea 010F","E06000033","Southend-on-Sea",0.052599758,0.052757794,0.149090909,0.061085973,-0.015463918,0.022727273
