"Code","Name","LA_code","LA_name","All","X0to15","X16to29","X30to44","X45to64","X65plus"
"E01017204","Southampton 016E","E06000045","Southampton",-0.021464646,0.051020408,-0.011952191,-0.05483871,-0.014814815,-0.070987654
