"Code","Name","LA_code","LA_name","All","X0to15","X16to29","X30to44","X45to64","X65plus"
"E01014893","South Gloucestershire 014B","E06000025","South Gloucestershire",0.006008011,0.014134276,0.010989011,-0.020958084,0.02259887,0.003937008
