"Code","Name","LA_code","LA_name","All","X0to15","X16to29","X30to44","X45to64","X65plus"
"E01003916","Southwark 020B","E09000028","Southwark",-0.034467902,-0.030690537,-0.038897893,-0.037369208,-0.01875,-0.06097561
