"Code","Name","LA_code","LA_name","All","X0to15","X16to29","X30to44","X45to64","X65plus"
"E01017831","South Bucks 005B","E07000006","South Bucks",0.008455468,0.013661202,0.004901961,-0.003289474,0.010288066,0.012077295
