"Code","Name","LA_code","LA_name","All","X0to15","X16to29","X30to44","X45to64","X65plus"
"E01027297","South Northamptonshire 005A","E07000155","South Northamptonshire",0.009366391,0.019230769,0.025906736,-0.018181818,-0.006666667,0.034482759
