"Code","Name","LA_code","LA_name","All","X0to15","X16to29","X30to44","X45to64","X65plus"
"E01026287","South Kesteven 015A","E07000141","South Kesteven",0.005540166,0.004524887,0.051401869,-0.003984064,0,-0.008547009
