"Code","Name","LA_code","LA_name","All","X0to15","X16to29","X30to44","X45to64","X65plus"
"E01004072","Southwark 030E","E09000028","Southwark",0.022650057,0.040189125,0.017167382,-0.002298851,0.023668639,0.047619048
