"Code","Name","LA_code","LA_name","All","X0to15","X16to29","X30to44","X45to64","X65plus"
"E01026343","South Kesteven 006D","E07000141","South Kesteven",0.004168838,0,0.040214477,0.002145923,-0.003960396,-0.025862069
