"Code","Name","LA_code","LA_name","All","X0to15","X16to29","X30to44","X45to64","X65plus"
"E01032985","South Northamptonshire 003I","E07000155","South Northamptonshire",0.014964216,-0.044067797,0.012121212,0.039285714,0.033096927,0.024064171
