"Code","Name","LA_code","LA_name","All","X0to15","X16to29","X30to44","X45to64","X65plus"
"E01025431","South Ribble 013C","E07000126","South Ribble",0.010005559,0,0.004901961,0.013856813,0.023640662,0
