"Code","Name","LA_code","LA_name","All","X0to15","X16to29","X30to44","X45to64","X65plus"
"E01017166","Southampton 025E","E06000045","Southampton",-0.047671233,-0.03526971,-0.06779661,-0.050480769,-0.068181818,-0.004524887
