"Code","Name","LA_code","LA_name","All","X0to15","X16to29","X30to44","X45to64","X65plus"
"E01008646","South Tyneside 015D","E08000023","South Tyneside",-0.012857143,0.014778325,-0.058201058,-0.062200957,-0.009950249,0.017632242
