"Code","Name","LA_code","LA_name","All","X0to15","X16to29","X30to44","X45to64","X65plus"
"E01026906","South Norfolk 003B","E07000149","South Norfolk",0.006076975,0.090497738,-0.018404908,0.043062201,-0.031413613,-0.009881423
