"Code","Name","LA_code","LA_name","All","X0to15","X16to29","X30to44","X45to64","X65plus"
"E01026306","South Kesteven 014D","E07000141","South Kesteven",0.012943163,0.014836795,0.034883721,0.016233766,0,0.00896861
