"Code","Name","LA_code","LA_name","All","X0to15","X16to29","X30to44","X45to64","X65plus"
"E01028677","South Oxfordshire 012F","E07000179","South Oxfordshire",0.0152207,0.019138756,0.050955414,0.006944444,-0.005847953,0.025157233
