"Code","Name","LA_code","LA_name","All","X0to15","X16to29","X30to44","X45to64","X65plus"
"E01028639","South Oxfordshire 002B","E07000179","South Oxfordshire",0.027653214,-0.004878049,0.051282051,0.044776119,-0.002398082,0.066115702
