"Code","Name","LA_code","LA_name","All","X0to15","X16to29","X30to44","X45to64","X65plus"
"E01026301","South Kesteven 010C","E07000141","South Kesteven",-0.012957998,-0.065693431,-0.016339869,-0.016438356,0.025553663,-0.010544815
