"Code","Name","LA_code","LA_name","All","X0to15","X16to29","X30to44","X45to64","X65plus"
"E01026942","South Norfolk 009G","E07000149","South Norfolk",-0.006902502,0.005128205,-0.054347826,-0.021164021,0.042492918,-0.042016807
