"Code","Name","LA_code","LA_name","All","X0to15","X16to29","X30to44","X45to64","X65plus"
"E01019851","South Derbyshire 011B","E07000039","South Derbyshire",-0.056725146,-0.105839416,0.017667845,-0.066869301,-0.073469388,-0.04491018
