"Code","Name","LA_code","LA_name","All","X0to15","X16to29","X30to44","X45to64","X65plus"
"E01018287","South Cambridgeshire 011E","E07000012","South Cambridgeshire",0.089574156,0.082304527,0.098859316,0.103004292,0.007220217,0.230088496
