"Code","Name","LA_code","LA_name","All","X0to15","X16to29","X30to44","X45to64","X65plus"
"E01008671","South Tyneside 012C","E08000023","South Tyneside",-0.008591065,-0.019736842,0.039855072,-0.042056075,-0.015384615,-0.020304569
