"Code","Name","LA_code","LA_name","All","X0to15","X16to29","X30to44","X45to64","X65plus"
"E01019883","South Derbyshire 013B","E07000039","South Derbyshire",-0.002889338,-0.005688282,0.007656968,0.002150538,-0.01217862,-0.011538462
