"Code","Name","LA_code","LA_name","All","X0to15","X16to29","X30to44","X45to64","X65plus"
"E01014969","South Gloucestershire 021D","E06000025","South Gloucestershire",-0.020883055,0.035190616,-0.092050209,0.023391813,-0.044811321,-0.042424242
