"Code","Name","LA_code","LA_name","All","X0to15","X16to29","X30to44","X45to64","X65plus"
"E01004066","Southwark 025E","E09000028","Southwark",-0.009070295,0.012396694,-0.006147541,-0.028725314,-0.017612524,0.012121212
