"Code","Name","LA_code","LA_name","All","X0to15","X16to29","X30to44","X45to64","X65plus"
"E01014981","South Gloucestershire 017B","E06000025","South Gloucestershire",-0.005196492,-0.021459227,-0.003327787,-0.014030612,0.004354136,0.029411765
