"Code","Name","LA_code","LA_name","All","X0to15","X16to29","X30to44","X45to64","X65plus"
"E01015007","South Gloucestershire 028D","E06000025","South Gloucestershire",0.017708333,0.035616438,0.017721519,-0.031830239,0.036480687,0.028391167
