"Code","Name","LA_code","LA_name","All","X0to15","X16to29","X30to44","X45to64","X65plus"
"E01008638","South Tyneside 010A","E08000023","South Tyneside",-0.031296572,-0.076923077,-0.083044983,0.01509434,0.004319654,-0.068376068
