"Code","Name","LA_code","LA_name","All","X0to15","X16to29","X30to44","X45to64","X65plus"
"E01029650","South Staffordshire 014B","E07000196","South Staffordshire",-0.015132409,-0.058823529,-0.034090909,0.005154639,-0.030797101,0.02173913
