"Code","Name","LA_code","LA_name","All","X0to15","X16to29","X30to44","X45to64","X65plus"
"E01027306","South Northamptonshire 007C","E07000155","South Northamptonshire",0.019726027,0.009966777,0.048780488,-0.016129032,0.01037037,0.050505051
