"Code","Name","LA_code","LA_name","All","X0to15","X16to29","X30to44","X45to64","X65plus"
"E01004030","Southwark 007A","E09000028","Southwark",0.012202954,0.041176471,0.00530504,-0.013245033,0.040302267,0
