"Code","Name","LA_code","LA_name","All","X0to15","X16to29","X30to44","X45to64","X65plus"
"E01026268","South Holland 007A","E07000140","South Holland",-0.019569472,-0.082725061,-0.039039039,-0.020887728,0.021834061,0.010893246
