"Code","Name","LA_code","LA_name","All","X0to15","X16to29","X30to44","X45to64","X65plus"
"E01008615","South Tyneside 023B","E08000023","South Tyneside",-0.011404134,-0.064516129,-0.02020202,-0.012875536,0.007092199,0.006024096
