"Code","Name","LA_code","LA_name","All","X0to15","X16to29","X30to44","X45to64","X65plus"
"E01008652","South Tyneside 009B","E08000023","South Tyneside",-0.029888984,0.005263158,-0.074626866,-0.02283105,-0.035714286,-0.017777778
