"Code","Name","LA_code","LA_name","All","X0to15","X16to29","X30to44","X45to64","X65plus"
"E01033541","South Norfolk 015H","E07000149","South Norfolk",0.057180851,0.067510549,0.113043478,0.081850534,0.0225,0.033707865
