"Code","Name","LA_code","LA_name","All","X0to15","X16to29","X30to44","X45to64","X65plus"
"E01003967","Southwark 016B","E09000028","Southwark",0.018947368,-0.036082474,0.059701493,0.020618557,0.030927835,0.014285714
