"Code","Name","LA_code","LA_name","All","X0to15","X16to29","X30to44","X45to64","X65plus"
"E01017227","Southampton 013A","E06000045","Southampton",-0.017307692,0.01754386,-0.012287335,0,-0.151515152,0.042553191
