"Code","Name","LA_code","LA_name","All","X0to15","X16to29","X30to44","X45to64","X65plus"
"E01026337","South Kesteven 013D","E07000141","South Kesteven",-0.012546468,0.004494382,-0.02866242,-0.021333333,-0.010676157,-0.013157895
