"Code","Name","LA_code","LA_name","All","X0to15","X16to29","X30to44","X45to64","X65plus"
"E01026911","South Norfolk 008C","E07000149","South Norfolk",0.023297491,0.005649718,-0.020979021,0.094972067,0.01242236,0.023728814
