"Code","Name","LA_code","LA_name","All","X0to15","X16to29","X30to44","X45to64","X65plus"
"E01028620","South Oxfordshire 011D","E07000179","South Oxfordshire",0.002053388,-0.00443459,-0.0155902,0.013400335,0.012987013,-0.006920415
