"Code","Name","LA_code","LA_name","All","X0to15","X16to29","X30to44","X45to64","X65plus"
"E01014929","South Gloucestershire 003C","E06000025","South Gloucestershire",0.032289628,0.029154519,0.04964539,0.037800687,0.03671072,0.013422819
