"Code","Name","LA_code","LA_name","All","X0to15","X16to29","X30to44","X45to64","X65plus"
"E01004075","Southwark 031E","E09000028","Southwark",-0.020212766,-0.034836066,0.026041667,-0.005347594,-0.019434629,-0.05
