"Code","Name","LA_code","LA_name","All","X0to15","X16to29","X30to44","X45to64","X65plus"
"E01026322","South Kesteven 004C","E07000141","South Kesteven",-0.011432927,0.023696682,-0.052863436,0.053097345,-0.012048193,-0.050632911
