"Code","Name","LA_code","LA_name","All","X0to15","X16to29","X30to44","X45to64","X65plus"
"E01026340","South Kesteven 002B","E07000141","South Kesteven",0.017527675,0.016216216,0.003875969,0.035031847,0.031141869,0.00308642
