"Code","Name","LA_code","LA_name","All","X0to15","X16to29","X30to44","X45to64","X65plus"
"E01032646","Southwark 003I","E09000028","Southwark",0.001180638,0.035087719,0.003484321,-0.001615509,-0.033088235,0.068965517
