"Code","Name","LA_code","LA_name","All","X0to15","X16to29","X30to44","X45to64","X65plus"
"E01008653","South Tyneside 009C","E08000023","South Tyneside",-0.021582734,0.003891051,-0.013761468,-0.043137255,-0.028328612,-0.023809524
