"Code","Name","LA_code","LA_name","All","X0to15","X16to29","X30to44","X45to64","X65plus"
"E01018295","South Cambridgeshire 012D","E07000012","South Cambridgeshire",0.042280589,0.006622517,0.052980132,0.084337349,0.01978022,0.064356436
