"Code","Name","LA_code","LA_name","All","X0to15","X16to29","X30to44","X45to64","X65plus"
"E01004062","Southwark 025B","E09000028","Southwark",0.003802281,0.004484305,-0.001956947,-0.00879397,0.009029345,0.064327485
