"Code","Name","LA_code","LA_name","All","X0to15","X16to29","X30to44","X45to64","X65plus"
"E01026308","South Kesteven 005A","E07000141","South Kesteven",-0.003164557,0.010141988,0.025089606,0.032352941,-0.062130178,-0.053846154
