"Code","Name","LA_code","LA_name","All","X0to15","X16to29","X30to44","X45to64","X65plus"
"E01017827","South Bucks 008D","E07000006","South Bucks",-0.003289474,0.016620499,-0.055335968,-0.005154639,0.002,0.00931677
