"Code","Name","LA_code","LA_name","All","X0to15","X16to29","X30to44","X45to64","X65plus"
"E01008650","South Tyneside 006B","E08000023","South Tyneside",-0.037841626,-0.048672566,-0.041237113,-0.041860465,-0.004201681,-0.075949367
