"Code","Name","LA_code","LA_name","All","X0to15","X16to29","X30to44","X45to64","X65plus"
"E01026269","South Holland 007B","E07000140","South Holland",-0.024423338,-0.005763689,0.003533569,-0.073394495,-0.007017544,-0.036549708
