"Code","Name","LA_code","LA_name","All","X0to15","X16to29","X30to44","X45to64","X65plus"
"E01003968","Southwark 015C","E09000028","Southwark",-0.003060444,0.015915119,-0.024793388,-0.003311258,-0.036231884,0.063636364
