"Code","Name","LA_code","LA_name","All","X0to15","X16to29","X30to44","X45to64","X65plus"
"E01003948","Southwark 033D","E09000028","Southwark",-0.008891523,0.036363636,-0.025510204,-0.003663004,-0.030769231,-0.0375
