"Code","Name","LA_code","LA_name","All","X0to15","X16to29","X30to44","X45to64","X65plus"
"E01014913","South Gloucestershire 013C","E06000025","South Gloucestershire",-0.025408348,-0.009966777,-0.023255814,-0.074906367,-0.026030369,-0.004889976
