"Code","Name","LA_code","LA_name","All","X0to15","X16to29","X30to44","X45to64","X65plus"
"E01029658","South Staffordshire 001D","E07000196","South Staffordshire",-0.069955817,-0.127118644,-0.063106796,-0.049261084,-0.0859375,-0.027355623
