"Code","Name","LA_code","LA_name","All","X0to15","X16to29","X30to44","X45to64","X65plus"
"E01026341","South Kesteven 008B","E07000141","South Kesteven",0.047218629,0.022727273,-0.015544041,0.038277512,0.010141988,0.147286822
