"Code","Name","LA_code","LA_name","All","X0to15","X16to29","X30to44","X45to64","X65plus"
"E01017212","Southampton 015D","E06000045","Southampton",-0.028429282,-0.007326007,-0.049469965,-0.046511628,-0.011363636,-0.03030303
