"Code","Name","LA_code","LA_name","All","X0to15","X16to29","X30to44","X45to64","X65plus"
"E01025419","South Ribble 012C","E07000126","South Ribble",-0.007246377,0.024561404,-0.013215859,0.01986755,-0.019851117,-0.043189369
