"Code","Name","LA_code","LA_name","All","X0to15","X16to29","X30to44","X45to64","X65plus"
"E01026889","South Norfolk 015B","E07000149","South Norfolk",0.003259452,0.028901734,0.027522936,0.031413613,-0.011820331,-0.013232514
