"Code","Name","LA_code","LA_name","All","X0to15","X16to29","X30to44","X45to64","X65plus"
"E01029190","South Somerset 017B","E07000189","South Somerset",0.007479432,-0.014492754,0.068181818,-0.022857143,0.035714286,-0.008948546
