"Code","Name","LA_code","LA_name","All","X0to15","X16to29","X30to44","X45to64","X65plus"
"E01015815","Southend-on-Sea 003B","E06000033","Southend-on-Sea",0.012040939,0.017605634,0.008849558,0.032142857,0.004123711,0.005181347
