"Code","Name","LA_code","LA_name","All","X0to15","X16to29","X30to44","X45to64","X65plus"
"E01028645","South Oxfordshire 018D","E07000179","South Oxfordshire",-0.005438477,0.004587156,0.083969466,-0.060606061,-0.024193548,-0.001709402
