"Code","Name","LA_code","LA_name","All","X0to15","X16to29","X30to44","X45to64","X65plus"
"E01014931","South Gloucestershire 032B","E06000025","South Gloucestershire",-0.010702341,-0.004424779,0.004901961,-0.030042918,-0.032258065,0.009324009
