"Code","Name","LA_code","LA_name","All","X0to15","X16to29","X30to44","X45to64","X65plus"
"E01003933","Southwark 034C","E09000028","Southwark",-0.042944785,-0.074712644,-0.033123028,-0.034375,-0.042735043,-0.066225166
