"Code","Name","LA_code","LA_name","All","X0to15","X16to29","X30to44","X45to64","X65plus"
"E01017274","Southampton 032A","E06000045","Southampton",-0.017857143,-0.009090909,-0.031055901,-0.051851852,-0.002739726,0.004444444
