"Code","Name","LA_code","LA_name","All","X0to15","X16to29","X30to44","X45to64","X65plus"
"E01017242","Southampton 007C","E06000045","Southampton",0.005540166,0.053672316,-0.020710059,-0.010570825,0.027568922,-0.033195021
