"Code","Name","LA_code","LA_name","All","X0to15","X16to29","X30to44","X45to64","X65plus"
"E01026319","South Kesteven 006C","E07000141","South Kesteven",0.015034539,0.006465517,0.029411765,0.026262626,-0.010920437,0.035320088
