"Code","Name","LA_code","LA_name","All","X0to15","X16to29","X30to44","X45to64","X65plus"
"E01014872","South Gloucestershire 009A","E06000025","South Gloucestershire",0.0068793,0.003058104,0.002849003,-0.014141414,0.011527378,0.151898734
