"Code","Name","LA_code","LA_name","All","X0to15","X16to29","X30to44","X45to64","X65plus"
"E01014960","South Gloucestershire 023B","E06000025","South Gloucestershire",0.033120279,0.028089888,0.023333333,0.013888889,0.009070295,0.117424242
