"Code","Name","LA_code","LA_name","All","X0to15","X16to29","X30to44","X45to64","X65plus"
"E01017820","South Bucks 002C","E07000006","South Bucks",0.008799497,0.003984064,-0.005235602,0.022624434,-0.009345794,0.026
