"Code","Name","LA_code","LA_name","All","X0to15","X16to29","X30to44","X45to64","X65plus"
"E01028671","South Oxfordshire 003B","E07000179","South Oxfordshire",0.04125,0.042402827,0.041284404,0.047619048,0.066312997,0.014018692
