"Code","Name","LA_code","LA_name","All","X0to15","X16to29","X30to44","X45to64","X65plus"
"E01029214","South Somerset 017G","E07000189","South Somerset",-0.019118869,0.010471204,-0.034013605,0.01910828,-0.002702703,-0.065088757
