"Code","Name","LA_code","LA_name","All","X0to15","X16to29","X30to44","X45to64","X65plus"
"E01026903","South Norfolk 012D","E07000149","South Norfolk",0.037996546,0.059459459,0.061538462,0.058139535,0.037974684,0
