"Code","Name","LA_code","LA_name","All","X0to15","X16to29","X30to44","X45to64","X65plus"
"E01020176","South Hams 002D","E07000044","South Hams",-0.02270663,-0.080536913,-0.025210084,0.016806723,0.013661202,-0.048850575
