"Code","Name","LA_code","LA_name","All","X0to15","X16to29","X30to44","X45to64","X65plus"
"E01008681","South Tyneside 006D","E08000023","South Tyneside",-0.003528582,-0.017142857,-0.032894737,0.004975124,0.020224719,-0.015765766
