"Code","Name","LA_code","LA_name","All","X0to15","X16to29","X30to44","X45to64","X65plus"
"E01019387","South Lakeland 002A","E07000031","South Lakeland",0.010406812,0.030405405,0.038461538,0,0.010590015,-0.003062787
