"Code","Name","LA_code","LA_name","All","X0to15","X16to29","X30to44","X45to64","X65plus"
"E01020158","South Hams 008B","E07000044","South Hams",0.01981982,-0.007352941,0.097435897,0.028301887,0.008802817,0.011961722
