"Code","Name","LA_code","LA_name","All","X0to15","X16to29","X30to44","X45to64","X65plus"
"E01008601","South Tyneside 012A","E08000023","South Tyneside",-0.005597015,0.044568245,0.0390625,-0.040441176,-0.023622047,-0.044117647
