"Code","Name","LA_code","LA_name","All","X0to15","X16to29","X30to44","X45to64","X65plus"
"E01026298","South Kesteven 011D","E07000141","South Kesteven",0.002798507,-0.048076923,-0.0125,-0.004576659,0.004246285,0.073809524
