"Code","Name","LA_code","LA_name","All","X0to15","X16to29","X30to44","X45to64","X65plus"
"E01015841","Southend-on-Sea 014C","E06000033","Southend-on-Sea",-0.029695334,-0.063903282,-0.006578947,-0.003053435,-0.03364486,-0.074074074
