"Code","Name","LA_code","LA_name","All","X0to15","X16to29","X30to44","X45to64","X65plus"
"E01019373","South Lakeland 009B","E07000031","South Lakeland",-0.022053232,-0.124031008,-0.042944785,-0.013888889,0.043589744,-0.013888889
