"Code","Name","LA_code","LA_name","All","X0to15","X16to29","X30to44","X45to64","X65plus"
"E01025448","South Ribble 005B","E07000126","South Ribble",-0.014102564,-0.011235955,-0.003703704,-0.003289474,-0.014285714,-0.036789298
