"Code","Name","LA_code","LA_name","All","X0to15","X16to29","X30to44","X45to64","X65plus"
"E01003986","Southwark 011A","E09000028","Southwark",0.033009709,0.073746313,0.048338369,0.036723164,-0.014836795,0.010869565
