"Code","Name","LA_code","LA_name","All","X0to15","X16to29","X30to44","X45to64","X65plus"
"E01003972","Southwark 016D","E09000028","Southwark",0.014409222,0.012594458,-0.005050505,0.021367521,0.007874016,0.096774194
