"Code","Name","LA_code","LA_name","All","X0to15","X16to29","X30to44","X45to64","X65plus"
"E01014869","South Gloucestershire 024B","E06000025","South Gloucestershire",0.001420455,0.007507508,-0.022123894,-0.054421769,0.00742115,0.03875969
