"Code","Name","LA_code","LA_name","All","X0to15","X16to29","X30to44","X45to64","X65plus"
"E01003927","Southwark 002A","E09000028","Southwark",-0.045206311,-0.007843137,-0.079297821,-0.01142132,0.009367681,-0.063218391
