"Code","Name","LA_code","LA_name","All","X0to15","X16to29","X30to44","X45to64","X65plus"
"E01003951","Southwark 033E","E09000028","Southwark",0.025896414,0.080985915,0.03358209,0.033557047,0.035885167,-0.075630252
