"Code","Name","LA_code","LA_name","All","X0to15","X16to29","X30to44","X45to64","X65plus"
"E01028666","South Oxfordshire 001A","E07000179","South Oxfordshire",-0.015862525,0.025210084,-0.007874016,-0.009708738,-0.035046729,-0.035211268
