"Code","Name","LA_code","LA_name","All","X0to15","X16to29","X30to44","X45to64","X65plus"
"E01017799","South Bucks 001D","E07000006","South Bucks",-0.010723861,-0.026119403,0.011857708,0.006912442,0.001666667,-0.040963855
