"Code","Name","LA_code","LA_name","All","X0to15","X16to29","X30to44","X45to64","X65plus"
"E01028669","South Oxfordshire 001D","E07000179","South Oxfordshire",0.004494382,-0.004032258,0.046783626,-0.018656716,-0.021052632,0.044776119
