"Code","Name","LA_code","LA_name","All","X0to15","X16to29","X30to44","X45to64","X65plus"
"E01004059","Southwark 008D","E09000028","Southwark",-0.021221865,-0.113043478,-0.004950495,-0.016722408,-0.021390374,-0.06122449
