"Code","Name","LA_code","LA_name","All","X0to15","X16to29","X30to44","X45to64","X65plus"
"E01003987","Southwark 011B","E09000028","Southwark",-0.020591341,-0.045226131,-0.024813896,-0.009345794,0.011600928,-0.051282051
