"Code","Name","LA_code","LA_name","All","X0to15","X16to29","X30to44","X45to64","X65plus"
"E01029196","South Somerset 007C","E07000189","South Somerset",0.022295082,0.040590406,0.048192771,0.053398058,0.003929273,0.00536193
