"Code","Name","LA_code","LA_name","All","X0to15","X16to29","X30to44","X45to64","X65plus"
"E01027288","South Northamptonshire 011A","E07000155","South Northamptonshire",0.009110629,0.009345794,-0.006451613,0.004842615,0.001468429,0.033826638
