"Code","Name","LA_code","LA_name","All","X0to15","X16to29","X30to44","X45to64","X65plus"
"E01026943","South Norfolk 010C","E07000149","South Norfolk",0.003814367,-0.009756098,0,-0.004291845,-0.001785714,0.024691358
