"Code","Name","LA_code","LA_name","All","X0to15","X16to29","X30to44","X45to64","X65plus"
"E01004064","Southwark 026D","E09000028","Southwark",0.000953289,-0.042643923,0.021791768,0.003436426,0.009259259,0.034653465
