"Code","Name","LA_code","LA_name","All","X0to15","X16to29","X30to44","X45to64","X65plus"
"E01018263","South Cambridgeshire 016D","E07000012","South Cambridgeshire",-0.007792208,0.003134796,-0.032786885,-0.03257329,-0.00462963,0.016722408
