"Code","Name","LA_code","LA_name","All","X0to15","X16to29","X30to44","X45to64","X65plus"
"E01026918","South Norfolk 001C","E07000149","South Norfolk",0.008987418,0.004347826,0.028436019,-0.024390244,0,0.030927835
