"Code","Name","LA_code","LA_name","All","X0to15","X16to29","X30to44","X45to64","X65plus"
"E01014980","South Gloucestershire 015B","E06000025","South Gloucestershire",-0.01310616,0.016666667,-0.056910569,0.003846154,-0.015748031,-0.011029412
