"Code","Name","LA_code","LA_name","All","X0to15","X16to29","X30to44","X45to64","X65plus"
"E01017233","Southampton 013C","E06000045","Southampton",-0.013473931,0.049469965,-0.06,-0.05764411,0.04601227,-0.008032129
