"Code","Name","LA_code","LA_name","All","X0to15","X16to29","X30to44","X45to64","X65plus"
"E01028630","South Oxfordshire 013A","E07000179","South Oxfordshire",0.005280528,0.003246753,0.002923977,0.041899441,-0.014150943,-0.036144578
