"Code","Name","LA_code","LA_name","All","X0to15","X16to29","X30to44","X45to64","X65plus"
"E01008630","South Tyneside 020D","E08000023","South Tyneside",0.012561061,0.056338028,0.057268722,-0.003424658,-0.050704225,0.019607843
