"Code","Name","LA_code","LA_name","All","X0to15","X16to29","X30to44","X45to64","X65plus"
"E01029165","South Somerset 006B","E07000189","South Somerset",0.018077239,-0.025906736,0,0.093220339,0.013404826,0.028497409
