"Code","Name","LA_code","LA_name","All","X0to15","X16to29","X30to44","X45to64","X65plus"
"E01014949","South Gloucestershire 011D","E06000025","South Gloucestershire",-0.051091883,-0.092657343,-0.039583333,-0.070707071,-0.023404255,0.037735849
