"Code","Name","LA_code","LA_name","All","X0to15","X16to29","X30to44","X45to64","X65plus"
"E01015866","Southend-on-Sea 002D","E06000033","Southend-on-Sea",0.022309711,0.008695652,0.050761421,0.022727273,0.002087683,0.040201005
