"Code","Name","LA_code","LA_name","All","X0to15","X16to29","X30to44","X45to64","X65plus"
"E01019345","South Lakeland 008B","E07000031","South Lakeland",0.032674119,0.016853933,-0.103703704,0.081481481,0.062330623,0.043352601
