"Code","Name","LA_code","LA_name","All","X0to15","X16to29","X30to44","X45to64","X65plus"
"E01025461","South Ribble 009D","E07000126","South Ribble",0.041689523,0.052631579,0.063157895,0.015337423,0.047272727,0.028125
