"Code","Name","LA_code","LA_name","All","X0to15","X16to29","X30to44","X45to64","X65plus"
"E01028648","South Oxfordshire 015D","E07000179","South Oxfordshire",0.018229167,0.034825871,0.085106383,0,-0.002777778,0.011111111
