"Code","Name","LA_code","LA_name","All","X0to15","X16to29","X30to44","X45to64","X65plus"
"E01008664","South Tyneside 002A","E08000023","South Tyneside",-0.021551724,0.012096774,-0.014227642,-0.003205128,-0.052631579,-0.052083333
