"Code","Name","LA_code","LA_name","All","X0to15","X16to29","X30to44","X45to64","X65plus"
"E01018256","South Cambridgeshire 014D","E07000012","South Cambridgeshire",0.014860681,0.023738872,0.043478261,0.014981273,-0.010845987,0.025706941
