"Code","Name","LA_code","LA_name","All","X0to15","X16to29","X30to44","X45to64","X65plus"
"E01015824","Southend-on-Sea 005E","E06000033","Southend-on-Sea",-0.018389347,-0.018716578,0.050632911,-0.032258065,-0.049046322,-0.017621145
