"Code","Name","LA_code","LA_name","All","X0to15","X16to29","X30to44","X45to64","X65plus"
"E01028644","South Oxfordshire 015C","E07000179","South Oxfordshire",0.018703242,0.01509434,0.088235294,0.04845815,0.002212389,0.003816794
