"Code","Name","LA_code","LA_name","All","X0to15","X16to29","X30to44","X45to64","X65plus"
"E01026915","South Norfolk 009C","E07000149","South Norfolk",-0.015522107,-0.022494888,-0.007692308,-0.023809524,-0.011538462,-0.007594937
