"Code","Name","LA_code","LA_name","All","X0to15","X16to29","X30to44","X45to64","X65plus"
"E01028623","South Oxfordshire 010C","E07000179","South Oxfordshire",0.022609819,0.019011407,0.066914498,0.00286533,0.021077283,0.008333333
