"Code","Name","LA_code","LA_name","All","X0to15","X16to29","X30to44","X45to64","X65plus"
"E01026932","South Norfolk 015F","E07000149","South Norfolk",0.010387812,0.003676471,-0.023255814,-0.015267176,0.025125628,0.043771044
