"Code","Name","LA_code","LA_name","All","X0to15","X16to29","X30to44","X45to64","X65plus"
"E01026311","South Kesteven 005D","E07000141","South Kesteven",-0.000577367,-0.035897436,-0.016901408,-0.002688172,0.029411765,0.037344398
