"Code","Name","LA_code","LA_name","All","X0to15","X16to29","X30to44","X45to64","X65plus"
"E01004056","Southwark 008A","E09000028","Southwark",-0.002377556,-0.026627219,-0.003584229,0.004709576,0.034653465,-0.06626506
