"Code","Name","LA_code","LA_name","All","X0to15","X16to29","X30to44","X45to64","X65plus"
"E01017219","Southampton 028B","E06000045","Southampton",-0.03442623,-0.038997214,-0.014534884,-0.063106796,-0.042959427,0
