"Code","Name","LA_code","LA_name","All","X0to15","X16to29","X30to44","X45to64","X65plus"
"E01003994","Southwark 012E","E09000028","Southwark",-0.016293279,0.005181347,-0.040816327,-0.008356546,-0.011299435,0
