"Code","Name","LA_code","LA_name","All","X0to15","X16to29","X30to44","X45to64","X65plus"
"E01004045","Southwark 027A","E09000028","Southwark",-0.017755231,-0.02027027,0.018050542,-0.049881235,-0.002906977,-0.021978022
