"Code","Name","LA_code","LA_name","All","X0to15","X16to29","X30to44","X45to64","X65plus"
"E01028637","South Oxfordshire 014D","E07000179","South Oxfordshire",0.005537099,0.008086253,-0.003968254,0.002493766,-0.008196721,0.037414966
