"Code","Name","LA_code","LA_name","All","X0to15","X16to29","X30to44","X45to64","X65plus"
"E01015842","Southend-on-Sea 014D","E06000033","Southend-on-Sea",0.015064935,0.030674847,0.009287926,0.023584906,-0.012345679,0.034482759
