"Code","Name","LA_code","LA_name","All","X0to15","X16to29","X30to44","X45to64","X65plus"
"E01025420","South Ribble 012D","E07000126","South Ribble",0.022942462,0.037735849,0.04379562,0.02851711,-0.002344666,0.029227557
