"Code","Name","LA_code","LA_name","All","X0to15","X16to29","X30to44","X45to64","X65plus"
"E01017198","Southampton 018A","E06000045","Southampton",-0.015214385,-0.028708134,-0.058577406,-0.047619048,-0.005347594,0.037037037
