"Code","Name","LA_code","LA_name","All","X0to15","X16to29","X30to44","X45to64","X65plus"
"E01008645","South Tyneside 015C","E08000023","South Tyneside",-0.005844535,-0.008219178,-0.020134228,0,-0.013245033,0.020833333
