"Code","Name","LA_code","LA_name","All","X0to15","X16to29","X30to44","X45to64","X65plus"
"E01014936","South Gloucestershire 030A","E06000025","South Gloucestershire",-0.03021978,-0.079310345,-0.012658228,0.004291845,-0.013824885,-0.049618321
