"Code","Name","LA_code","LA_name","All","X0to15","X16to29","X30to44","X45to64","X65plus"
"E01026359","South Kesteven 016G","E07000141","South Kesteven",-0.008227848,-0.003496503,0,0.022222222,-0.03640257,-0.002403846
