"Code","Name","LA_code","LA_name","All","X0to15","X16to29","X30to44","X45to64","X65plus"
"E01033331","South Gloucestershire 017E","E06000025","South Gloucestershire",-0.005098325,0.012658228,0.000432152,0.006079027,-0.037623762,-0.157303371
