"Code","Name","LA_code","LA_name","All","X0to15","X16to29","X30to44","X45to64","X65plus"
"E01018219","South Cambridgeshire 016B","E07000012","South Cambridgeshire",-0.010337698,-0.017985612,-0.034653465,0.014285714,0.006741573,-0.028481013
