"Code","Name","LA_code","LA_name","All","X0to15","X16to29","X30to44","X45to64","X65plus"
"E01017805","South Bucks 007B","E07000006","South Bucks",0.005804749,0.013129103,0.043010753,-0.015424165,-0.017892644,0.029962547
