"Code","Name","LA_code","LA_name","All","X0to15","X16to29","X30to44","X45to64","X65plus"
"E01008621","South Tyneside 022D","E08000023","South Tyneside",0.000713267,0.056410256,-0.01863354,0.057291667,-0.015695067,-0.026960784
