"Code","Name","LA_code","LA_name","All","X0to15","X16to29","X30to44","X45to64","X65plus"
"E01026891","South Norfolk 015D","E07000149","South Norfolk",0.001734104,0.111538462,0.030418251,-0.040372671,-0.016786571,-0.02991453
