"Code","Name","LA_code","LA_name","All","X0to15","X16to29","X30to44","X45to64","X65plus"
"E01020185","South Hams 009B","E07000044","South Hams",0.022988506,0.016759777,0.176470588,0.082840237,-0.004987531,0
