"Code","Name","LA_code","LA_name","All","X0to15","X16to29","X30to44","X45to64","X65plus"
"E01019397","South Lakeland 002C","E07000031","South Lakeland",-0.038013178,-0.013937282,-0.078431373,-0.018518519,-0.056261343,-0.025896414
