"Code","Name","LA_code","LA_name","All","X0to15","X16to29","X30to44","X45to64","X65plus"
"E01004033","Southwark 007C","E09000028","Southwark",-0.047516199,-0.113105925,-0.015895954,-0.038777908,-0.031446541,-0.049751244
