"Code","Name","LA_code","LA_name","All","X0to15","X16to29","X30to44","X45to64","X65plus"
"E01017162","Southampton 025A","E06000045","Southampton",-0.010373444,0.027559055,-0.047393365,-0.067307692,-0.027624309,0.02919708
