"Code","Name","LA_code","LA_name","All","X0to15","X16to29","X30to44","X45to64","X65plus"
"E01003958","Southwark 032D","E09000028","Southwark",0.006128134,-0.024390244,0.011811024,0.028195489,0.011792453,-0.011428571
