"Code","Name","LA_code","LA_name","All","X0to15","X16to29","X30to44","X45to64","X65plus"
"E01004012","Southwark 019C","E09000028","Southwark",-0.003947888,-0.014678899,-0.003184713,0.028657617,-0.041876047,0.06
