"Code","Name","LA_code","LA_name","All","X0to15","X16to29","X30to44","X45to64","X65plus"
"E01015827","Southend-on-Sea 012A","E06000033","Southend-on-Sea",0.003722084,0.012987013,0.04368932,-0.034013605,0.011682243,-0.002207506
