"Code","Name","LA_code","LA_name","All","X0to15","X16to29","X30to44","X45to64","X65plus"
"E01025466","South Ribble 001D","E07000126","South Ribble",0.001936733,-0.015873016,-0.020304569,-0.025179856,0.021582734,0.029239766
