"Code","Name","LA_code","LA_name","All","X0to15","X16to29","X30to44","X45to64","X65plus"
"E01017188","Southampton 004D","E06000045","Southampton",0,0.028947368,-0.026246719,-0.029069767,0.023255814,-0.005649718
