"Code","Name","LA_code","LA_name","All","X0to15","X16to29","X30to44","X45to64","X65plus"
"E01017802","South Bucks 001G","E07000006","South Bucks",0.007224564,0.035422343,0.009661836,0.003095975,-0.013333333,0.006369427
