"Code","Name","LA_code","LA_name","All","X0to15","X16to29","X30to44","X45to64","X65plus"
"E01003979","Southwark 006E","E09000028","Southwark",-0.012150026,0.003891051,-0.004255319,0.009708738,-0.075,0.028436019
