"Code","Name","LA_code","LA_name","All","X0to15","X16to29","X30to44","X45to64","X65plus"
"E01017136","Southampton 023A","E06000045","Southampton",-0.032416503,0.035714286,-0.030425963,0.013100437,-0.0546875,-0.131944444
