"Code","Name","LA_code","LA_name","All","X0to15","X16to29","X30to44","X45to64","X65plus"
"E01018251","South Cambridgeshire 010C","E07000012","South Cambridgeshire",-0.005163511,0.004807692,-0.006097561,-0.03515625,-0.012919897,0.054421769
