"Code","Name","LA_code","LA_name","All","X0to15","X16to29","X30to44","X45to64","X65plus"
"E01019385","South Lakeland 009D","E07000031","South Lakeland",0.014995314,0.059259259,-0.014084507,0.063291139,0.01552795,-0.016129032
