"Code","Name","LA_code","LA_name","All","X0to15","X16to29","X30to44","X45to64","X65plus"
"E01026312","South Kesteven 005E","E07000141","South Kesteven",0.008350731,0.008948546,-0.010600707,0,-0.006711409,0.164556962
