"Code","Name","LA_code","LA_name","All","X0to15","X16to29","X30to44","X45to64","X65plus"
"E01008686","South Tyneside 018D","E08000023","South Tyneside",0.00060024,0.03960396,-0.007905138,-0.039735099,-0.027272727,0.04076087
