"Code","Name","LA_code","LA_name","All","X0to15","X16to29","X30to44","X45to64","X65plus"
"E01017222","Southampton 028E","E06000045","Southampton",-0.03057905,0.003257329,-0.039711191,-0.030674847,-0.040380048,-0.048543689
