"Code","Name","LA_code","LA_name","All","X0to15","X16to29","X30to44","X45to64","X65plus"
"E01017193","Southampton 021B","E06000045","Southampton",-0.048794489,-0.028455285,-0.044444444,-0.084632517,-0.030732861,-0.04109589
