"Code","Name","LA_code","LA_name","All","X0to15","X16to29","X30to44","X45to64","X65plus"
"E01017179","Southampton 008D","E06000045","Southampton",-0.019633508,-0.021917808,-0.032490975,-0.006493506,0.002857143,-0.052631579
