"Code","Name","LA_code","LA_name","All","X0to15","X16to29","X30to44","X45to64","X65plus"
"E01025434","South Ribble 016C","E07000126","South Ribble",0.004214963,0.038461538,-0.015384615,0.00456621,-0.010619469,0.010218978
