"Code","Name","LA_code","LA_name","All","X0to15","X16to29","X30to44","X45to64","X65plus"
"E01019379","South Lakeland 014B","E07000031","South Lakeland",-0.008959338,-0.015075377,-0.078313253,0.047904192,0.006355932,-0.017897092
