"Code","Name","LA_code","LA_name","All","X0to15","X16to29","X30to44","X45to64","X65plus"
"E01017258","Southampton 030B","E06000045","Southampton",-0.001295337,-0.003246753,-0.01056338,0.009584665,-0.030232558,0.057416268
