"Code","Name","LA_code","LA_name","All","X0to15","X16to29","X30to44","X45to64","X65plus"
"E01028654","South Oxfordshire 017B","E07000179","South Oxfordshire",0.011583012,0.025568182,-0.005649718,0.00456621,0.024048096,-0.009771987
