"Code","Name","LA_code","LA_name","All","X0to15","X16to29","X30to44","X45to64","X65plus"
"E01017159","Southampton 017C","E06000045","Southampton",-0.022678186,-0.006849315,-0.006622517,-0.016528926,-0.119791667,-0.09375
