"Code","Name","LA_code","LA_name","All","X0to15","X16to29","X30to44","X45to64","X65plus"
"E01019344","South Lakeland 008A","E07000031","South Lakeland",-0.025896414,-0.050724638,-0.092436975,-0.02189781,-0.014880952,0
