"Code","Name","LA_code","LA_name","All","X0to15","X16to29","X30to44","X45to64","X65plus"
"E01008629","South Tyneside 020C","E08000023","South Tyneside",-0.007686932,-0.036697248,-0.034313725,0,0.029017857,-0.027108434
