"Code","Name","LA_code","LA_name","All","X0to15","X16to29","X30to44","X45to64","X65plus"
"E01004023","Southwark 004D","E09000028","Southwark",0.026330532,0.074850299,0.002610966,0.046357616,-0.004761905,0.01025641
