"Code","Name","LA_code","LA_name","All","X0to15","X16to29","X30to44","X45to64","X65plus"
"E01028602","South Oxfordshire 011C","E07000179","South Oxfordshire",0.067545305,0.061662198,0.127192982,0.039215686,0.065217391,0.074626866
