"Code","Name","LA_code","LA_name","All","X0to15","X16to29","X30to44","X45to64","X65plus"
"E01032753","Southampton 009F","E06000045","Southampton",-0.003570012,0.039548023,-0.010781671,-0.026239067,0.005479452,-0.011560694
