"Code","Name","LA_code","LA_name","All","X0to15","X16to29","X30to44","X45to64","X65plus"
"E01015909","Southend-on-Sea 008B","E06000033","Southend-on-Sea",0.049261084,0.056410256,-0.004950495,0.046703297,0.063260341,0.062256809
