"Code","Name","LA_code","LA_name","All","X0to15","X16to29","X30to44","X45to64","X65plus"
"E01026246","South Holland 002A","E07000140","South Holland",0.021579629,-0.013404826,0.006872852,0.102310231,0.006858711,0.027375201
