"Code","Name","LA_code","LA_name","All","X0to15","X16to29","X30to44","X45to64","X65plus"
"E01028658","South Oxfordshire 006F","E07000179","South Oxfordshire",0.016241299,0.034313725,0,0.016129032,0.022167488,0.00623053
