"Code","Name","LA_code","LA_name","All","X0to15","X16to29","X30to44","X45to64","X65plus"
"E01033339","South Gloucestershire 019G","E06000025","South Gloucestershire",-0.094996833,-0.104166667,-0.110320285,-0.141057935,-0.017964072,-0.092896175
