"Code","Name","LA_code","LA_name","All","X0to15","X16to29","X30to44","X45to64","X65plus"
"E01020151","South Hams 007A","E07000044","South Hams",-0.020408163,0.007692308,-0.029126214,-0.02,-0.023856859,-0.021994135
