"Code","Name","LA_code","LA_name","All","X0to15","X16to29","X30to44","X45to64","X65plus"
"E01029156","South Somerset 008B","E07000189","South Somerset",-0.004849138,-0.038461538,0.039130435,0,-0.016363636,0.00660793
