"Code","Name","LA_code","LA_name","All","X0to15","X16to29","X30to44","X45to64","X65plus"
"E01019394","South Lakeland 005D","E07000031","South Lakeland",-0.005163511,-0.002915452,-0.02027027,0.007352941,-0.012304251,0.007707129
