"Code","Name","LA_code","LA_name","All","X0to15","X16to29","X30to44","X45to64","X65plus"
"E01014942","South Gloucestershire 030F","E06000025","South Gloucestershire",-0.009797518,-0.055045872,-0.034883721,0.013245033,0.01897019,0.003636364
