"Code","Name","LA_code","LA_name","All","X0to15","X16to29","X30to44","X45to64","X65plus"
"E01014966","South Gloucestershire 021B","E06000025","South Gloucestershire",-0.033047736,-0.074603175,-0.047945205,-0.036465638,0.003868472,0.071895425
