"Code","Name","LA_code","LA_name","All","X0to15","X16to29","X30to44","X45to64","X65plus"
"E01029243","South Somerset 018C","E07000189","South Somerset",0.00443038,-0.034965035,0.015384615,-0.045454545,0.008368201,0.019672131
