"Code","Name","LA_code","LA_name","All","X0to15","X16to29","X30to44","X45to64","X65plus"
"E01030704","Spelthorne 005D","E07000213","Spelthorne",0.001373626,-0.021834061,0,-0.004291845,0.004950495,0.015544041
