"Code","Name","LA_code","LA_name","All","X0to15","X16to29","X30to44","X45to64","X65plus"
"E01030751","Spelthorne 008D","E07000213","Spelthorne",-0.010033445,-0.010791367,0,-0.034013605,-0.010989011,0.014634146
