"Code","Name","LA_code","LA_name","All","X0to15","X16to29","X30to44","X45to64","X65plus"
"E01030746","Spelthorne 002D","E07000213","Spelthorne",-0.023143165,-0.033492823,-0.051282051,-0.010917031,-0.043814433,0.031914894
