"Code","Name","LA_code","LA_name","All","X0to15","X16to29","X30to44","X45to64","X65plus"
"E01030752","Spelthorne 008E","E07000213","Spelthorne",-0.00967008,0.00257732,-0.006097561,-0.008948546,0.005899705,-0.0546875
