"Code","Name","LA_code","LA_name","All","X0to15","X16to29","X30to44","X45to64","X65plus"
"E01030725","Spelthorne 006E","E07000213","Spelthorne",0.004807692,-0.00982801,-0.00273224,-0.005444646,0,0.112582781
