"Code","Name","LA_code","LA_name","All","X0to15","X16to29","X30to44","X45to64","X65plus"
"E01030736","Spelthorne 004C","E07000213","Spelthorne",-0.005358013,-0.018567639,-0.01061008,0.008097166,-0.002544529,-0.03030303
