"Code","Name","LA_code","LA_name","All","X0to15","X16to29","X30to44","X45to64","X65plus"
"E01030740","Spelthorne 007C","E07000213","Spelthorne",0.002688172,0.005154639,0.003759398,-0.005899705,-0.004016064,0.016260163
