"Code","Name","LA_code","LA_name","All","X0to15","X16to29","X30to44","X45to64","X65plus"
"E01030739","Spelthorne 007B","E07000213","Spelthorne",0.005223447,-0.032178218,0.045801527,0.00887574,0.004608295,0.01754386
