"Code","Name","LA_code","LA_name","All","X0to15","X16to29","X30to44","X45to64","X65plus"
"E01030703","Spelthorne 005C","E07000213","Spelthorne",0.032005225,0.034722222,0.046391753,-0.044982699,0.053921569,0.059659091
