"Code","Name","LA_code","LA_name","All","X0to15","X16to29","X30to44","X45to64","X65plus"
"E01030699","Spelthorne 006C","E07000213","Spelthorne",-0.001317523,0.026217228,-0.00877193,0.015936255,-0.002469136,-0.027247956
