"Code","Name","LA_code","LA_name","All","X0to15","X16to29","X30to44","X45to64","X65plus"
"E01030730","Spelthorne 013A","E07000213","Spelthorne",0.006715165,0.012295082,-0.035175879,0.057613169,-0.003717472,0.007104796
