"Code","Name","LA_code","LA_name","All","X0to15","X16to29","X30to44","X45to64","X65plus"
"E01030719","Spelthorne 011C","E07000213","Spelthorne",-0.027044855,-0.038314176,-0.005128205,0.009174312,-0.012820513,-0.069518717
