"Code","Name","LA_code","LA_name","All","X0to15","X16to29","X30to44","X45to64","X65plus"
"E01030741","Spelthorne 007D","E07000213","Spelthorne",-0.01393534,-0.01025641,-0.016949153,-0.016949153,-0.006160164,-0.028708134
