"Code","Name","LA_code","LA_name","All","X0to15","X16to29","X30to44","X45to64","X65plus"
"E01030713","Spelthorne 003D","E07000213","Spelthorne",-0.002473207,0.008547009,-0.012578616,0.032388664,-0.035616438,0.009615385
