"Code","Name","LA_code","LA_name","All","X0to15","X16to29","X30to44","X45to64","X65plus"
"E01030748","Spelthorne 008A","E07000213","Spelthorne",0.010362694,0.013850416,-0.036065574,0.006451613,0.026970954,0.032258065
