"Code","Name","LA_code","LA_name","All","X0to15","X16to29","X30to44","X45to64","X65plus"
"E01030727","Spelthorne 009B","E07000213","Spelthorne",-0.009952855,-0.031347962,0,-0.024229075,0.008080808,-0.005037783
