"Code","Name","LA_code","LA_name","All","X0to15","X16to29","X30to44","X45to64","X65plus"
"E01030718","Spelthorne 011B","E07000213","Spelthorne",-0.017611026,-0.023809524,0.063218391,-0.031496063,-0.005665722,-0.065934066
