"Code","Name","LA_code","LA_name","All","X0to15","X16to29","X30to44","X45to64","X65plus"
"E01030749","Spelthorne 008B","E07000213","Spelthorne",0.008535785,0.025352113,-0.048888889,0.015923567,0.012722646,0.021186441
