"Code","Name","LA_code","LA_name","All","X0to15","X16to29","X30to44","X45to64","X65plus"
"E01030743","Spelthorne 001A","E07000213","Spelthorne",-0.004380476,0.031007752,-0.003571429,-0.006042296,0.002277904,-0.044827586
