"Code","Name","LA_code","LA_name","All","X0to15","X16to29","X30to44","X45to64","X65plus"
"E01030753","Spelthorne 010A","E07000213","Spelthorne",0.019473081,0.016286645,0.065326633,0.026490066,0.036659878,-0.022371365
