"Code","Name","LA_code","LA_name","All","X0to15","X16to29","X30to44","X45to64","X65plus"
"E01030750","Spelthorne 008C","E07000213","Spelthorne",0.013664596,0.026239067,0.009933775,0.005847953,-0.013856813,0.073684211
