"Code","Name","LA_code","LA_name","All","X0to15","X16to29","X30to44","X45to64","X65plus"
"E01006882","St. Helens 001A","E08000013","St. Helens",0.023684211,0.08974359,0.037878788,0.028985507,-0.003067485,0.012886598
