"Code","Name","LA_code","LA_name","All","X0to15","X16to29","X30to44","X45to64","X65plus"
"E01006820","St. Helens 011B","E08000013","St. Helens",-0.002042206,0.037900875,-0.006944444,0.016835017,0,-0.098958333
