"Code","Name","LA_code","LA_name","All","X0to15","X16to29","X30to44","X45to64","X65plus"
"E01006822","St. Helens 009A","E08000013","St. Helens",0.013240418,0.064377682,-0.027027027,0.021008403,-0.009411765,0.02259887
