"Code","Name","LA_code","LA_name","All","X0to15","X16to29","X30to44","X45to64","X65plus"
"E01006825","St. Helens 009D","E08000013","St. Helens",-0.005517241,-0.034782609,0.064102564,-0.060913706,0.019047619,-0.013422819
