"Code","Name","LA_code","LA_name","All","X0to15","X16to29","X30to44","X45to64","X65plus"
"E01006890","St. Helens 021A","E08000013","St. Helens",-0.014820042,-0.004878049,-0.020491803,-0.023809524,-0.027160494,0.006430868
