"Code","Name","LA_code","LA_name","All","X0to15","X16to29","X30to44","X45to64","X65plus"
"E01006914","St. Helens 007A","E08000013","St. Helens",0.004811548,0.005376344,0.04109589,0.039772727,0.020588235,-0.037593985
