"Code","Name","LA_code","LA_name","All","X0to15","X16to29","X30to44","X45to64","X65plus"
"E01006891","St. Helens 023C","E08000013","St. Helens",0.004844291,-0.012820513,0.022522523,0.017167382,0.01758794,-0.016759777
