"Code","Name","LA_code","LA_name","All","X0to15","X16to29","X30to44","X45to64","X65plus"
"E01006834","St. Helens 012B","E08000013","St. Helens",0.017035775,0.005208333,0.021459227,0.009009009,0.032258065,0.00921659
