"Code","Name","LA_code","LA_name","All","X0to15","X16to29","X30to44","X45to64","X65plus"
"E01006806","St. Helens 002C","E08000013","St. Helens",-0.00589391,-0.01754386,-0.057142857,-0.020512821,0.00245098,0.020576132
