"Code","Name","LA_code","LA_name","All","X0to15","X16to29","X30to44","X45to64","X65plus"
"E01006884","St. Helens 001C","E08000013","St. Helens",0.010309278,0,0.042168675,-0.005464481,0.014669927,0.004938272
