"Code","Name","LA_code","LA_name","All","X0to15","X16to29","X30to44","X45to64","X65plus"
"E01006897","St. Helens 020F","E08000013","St. Helens",-0.011863224,-0.056497175,0.030150754,0.003891051,-0.00913242,-0.027624309
