"Code","Name","LA_code","LA_name","All","X0to15","X16to29","X30to44","X45to64","X65plus"
"E01006836","St. Helens 005A","E08000013","St. Helens",-0.001375516,0.026315789,-0.01754386,0.020408163,-0.020942408,-0.006006006
