"Code","Name","LA_code","LA_name","All","X0to15","X16to29","X30to44","X45to64","X65plus"
"E01006873","St. Helens 014D","E08000013","St. Helens",-0.000754717,-0.027108434,-0.008064516,0.014634146,0.053846154,-0.025
