"Code","Name","LA_code","LA_name","All","X0to15","X16to29","X30to44","X45to64","X65plus"
"E01006898","St. Helens 022A","E08000013","St. Helens",0.010897436,-0.066666667,0.028340081,-0.009009009,0.046620047,0.016018307
