"Code","Name","LA_code","LA_name","All","X0to15","X16to29","X30to44","X45to64","X65plus"
"E01006874","St. Helens 014E","E08000013","St. Helens",0.029552716,-0.010752688,0.099173554,0.004081633,0.042207792,0.011235955
