"Code","Name","LA_code","LA_name","All","X0to15","X16to29","X30to44","X45to64","X65plus"
"E01006885","St. Helens 001D","E08000013","St. Helens",0.000796178,0.05,0.019736842,-0.034722222,-0.014184397,0.00265252
