"Code","Name","LA_code","LA_name","All","X0to15","X16to29","X30to44","X45to64","X65plus"
"E01006903","St. Helens 019C","E08000013","St. Helens",0.003462604,0.014440433,0.016949153,-0.007692308,-0.002518892,0
