"Code","Name","LA_code","LA_name","All","X0to15","X16to29","X30to44","X45to64","X65plus"
"E01006808","St. Helens 003C","E08000013","St. Helens",0.03343949,0.032467532,0.074468085,0.064039409,0.044496487,-0.031690141
