"Code","Name","LA_code","LA_name","All","X0to15","X16to29","X30to44","X45to64","X65plus"
"E01006824","St. Helens 009C","E08000013","St. Helens",0.040901503,0.036697248,0.006711409,0.076433121,0.027855153,0.057142857
