"Code","Name","LA_code","LA_name","All","X0to15","X16to29","X30to44","X45to64","X65plus"
"E01006815","St. Helens 008F","E08000013","St. Helens",0.004746835,0.031818182,-0.008510638,0.019417476,-0.006006006,-0.003703704
