"Code","Name","LA_code","LA_name","All","X0to15","X16to29","X30to44","X45to64","X65plus"
"E01006906","St. Helens 019E","E08000013","St. Helens",0.078042328,0.205223881,0.074349442,0.141843972,0.009615385,-0.003610108
