"Code","Name","LA_code","LA_name","All","X0to15","X16to29","X30to44","X45to64","X65plus"
"E01006846","St. Helens 020B","E08000013","St. Helens",0,-0.080952381,0.01980198,0.018779343,0.002597403,0.020779221
