"Code","Name","LA_code","LA_name","All","X0to15","X16to29","X30to44","X45to64","X65plus"
"E01006859","St. Helens 015D","E08000013","St. Helens",-0.033628319,-0.094202899,-0.031746032,-0.036184211,-0.036121673,0.020771513
