"Code","Name","LA_code","LA_name","All","X0to15","X16to29","X30to44","X45to64","X65plus"
"E01006878","St. Helens 016E","E08000013","St. Helens",-0.000735294,-0.027027027,0.022727273,-0.037878788,0.023746702,0.003636364
