"Code","Name","LA_code","LA_name","All","X0to15","X16to29","X30to44","X45to64","X65plus"
"E01006805","St. Helens 003B","E08000013","St. Helens",-0.042635659,-0.049844237,-0.07037037,-0.045454545,-0.0125,-0.04797048
