"Code","Name","LA_code","LA_name","All","X0to15","X16to29","X30to44","X45to64","X65plus"
"E01006871","St. Helens 011D","E08000013","St. Helens",-0.021390374,-0.00591716,-0.028328612,-0.046296296,-0.025445293,0.003636364
