"Code","Name","LA_code","LA_name","All","X0to15","X16to29","X30to44","X45to64","X65plus"
"E01006831","St. Helens 016A","E08000013","St. Helens",0.013231198,0.036437247,0.036437247,0.006849315,0.007672634,-0.015444015
