"Code","Name","LA_code","LA_name","All","X0to15","X16to29","X30to44","X45to64","X65plus"
"E01006855","St. Helens 004G","E08000013","St. Helens",0.000696864,0.01984127,0.00952381,-0.01171875,-0.026894866,0.025974026
