"Code","Name","LA_code","LA_name","All","X0to15","X16to29","X30to44","X45to64","X65plus"
"E01006845","St. Helens 014A","E08000013","St. Helens",0.007874016,0.011152416,0.011764706,0.02962963,-0.002398082,-0.00877193
