"Code","Name","LA_code","LA_name","All","X0to15","X16to29","X30to44","X45to64","X65plus"
"E01006819","St. Helens 011A","E08000013","St. Helens",-0.009386733,-0.037267081,-0.025559105,0.003636364,-0.013157895,0.043103448
