"Code","Name","LA_code","LA_name","All","X0to15","X16to29","X30to44","X45to64","X65plus"
"E01032905","St. Helens 019J","E08000013","St. Helens",-0.077319588,-0.079497908,-0.08401084,-0.106542056,-0.066059226,-0.031948882
