"Code","Name","LA_code","LA_name","All","X0to15","X16to29","X30to44","X45to64","X65plus"
"E01006919","St. Helens 007F","E08000013","St. Helens",-0.010139417,0.002386635,-0.003067485,-0.026058632,-0.011904762,-0.021052632
