"Code","Name","LA_code","LA_name","All","X0to15","X16to29","X30to44","X45to64","X65plus"
"E01006842","St. Helens 005D","E08000013","St. Helens",-0.020681265,-0.028571429,0.003030303,-0.026548673,-0.04432133,0.004366812
