"Code","Name","LA_code","LA_name","All","X0to15","X16to29","X30to44","X45to64","X65plus"
"E01006904","St. Helens 016G","E08000013","St. Helens",-0.001198322,0.03125,-0.026706231,-0.02238806,0.010638298,-0.00729927
