"Code","Name","LA_code","LA_name","All","X0to15","X16to29","X30to44","X45to64","X65plus"
"E01006847","St. Helens 020C","E08000013","St. Helens",-0.001586462,0.002053388,-0.011204482,0.014962594,-0.006833713,-0.014492754
