"Code","Name","LA_code","LA_name","All","X0to15","X16to29","X30to44","X45to64","X65plus"
"E01006912","St. Helens 019G","E08000013","St. Helens",0.008303677,-0.009950249,0.012594458,0.021276596,0.014749263,0
