"Code","Name","LA_code","LA_name","All","X0to15","X16to29","X30to44","X45to64","X65plus"
"E01006803","St. Helens 003A","E08000013","St. Helens",0.023916293,0.02688172,0.055172414,-0.019417476,0.029680365,0.027548209
