"Code","Name","LA_code","LA_name","All","X0to15","X16to29","X30to44","X45to64","X65plus"
"E01006841","St. Helens 006C","E08000013","St. Helens",0.005487805,-0.025454545,-0.025179856,0.053571429,0.01744186,-0.003436426
