"Code","Name","LA_code","LA_name","All","X0to15","X16to29","X30to44","X45to64","X65plus"
"E01006913","St. Helens 019H","E08000013","St. Helens",0.012509773,-0.051724138,0.00456621,0.063636364,0.043478261,0.011952191
