"Code","Name","LA_code","LA_name","All","X0to15","X16to29","X30to44","X45to64","X65plus"
"E01029699","Stafford 010D","E07000197","Stafford",0.005822416,0.023121387,-0.017811705,-0.014209591,0.009302326,0.045592705
