"Code","Name","LA_code","LA_name","All","X0to15","X16to29","X30to44","X45to64","X65plus"
"E01029759","Stafford 014G","E07000197","Stafford",0.002358491,0.010169492,0.024752475,-0.011583012,-0.014492754,0.013129103
