"Code","Name","LA_code","LA_name","All","X0to15","X16to29","X30to44","X45to64","X65plus"
"E01029794","Staffordshire Moorlands 009C","E07000198","Staffordshire Moorlands",0.048869438,0.038674033,0.077844311,0.041025641,0.051282051,0.042606516
