"Code","Name","LA_code","LA_name","All","X0to15","X16to29","X30to44","X45to64","X65plus"
"E01029710","Stafford 008B","E07000197","Stafford",0.014275517,0.031413613,-0.027777778,0.095238095,0.013303769,-0.004273504
