"Code","Name","LA_code","LA_name","All","X0to15","X16to29","X30to44","X45to64","X65plus"
"E01029725","Stafford 009D","E07000197","Stafford",-0.007695126,-0.049295775,0.014705882,-0.002994012,-0.001430615,-0.035175879
