"Code","Name","LA_code","LA_name","All","X0to15","X16to29","X30to44","X45to64","X65plus"
"E01029697","Stafford 005C","E07000197","Stafford",-0.020556227,-0.026086957,-0.05511811,0.009836066,-0.038062284,0.017421603
