"Code","Name","LA_code","LA_name","All","X0to15","X16to29","X30to44","X45to64","X65plus"
"E01029706","Stafford 015B","E07000197","Stafford",0.029011249,0.014285714,0.010695187,0.042016807,0.01618705,0.056074766
