"Code","Name","LA_code","LA_name","All","X0to15","X16to29","X30to44","X45to64","X65plus"
"E01029684","Stafford 014A","E07000197","Stafford",0.021563342,0.033222591,0.038251366,0.042704626,0.00729927,0
