"Code","Name","LA_code","LA_name","All","X0to15","X16to29","X30to44","X45to64","X65plus"
"E01029693","Stafford 009B","E07000197","Stafford",0.001186944,0.026041667,0,0.008460237,-0.122093023,0.145454545
