"Code","Name","LA_code","LA_name","All","X0to15","X16to29","X30to44","X45to64","X65plus"
"E01029749","Stafford 002E","E07000197","Stafford",-0.013043478,-0.003610108,-0.041450777,-0.014184397,-0.005008347,-0.016359918
