"Code","Name","LA_code","LA_name","All","X0to15","X16to29","X30to44","X45to64","X65plus"
"E01029698","Stafford 005D","E07000197","Stafford",0.016795866,0.039647577,0.091954023,0.044692737,0.021194605,-0.040089087
