"Code","Name","LA_code","LA_name","All","X0to15","X16to29","X30to44","X45to64","X65plus"
"E01029701","Stafford 010E","E07000197","Stafford",0.000505051,0.013215859,-0.009090909,-0.018248175,0.009756098,0.036734694
