"Code","Name","LA_code","LA_name","All","X0to15","X16to29","X30to44","X45to64","X65plus"
"E01029797","Staffordshire Moorlands 001A","E07000198","Staffordshire Moorlands",0.026885246,0.054726368,0.004651163,0.051546392,0.019157088,0.022900763
