"Code","Name","LA_code","LA_name","All","X0to15","X16to29","X30to44","X45to64","X65plus"
"E01029742","Stafford 012E","E07000197","Stafford",0,-0.047244094,0.021428571,0.0234375,0.003095975,-0.00286123
