"Code","Name","LA_code","LA_name","All","X0to15","X16to29","X30to44","X45to64","X65plus"
"E01029695","Stafford 005A","E07000197","Stafford",-0.006153846,-0.019305019,0.013824885,0.025179856,0.001628664,-0.030927835
