"Code","Name","LA_code","LA_name","All","X0to15","X16to29","X30to44","X45to64","X65plus"
"E01029739","Stafford 004B","E07000197","Stafford",-0.015180266,-0.027586207,0.013888889,-0.029411765,-0.033027523,0.020547945
