"Code","Name","LA_code","LA_name","All","X0to15","X16to29","X30to44","X45to64","X65plus"
"E01029769","Staffordshire Moorlands 002B","E07000198","Staffordshire Moorlands",0.034266134,0.04109589,-0.005714286,0.055045872,0.045126354,0.025641026
