"Code","Name","LA_code","LA_name","All","X0to15","X16to29","X30to44","X45to64","X65plus"
"E01029796","Staffordshire Moorlands 010D","E07000198","Staffordshire Moorlands",0.047587574,0.093495935,0.055837563,0.016194332,0.051652893,0.026548673
