"Code","Name","LA_code","LA_name","All","X0to15","X16to29","X30to44","X45to64","X65plus"
"E01029702","Stafford 001A","E07000197","Stafford",-0.043977055,-0.048148148,-0.049751244,-0.046218487,-0.085714286,0.002272727
