"Code","Name","LA_code","LA_name","All","X0to15","X16to29","X30to44","X45to64","X65plus"
"E01029750","Stafford 007D","E07000197","Stafford",-0.002089864,0.016018307,-0.02359882,-0.013513514,0.015695067,-0.016129032
