"Code","Name","LA_code","LA_name","All","X0to15","X16to29","X30to44","X45to64","X65plus"
"E01029694","Stafford 010C","E07000197","Stafford",0.011111111,-0.01174743,0.012704174,0.003816794,0.051612903,0.074468085
