"Code","Name","LA_code","LA_name","All","X0to15","X16to29","X30to44","X45to64","X65plus"
"E01029743","Stafford 006C","E07000197","Stafford",-0.02434337,-0.104761905,-0.022222222,0,0.002242152,-0.027210884
