"Code","Name","LA_code","LA_name","All","X0to15","X16to29","X30to44","X45to64","X65plus"
"E01029814","Staffordshire Moorlands 005E","E07000198","Staffordshire Moorlands",0.009982384,-0.034013605,-0.003021148,0.013245033,0.009310987,0.079497908
