"Code","Name","LA_code","LA_name","All","X0to15","X16to29","X30to44","X45to64","X65plus"
"E01029730","Stafford 014C","E07000197","Stafford",-0.0450045,-0.037974684,-0.056737589,-0.090909091,-0.030136986,-0.042944785
