"Code","Name","LA_code","LA_name","All","X0to15","X16to29","X30to44","X45to64","X65plus"
"E01029733","Stafford 004A","E07000197","Stafford",0.010330579,0.043956044,-0.008438819,-0.024896266,0.025039124,0
