"Code","Name","LA_code","LA_name","All","X0to15","X16to29","X30to44","X45to64","X65plus"
"E01029717","Stafford 013C","E07000197","Stafford",0.016430595,0.044705882,0.017699115,-0.006079027,0.01891253,-0.008032129
