"Code","Name","LA_code","LA_name","All","X0to15","X16to29","X30to44","X45to64","X65plus"
"E01029729","Stafford 016B","E07000197","Stafford",0.032439177,0.013333333,0.066945607,0.035830619,0.022044088,0.033033033
