"Code","Name","LA_code","LA_name","All","X0to15","X16to29","X30to44","X45to64","X65plus"
"E01029687","Stafford 008A","E07000197","Stafford",0,-0.028571429,-0.012605042,0,0.030816641,-0.016216216
