"Code","Name","LA_code","LA_name","All","X0to15","X16to29","X30to44","X45to64","X65plus"
"E01029686","Stafford 011A","E07000197","Stafford",-0.023121387,-0.080508475,-0.06779661,-0.065217391,-0.002475248,0.044510386
