"Code","Name","LA_code","LA_name","All","X0to15","X16to29","X30to44","X45to64","X65plus"
"E01029736","Stafford 012B","E07000197","Stafford",-0.00063012,-0.019455253,-0.018867925,-0.039513678,0.006122449,0.060200669
