"Code","Name","LA_code","LA_name","All","X0to15","X16to29","X30to44","X45to64","X65plus"
"E01029761","Staffordshire Moorlands 010A","E07000198","Staffordshire Moorlands",0.014094433,0.023923445,0.027322404,0.029268293,0.014705882,-0.004830918
