"Code","Name","LA_code","LA_name","All","X0to15","X16to29","X30to44","X45to64","X65plus"
"E01023686","St Albans 002B","E07000100","St Albans",0.055098163,0.036144578,-0.035928144,0.031578947,-0.016786571,0.257627119
