"Code","Name","LA_code","LA_name","All","X0to15","X16to29","X30to44","X45to64","X65plus"
"E01023694","St Albans 001E","E07000100","St Albans",0.00479904,0.010775862,0.005586592,-0.028481013,0.006289308,0.034632035
