"Code","Name","LA_code","LA_name","All","X0to15","X16to29","X30to44","X45to64","X65plus"
"E01023709","St Albans 008A","E07000100","St Albans",-0.004139562,0.003030303,0.008333333,-0.009433962,-0.016528926,0.003134796
