"Code","Name","LA_code","LA_name","All","X0to15","X16to29","X30to44","X45to64","X65plus"
"E01023725","St Albans 006D","E07000100","St Albans",0.013752456,0,0.013071895,0.057692308,0.004555809,0.005952381
