"Code","Name","LA_code","LA_name","All","X0to15","X16to29","X30to44","X45to64","X65plus"
"E01023710","St Albans 008B","E07000100","St Albans",0.011904762,0.034031414,-0.005050505,0.018796992,0.002232143,0.003311258
