"Code","Name","LA_code","LA_name","All","X0to15","X16to29","X30to44","X45to64","X65plus"
"E01023670","St Albans 009B","E07000100","St Albans",-0.024367816,-0.065420561,-0.018726592,-0.032815199,0.001845018,0.01984127
