"Code","Name","LA_code","LA_name","All","X0to15","X16to29","X30to44","X45to64","X65plus"
"E01023737","St Albans 017A","E07000100","St Albans",0.005818182,0,0.054393305,0.002857143,-0.01048951,-0.015873016
