"Code","Name","LA_code","LA_name","All","X0to15","X16to29","X30to44","X45to64","X65plus"
"E01023690","St Albans 001A","E07000100","St Albans",0.022727273,0.004376368,0.033557047,0.032069971,0.028915663,0.025974026
