"Code","Name","LA_code","LA_name","All","X0to15","X16to29","X30to44","X45to64","X65plus"
"E01023729","St Albans 012D","E07000100","St Albans",0.004940305,-0.031982942,0.023391813,0.012731481,0.023923445,-0.036363636
