"Code","Name","LA_code","LA_name","All","X0to15","X16to29","X30to44","X45to64","X65plus"
"E01023713","St Albans 007A","E07000100","St Albans",-0.017128463,-0.014732965,-0.019933555,-0.002380952,-0.018404908,-0.043103448
