"Code","Name","LA_code","LA_name","All","X0to15","X16to29","X30to44","X45to64","X65plus"
"E01023682","St Albans 016B","E07000100","St Albans",0.020808561,0.005555556,-0.007326007,0.01814059,0.016348774,0.087136929
