"Code","Name","LA_code","LA_name","All","X0to15","X16to29","X30to44","X45to64","X65plus"
"E01023687","St Albans 002C","E07000100","St Albans",-0.005761844,0.01285347,-0.008695652,-0.025316456,0.019851117,-0.053571429
