"Code","Name","LA_code","LA_name","All","X0to15","X16to29","X30to44","X45to64","X65plus"
"E01023714","St Albans 010B","E07000100","St Albans",0.014269406,0.036585366,0,-0.008547009,0.00877193,0.021943574
