"Code","Name","LA_code","LA_name","All","X0to15","X16to29","X30to44","X45to64","X65plus"
"E01030119","St Edmundsbury 008C","E07000204","St Edmundsbury",0.018641811,0.029776675,0.067510549,0.02688172,0.008,-0.001623377
