"Code","Name","LA_code","LA_name","All","X0to15","X16to29","X30to44","X45to64","X65plus"
"E01030124","St Edmundsbury 007C","E07000204","St Edmundsbury",-0.017186505,-0.004926108,-0.071823204,-0.042635659,0.014563107,-0.015473888
