"Code","Name","LA_code","LA_name","All","X0to15","X16to29","X30to44","X45to64","X65plus"
"E01030109","St Edmundsbury 012A","E07000204","St Edmundsbury",0.014652015,0.012847966,0.015772871,-0.01305483,0.016470588,0.047021944
