"Code","Name","LA_code","LA_name","All","X0to15","X16to29","X30to44","X45to64","X65plus"
"E01030146","St Edmundsbury 001E","E07000204","St Edmundsbury",0.012445095,-0.011952191,0.05,0.023809524,0.037593985,-0.006263048
