"Code","Name","LA_code","LA_name","All","X0to15","X16to29","X30to44","X45to64","X65plus"
"E01033045","St Edmundsbury 005F","E07000204","St Edmundsbury",0.061912226,0.08045977,0.111702128,0.089783282,0.085106383,-0.17037037
