"Code","Name","LA_code","LA_name","All","X0to15","X16to29","X30to44","X45to64","X65plus"
"E01030097","St Edmundsbury 001C","E07000204","St Edmundsbury",-0.02085004,0.00877193,-0.04964539,-0.092485549,-0.038147139,0.026627219
