"Code","Name","LA_code","LA_name","All","X0to15","X16to29","X30to44","X45to64","X65plus"
"E01030131","St Edmundsbury 003B","E07000204","St Edmundsbury",0.033407572,0.052631579,0.043478261,0.050458716,0.028846154,-0.024630542
