"Code","Name","LA_code","LA_name","All","X0to15","X16to29","X30to44","X45to64","X65plus"
"E01030111","St Edmundsbury 012C","E07000204","St Edmundsbury",-0.020648968,-0.04048583,-0.018518519,-0.06122449,0.009852217,-0.013513514
