"Code","Name","LA_code","LA_name","All","X0to15","X16to29","X30to44","X45to64","X65plus"
"E01030116","St Edmundsbury 013B","E07000204","St Edmundsbury",0.000844595,-0.030188679,-0.019553073,-0.03875969,-0.026438569,0.193146417
