"Code","Name","LA_code","LA_name","All","X0to15","X16to29","X30to44","X45to64","X65plus"
"E01030144","St Edmundsbury 009D","E07000204","St Edmundsbury",-0.020424195,-0.090047393,0.013793103,-0.015384615,-0.005952381,-0.010362694
