"Code","Name","LA_code","LA_name","All","X0to15","X16to29","X30to44","X45to64","X65plus"
"E01030092","St Edmundsbury 007A","E07000204","St Edmundsbury",-0.028425242,-0.086378738,-0.023972603,0.013297872,-0.058275058,0.008310249
