"Code","Name","LA_code","LA_name","All","X0to15","X16to29","X30to44","X45to64","X65plus"
"E01030121","St Edmundsbury 002B","E07000204","St Edmundsbury",-0.001757469,-0.009324009,-0.024169184,0.005449591,-0.005172414,0.015817223
