"Code","Name","LA_code","LA_name","All","X0to15","X16to29","X30to44","X45to64","X65plus"
"E01030135","St Edmundsbury 008E","E07000204","St Edmundsbury",0.018348624,0.058823529,0.007905138,0.035532995,-0.008908686,0.017751479
