"Code","Name","LA_code","LA_name","All","X0to15","X16to29","X30to44","X45to64","X65plus"
"E01030125","St Edmundsbury 007D","E07000204","St Edmundsbury",0.009615385,-0.033057851,0.02,0.03902439,-0.002421308,0.027777778
