"Code","Name","LA_code","LA_name","All","X0to15","X16to29","X30to44","X45to64","X65plus"
"E01030101","St Edmundsbury 010B","E07000204","St Edmundsbury",0.001414427,-0.011594203,0.026785714,0.036630037,-0.007079646,-0.007002801
