"Code","Name","LA_code","LA_name","All","X0to15","X16to29","X30to44","X45to64","X65plus"
"E01030148","St Edmundsbury 007E","E07000204","St Edmundsbury",0.010391687,0.01734104,0.068322981,0.063492063,0,-0.034666667
