"Code","Name","LA_code","LA_name","All","X0to15","X16to29","X30to44","X45to64","X65plus"
"E01030139","St Edmundsbury 003C","E07000204","St Edmundsbury",0.001768868,-0.042553191,0.026578073,0.036912752,0.004739336,-0.011560694
