"Code","Name","LA_code","LA_name","All","X0to15","X16to29","X30to44","X45to64","X65plus"
"E01030143","St Edmundsbury 009C","E07000204","St Edmundsbury",0.026537217,0.086021505,0.006153846,0.028571429,-0.002688172,0.027681661
