"Code","Name","LA_code","LA_name","All","X0to15","X16to29","X30to44","X45to64","X65plus"
"E01023757","Stevenage 008C","E07000101","Stevenage",-0.00155521,0.015981735,0.018666667,-0.009615385,-0.004576659,-0.041825095
