"Code","Name","LA_code","LA_name","All","X0to15","X16to29","X30to44","X45to64","X65plus"
"E01023753","Stevenage 009D","E07000101","Stevenage",0.00594884,-0.05015674,0.064516129,-0.018617021,0.010948905,0.057894737
