"Code","Name","LA_code","LA_name","All","X0to15","X16to29","X30to44","X45to64","X65plus"
"E01023755","Stevenage 008A","E07000101","Stevenage",0.02615193,0.05015674,0.003205128,0.039274924,0.012345679,0.029288703
