"Code","Name","LA_code","LA_name","All","X0to15","X16to29","X30to44","X45to64","X65plus"
"E01023799","Stevenage 002D","E07000101","Stevenage",0.002932551,0.008130081,-0.027906977,0.004273504,0.004395604,0.023364486
