"Code","Name","LA_code","LA_name","All","X0to15","X16to29","X30to44","X45to64","X65plus"
"E01023800","Stevenage 002E","E07000101","Stevenage",-0.015207373,-0.078717201,-0.007444169,0,-0.005545287,0
