"Code","Name","LA_code","LA_name","All","X0to15","X16to29","X30to44","X45to64","X65plus"
"E01023798","Stevenage 005D","E07000101","Stevenage",0.001303781,0.003460208,0.03180212,0.008571429,0.012820513,-0.072072072
