"Code","Name","LA_code","LA_name","All","X0to15","X16to29","X30to44","X45to64","X65plus"
"E01023752","Stevenage 009C","E07000101","Stevenage",-0.024584237,-0.034161491,-0.007722008,-0.020905923,-0.022508039,-0.039215686
