"Code","Name","LA_code","LA_name","All","X0to15","X16to29","X30to44","X45to64","X65plus"
"E01023794","Stevenage 010D","E07000101","Stevenage",0.003719777,0.025495751,0.02020202,0,-0.011961722,-0.019047619
