"Code","Name","LA_code","LA_name","All","X0to15","X16to29","X30to44","X45to64","X65plus"
"E01023797","Stevenage 005C","E07000101","Stevenage",0.007570023,-0.025925926,0.015789474,-0.003472222,0.051724138,-0.013333333
