"Code","Name","LA_code","LA_name","All","X0to15","X16to29","X30to44","X45to64","X65plus"
"E01023770","Stevenage 004D","E07000101","Stevenage",0.006016043,-0.017316017,0.008097166,0.01953125,0.014084507,-0.003773585
