"Code","Name","LA_code","LA_name","All","X0to15","X16to29","X30to44","X45to64","X65plus"
"E01023763","Stevenage 012A","E07000101","Stevenage",0.020449898,0.003508772,0.008163265,0.027586207,0.002309469,0.08411215
