"Code","Name","LA_code","LA_name","All","X0to15","X16to29","X30to44","X45to64","X65plus"
"E01023754","Stevenage 009E","E07000101","Stevenage",0.009931245,0.034482759,-0.020080321,0.0562249,-0.03125,0.028571429
