"Code","Name","LA_code","LA_name","All","X0to15","X16to29","X30to44","X45to64","X65plus"
"E01023790","Stevenage 001D","E07000101","Stevenage",0.012873025,0.021226415,-0.006006006,-0.016216216,0.021077283,0.077419355
