"Code","Name","LA_code","LA_name","All","X0to15","X16to29","X30to44","X45to64","X65plus"
"E01023767","Stevenage 004A","E07000101","Stevenage",-0.006901311,-0.03930131,0.032520325,0.003496503,0.024291498,-0.113402062
