"Code","Name","LA_code","LA_name","All","X0to15","X16to29","X30to44","X45to64","X65plus"
"E01012197","Stockton-on-Tees 002A","E06000004","Stockton-on-Tees",0.03685259,-0.001926782,0.049095607,0.01,0.052854123,0.11790393
