"Code","Name","LA_code","LA_name","All","X0to15","X16to29","X30to44","X45to64","X65plus"
"E01005752","Stockport 012A","E08000007","Stockport",0.00811908,0.031948882,-0.026515152,0,0.047368421,-0.034615385
