"Code","Name","LA_code","LA_name","All","X0to15","X16to29","X30to44","X45to64","X65plus"
"E01012218","Stockton-on-Tees 016C","E06000004","Stockton-on-Tees",-0.017621145,-0.041297935,-0.021551724,-0.027559055,0.002207506,-0.009646302
