"Code","Name","LA_code","LA_name","All","X0to15","X16to29","X30to44","X45to64","X65plus"
"E01012214","Stockton-on-Tees 003C","E06000004","Stockton-on-Tees",0.003597122,0.016509434,-0.023728814,-0.021126761,0.002369668,0.04526749
