"Code","Name","LA_code","LA_name","All","X0to15","X16to29","X30to44","X45to64","X65plus"
"E01012297","Stockton-on-Tees 001F","E06000004","Stockton-on-Tees",0.00039968,-0.040089087,-0.01305483,0.006369427,0.006896552,0.045592705
