"Code","Name","LA_code","LA_name","All","X0to15","X16to29","X30to44","X45to64","X65plus"
"E01005774","Stockport 028D","E08000007","Stockport",0.015302728,-0.003533569,0.079365079,0.030821918,-0.023529412,0.031847134
