"Code","Name","LA_code","LA_name","All","X0to15","X16to29","X30to44","X45to64","X65plus"
"E01012284","Stockton-on-Tees 020C","E06000004","Stockton-on-Tees",0.030383091,0.018115942,0.034934498,0.026785714,0.063535912,0.009456265
