"Code","Name","LA_code","LA_name","All","X0to15","X16to29","X30to44","X45to64","X65plus"
"E01012273","Stockton-on-Tees 008E","E06000004","Stockton-on-Tees",0.000622278,0.009259259,-0.012269939,0.018181818,-0.004962779,-0.011695906
