"Code","Name","LA_code","LA_name","All","X0to15","X16to29","X30to44","X45to64","X65plus"
"E01005911","Stockport 029C","E08000007","Stockport",-0.000765111,0.064864865,-0.043478261,0.037735849,-0.011080332,-0.01814059
