"Code","Name","LA_code","LA_name","All","X0to15","X16to29","X30to44","X45to64","X65plus"
"E01005847","Stockport 040B","E08000007","Stockport",-0.02753978,-0.009174312,-0.054054054,-0.028985507,-0.02189781,-0.030821918
