"Code","Name","LA_code","LA_name","All","X0to15","X16to29","X30to44","X45to64","X65plus"
"E01012194","Stockton-on-Tees 010A","E06000004","Stockton-on-Tees",0.00530856,0.035714286,-0.006557377,-0.012084592,0.02484472,-0.028169014
