"Code","Name","LA_code","LA_name","All","X0to15","X16to29","X30to44","X45to64","X65plus"
"E01005862","Stockport 003A","E08000007","Stockport",0.006443299,-0.013559322,-0.041493776,0.077192982,-0.002066116,0.012145749
