"Code","Name","LA_code","LA_name","All","X0to15","X16to29","X30to44","X45to64","X65plus"
"E01012295","Stockton-on-Tees 005E","E06000004","Stockton-on-Tees",0.010708402,-0.003968254,-0.053763441,0.016949153,-0.005586592,0.120879121
