"Code","Name","LA_code","LA_name","All","X0to15","X16to29","X30to44","X45to64","X65plus"
"E01012224","Stockton-on-Tees 015C","E06000004","Stockton-on-Tees",0.014268728,0.05204461,0.044198895,0,0.006382979,-0.001972387
