"Code","Name","LA_code","LA_name","All","X0to15","X16to29","X30to44","X45to64","X65plus"
"E01012272","Stockton-on-Tees 008D","E06000004","Stockton-on-Tees",0.013972056,0.081081081,0.032786885,0.024390244,0.046263345,-0.04109589
