"Code","Name","LA_code","LA_name","All","X0to15","X16to29","X30to44","X45to64","X65plus"
"E01005894","Stockport 001E","E08000007","Stockport",-0.005852231,0.018315018,-0.004219409,-0.006968641,0.025423729,-0.087962963
