"Code","Name","LA_code","LA_name","All","X0to15","X16to29","X30to44","X45to64","X65plus"
"E01005763","Stockport 026C","E08000007","Stockport",0.025838373,-0.004106776,0.009036145,0.042780749,0.040816327,0.05982906
