"Code","Name","LA_code","LA_name","All","X0to15","X16to29","X30to44","X45to64","X65plus"
"E01005866","Stockport 006C","E08000007","Stockport",-0.005800464,0.017730496,-0.03343465,-0.014767932,-0.004608295,0.024390244
