"Code","Name","LA_code","LA_name","All","X0to15","X16to29","X30to44","X45to64","X65plus"
"E01005757","Stockport 014A","E08000007","Stockport",-0.004901961,-0.027638191,-0.024464832,-0.011594203,0.042821159,-0.012121212
