"Code","Name","LA_code","LA_name","All","X0to15","X16to29","X30to44","X45to64","X65plus"
"E01012227","Stockton-on-Tees 023A","E06000004","Stockton-on-Tees",-0.031726663,-0.041666667,-0.012618297,-0.040983607,-0.030092593,-0.025862069
