"Code","Name","LA_code","LA_name","All","X0to15","X16to29","X30to44","X45to64","X65plus"
"E01005864","Stockport 006B","E08000007","Stockport",0.104808878,0.090909091,0.123404255,0.0625,0.01891253,0.303370787
