"Code","Name","LA_code","LA_name","All","X0to15","X16to29","X30to44","X45to64","X65plus"
"E01005817","Stockport 016C","E08000007","Stockport",-0.06705969,-0.089361702,-0.104477612,-0.084468665,-0.021276596,-0.025316456
