"Code","Name","LA_code","LA_name","All","X0to15","X16to29","X30to44","X45to64","X65plus"
"E01005895","Stockport 003C","E08000007","Stockport",0.043782837,0.091836735,0,0.024390244,0.024316109,0.094059406
