"Code","Name","LA_code","LA_name","All","X0to15","X16to29","X30to44","X45to64","X65plus"
"E01012294","Stockton-on-Tees 005D","E06000004","Stockton-on-Tees",-0.009852217,0.011299435,0.028571429,-0.036082474,-0.004761905,-0.031358885
