"Code","Name","LA_code","LA_name","All","X0to15","X16to29","X30to44","X45to64","X65plus"
"E01005898","Stockport 010B","E08000007","Stockport",-0.021339656,-0.071428571,-0.009803922,0.008333333,-0.018292683,-0.011286682
