"Code","Name","LA_code","LA_name","All","X0to15","X16to29","X30to44","X45to64","X65plus"
"E01005903","Stockport 010D","E08000007","Stockport",0.028188865,0.093896714,0.059210526,0.098765432,-0.008510638,-0.002369668
