"Code","Name","LA_code","LA_name","All","X0to15","X16to29","X30to44","X45to64","X65plus"
"E01005874","Stockport 019C","E08000007","Stockport",-0.014013453,0.018450185,-0.005333333,-0.013761468,0.002141328,-0.09787234
