"Code","Name","LA_code","LA_name","All","X0to15","X16to29","X30to44","X45to64","X65plus"
"E01005914","Stockport 007A","E08000007","Stockport",0.005582694,-0.033210332,0.021276596,0,0.034031414,-0.003717472
