"Code","Name","LA_code","LA_name","All","X0to15","X16to29","X30to44","X45to64","X65plus"
"E01005767","Stockport 028A","E08000007","Stockport",-0.00131406,-0.00877193,0.034482759,-0.053254438,0.022900763,-0.016
