"Code","Name","LA_code","LA_name","All","X0to15","X16to29","X30to44","X45to64","X65plus"
"E01005758","Stockport 014B","E08000007","Stockport",0.019925857,0.116666667,0.042654028,0.004385965,-0.007132668,0
