"Code","Name","LA_code","LA_name","All","X0to15","X16to29","X30to44","X45to64","X65plus"
"E01005870","Stockport 015A","E08000007","Stockport",0.005453306,0.033333333,-0.037313433,0.009090909,-0.0125,0.03652968
