"Code","Name","LA_code","LA_name","All","X0to15","X16to29","X30to44","X45to64","X65plus"
"E01005804","Stockport 023E","E08000007","Stockport",0.103968254,0.029288703,0.013888889,0.016,0.069767442,0.377952756
