"Code","Name","LA_code","LA_name","All","X0to15","X16to29","X30to44","X45to64","X65plus"
"E01005850","Stockport 040D","E08000007","Stockport",0.006207675,0.04519774,0.003773585,-0.006097561,-0.014028056,0.009202454
