"Code","Name","LA_code","LA_name","All","X0to15","X16to29","X30to44","X45to64","X65plus"
"E01005754","Stockport 004B","E08000007","Stockport",-0.009942439,0.035377358,-0.023980815,-0.028645833,-0.020746888,-0.014705882
