"Code","Name","LA_code","LA_name","All","X0to15","X16to29","X30to44","X45to64","X65plus"
"E01005836","Stockport 031B","E08000007","Stockport",0.004217185,0.017804154,0.014285714,0.003095975,-0.006535948,0
