"Code","Name","LA_code","LA_name","All","X0to15","X16to29","X30to44","X45to64","X65plus"
"E01005901","Stockport 012C","E08000007","Stockport",0.004451039,0.03164557,0.049689441,-0.016483516,-0.013661202,0.002079002
