"Code","Name","LA_code","LA_name","All","X0to15","X16to29","X30to44","X45to64","X65plus"
"E01012198","Stockton-on-Tees 003B","E06000004","Stockton-on-Tees",-0.007591442,-0.028089888,-0.015444015,0.007042254,0.005167959,-0.006134969
