"Code","Name","LA_code","LA_name","All","X0to15","X16to29","X30to44","X45to64","X65plus"
"E01005868","Stockport 008D","E08000007","Stockport",-0.003229974,-0.003164557,0.00456621,0.006993007,-0.007177033,-0.012944984
