"Code","Name","LA_code","LA_name","All","X0to15","X16to29","X30to44","X45to64","X65plus"
"E01012235","Stockton-on-Tees 024A","E06000004","Stockton-on-Tees",-0.048255382,-0.108433735,-0.036082474,-0.051792829,-0.017811705,-0.058309038
