"Code","Name","LA_code","LA_name","All","X0to15","X16to29","X30to44","X45to64","X65plus"
"E01005927","Stockport 032A","E08000007","Stockport",-0.027777778,-0.02661597,-0.040697674,-0.037162162,-0.015463918,-0.02811245
