"Code","Name","LA_code","LA_name","All","X0to15","X16to29","X30to44","X45to64","X65plus"
"E01005888","Stockport 001B","E08000007","Stockport",0.049491525,0.123529412,0.011152416,0.052434457,0.009876543,0.051546392
