"Code","Name","LA_code","LA_name","All","X0to15","X16to29","X30to44","X45to64","X65plus"
"E01012223","Stockton-on-Tees 016D","E06000004","Stockton-on-Tees",0.004507405,-0.038314176,-0.027173913,0.029166667,0.002159827,0.034567901
