"Code","Name","LA_code","LA_name","All","X0to15","X16to29","X30to44","X45to64","X65plus"
"E01005764","Stockport 016A","E08000007","Stockport",-0.019520357,-0.015463918,-0.028213166,0,-0.013262599,-0.059055118
