"Code","Name","LA_code","LA_name","All","X0to15","X16to29","X30to44","X45to64","X65plus"
"E01005780","Stockport 022D","E08000007","Stockport",-0.007792208,-0.038888889,0.017667845,-0.002906977,-0.002538071,-0.006289308
