"Code","Name","LA_code","LA_name","All","X0to15","X16to29","X30to44","X45to64","X65plus"
"E01005807","Stockport 035B","E08000007","Stockport",-0.023417722,-0.03875969,0.009433962,-0.061946903,0,-0.035545024
