"Code","Name","LA_code","LA_name","All","X0to15","X16to29","X30to44","X45to64","X65plus"
"E01005759","Stockport 023A","E08000007","Stockport",0.009656005,0.056886228,0.040540541,-0.014124294,0.019027484,-0.095
