"Code","Name","LA_code","LA_name","All","X0to15","X16to29","X30to44","X45to64","X65plus"
"E01012211","Stockton-on-Tees 006B","E06000004","Stockton-on-Tees",0.003923767,-0.00867052,0.008928571,0.028213166,-0.010695187,0.01497006
