"Code","Name","LA_code","LA_name","All","X0to15","X16to29","X30to44","X45to64","X65plus"
"E01005789","Stockport 039A","E08000007","Stockport",-0.014319809,-0.071895425,0.022222222,-0.076388889,0.012121212,0.024570025
