"Code","Name","LA_code","LA_name","All","X0to15","X16to29","X30to44","X45to64","X65plus"
"E01005806","Stockport 033A","E08000007","Stockport",0.015625,0.024038462,0.020408163,-0.034653465,0.020648968,0.034375
