"Code","Name","LA_code","LA_name","All","X0to15","X16to29","X30to44","X45to64","X65plus"
"E01005765","Stockport 018A","E08000007","Stockport",0.004996431,-0.018939394,-0.021459227,0.052631579,0.015189873,-0.017857143
