"Code","Name","LA_code","LA_name","All","X0to15","X16to29","X30to44","X45to64","X65plus"
"E01005924","Stockport 042A","E08000007","Stockport",-0.003023432,0.007168459,0.097014925,-0.041860465,-0.015625,-0.012861736
