"Code","Name","LA_code","LA_name","All","X0to15","X16to29","X30to44","X45to64","X65plus"
"E01005815","Stockport 033D","E08000007","Stockport",-0.000679348,0.018726592,0,-0.017316017,-0.027227723,0.024725275
