"Code","Name","LA_code","LA_name","All","X0to15","X16to29","X30to44","X45to64","X65plus"
"E01012238","Stockton-on-Tees 018A","E06000004","Stockton-on-Tees",0.039871383,0.013089005,0.076655052,0.038194444,0.06284153,0.004310345
