"Code","Name","LA_code","LA_name","All","X0to15","X16to29","X30to44","X45to64","X65plus"
"E01032544","Stockton-on-Tees 009H","E06000004","Stockton-on-Tees",-0.010962822,-0.026978417,-0.025069638,-0.012931034,0.016423358,-0.011695906
