"Code","Name","LA_code","LA_name","All","X0to15","X16to29","X30to44","X45to64","X65plus"
"E01005857","Stockport 013D","E08000007","Stockport",-0.015574302,-0.042682927,0.004115226,-0.01994302,0.007915567,-0.029166667
