"Code","Name","LA_code","LA_name","All","X0to15","X16to29","X30to44","X45to64","X65plus"
"E01012287","Stockton-on-Tees 017B","E06000004","Stockton-on-Tees",0.004181185,0.022727273,0.000664894,0.002192982,0.022727273,-0.02
