"Code","Name","LA_code","LA_name","All","X0to15","X16to29","X30to44","X45to64","X65plus"
"E01012236","Stockton-on-Tees 022D","E06000004","Stockton-on-Tees",-0.010911925,-0.032110092,0.053658537,0.06,-0.029612756,-0.076923077
