"Code","Name","LA_code","LA_name","All","X0to15","X16to29","X30to44","X45to64","X65plus"
"E01012213","Stockton-on-Tees 006D","E06000004","Stockton-on-Tees",-0.018991965,0.096774194,0.055555556,-0.104166667,-0.013513514,-0.041322314
