"Code","Name","LA_code","LA_name","All","X0to15","X16to29","X30to44","X45to64","X65plus"
"E01005747","Stockport 005C","E08000007","Stockport",-0.0138217,0,0.033653846,-0.011406844,-0.048387097,-0.010989011
