"Code","Name","LA_code","LA_name","All","X0to15","X16to29","X30to44","X45to64","X65plus"
"E01005875","Stockport 015D","E08000007","Stockport",0.010932476,0.033222591,-0.047413793,-0.00297619,0.019230769,0.040740741
