"Code","Name","LA_code","LA_name","All","X0to15","X16to29","X30to44","X45to64","X65plus"
"E01032542","Stockton-on-Tees 009F","E06000004","Stockton-on-Tees",-0.001850709,0.036437247,-0.041025641,-0.019283747,0.02690583,-0.026490066
