"Code","Name","LA_code","LA_name","All","X0to15","X16to29","X30to44","X45to64","X65plus"
"E01005809","Stockport 037B","E08000007","Stockport",-0.01915403,0.016806723,-0.03030303,-0.044247788,-0.005797101,-0.039426523
