"Code","Name","LA_code","LA_name","All","X0to15","X16to29","X30to44","X45to64","X65plus"
"E01005805","Stockport 035A","E08000007","Stockport",0.00871731,0.036789298,-0.018018018,0.027586207,0,-0.003076923
