"Code","Name","LA_code","LA_name","All","X0to15","X16to29","X30to44","X45to64","X65plus"
"E01005755","Stockport 004C","E08000007","Stockport",-0.011487651,-0.042168675,-0.004854369,0.011940299,-0.042042042,0.079754601
