"Code","Name","LA_code","LA_name","All","X0to15","X16to29","X30to44","X45to64","X65plus"
"E01014332","Stoke-on-Trent 004B","E06000021","Stoke-on-Trent",0.003640777,0.027149321,-0.022624434,-0.010471204,0.01863354,-0.003759398
