"Code","Name","LA_code","LA_name","All","X0to15","X16to29","X30to44","X45to64","X65plus"
"E01014366","Stoke-on-Trent 028B","E06000021","Stoke-on-Trent",0.013262599,0.026422764,-0.005291005,0.010958904,0.016260163,0.014234875
