"Code","Name","LA_code","LA_name","All","X0to15","X16to29","X30to44","X45to64","X65plus"
"E01014230","Stoke-on-Trent 014F","E06000021","Stoke-on-Trent",0.055481283,-0.038062284,0.06302521,0.085603113,0.074519231,0.087837838
