"Code","Name","LA_code","LA_name","All","X0to15","X16to29","X30to44","X45to64","X65plus"
"E01014234","Stoke-on-Trent 026B","E06000021","Stoke-on-Trent",-0.012758202,-0.01986755,-0.017857143,-0.013114754,-0.014705882,0.027777778
