"Code","Name","LA_code","LA_name","All","X0to15","X16to29","X30to44","X45to64","X65plus"
"E01014254","Stoke-on-Trent 011C","E06000021","Stoke-on-Trent",-0.031927711,-0.020408163,-0.049861496,-0.026431718,-0.078498294,0.081081081
