"Code","Name","LA_code","LA_name","All","X0to15","X16to29","X30to44","X45to64","X65plus"
"E01014302","Stoke-on-Trent 022D","E06000021","Stoke-on-Trent",0.009651475,-0.012158055,0.054487179,0.018567639,-0.009070295,0.004926108
