"Code","Name","LA_code","LA_name","All","X0to15","X16to29","X30to44","X45to64","X65plus"
"E01014297","Stoke-on-Trent 021D","E06000021","Stoke-on-Trent",0.027027027,-0.041666667,0.039325843,0.069444444,0.044444444,0
