"Code","Name","LA_code","LA_name","All","X0to15","X16to29","X30to44","X45to64","X65plus"
"E01014258","Stoke-on-Trent 001B","E06000021","Stoke-on-Trent",0.02045134,0.064516129,0.055084746,-0.038610039,0.020661157,-0.0125
