"Code","Name","LA_code","LA_name","All","X0to15","X16to29","X30to44","X45to64","X65plus"
"E01014279","Stoke-on-Trent 020E","E06000021","Stoke-on-Trent",0.010632345,0.026315789,0.024608501,0.017492711,-0.018223235,0
