"Code","Name","LA_code","LA_name","All","X0to15","X16to29","X30to44","X45to64","X65plus"
"E01014286","Stoke-on-Trent 015C","E06000021","Stoke-on-Trent",-0.013165426,0.008714597,-0.019438445,0.007792208,-0.041522491,-0.059602649
