"Code","Name","LA_code","LA_name","All","X0to15","X16to29","X30to44","X45to64","X65plus"
"E01014276","Stoke-on-Trent 020C","E06000021","Stoke-on-Trent",-0.011685117,-0.009433962,-0.014880952,0.024096386,-0.007159905,-0.07239819
