"Code","Name","LA_code","LA_name","All","X0to15","X16to29","X30to44","X45to64","X65plus"
"E01014298","Stoke-on-Trent 022B","E06000021","Stoke-on-Trent",0.007731959,0.008450704,0.003623188,-0.006578947,0.041871921,-0.033175355
