"Code","Name","LA_code","LA_name","All","X0to15","X16to29","X30to44","X45to64","X65plus"
"E01014307","Stoke-on-Trent 029C","E06000021","Stoke-on-Trent",0.009320905,0.02027027,-0.008042895,-0.013651877,0.003717472,0.089430894
