"Code","Name","LA_code","LA_name","All","X0to15","X16to29","X30to44","X45to64","X65plus"
"E01014284","Stoke-on-Trent 016F","E06000021","Stoke-on-Trent",-0.063322368,-0.038709677,-0.088861076,-0.089820359,0.125,0.225806452
