"Code","Name","LA_code","LA_name","All","X0to15","X16to29","X30to44","X45to64","X65plus"
"E01014259","Stoke-on-Trent 001C","E06000021","Stoke-on-Trent",-0.000695894,-0.052380952,0.01010101,0.036649215,-0.007281553,0.009389671
