"Code","Name","LA_code","LA_name","All","X0to15","X16to29","X30to44","X45to64","X65plus"
"E01014226","Stoke-on-Trent 014D","E06000021","Stoke-on-Trent",0.001416431,0.004291845,0.032786885,-0.061032864,0,0.01946472
