"Code","Name","LA_code","LA_name","All","X0to15","X16to29","X30to44","X45to64","X65plus"
"E01014318","Stoke-on-Trent 033B","E06000021","Stoke-on-Trent",-0.010869565,-0.014150943,-0.029850746,-0.013333333,-0.010775862,0.007194245
