"Code","Name","LA_code","LA_name","All","X0to15","X16to29","X30to44","X45to64","X65plus"
"E01014295","Stoke-on-Trent 019B","E06000021","Stoke-on-Trent",-0.008591065,-0.065292096,0.009615385,-0.006644518,-0.004464286,0.012690355
