"Code","Name","LA_code","LA_name","All","X0to15","X16to29","X30to44","X45to64","X65plus"
"E01014364","Stoke-on-Trent 024B","E06000021","Stoke-on-Trent",0.016337645,0.061594203,0.02690583,0.039525692,-0.012886598,-0.012158055
