"Code","Name","LA_code","LA_name","All","X0to15","X16to29","X30to44","X45to64","X65plus"
"E01014271","Stoke-on-Trent 008E","E06000021","Stoke-on-Trent",0.012456747,-0.033222591,-0.007905138,0.031372549,0.016348774,0.059479554
