"Code","Name","LA_code","LA_name","All","X0to15","X16to29","X30to44","X45to64","X65plus"
"E01014365","Stoke-on-Trent 024C","E06000021","Stoke-on-Trent",0.009589041,-0.004878049,-0.041666667,0.019900498,0.02676399,0.017738359
