"Code","Name","LA_code","LA_name","All","X0to15","X16to29","X30to44","X45to64","X65plus"
"E01033216","Stoke-on-Trent 016G","E06000021","Stoke-on-Trent",0.002227171,0.012847966,0.02640264,0.009009009,-0.023140496,-0.015184382
