"Code","Name","LA_code","LA_name","All","X0to15","X16to29","X30to44","X45to64","X65plus"
"E01014333","Stoke-on-Trent 003D","E06000021","Stoke-on-Trent",-0.021186441,-0.015151515,0.010928962,-0.012820513,-0.033412888,-0.031413613
