"Code","Name","LA_code","LA_name","All","X0to15","X16to29","X30to44","X45to64","X65plus"
"E01014358","Stoke-on-Trent 002B","E06000021","Stoke-on-Trent",-0.008922443,0.005540166,0.022813688,-0.006896552,-0.020057307,-0.06185567
