"Code","Name","LA_code","LA_name","All","X0to15","X16to29","X30to44","X45to64","X65plus"
"E01014301","Stoke-on-Trent 025B","E06000021","Stoke-on-Trent",0.00473653,-0.041994751,0.038461538,0.005102041,0.036117381,-0.037267081
