"Code","Name","LA_code","LA_name","All","X0to15","X16to29","X30to44","X45to64","X65plus"
"E01014231","Stoke-on-Trent 016B","E06000021","Stoke-on-Trent",-0.016959064,0,0.012224939,-0.018181818,-0.028985507,-0.069444444
