"Code","Name","LA_code","LA_name","All","X0to15","X16to29","X30to44","X45to64","X65plus"
"E01014216","Stoke-on-Trent 007C","E06000021","Stoke-on-Trent",-0.006550218,-0.051643192,0.066666667,0,-0.031007752,0.00729927
