"Code","Name","LA_code","LA_name","All","X0to15","X16to29","X30to44","X45to64","X65plus"
"E01014240","Stoke-on-Trent 026D","E06000021","Stoke-on-Trent",0.025357607,0.074303406,-0.003412969,0.003875969,0.002409639,0.0562249
