"Code","Name","LA_code","LA_name","All","X0to15","X16to29","X30to44","X45to64","X65plus"
"E01031192","Stratford-on-Avon 012D","E07000221","Stratford-on-Avon",0.037154989,0.050632911,0.023923445,0.049079755,0.044520548,0.0155902
