"Code","Name","LA_code","LA_name","All","X0to15","X16to29","X30to44","X45to64","X65plus"
"E01031236","Stratford-on-Avon 009E","E07000221","Stratford-on-Avon",-0.01015873,-0.01659751,0.024590164,-0.007722008,-0.010729614,-0.030136986
