"Code","Name","LA_code","LA_name","All","X0to15","X16to29","X30to44","X45to64","X65plus"
"E01031211","Stratford-on-Avon 005G","E07000221","Stratford-on-Avon",0.01344086,-0.039473684,0.059701493,-0.014492754,0.006872852,0.06640625
