"Code","Name","LA_code","LA_name","All","X0to15","X16to29","X30to44","X45to64","X65plus"
"E01031203","Stratford-on-Avon 002C","E07000221","Stratford-on-Avon",-0.036007581,-0.077490775,0.01980198,-0.030973451,0.002150538,-0.081145585
