"Code","Name","LA_code","LA_name","All","X0to15","X16to29","X30to44","X45to64","X65plus"
"E01031214","Stratford-on-Avon 015C","E07000221","Stratford-on-Avon",0.037610619,0.045454545,0.045714286,0.090909091,0.038910506,0
