"Code","Name","LA_code","LA_name","All","X0to15","X16to29","X30to44","X45to64","X65plus"
"E01031246","Stratford-on-Avon 014D","E07000221","Stratford-on-Avon",-0.023235031,0.010810811,-0.105691057,-0.028901734,-0.019553073,-0.010714286
