"Code","Name","LA_code","LA_name","All","X0to15","X16to29","X30to44","X45to64","X65plus"
"E01031187","Stratford-on-Avon 007A","E07000221","Stratford-on-Avon",0.019331243,0.022727273,0.072222222,0.019455253,0.012861736,0.007312614
