"Code","Name","LA_code","LA_name","All","X0to15","X16to29","X30to44","X45to64","X65plus"
"E01031220","Stratford-on-Avon 004B","E07000221","Stratford-on-Avon",0.00744249,0.036101083,-0.008888889,0.014285714,0.002336449,-0.00295858
