"Code","Name","LA_code","LA_name","All","X0to15","X16to29","X30to44","X45to64","X65plus"
"E01031208","Stratford-on-Avon 007C","E07000221","Stratford-on-Avon",0.007233273,0.019390582,0.024291498,0.012658228,0.003225806,-0.004491018
