"Code","Name","LA_code","LA_name","All","X0to15","X16to29","X30to44","X45to64","X65plus"
"E01031232","Stratford-on-Avon 011A","E07000221","Stratford-on-Avon",-0.002033347,-0.041666667,0.001872659,-0.002680965,0.01843318,-0.001934236
