"Code","Name","LA_code","LA_name","All","X0to15","X16to29","X30to44","X45to64","X65plus"
"E01031202","Stratford-on-Avon 002B","E07000221","Stratford-on-Avon",0.056420233,0.088888889,0.075862069,0.082608696,0.03440367,0.047186933
