"Code","Name","LA_code","LA_name","All","X0to15","X16to29","X30to44","X45to64","X65plus"
"E01031205","Stratford-on-Avon 013B","E07000221","Stratford-on-Avon",0.024072869,0.058558559,0.03125,0.04845815,0.017307692,-0.00245098
