"Code","Name","LA_code","LA_name","All","X0to15","X16to29","X30to44","X45to64","X65plus"
"E01031191","Stratford-on-Avon 012C","E07000221","Stratford-on-Avon",0.006615215,0.00729927,0.088607595,0.044247788,-0.008143322,-0.034557235
