"Code","Name","LA_code","LA_name","All","X0to15","X16to29","X30to44","X45to64","X65plus"
"E01031194","Stratford-on-Avon 013A","E07000221","Stratford-on-Avon",0.017828843,0.002087683,0.026378897,0.048165138,0.005434783,0.01754386
