"Code","Name","LA_code","LA_name","All","X0to15","X16to29","X30to44","X45to64","X65plus"
"E01031201","Stratford-on-Avon 005E","E07000221","Stratford-on-Avon",0.039862543,0.054545455,0.092436975,0.064220183,0.012820513,0.031496063
