"Code","Name","LA_code","LA_name","All","X0to15","X16to29","X30to44","X45to64","X65plus"
"E01031222","Stratford-on-Avon 004D","E07000221","Stratford-on-Avon",0.009259259,0.013888889,0.036734694,0.039513678,-0.009819967,-0.004246285
