"Code","Name","LA_code","LA_name","All","X0to15","X16to29","X30to44","X45to64","X65plus"
"E01022370","Stroud 009A","E07000082","Stroud",-0.007727975,-0.035353535,-0.027322404,0.006097561,-0.011441648,0.019230769
