"Code","Name","LA_code","LA_name","All","X0to15","X16to29","X30to44","X45to64","X65plus"
"E01022391","Stroud 002C","E07000082","Stroud",-0.007649513,0.00921659,0,-0.064171123,0,-0.002207506
