"Code","Name","LA_code","LA_name","All","X0to15","X16to29","X30to44","X45to64","X65plus"
"E01022369","Stroud 008D","E07000082","Stroud",-0.054231228,-0.098092643,-0.058020478,-0.018918919,-0.046770601,-0.050251256
