"Code","Name","LA_code","LA_name","All","X0to15","X16to29","X30to44","X45to64","X65plus"
"E01022386","Stroud 013B","E07000082","Stroud",0.027812895,0.049723757,0.048543689,0.005376344,0.02851711,0.01863354
