"Code","Name","LA_code","LA_name","All","X0to15","X16to29","X30to44","X45to64","X65plus"
"E01022402","Stroud 005C","E07000082","Stroud",-0.00690521,-0.003690037,0.02,-0.03986711,-0.010351967,0.004201681
