"Code","Name","LA_code","LA_name","All","X0to15","X16to29","X30to44","X45to64","X65plus"
"E01022418","Stroud 015E","E07000082","Stroud",-0.006520451,-0.018382353,0.015936255,-0.01056338,0.008908686,-0.025522042
