"Code","Name","LA_code","LA_name","All","X0to15","X16to29","X30to44","X45to64","X65plus"
"E01022404","Stroud 005E","E07000082","Stroud",0.016571429,0.018779343,0.018691589,0.041198502,0.018648019,-0.013029316
