"Code","Name","LA_code","LA_name","All","X0to15","X16to29","X30to44","X45to64","X65plus"
"E01022394","Stroud 007B","E07000082","Stroud",0.002512563,0.046263345,0.010909091,-0.005524862,-0.035490605,0.035897436
