"Code","Name","LA_code","LA_name","All","X0to15","X16to29","X30to44","X45to64","X65plus"
"E01022395","Stroud 007C","E07000082","Stroud",0.006024096,0.008333333,-0.015544041,0.016129032,0.026086957,-0.016997167
