"Code","Name","LA_code","LA_name","All","X0to15","X16to29","X30to44","X45to64","X65plus"
"E01022405","Stroud 009C","E07000082","Stroud",0.009765625,0.026923077,0.04,-0.003649635,0.027160494,-0.021327014
