"Code","Name","LA_code","LA_name","All","X0to15","X16to29","X30to44","X45to64","X65plus"
"E01022374","Stroud 014C","E07000082","Stroud",0.01500484,0.024793388,0.012269939,-0.004694836,-0.001872659,0.050359712
