"Code","Name","LA_code","LA_name","All","X0to15","X16to29","X30to44","X45to64","X65plus"
"E01022409","Stroud 007E","E07000082","Stroud",-0.041213064,-0.086614173,0.017142857,-0.088888889,-0.014634146,-0.036036036
