"Code","Name","LA_code","LA_name","All","X0to15","X16to29","X30to44","X45to64","X65plus"
"E01022388","Stroud 013D","E07000082","Stroud",-0.038159371,-0.031168831,-0.03125,-0.049315068,-0.037280702,-0.039772727
