"Code","Name","LA_code","LA_name","All","X0to15","X16to29","X30to44","X45to64","X65plus"
"E01022361","Stroud 011C","E07000082","Stroud",-0.001618123,-0.029850746,0,-0.034653465,0.017964072,0.013586957
