"Code","Name","LA_code","LA_name","All","X0to15","X16to29","X30to44","X45to64","X65plus"
"E01022406","Stroud 009D","E07000082","Stroud",0.000788022,0.021978022,0.04137931,-0.063953488,-0.004555809,0.012084592
