"Code","Name","LA_code","LA_name","All","X0to15","X16to29","X30to44","X45to64","X65plus"
"E01022367","Stroud 008B","E07000082","Stroud",-0.008423586,-0.042813456,0.046511628,0.008333333,0,-0.024271845
