"Code","Name","LA_code","LA_name","All","X0to15","X16to29","X30to44","X45to64","X65plus"
"E01022411","Stroud 006D","E07000082","Stroud",-0.000459982,0,0.021806854,0.02284264,-0.019033675,-0.009779951
