"Code","Name","LA_code","LA_name","All","X0to15","X16to29","X30to44","X45to64","X65plus"
"E01022376","Stroud 003A","E07000082","Stroud",-0.016111708,-0.043209877,0.02283105,-0.009771987,-0.03559322,0.007109005
