"Code","Name","LA_code","LA_name","All","X0to15","X16to29","X30to44","X45to64","X65plus"
"E01022377","Stroud 004E","E07000082","Stroud",-0.004553734,0.00265252,0.043478261,-0.007407407,-0.014634146,-0.024
