"Code","Name","LA_code","LA_name","All","X0to15","X16to29","X30to44","X45to64","X65plus"
"E01022396","Stroud 003B","E07000082","Stroud",-0.017921147,-0.049833887,-0.052356021,-0.061302682,0.020754717,0
