"Code","Name","LA_code","LA_name","All","X0to15","X16to29","X30to44","X45to64","X65plus"
"E01022359","Stroud 011A","E07000082","Stroud",0,-0.031496063,0.03539823,0.055555556,-0.030501089,0.00280112
