"Code","Name","LA_code","LA_name","All","X0to15","X16to29","X30to44","X45to64","X65plus"
"E01030158","Suffolk Coastal 013C","E07000205","Suffolk Coastal",0.010615711,0,0.132653061,-0.051020408,0.005221932,0.0067659
