"Code","Name","LA_code","LA_name","All","X0to15","X16to29","X30to44","X45to64","X65plus"
"E01030152","Suffolk Coastal 004A","E07000205","Suffolk Coastal",0.017848037,0.042105263,0.076923077,0.075471698,0,0.007021063
