"Code","Name","LA_code","LA_name","All","X0to15","X16to29","X30to44","X45to64","X65plus"
"E01030193","Suffolk Coastal 005A","E07000205","Suffolk Coastal",0.03081761,0.041152263,0.089385475,0.040816327,0.025688073,0.00234192
