"Code","Name","LA_code","LA_name","All","X0to15","X16to29","X30to44","X45to64","X65plus"
"E01030174","Suffolk Coastal 002D","E07000205","Suffolk Coastal",0.025510204,0.022624434,0.048780488,0.040540541,0.004310345,0.037333333
