"Code","Name","LA_code","LA_name","All","X0to15","X16to29","X30to44","X45to64","X65plus"
"E01030195","Suffolk Coastal 005C","E07000205","Suffolk Coastal",0.031960664,0.032128514,0.075581395,0.107526882,0.007194245,0.015086207
