"Code","Name","LA_code","LA_name","All","X0to15","X16to29","X30to44","X45to64","X65plus"
"E01030204","Suffolk Coastal 011C","E07000205","Suffolk Coastal",0.013917526,-0.011080332,0.047445255,0.003355705,0.001718213,0.037647059
