"Code","Name","LA_code","LA_name","All","X0to15","X16to29","X30to44","X45to64","X65plus"
"E01030173","Suffolk Coastal 002C","E07000205","Suffolk Coastal",-0.011560694,0.009836066,0.006849315,0,-0.027522936,-0.024952015
