"Code","Name","LA_code","LA_name","All","X0to15","X16to29","X30to44","X45to64","X65plus"
"E01030153","Suffolk Coastal 004B","E07000205","Suffolk Coastal",0.003427592,-0.050359712,0.112582781,0.022058824,0.032051282,-0.044289044
