"Code","Name","LA_code","LA_name","All","X0to15","X16to29","X30to44","X45to64","X65plus"
"E01033447","Suffolk Coastal 010I","E07000205","Suffolk Coastal",0.02078853,-0.010204082,0.132911392,0.031746032,-0.005555556,0.01510574
