"Code","Name","LA_code","LA_name","All","X0to15","X16to29","X30to44","X45to64","X65plus"
"E01030219","Suffolk Coastal 001B","E07000205","Suffolk Coastal",0.001530612,-0.056856187,-0.025380711,0.123809524,0,-0.001508296
