"Code","Name","LA_code","LA_name","All","X0to15","X16to29","X30to44","X45to64","X65plus"
"E01030188","Suffolk Coastal 004D","E07000205","Suffolk Coastal",0.034503272,0.046153846,0.062295082,0.048076923,-0.00877193,0.045977011
