"Code","Name","LA_code","LA_name","All","X0to15","X16to29","X30to44","X45to64","X65plus"
"E01030176","Suffolk Coastal 002E","E07000205","Suffolk Coastal",-0.006259781,-0.010989011,0.036842105,-0.004132231,-0.002989537,-0.023941068
