"Code","Name","LA_code","LA_name","All","X0to15","X16to29","X30to44","X45to64","X65plus"
"E01030180","Suffolk Coastal 009B","E07000205","Suffolk Coastal",0.011291461,0.028169014,0.00990099,0.074380165,0.004683841,-0.053435115
