"Code","Name","LA_code","LA_name","All","X0to15","X16to29","X30to44","X45to64","X65plus"
"E01030189","Suffolk Coastal 004E","E07000205","Suffolk Coastal",-0.009907121,-0.024922118,0.022421525,0.041666667,-0.04595186,-0.008571429
