"Code","Name","LA_code","LA_name","All","X0to15","X16to29","X30to44","X45to64","X65plus"
"E01030203","Suffolk Coastal 008C","E07000205","Suffolk Coastal",0.040962622,0.122807018,0.064705882,0.078313253,0.052104208,0.002247191
