"Code","Name","LA_code","LA_name","All","X0to15","X16to29","X30to44","X45to64","X65plus"
"E01030210","Suffolk Coastal 003D","E07000205","Suffolk Coastal",0.016920474,0.007142857,0.080536913,0.046272494,-0.003125,-0.008385744
