"Code","Name","LA_code","LA_name","All","X0to15","X16to29","X30to44","X45to64","X65plus"
"E01030190","Suffolk Coastal 010C","E07000205","Suffolk Coastal",0.017848037,-0.03125,0.100529101,0.017021277,0.02559415,0.00997151
