"Code","Name","LA_code","LA_name","All","X0to15","X16to29","X30to44","X45to64","X65plus"
"E01008700","Sunderland 013A","E08000024","Sunderland",-0.021945433,-0.016891892,0,-0.034843206,-0.027855153,-0.070175439
