"Code","Name","LA_code","LA_name","All","X0to15","X16to29","X30to44","X45to64","X65plus"
"E01008757","Sunderland 015A","E08000024","Sunderland",-0.009102731,0.004048583,-0.04,-0.045627376,0.019704433,0.00310559
