"Code","Name","LA_code","LA_name","All","X0to15","X16to29","X30to44","X45to64","X65plus"
"E01008745","Sunderland 036C","E08000024","Sunderland",0.009057971,0.011627907,-0.008130081,0,0.016627078,0.016129032
