"Code","Name","LA_code","LA_name","All","X0to15","X16to29","X30to44","X45to64","X65plus"
"E01008804","Sunderland 027B","E08000024","Sunderland",0.011452682,0.067193676,-0.006711409,0.007604563,-0.008064516,0.017191977
