"Code","Name","LA_code","LA_name","All","X0to15","X16to29","X30to44","X45to64","X65plus"
"E01008706","Sunderland 011C","E08000024","Sunderland",0.008510638,-0.013029316,-0.00952381,0.047945205,0.040302267,-0.034934498
