"Code","Name","LA_code","LA_name","All","X0to15","X16to29","X30to44","X45to64","X65plus"
"E01008811","Sunderland 014B","E08000024","Sunderland",0.006769231,0.01459854,0.044176707,-0.00974026,-0.027542373,0.037267081
