"Code","Name","LA_code","LA_name","All","X0to15","X16to29","X30to44","X45to64","X65plus"
"E01008722","Sunderland 001B","E08000024","Sunderland",-0.019674355,-0.048780488,-0.008928571,0.041884817,-0.029545455,-0.028985507
