"Code","Name","LA_code","LA_name","All","X0to15","X16to29","X30to44","X45to64","X65plus"
"E01008805","Sunderland 027C","E08000024","Sunderland",0.013475177,0.035019455,-0.018927445,0.052173913,-0.007575758,0.033333333
