"Code","Name","LA_code","LA_name","All","X0to15","X16to29","X30to44","X45to64","X65plus"
"E01008862","Sunderland 025C","E08000024","Sunderland",0.006535948,-0.021857923,-0.010204082,-0.030612245,0.013916501,0.046822742
