"Code","Name","LA_code","LA_name","All","X0to15","X16to29","X30to44","X45to64","X65plus"
"E01008746","Sunderland 036D","E08000024","Sunderland",-0.000983284,-0.008333333,0.0125,0.025380711,-0.004264392,-0.037800687
