"Code","Name","LA_code","LA_name","All","X0to15","X16to29","X30to44","X45to64","X65plus"
"E01008800","Sunderland 030D","E08000024","Sunderland",0.001385042,-0.005797101,0.003846154,-0.003095975,-0.011428571,0.048192771
