"Code","Name","LA_code","LA_name","All","X0to15","X16to29","X30to44","X45to64","X65plus"
"E01008860","Sunderland 009F","E08000024","Sunderland",-0.012168933,-0.025641026,0.008163265,-0.056818182,0.029100529,-0.033755274
