"Code","Name","LA_code","LA_name","All","X0to15","X16to29","X30to44","X45to64","X65plus"
"E01008827","Sunderland 023E","E08000024","Sunderland",-0.008842444,-0.028169014,0.012765957,-0.004329004,-0.003067485,-0.023809524
