"Code","Name","LA_code","LA_name","All","X0to15","X16to29","X30to44","X45to64","X65plus"
"E01008782","Sunderland 022C","E08000024","Sunderland",-0.008391608,-0.073684211,0.004166667,0.005780347,0.004716981,-0.004962779
