"Code","Name","LA_code","LA_name","All","X0to15","X16to29","X30to44","X45to64","X65plus"
"E01008845","Sunderland 017A","E08000024","Sunderland",0.018261505,0.005747126,0,0.048979592,0.007228916,0.024
