"Code","Name","LA_code","LA_name","All","X0to15","X16to29","X30to44","X45to64","X65plus"
"E01008756","Sunderland 012A","E08000024","Sunderland",-0.012978585,0.038062284,-0.028268551,-0.026086957,-0.004494382,-0.051020408
