"Code","Name","LA_code","LA_name","All","X0to15","X16to29","X30to44","X45to64","X65plus"
"E01008768","Sunderland 028D","E08000024","Sunderland",-0.013929193,0.023489933,-0.02640264,-0.012383901,-0.033264033,-0.009433962
