"Code","Name","LA_code","LA_name","All","X0to15","X16to29","X30to44","X45to64","X65plus"
"E01008716","Sunderland 034C","E08000024","Sunderland",-0.034642032,-0.026666667,0,0.01242236,-0.062068966,-0.040302267
