"Code","Name","LA_code","LA_name","All","X0to15","X16to29","X30to44","X45to64","X65plus"
"E01008762","Sunderland 012B","E08000024","Sunderland",-0.013622291,-0.006430868,-0.032154341,0.016736402,-0.007672634,-0.03030303
