"Code","Name","LA_code","LA_name","All","X0to15","X16to29","X30to44","X45to64","X65plus"
"E01008702","Sunderland 016A","E08000024","Sunderland",-0.007293355,-0.014705882,-0.0125,0.005952381,0.005970149,-0.020905923
