"Code","Name","LA_code","LA_name","All","X0to15","X16to29","X30to44","X45to64","X65plus"
"E01008788","Sunderland 006C","E08000024","Sunderland",0.012734584,0.023923445,0.060747664,0.016835017,-0.007058824,-0.002881844
