"Code","Name","LA_code","LA_name","All","X0to15","X16to29","X30to44","X45to64","X65plus"
"E01008750","Sunderland 033A","E08000024","Sunderland",0.032717678,0.018126888,0.016339869,0.078787879,0.023765996,0.031496063
