"Code","Name","LA_code","LA_name","All","X0to15","X16to29","X30to44","X45to64","X65plus"
"E01008733","Sunderland 021E","E08000024","Sunderland",0.008976661,0.024822695,0.01242236,-0.018575851,0.012931034,0.014285714
