"Code","Name","LA_code","LA_name","All","X0to15","X16to29","X30to44","X45to64","X65plus"
"E01008717","Sunderland 034D","E08000024","Sunderland",0.002361275,-0.005649718,0,0.009404389,0.018348624,-0.017182131
