"Code","Name","LA_code","LA_name","All","X0to15","X16to29","X30to44","X45to64","X65plus"
"E01008842","Sunderland 004F","E08000024","Sunderland",-0.007976795,0.021276596,-0.013100437,-0.020833333,-0.014830508,-0.004926108
