"Code","Name","LA_code","LA_name","All","X0to15","X16to29","X30to44","X45to64","X65plus"
"E01008765","Sunderland 031A","E08000024","Sunderland",-0.002012072,0.029045643,0.004366812,0.026785714,-0.005703422,-0.051660517
