"Code","Name","LA_code","LA_name","All","X0to15","X16to29","X30to44","X45to64","X65plus"
"E01008822","Sunderland 004E","E08000024","Sunderland",-0.034439574,-0.063291139,-0.006369427,-0.017006803,-0.022556391,-0.069343066
