"Code","Name","LA_code","LA_name","All","X0to15","X16to29","X30to44","X45to64","X65plus"
"E01008758","Sunderland 015B","E08000024","Sunderland",0.039716312,0.018181818,0.060606061,0.074235808,0.044496487,0.00660066
