"Code","Name","LA_code","LA_name","All","X0to15","X16to29","X30to44","X45to64","X65plus"
"E01008752","Sunderland 033C","E08000024","Sunderland",-0.029297955,-0.025229358,-0.048076923,-0.040106952,-0.023706897,-0.004484305
