"Code","Name","LA_code","LA_name","All","X0to15","X16to29","X30to44","X45to64","X65plus"
"E01008817","Sunderland 004B","E08000024","Sunderland",0.043404255,0.074349442,0.036842105,0.02892562,0.01650165,0.070175439
