"Code","Name","LA_code","LA_name","All","X0to15","X16to29","X30to44","X45to64","X65plus"
"E01008812","Sunderland 012C","E08000024","Sunderland",-0.073389356,-0.100877193,-0.102493075,-0.066666667,-0.025821596,-0.07106599
