"Code","Name","LA_code","LA_name","All","X0to15","X16to29","X30to44","X45to64","X65plus"
"E01008742","Sunderland 035C","E08000024","Sunderland",0.020432692,-0.030100334,0.018181818,0.070895522,0.038461538,0
