"Code","Name","LA_code","LA_name","All","X0to15","X16to29","X30to44","X45to64","X65plus"
"E01008790","Sunderland 006E","E08000024","Sunderland",-0.003410641,-0.02293578,0.014234875,0.007722008,-0.022026432,0.015748031
