"Code","Name","LA_code","LA_name","All","X0to15","X16to29","X30to44","X45to64","X65plus"
"E01008779","Sunderland 024C","E08000024","Sunderland",0.03425656,0.068292683,-0.004132231,0.049107143,0.026737968,0.039755352
