"Code","Name","LA_code","LA_name","All","X0to15","X16to29","X30to44","X45to64","X65plus"
"E01008844","Sunderland 019B","E08000024","Sunderland",0.005706134,-0.013392857,-0.016393443,-0.042372881,0.00931677,0.04805492
