"Code","Name","LA_code","LA_name","All","X0to15","X16to29","X30to44","X45to64","X65plus"
"E01008743","Sunderland 036A","E08000024","Sunderland",-0.004252734,0.0275,-0.013651877,-0.028469751,-0.012953368,-0.003496503
