"Code","Name","LA_code","LA_name","All","X0to15","X16to29","X30to44","X45to64","X65plus"
"E01008848","Sunderland 019C","E08000024","Sunderland",0.007003891,0,-0.022058824,0.059459459,-0.013774105,0.013129103
