"Code","Name","LA_code","LA_name","All","X0to15","X16to29","X30to44","X45to64","X65plus"
"E01008874","Sunderland 010B","E08000024","Sunderland",-0.010674157,0.002409639,0.030674847,-0.025210084,-0.027906977,-0.035714286
