"Code","Name","LA_code","LA_name","All","X0to15","X16to29","X30to44","X45to64","X65plus"
"E01008767","Sunderland 031B","E08000024","Sunderland",-0.015916955,0,-0.041322314,-0.038461538,-0.009153318,0.003448276
