"Code","Name","LA_code","LA_name","All","X0to15","X16to29","X30to44","X45to64","X65plus"
"E01008838","Sunderland 003C","E08000024","Sunderland",-0.001265823,0.01618123,0.015151515,-0.01384083,-0.01686747,-0.004219409
