"Code","Name","LA_code","LA_name","All","X0to15","X16to29","X30to44","X45to64","X65plus"
"E01008764","Sunderland 028B","E08000024","Sunderland",0.011275546,0.004975124,-0.04296875,0.067873303,0,0.037037037
