"Code","Name","LA_code","LA_name","All","X0to15","X16to29","X30to44","X45to64","X65plus"
"E01008809","Sunderland 026E","E08000024","Sunderland",-0.021019108,-0.061068702,-0.026315789,-0.015564202,0.004347826,-0.024793388
