"Code","Name","LA_code","LA_name","All","X0to15","X16to29","X30to44","X45to64","X65plus"
"E01008810","Sunderland 014A","E08000024","Sunderland",0.064285714,0.091954023,0.020895522,0.140298507,0.067146283,-0.024489796
