"Code","Name","LA_code","LA_name","All","X0to15","X16to29","X30to44","X45to64","X65plus"
"E01008814","Sunderland 014D","E08000024","Sunderland",-0.023212045,-0.037735849,-0.003984064,-0.023569024,-0.022123894,-0.027355623
