"Code","Name","LA_code","LA_name","All","X0to15","X16to29","X30to44","X45to64","X65plus"
"E01030802","Surrey Heath 004E","E07000214","Surrey Heath",-0.042973287,-0.08041958,-0.04797048,-0.023952096,-0.028282828,-0.047619048
