"Code","Name","LA_code","LA_name","All","X0to15","X16to29","X30to44","X45to64","X65plus"
"E01030773","Surrey Heath 011D","E07000214","Surrey Heath",-0.015572106,-0.017301038,0.010309278,-0.048543689,-0.00678733,-0.008230453
