"Code","Name","LA_code","LA_name","All","X0to15","X16to29","X30to44","X45to64","X65plus"
"E01030789","Surrey Heath 009A","E07000214","Surrey Heath",-0.009073234,-0.018867925,-0.009259259,0,0.012765957,-0.033854167
