"Code","Name","LA_code","LA_name","All","X0to15","X16to29","X30to44","X45to64","X65plus"
"E01030791","Surrey Heath 009C","E07000214","Surrey Heath",0.00668693,-0.009230769,0.015463918,-0.007352941,0.021929825,0.007537688
