"Code","Name","LA_code","LA_name","All","X0to15","X16to29","X30to44","X45to64","X65plus"
"E01030781","Surrey Heath 003D","E07000214","Surrey Heath",-0.012158055,0.020172911,0.017964072,0.003003003,-0.018367347,-0.071428571
