"Code","Name","LA_code","LA_name","All","X0to15","X16to29","X30to44","X45to64","X65plus"
"E01030784","Surrey Heath 012C","E07000214","Surrey Heath",0.070887036,-0.007800312,0.022514071,0.020527859,0.022633745,0.523648649
