"Code","Name","LA_code","LA_name","All","X0to15","X16to29","X30to44","X45to64","X65plus"
"E01030793","Surrey Heath 008A","E07000214","Surrey Heath",0.001097093,-0.015801354,0.005970149,0.011135857,0.006944444,-0.006097561
