"Code","Name","LA_code","LA_name","All","X0to15","X16to29","X30to44","X45to64","X65plus"
"E01030761","Surrey Heath 006A","E07000214","Surrey Heath",-0.007490637,-0.013559322,0.005,-0.023404255,0.013445378,-0.029255319
