"Code","Name","LA_code","LA_name","All","X0to15","X16to29","X30to44","X45to64","X65plus"
"E01030779","Surrey Heath 003B","E07000214","Surrey Heath",0.012629162,0.031746032,0.020304569,-0.013761468,0.014059754,0.009881423
