"Code","Name","LA_code","LA_name","All","X0to15","X16to29","X30to44","X45to64","X65plus"
"E01030798","Surrey Heath 005C","E07000214","Surrey Heath",0.066088117,0.022653722,0.083769634,0.056701031,0.042918455,0.133136095
