"Code","Name","LA_code","LA_name","All","X0to15","X16to29","X30to44","X45to64","X65plus"
"E01004118","Sutton 009B","E09000029","Sutton",-0.005422993,0.050147493,0.042682927,-0.024657534,-0.012684989,-0.076696165
