"Code","Name","LA_code","LA_name","All","X0to15","X16to29","X30to44","X45to64","X65plus"
"E01004108","Sutton 024C","E09000029","Sutton",0.004833253,-0.020920502,0.003717472,0.010822511,0.015180266,0.018018018
