"Code","Name","LA_code","LA_name","All","X0to15","X16to29","X30to44","X45to64","X65plus"
"E01004138","Sutton 013C","E09000029","Sutton",0.011323004,0.011331445,0.019607843,0.02173913,-0.002487562,0
