"Code","Name","LA_code","LA_name","All","X0to15","X16to29","X30to44","X45to64","X65plus"
"E01004195","Sutton 006E","E09000029","Sutton",0.008168028,-0.016853933,0.05734767,-0.006289308,-0.002638522,0.035874439
