"Code","Name","LA_code","LA_name","All","X0to15","X16to29","X30to44","X45to64","X65plus"
"E01004090","Sutton 021A","E09000029","Sutton",0.006792453,0.017647059,-0.004854369,-0.019543974,-0.017751479,0.119402985
