"Code","Name","LA_code","LA_name","All","X0to15","X16to29","X30to44","X45to64","X65plus"
"E01004161","Sutton 014E","E09000029","Sutton",0.007170795,-0.00955414,0.016877637,0.009280742,-0.011173184,0.051546392
