"Code","Name","LA_code","LA_name","All","X0to15","X16to29","X30to44","X45to64","X65plus"
"E01004185","Sutton 001D","E09000029","Sutton",0.000699301,-0.019021739,0.056910569,0.012232416,-0.018918919,-0.025210084
