"Code","Name","LA_code","LA_name","All","X0to15","X16to29","X30to44","X45to64","X65plus"
"E01004099","Sutton 015C","E09000029","Sutton",-0.02822322,-0.065217391,-0.024875622,-0.018556701,-0.021406728,-0.008928571
