"Code","Name","LA_code","LA_name","All","X0to15","X16to29","X30to44","X45to64","X65plus"
"E01004172","Sutton 010B","E09000029","Sutton",-0.018332348,0,-0.040677966,-0.016666667,-0.009708738,-0.035874439
