"Code","Name","LA_code","LA_name","All","X0to15","X16to29","X30to44","X45to64","X65plus"
"E01004160","Sutton 014D","E09000029","Sutton",-0.000598444,0.01305483,-0.014652015,0,0.002469136,-0.016393443
