"Code","Name","LA_code","LA_name","All","X0to15","X16to29","X30to44","X45to64","X65plus"
"E01004109","Sutton 024D","E09000029","Sutton",0.013569322,0.062322946,0.04845815,-0.007874016,0.008492569,-0.041825095
