"Code","Name","LA_code","LA_name","All","X0to15","X16to29","X30to44","X45to64","X65plus"
"E01004117","Sutton 006A","E09000029","Sutton",-0.005025126,0.003623188,0.004524887,-0.034188034,0,-0.004878049
