"Code","Name","LA_code","LA_name","All","X0to15","X16to29","X30to44","X45to64","X65plus"
"E01004092","Sutton 022B","E09000029","Sutton",0.000656168,-0.008196721,0.032128514,0,-0.006960557,-0.006042296
