"Code","Name","LA_code","LA_name","All","X0to15","X16to29","X30to44","X45to64","X65plus"
"E01004097","Sutton 015A","E09000029","Sutton",-0.009232545,0.014124294,-0.021978022,-0.042666667,0.022267206,-0.042194093
