"Code","Name","LA_code","LA_name","All","X0to15","X16to29","X30to44","X45to64","X65plus"
"E01004083","Sutton 019A","E09000029","Sutton",-0.03006993,-0.025157233,-0.033707865,-0.010273973,-0.055248619,-0.015706806
