"Code","Name","LA_code","LA_name","All","X0to15","X16to29","X30to44","X45to64","X65plus"
"E01004151","Sutton 021D","E09000029","Sutton",0.014176663,0.027303754,0.03630363,0.017123288,0.015075377,-0.03515625
