"Code","Name","LA_code","LA_name","All","X0to15","X16to29","X30to44","X45to64","X65plus"
"E01004106","Sutton 022D","E09000029","Sutton",-0.009803922,-0.057401813,0.025,0.037656904,-0.01682243,-0.006116208
