"Code","Name","LA_code","LA_name","All","X0to15","X16to29","X30to44","X45to64","X65plus"
"E01004133","Sutton 009E","E09000029","Sutton",-0.004032258,-0.023323615,0.018099548,0.013468013,0.01686747,-0.061320755
