"Code","Name","LA_code","LA_name","All","X0to15","X16to29","X30to44","X45to64","X65plus"
"E01004155","Sutton 018B","E09000029","Sutton",-0.009863014,-0.007537688,-0.027149321,0.02027027,-0.046448087,-0.016129032
