"Code","Name","LA_code","LA_name","All","X0to15","X16to29","X30to44","X45to64","X65plus"
"E01004093","Sutton 025A","E09000029","Sutton",0.014575412,0.043478261,0.047619048,-0.02259887,0.029177719,-0.008928571
