"Code","Name","LA_code","LA_name","All","X0to15","X16to29","X30to44","X45to64","X65plus"
"E01004082","Sutton 011G","E09000029","Sutton",-0.010884354,-0.051903114,-0.038167939,-0.0234375,0.006637168,0.056872038
