"Code","Name","LA_code","LA_name","All","X0to15","X16to29","X30to44","X45to64","X65plus"
"E01032623","Sutton 025E","E09000029","Sutton",0.007194245,0.034129693,0.016949153,-0.038674033,0.011363636,0
