"Code","Name","LA_code","LA_name","All","X0to15","X16to29","X30to44","X45to64","X65plus"
"E01004131","Sutton 003B","E09000029","Sutton",-0.0104453,0.007334963,-0.012269939,-0.010075567,-0.025917927,-0.008928571
