"Code","Name","LA_code","LA_name","All","X0to15","X16to29","X30to44","X45to64","X65plus"
"E01004146","Sutton 007C","E09000029","Sutton",0.010072748,0.025287356,0.004484305,-0.002283105,0.011764706,0.007518797
