"Code","Name","LA_code","LA_name","All","X0to15","X16to29","X30to44","X45to64","X65plus"
"E01004169","Sutton 004C","E09000029","Sutton",-0.042084168,-0.078828829,-0.073929961,0.002309469,-0.034883721,-0.00952381
