"Code","Name","LA_code","LA_name","All","X0to15","X16to29","X30to44","X45to64","X65plus"
"E01004088","Sutton 019C","E09000029","Sutton",-0.002026342,0.01417004,0.020454545,-0.020151134,-0.010121457,-0.046979866
