"Code","Name","LA_code","LA_name","All","X0to15","X16to29","X30to44","X45to64","X65plus"
"E01004091","Sutton 022A","E09000029","Sutton",-0.003072197,0.021052632,-0.030927835,-0.034883721,0.025287356,-0.022508039
