"Code","Name","LA_code","LA_name","All","X0to15","X16to29","X30to44","X45to64","X65plus"
"E01004173","Sutton 010C","E09000029","Sutton",-0.021214338,-0.033057851,-0.020512821,0.007462687,-0.04136253,-0.007968127
