"Code","Name","LA_code","LA_name","All","X0to15","X16to29","X30to44","X45to64","X65plus"
"E01024619","Swale 004D","E07000113","Swale",0.016483516,0.060869565,0.03196347,-0.009302326,0,0.013368984
