"Code","Name","LA_code","LA_name","All","X0to15","X16to29","X30to44","X45to64","X65plus"
"E01024626","Swale 014E","E07000113","Swale",-0.006819591,-0.003236246,0.004672897,-0.040955631,-0.025056948,0.033519553
