"Code","Name","LA_code","LA_name","All","X0to15","X16to29","X30to44","X45to64","X65plus"
"E01024609","Swale 001A","E07000113","Swale",-0.008308157,-0.043343653,-0.033834586,-0.030888031,0.045317221,0.034482759
