"Code","Name","LA_code","LA_name","All","X0to15","X16to29","X30to44","X45to64","X65plus"
"E01024624","Swale 016E","E07000113","Swale",-0.019880716,-0.038834951,-0.023952096,-0.036923077,0,-0.010723861
