"Code","Name","LA_code","LA_name","All","X0to15","X16to29","X30to44","X45to64","X65plus"
"E01024630","Swale 012D","E07000113","Swale",0.005328597,0.02991453,0.023148148,0.054393305,-0.009367681,-0.020942408
