"Code","Name","LA_code","LA_name","All","X0to15","X16to29","X30to44","X45to64","X65plus"
"E01024629","Swale 013D","E07000113","Swale",-0.01779661,0.073446328,-0.06547619,-0.01242236,-0.033163265,-0.028368794
