"Code","Name","LA_code","LA_name","All","X0to15","X16to29","X30to44","X45to64","X65plus"
"E01024615","Swale 002C","E07000113","Swale",-0.02172524,-0.051150895,0.007843137,-0.020408163,0.018518519,-0.078512397
