"Code","Name","LA_code","LA_name","All","X0to15","X16to29","X30to44","X45to64","X65plus"
"E01024579","Swale 007E","E07000113","Swale",0.022262885,0.047318612,-0.001545595,0.030112923,-0.008658009,0.057591623
