"Code","Name","LA_code","LA_name","All","X0to15","X16to29","X30to44","X45to64","X65plus"
"E01024594","Swale 005A","E07000113","Swale",-0.011732229,0.056338028,-0.067961165,-0.052631579,-0.00990099,-0.002293578
