"Code","Name","LA_code","LA_name","All","X0to15","X16to29","X30to44","X45to64","X65plus"
"E01024568","Swale 009D","E07000113","Swale",0.010354565,0.020491803,0.003676471,0.020086083,0.001257862,0.002386635
