"Code","Name","LA_code","LA_name","All","X0to15","X16to29","X30to44","X45to64","X65plus"
"E01024625","Swale 015F","E07000113","Swale",0.012137203,0.003030303,0,-0.009118541,0.001831502,0.050420168
