"Code","Name","LA_code","LA_name","All","X0to15","X16to29","X30to44","X45to64","X65plus"
"E01024560","Swale 012A","E07000113","Swale",-0.000717875,-0.037900875,-0.051851852,-0.02006689,0.052264808,0.087628866
