"Code","Name","LA_code","LA_name","All","X0to15","X16to29","X30to44","X45to64","X65plus"
"E01024564","Swale 014A","E07000113","Swale",-0.005857741,-0.009569378,-0.014084507,-0.043478261,0.02359882,-0.011627907
