"Code","Name","LA_code","LA_name","All","X0to15","X16to29","X30to44","X45to64","X65plus"
"E01024586","Swale 006C","E07000113","Swale",0.21659919,0.068965517,0.423280423,0.893939394,0.15560166,0.071770335
