"Code","Name","LA_code","LA_name","All","X0to15","X16to29","X30to44","X45to64","X65plus"
"E01024627","Swale 014F","E07000113","Swale",-0.012133468,-0.002212389,-0.012987013,-0.026737968,-0.018292683,0
