"Code","Name","LA_code","LA_name","All","X0to15","X16to29","X30to44","X45to64","X65plus"
"E01024620","Swale 005D","E07000113","Swale",-0.061786434,-0.142241379,-0.066326531,-0.103603604,-0.036363636,-0.01754386
