"Code","Name","LA_code","LA_name","All","X0to15","X16to29","X30to44","X45to64","X65plus"
"E01024571","Swale 008B","E07000113","Swale",0.010322581,-0.004926108,-0.003816794,0.024590164,-0.01048218,0.046703297
