"Code","Name","LA_code","LA_name","All","X0to15","X16to29","X30to44","X45to64","X65plus"
"E01024556","Swale 017B","E07000113","Swale",-0.010714286,-0.047169811,-0.07518797,-0.01529052,-0.006928406,0.044067797
