"Code","Name","LA_code","LA_name","All","X0to15","X16to29","X30to44","X45to64","X65plus"
"E01024597","Swale 005C","E07000113","Swale",-0.022249691,-0.046004843,0.014760148,-0.022988506,-0.010443864,-0.037931034
