"Code","Name","LA_code","LA_name","All","X0to15","X16to29","X30to44","X45to64","X65plus"
"E01024601","Swale 011E","E07000113","Swale",0.003764115,0.025104603,-0.038167939,0,0.027484144,-0.00802139
