"Code","Name","LA_code","LA_name","All","X0to15","X16to29","X30to44","X45to64","X65plus"
"W01000794","Swansea 010A","W06000011","Swansea",-0.01607717,-0.023655914,0.014851485,0.001915709,-0.031971581,-0.058295964
