"Code","Name","LA_code","LA_name","All","X0to15","X16to29","X30to44","X45to64","X65plus"
"W01000841","Swansea 005C","W06000011","Swansea",-0.042857143,-0.06122449,-0.022813688,-0.026058632,-0.030732861,-0.074303406
