"Code","Name","LA_code","LA_name","All","X0to15","X16to29","X30to44","X45to64","X65plus"
"W01000850","Swansea 021B","W06000011","Swansea",0,0,-0.016901408,0.014336918,0.016793893,-0.017156863
