"Code","Name","LA_code","LA_name","All","X0to15","X16to29","X30to44","X45to64","X65plus"
"W01000770","Swansea 020C","W06000011","Swansea",0.001963351,0.028225806,-0.026200873,0.050724638,0.010526316,-0.040506329
