"Code","Name","LA_code","LA_name","All","X0to15","X16to29","X30to44","X45to64","X65plus"
"W01000828","Swansea 018B","W06000011","Swansea",0.004653869,0.054298643,-0.004484305,0.022624434,-0.012658228,-0.001996008
