"Code","Name","LA_code","LA_name","All","X0to15","X16to29","X30to44","X45to64","X65plus"
"W01000752","Swansea 002C","W06000011","Swansea",-0.006501951,-0.02393617,0.018656716,-0.03021148,0.048022599,-0.062200957
