"Code","Name","LA_code","LA_name","All","X0to15","X16to29","X30to44","X45to64","X65plus"
"W01000773","Swansea 005A","W06000011","Swansea",-0.013986014,-0.011976048,-0.010638298,-0.014945652,-0.021212121,-0.008
