"Code","Name","LA_code","LA_name","All","X0to15","X16to29","X30to44","X45to64","X65plus"
"W01000851","Swansea 021C","W06000011","Swansea",-0.003046923,-0.037414966,-0.010178117,0.009230769,-0.01025641,0.046025105
