"Code","Name","LA_code","LA_name","All","X0to15","X16to29","X30to44","X45to64","X65plus"
"W01000869","Swansea 024C","W06000011","Swansea",-0.026048285,-0.026595745,-0.029166667,-0.034129693,-0.050847458,0.023166023
