"Code","Name","LA_code","LA_name","All","X0to15","X16to29","X30to44","X45to64","X65plus"
"W01000877","Swansea 007E","W06000011","Swansea",-0.01863354,-0.018181818,-0.085470085,0.029900332,-0.031180401,0
