"Code","Name","LA_code","LA_name","All","X0to15","X16to29","X30to44","X45to64","X65plus"
"W01000767","Swansea 015E","W06000011","Swansea",0.031942634,0.043824701,0.052631579,0.065934066,0.069825436,-0.052493438
