"Code","Name","LA_code","LA_name","All","X0to15","X16to29","X30to44","X45to64","X65plus"
"W01000740","Swansea 014C","W06000011","Swansea",0.006646526,-0.027322404,0,0.028985507,-0.015217391,0.029876977
