"Code","Name","LA_code","LA_name","All","X0to15","X16to29","X30to44","X45to64","X65plus"
"W01000806","Swansea 003A","W06000011","Swansea",-0.000668896,-0.028225806,0.036036036,0.011583012,-0.004914005,-0.008356546
