"Code","Name","LA_code","LA_name","All","X0to15","X16to29","X30to44","X45to64","X65plus"
"W01000855","Swansea 022C","W06000011","Swansea",0.018392371,0.010362694,0.015384615,0.030769231,-0.002217295,0.039170507
