"Code","Name","LA_code","LA_name","All","X0to15","X16to29","X30to44","X45to64","X65plus"
"W01000751","Swansea 002B","W06000011","Swansea",-0.008397481,0.057591623,-0.027777778,-0.018867925,-0.011286682,-0.022332506
