"Code","Name","LA_code","LA_name","All","X0to15","X16to29","X30to44","X45to64","X65plus"
"W01000804","Swansea 028C","W06000011","Swansea",0.026056338,0.078817734,0.034482759,-0.005780347,0.01344086,0.023381295
