"Code","Name","LA_code","LA_name","All","X0to15","X16to29","X30to44","X45to64","X65plus"
"W01000774","Swansea 005B","W06000011","Swansea",0.137042062,0.162361624,0.129807692,0.168627451,0.158854167,0.075842697
