"Code","Name","LA_code","LA_name","All","X0to15","X16to29","X30to44","X45to64","X65plus"
"W01000778","Swansea 012C","W06000011","Swansea",0.006482982,0.027190332,-0.005830904,-0.00617284,-0.001769912,0.027777778
