"Code","Name","LA_code","LA_name","All","X0to15","X16to29","X30to44","X45to64","X65plus"
"W01000831","Swansea 013D","W06000011","Swansea",0.002688172,0.031602709,-0.020618557,0,-0.029126214,0.042145594
