"Code","Name","LA_code","LA_name","All","X0to15","X16to29","X30to44","X45to64","X65plus"
"W01000802","Swansea 007D","W06000011","Swansea",-0.022871665,-0.036956522,-0.014423077,-0.022332506,-0.020989505,-0.019277108
