"Code","Name","LA_code","LA_name","All","X0to15","X16to29","X30to44","X45to64","X65plus"
"W01000786","Swansea 007C","W06000011","Swansea",-0.002980626,-0.010989011,0.015306122,-0.083333333,0.010282776,0.025069638
