"Code","Name","LA_code","LA_name","All","X0to15","X16to29","X30to44","X45to64","X65plus"
"W01000742","Swansea 016A","W06000011","Swansea",-0.023476803,-0.011695906,-0.047752809,-0.015544041,-0.018823529,-0.025
