"Code","Name","LA_code","LA_name","All","X0to15","X16to29","X30to44","X45to64","X65plus"
"W01000873","Swansea 026C","W06000011","Swansea",0.004192872,0.070422535,0.008695652,-0.019417476,-0.063157895,0.045454545
