"Code","Name","LA_code","LA_name","All","X0to15","X16to29","X30to44","X45to64","X65plus"
"W01000849","Swansea 021A","W06000011","Swansea",-0.002345216,0.016877637,-0.016563147,0,0.004273504,-0.02734375
