"Code","Name","LA_code","LA_name","All","X0to15","X16to29","X30to44","X45to64","X65plus"
"W01000737","Swansea 028B","W06000011","Swansea",0.008064516,0.009803922,0.006410256,0.039800995,0.004889976,-0.001930502
