"Code","Name","LA_code","LA_name","All","X0to15","X16to29","X30to44","X45to64","X65plus"
"W01000768","Swansea 020A","W06000011","Swansea",-0.012987013,-0.009345794,0.009345794,-0.047619048,-0.015228426,-0.005649718
