"Code","Name","LA_code","LA_name","All","X0to15","X16to29","X30to44","X45to64","X65plus"
"W01000739","Swansea 014B","W06000011","Swansea",-0.027140852,-0.04787234,-0.017452007,-0.011928429,-0.010822511,-0.085201794
