"Code","Name","LA_code","LA_name","All","X0to15","X16to29","X30to44","X45to64","X65plus"
"W01000766","Swansea 015D","W06000011","Swansea",-0.011688312,-0.025396825,0.043478261,0.014234875,-0.017369727,-0.071698113
