"Code","Name","LA_code","LA_name","All","X0to15","X16to29","X30to44","X45to64","X65plus"
"W01000807","Swansea 003B","W06000011","Swansea",0.009811321,0.057894737,0.027777778,0.009433962,0,-0.0234375
