"Code","Name","LA_code","LA_name","All","X0to15","X16to29","X30to44","X45to64","X65plus"
"W01000852","Swansea 021D","W06000011","Swansea",0.001331558,0.015873016,0.009868421,-0.023972603,0.012886598,-0.011278195
