"Code","Name","LA_code","LA_name","All","X0to15","X16to29","X30to44","X45to64","X65plus"
"W01000845","Swansea 001A","W06000011","Swansea",0.022815534,0.039506173,0.00621118,0.053191489,0.012006861,0.005347594
