"Code","Name","LA_code","LA_name","All","X0to15","X16to29","X30to44","X45to64","X65plus"
"W01000817","Swansea 009A","W06000011","Swansea",-0.00534188,-0.00234192,0.016901408,-0.016304348,0,-0.034883721
