"Code","Name","LA_code","LA_name","All","X0to15","X16to29","X30to44","X45to64","X65plus"
"W01001938","Swansea 025E","W06000011","Swansea",0.006756757,0.023255814,-0.004178273,0.003952569,0.05033557,-0.023809524
