"Code","Name","LA_code","LA_name","All","X0to15","X16to29","X30to44","X45to64","X65plus"
"W01000846","Swansea 001B","W06000011","Swansea",-0.019821606,-0.018306636,-0.048387097,-0.013245033,-0.022774327,0.010989011
