"Code","Name","LA_code","LA_name","All","X0to15","X16to29","X30to44","X45to64","X65plus"
"W01000835","Swansea 013E","W06000011","Swansea",-0.088069956,-0.073313783,-0.063670412,-0.041958042,-0.118598383,-0.12797619
