"Code","Name","LA_code","LA_name","All","X0to15","X16to29","X30to44","X45to64","X65plus"
"W01000853","Swansea 022A","W06000011","Swansea",-0.017449664,-0.018315018,-0.017391304,-0.003875969,0.02184466,-0.078864353
