"Code","Name","LA_code","LA_name","All","X0to15","X16to29","X30to44","X45to64","X65plus"
"E01015554","Swindon 009F","E06000030","Swindon",-0.007472826,0,0.012048193,-0.014634146,-0.009280742,-0.014423077
