"Code","Name","LA_code","LA_name","All","X0to15","X16to29","X30to44","X45to64","X65plus"
"E01015566","Swindon 011D","E06000030","Swindon",0.003955175,0.030201342,0.048192771,-0.013623978,0.002207506,-0.073333333
