"Code","Name","LA_code","LA_name","All","X0to15","X16to29","X30to44","X45to64","X65plus"
"E01032712","Swindon 027E","E06000030","Swindon",0.00450676,-0.025,0.02284264,-0.003144654,0.033994334,0.074074074
