"Code","Name","LA_code","LA_name","All","X0to15","X16to29","X30to44","X45to64","X65plus"
"E01015538","Swindon 016A","E06000030","Swindon",0.022435897,-0.028915663,0.06162465,0.08908046,0.031055901,-0.05204461
