"Code","Name","LA_code","LA_name","All","X0to15","X16to29","X30to44","X45to64","X65plus"
"E01015480","Swindon 015D","E06000030","Swindon",-0.001042753,0.003007519,-0.003472222,-0.00249066,0.006069803,-0.028735632
