"Code","Name","LA_code","LA_name","All","X0to15","X16to29","X30to44","X45to64","X65plus"
"E01015485","Swindon 013E","E06000030","Swindon",0.007976795,-0.036734694,0.017241379,-0.01384083,-0.019002375,0.145833333
