"Code","Name","LA_code","LA_name","All","X0to15","X16to29","X30to44","X45to64","X65plus"
"E01015548","Swindon 008D","E06000030","Swindon",-0.084971465,-0.098540146,-0.134969325,-0.06122449,-0.083056478,-0.068259386
