"Code","Name","LA_code","LA_name","All","X0to15","X16to29","X30to44","X45to64","X65plus"
"E01015550","Swindon 009B","E06000030","Swindon",-0.006434316,-0.026717557,0.004115226,0.016,-0.01183432,-0.012552301
