"Code","Name","LA_code","LA_name","All","X0to15","X16to29","X30to44","X45to64","X65plus"
"E01015540","Swindon 020C","E06000030","Swindon",-0.003146303,0.045751634,-0.029891304,-0.008219178,-0.019565217,-0.015686275
