"Code","Name","LA_code","LA_name","All","X0to15","X16to29","X30to44","X45to64","X65plus"
"E01015512","Swindon 028C","E06000030","Swindon",0.010836845,0.03962704,-0.009345794,0.028061224,-0.002024291,-0.053030303
