"Code","Name","LA_code","LA_name","All","X0to15","X16to29","X30to44","X45to64","X65plus"
"E01015539","Swindon 020B","E06000030","Swindon",0.01821608,-0.012135922,0.04494382,-0.003225806,0.045454545,0.026200873
