"Code","Name","LA_code","LA_name","All","X0to15","X16to29","X30to44","X45to64","X65plus"
"E01015475","Swindon 015A","E06000030","Swindon",0.005919495,-0.010273973,0.01734104,-0.001436782,0,0.065
