"Code","Name","LA_code","LA_name","All","X0to15","X16to29","X30to44","X45to64","X65plus"
"E01015506","Swindon 007A","E06000030","Swindon",0.028018679,-0.014577259,0.067729084,0.050179211,-0.017811705,0.098712446
