"Code","Name","LA_code","LA_name","All","X0to15","X16to29","X30to44","X45to64","X65plus"
"E01015490","Swindon 023D","E06000030","Swindon",-0.009456265,-0.023715415,0.023121387,0.031620553,-0.018087855,-0.054187192
