"Code","Name","LA_code","LA_name","All","X0to15","X16to29","X30to44","X45to64","X65plus"
"E01015567","Swindon 014C","E06000030","Swindon",-0.008079553,-0.071246819,0.012244898,0.005602241,0.016203704,0.016483516
