"Code","Name","LA_code","LA_name","All","X0to15","X16to29","X30to44","X45to64","X65plus"
"E01032706","Swindon 021E","E06000030","Swindon",0.01591043,-0.111111111,-0.074235808,-0.06557377,-0.088888889,1.013333333
