"Code","Name","LA_code","LA_name","All","X0to15","X16to29","X30to44","X45to64","X65plus"
"E01015481","Swindon 013A","E06000030","Swindon",0.008844666,-0.016997167,0.00330033,0.018817204,0.022821577,0.010033445
