"Code","Name","LA_code","LA_name","All","X0to15","X16to29","X30to44","X45to64","X65plus"
"E01015541","Swindon 020D","E06000030","Swindon",0.024861878,-0.050691244,0.076433121,0.02994012,0.036036036,0.059859155
