"Code","Name","LA_code","LA_name","All","X0to15","X16to29","X30to44","X45to64","X65plus"
"E01015492","Swindon 023F","E06000030","Swindon",0.015184382,-0.022012579,0.004484305,0.037593985,0.048128342,-0.004950495
