"Code","Name","LA_code","LA_name","All","X0to15","X16to29","X30to44","X45to64","X65plus"
"E01015565","Swindon 011C","E06000030","Swindon",0.017670157,0.016233766,0.019305019,-0.003289474,0.031446541,0.016666667
