"Code","Name","LA_code","LA_name","All","X0to15","X16to29","X30to44","X45to64","X65plus"
"E01015561","Swindon 014A","E06000030","Swindon",-0.001429593,0.008438819,-0.013100437,0.013377926,-0.019823789,0.022222222
