"Code","Name","LA_code","LA_name","All","X0to15","X16to29","X30to44","X45to64","X65plus"
"E01015491","Swindon 023E","E06000030","Swindon",-0.0080591,-0.014869888,-0.013043478,0.007462687,0.0125,-0.037267081
