"Code","Name","LA_code","LA_name","All","X0to15","X16to29","X30to44","X45to64","X65plus"
"E01015521","Swindon 001C","E06000030","Swindon",-0.00456621,0,0,-0.04526749,0.010438413,-0.002754821
