"Code","Name","LA_code","LA_name","All","X0to15","X16to29","X30to44","X45to64","X65plus"
"E01015579","Swindon 012C","E06000030","Swindon",-0.007902736,-0.005194805,0.0234375,-0.007444169,-0.028497409,-0.013953488
