"Code","Name","LA_code","LA_name","All","X0to15","X16to29","X30to44","X45to64","X65plus"
"E01015482","Swindon 013B","E06000030","Swindon",-0.029874214,0.011428571,0.033707865,-0.059405941,-0.018823529,-0.089041096
