"Code","Name","LA_code","LA_name","All","X0to15","X16to29","X30to44","X45to64","X65plus"
"E01015472","Swindon 028B","E06000030","Swindon",0.007371007,0.00862069,-0.006479482,0.025,0.005494505,-0.024752475
