"Code","Name","LA_code","LA_name","All","X0to15","X16to29","X30to44","X45to64","X65plus"
"E01015511","Swindon 010D","E06000030","Swindon",0.025688073,0.046666667,0.016778523,0.046195652,0.010845987,0.004807692
