"Code","Name","LA_code","LA_name","All","X0to15","X16to29","X30to44","X45to64","X65plus"
"E01015536","Swindon 024D","E06000030","Swindon",0.009326727,0.002580645,-0.005181347,0.004667445,0.019455253,0.031180401
