"Code","Name","LA_code","LA_name","All","X0to15","X16to29","X30to44","X45to64","X65plus"
"E01015477","Swindon 015C","E06000030","Swindon",-0.012514899,-0.03125,-0.027624309,0.004514673,-0.013297872,0.011299435
