"Code","Name","LA_code","LA_name","All","X0to15","X16to29","X30to44","X45to64","X65plus"
"E01032708","Swindon 012F","E06000030","Swindon",0.023555805,0.057591623,-0.006493506,0.013769363,0.017006803,0.15625
