"Code","Name","LA_code","LA_name","All","X0to15","X16to29","X30to44","X45to64","X65plus"
"E01015486","Swindon 013F","E06000030","Swindon",0.019368723,0.047393365,0.026785714,0.035532995,0.0025,0.008287293
