"Code","Name","LA_code","LA_name","All","X0to15","X16to29","X30to44","X45to64","X65plus"
"E01015488","Swindon 023B","E06000030","Swindon",-0.014583333,-0.058181818,0.00952381,0,0,-0.021943574
