"Code","Name","LA_code","LA_name","All","X0to15","X16to29","X30to44","X45to64","X65plus"
"E01015533","Swindon 024A","E06000030","Swindon",-0.008037508,0,0.033112583,0.027027027,-0.019354839,-0.028806584
