"Code","Name","LA_code","LA_name","All","X0to15","X16to29","X30to44","X45to64","X65plus"
"E01015520","Swindon 001B","E06000030","Swindon",-0.025472473,0,-0.018181818,0.005586592,-0.036036036,-0.045092838
