"Code","Name","LA_code","LA_name","All","X0to15","X16to29","X30to44","X45to64","X65plus"
"E01015483","Swindon 013C","E06000030","Swindon",0.003571429,-0.035532995,0,-0.010526316,0.030373832,0.002257336
