"Code","Name","LA_code","LA_name","All","X0to15","X16to29","X30to44","X45to64","X65plus"
"E01032714","Swindon 019E","E06000030","Swindon",-0.001322751,0.0625,0,-0.022770398,0.023076923,-0.106796117
