"Code","Name","LA_code","LA_name","All","X0to15","X16to29","X30to44","X45to64","X65plus"
"E01015557","Swindon 005C","E06000030","Swindon",-0.002541296,-0.016,0.017021277,-0.006849315,-0.009861933,0.010344828
