"Code","Name","LA_code","LA_name","All","X0to15","X16to29","X30to44","X45to64","X65plus"
"E01015527","Swindon 007C","E06000030","Swindon",-0.006264237,-0.072463768,-0.014388489,0,0.017817372,0.049180328
