"Code","Name","LA_code","LA_name","All","X0to15","X16to29","X30to44","X45to64","X65plus"
"E01006014","Tameside 018C","E08000008","Tameside",0.014705882,0.026548673,-0.02690583,0.03125,-0.008379888,0.081081081
