"Code","Name","LA_code","LA_name","All","X0to15","X16to29","X30to44","X45to64","X65plus"
"E01005970","Tameside 021A","E08000008","Tameside",-0.007784855,-0.041025641,-0.029411765,-0.02020202,0.00886918,0.008219178
