"Code","Name","LA_code","LA_name","All","X0to15","X16to29","X30to44","X45to64","X65plus"
"E01006000","Tameside 010E","E08000008","Tameside",0.011568123,0.046391753,0.032128514,0.012765957,0.016627078,-0.019693654
