"Code","Name","LA_code","LA_name","All","X0to15","X16to29","X30to44","X45to64","X65plus"
"E01006012","Tameside 017C","E08000008","Tameside",-0.028556319,-0.046831956,-0.03880597,-0.053846154,-0.024719101,0.022346369
