"Code","Name","LA_code","LA_name","All","X0to15","X16to29","X30to44","X45to64","X65plus"
"E01005992","Tameside 025D","E08000008","Tameside",-0.023791251,-0.051282051,-0.021097046,0,-0.002717391,-0.051181102
