"Code","Name","LA_code","LA_name","All","X0to15","X16to29","X30to44","X45to64","X65plus"
"E01006006","Tameside 012D","E08000008","Tameside",0.013465627,0.022624434,0.00896861,0.024691358,-0.018823529,0.046822742
