"Code","Name","LA_code","LA_name","All","X0to15","X16to29","X30to44","X45to64","X65plus"
"E01006036","Tameside 020F","E08000008","Tameside",-0.011940299,0.016260163,-0.02955665,-0.029748284,0.013215859,-0.058823529
