"Code","Name","LA_code","LA_name","All","X0to15","X16to29","X30to44","X45to64","X65plus"
"E01005957","Tameside 005C","E08000008","Tameside",0.00065445,0.029498525,-0.021126761,0.019083969,0.012886598,-0.050980392
