"Code","Name","LA_code","LA_name","All","X0to15","X16to29","X30to44","X45to64","X65plus"
"E01005959","Tameside 005E","E08000008","Tameside",0.015490534,0.007125891,0.014044944,0.003067485,0.014388489,0.053811659
