"Code","Name","LA_code","LA_name","All","X0to15","X16to29","X30to44","X45to64","X65plus"
"E01005935","Tameside 006C","E08000008","Tameside",-0.014435696,0,-0.050675676,-0.048859935,-0.0625,0.126637555
