"Code","Name","LA_code","LA_name","All","X0to15","X16to29","X30to44","X45to64","X65plus"
"E01006046","Tameside 030E","E08000008","Tameside",-0.006097561,-0.030888031,-0.005263158,0.016064257,0.010050251,-0.021052632
