"Code","Name","LA_code","LA_name","All","X0to15","X16to29","X30to44","X45to64","X65plus"
"E01005994","Tameside 011A","E08000008","Tameside",0.002758621,0.009433962,0.029288703,-0.025723473,-0.015306122,0.042105263
