"Code","Name","LA_code","LA_name","All","X0to15","X16to29","X30to44","X45to64","X65plus"
"E01006052","Tameside 027D","E08000008","Tameside",0.016393443,0.01572327,0.018450185,0.023715415,0.025188917,-0.003496503
