"Code","Name","LA_code","LA_name","All","X0to15","X16to29","X30to44","X45to64","X65plus"
"E01006061","Tameside 003B","E08000008","Tameside",-0.000831601,-0.011945392,0.025188917,0,0.001481481,-0.021052632
