"Code","Name","LA_code","LA_name","All","X0to15","X16to29","X30to44","X45to64","X65plus"
"E01005961","Tameside 014A","E08000008","Tameside",0.004277567,-0.028776978,0.011428571,0.008247423,0.011673152,0.020710059
