"Code","Name","LA_code","LA_name","All","X0to15","X16to29","X30to44","X45to64","X65plus"
"E01006035","Tameside 020E","E08000008","Tameside",0.026328862,0.031325301,0.062130178,0.006666667,0.013645224,0.03030303
