"Code","Name","LA_code","LA_name","All","X0to15","X16to29","X30to44","X45to64","X65plus"
"E01006024","Tameside 022A","E08000008","Tameside",-0.013407821,0.014652015,-0.02027027,-0.056140351,-0.014218009,0.00990099
