"Code","Name","LA_code","LA_name","All","X0to15","X16to29","X30to44","X45to64","X65plus"
"E01005978","Tameside 026D","E08000008","Tameside",-0.010447761,-0.034749035,0.038314176,0.004255319,-0.050847458,0.008658009
