"Code","Name","LA_code","LA_name","All","X0to15","X16to29","X30to44","X45to64","X65plus"
"E01005949","Tameside 006D","E08000008","Tameside",-0.040145985,-0.029508197,-0.00390625,-0.070080863,-0.01826484,-0.080291971
