"Code","Name","LA_code","LA_name","All","X0to15","X16to29","X30to44","X45to64","X65plus"
"E01006019","Tameside 018D","E08000008","Tameside",-0.01116218,-0.018779343,-0.01826484,-0.008928571,-0.03250478,0.029069767
