"Code","Name","LA_code","LA_name","All","X0to15","X16to29","X30to44","X45to64","X65plus"
"E01006065","Tameside 008C","E08000008","Tameside",0.011687363,-0.020253165,0.023346304,0.01509434,0.032894737,0.027027027
