"Code","Name","LA_code","LA_name","All","X0to15","X16to29","X30to44","X45to64","X65plus"
"E01005934","Tameside 006B","E08000008","Tameside",-0.015078821,-0.043189369,-0.043859649,0.008064516,-0.004587156,0.004065041
