"Code","Name","LA_code","LA_name","All","X0to15","X16to29","X30to44","X45to64","X65plus"
"E01006018","Tameside 016C","E08000008","Tameside",0.032811335,0.030927835,0.02484472,0.088757396,0.040909091,0.00265252
