"Code","Name","LA_code","LA_name","All","X0to15","X16to29","X30to44","X45to64","X65plus"
"E01005937","Tameside 004B","E08000008","Tameside",-0.073817035,-0.131054131,-0.060498221,-0.093103448,-0.036111111,-0.04620462
