"Code","Name","LA_code","LA_name","All","X0to15","X16to29","X30to44","X45to64","X65plus"
"E01005986","Tameside 025B","E08000008","Tameside",-0.001644737,-0.012345679,-0.014925373,-0.028037383,-0.010723861,0.075675676
