"Code","Name","LA_code","LA_name","All","X0to15","X16to29","X30to44","X45to64","X65plus"
"E01005942","Tameside 007B","E08000008","Tameside",-0.021276596,-0.009146341,0.014285714,-0.020348837,-0.047722343,-0.028673835
