"Code","Name","LA_code","LA_name","All","X0to15","X16to29","X30to44","X45to64","X65plus"
"E01006017","Tameside 016B","E08000008","Tameside",-0.000720461,0,0.058479532,0.037190083,-0.050239234,0.003278689
