"Code","Name","LA_code","LA_name","All","X0to15","X16to29","X30to44","X45to64","X65plus"
"E01006047","Tameside 023A","E08000008","Tameside",0.009781791,0.038910506,-0.010204082,0.00754717,0.007751938,0
