"Code","Name","LA_code","LA_name","All","X0to15","X16to29","X30to44","X45to64","X65plus"
"E01006039","Tameside 028D","E08000008","Tameside",0.035353535,0.020408163,0.044217687,0.02166065,0.047101449,0.051020408
