"Code","Name","LA_code","LA_name","All","X0to15","X16to29","X30to44","X45to64","X65plus"
"E01006042","Tameside 030A","E08000008","Tameside",-0.020220588,-0.017421603,-0.028340081,-0.029585799,-0.031390135,0.00955414
