"Code","Name","LA_code","LA_name","All","X0to15","X16to29","X30to44","X45to64","X65plus"
"E01005981","Tameside 029C","E08000008","Tameside",-0.025923526,-0.030201342,-0.068181818,0.039647577,-0.032786885,-0.030092593
