"Code","Name","LA_code","LA_name","All","X0to15","X16to29","X30to44","X45to64","X65plus"
"E01005995","Tameside 010B","E08000008","Tameside",-0.001470588,0.008888889,-0.01119403,0,-0.027956989,0.057142857
