"Code","Name","LA_code","LA_name","All","X0to15","X16to29","X30to44","X45to64","X65plus"
"E01006059","Tameside 001F","E08000008","Tameside",-0.005661713,0,-0.019230769,0.01384083,-0.017114914,-0.004385965
