"Code","Name","LA_code","LA_name","All","X0to15","X16to29","X30to44","X45to64","X65plus"
"E01005975","Tameside 021D","E08000008","Tameside",0.000622278,-0.002949853,0.025396825,0.028846154,-0.033678756,-0.007843137
