"Code","Name","LA_code","LA_name","All","X0to15","X16to29","X30to44","X45to64","X65plus"
"E01005940","Tameside 002C","E08000008","Tameside",0.001388889,0.004255319,0.024096386,0.022321429,-0.012886598,-0.007025761
