"Code","Name","LA_code","LA_name","All","X0to15","X16to29","X30to44","X45to64","X65plus"
"E01006058","Tameside 001E","E08000008","Tameside",-0.026392962,-0.034946237,-0.005988024,-0.059210526,-0.012110727,-0.016339869
