"Code","Name","LA_code","LA_name","All","X0to15","X16to29","X30to44","X45to64","X65plus"
"E01006020","Tameside 018E","E08000008","Tameside",-0.039408867,-0.052325581,-0.018315018,-0.068728522,-0.039370079,-0.017910448
