"Code","Name","LA_code","LA_name","All","X0to15","X16to29","X30to44","X45to64","X65plus"
"E01005988","Tameside 024C","E08000008","Tameside",-0.009357455,-0.067692308,0.018867925,-0.017605634,0.004597701,0.017006803
