"Code","Name","LA_code","LA_name","All","X0to15","X16to29","X30to44","X45to64","X65plus"
"E01005980","Tameside 029B","E08000008","Tameside",-0.007628294,0.036184211,-0.062992126,0.016877637,0.016260163,-0.057553957
