"Code","Name","LA_code","LA_name","All","X0to15","X16to29","X30to44","X45to64","X65plus"
"E01005956","Tameside 005B","E08000008","Tameside",-0.024356298,-0.058536585,-0.004830918,-0.00462963,-0.012631579,-0.04491018
