"Code","Name","LA_code","LA_name","All","X0to15","X16to29","X30to44","X45to64","X65plus"
"E01005946","Tameside 004D","E08000008","Tameside",-0.016343826,0.003039514,-0.006666667,0.015197568,-0.017073171,-0.084507042
