"Code","Name","LA_code","LA_name","All","X0to15","X16to29","X30to44","X45to64","X65plus"
"E01005972","Tameside 021B","E08000008","Tameside",-0.006042296,0.030726257,-0.00625,0,-0.004716981,-0.083743842
