"Code","Name","LA_code","LA_name","All","X0to15","X16to29","X30to44","X45to64","X65plus"
"E01006016","Tameside 017E","E08000008","Tameside",0.008461132,-0.010899183,-0.010840108,-0.011185682,0.019189765,0.083682008
