"Code","Name","LA_code","LA_name","All","X0to15","X16to29","X30to44","X45to64","X65plus"
"E01005982","Tameside 029D","E08000008","Tameside",-0.038613081,-0.044444444,-0.056034483,-0.006451613,-0.016393443,-0.065292096
