"Code","Name","LA_code","LA_name","All","X0to15","X16to29","X30to44","X45to64","X65plus"
"E01029857","Tamworth 008C","E07000199","Tamworth",0.009259259,0.023489933,0.033457249,0.025559105,-0.00273224,-0.063291139
