"Code","Name","LA_code","LA_name","All","X0to15","X16to29","X30to44","X45to64","X65plus"
"E01029845","Tamworth 007D","E07000199","Tamworth",-0.004512635,-0.00304878,-0.010204082,0.035714286,0.013274336,-0.057894737
