"Code","Name","LA_code","LA_name","All","X0to15","X16to29","X30to44","X45to64","X65plus"
"E01029839","Tamworth 005D","E07000199","Tamworth",0.001680672,-0.05,-0.077720207,0.018348624,0.023529412,0.104477612
