"Code","Name","LA_code","LA_name","All","X0to15","X16to29","X30to44","X45to64","X65plus"
"E01029856","Tamworth 008B","E07000199","Tamworth",0.002688172,-0.003460208,0,-0.03021978,0.036674817,0.005747126
