"Code","Name","LA_code","LA_name","All","X0to15","X16to29","X30to44","X45to64","X65plus"
"E01029832","Tamworth 004C","E07000199","Tamworth",0.032738095,0.003215434,-0.007434944,0.037878788,0,0.107476636
