"Code","Name","LA_code","LA_name","All","X0to15","X16to29","X30to44","X45to64","X65plus"
"E01029851","Tamworth 002E","E07000199","Tamworth",-0.010820559,-0.015625,-0.009950249,-0.009746589,-0.011695906,-0.007389163
