"Code","Name","LA_code","LA_name","All","X0to15","X16to29","X30to44","X45to64","X65plus"
"E01029829","Tamworth 010A","E07000199","Tamworth",-0.020071365,-0.022304833,-0.00477327,-0.017825312,-0.028985507,-0.029045643
