"Code","Name","LA_code","LA_name","All","X0to15","X16to29","X30to44","X45to64","X65plus"
"E01029825","Tamworth 006A","E07000199","Tamworth",0.002340094,0.02293578,0.009803922,0.041493776,-0.007692308,-0.048034934
