"Code","Name","LA_code","LA_name","All","X0to15","X16to29","X30to44","X45to64","X65plus"
"E01029858","Tamworth 008D","E07000199","Tamworth",0.02695595,0.04526749,0.008,0.06374502,0.019642857,0.004608295
