"Code","Name","LA_code","LA_name","All","X0to15","X16to29","X30to44","X45to64","X65plus"
"E01029820","Tamworth 003A","E07000199","Tamworth",0.010498688,0.073578595,-0.019157088,-0.022875817,0.018779343,-0.00862069
