"Code","Name","LA_code","LA_name","All","X0to15","X16to29","X30to44","X45to64","X65plus"
"E01029862","Tamworth 009C","E07000199","Tamworth",-0.054977712,-0.074468085,-0.065,-0.097959184,-0.039256198,0.022222222
