"Code","Name","LA_code","LA_name","All","X0to15","X16to29","X30to44","X45to64","X65plus"
"E01029861","Tamworth 009B","E07000199","Tamworth",0.008633094,0.055555556,0.017142857,0.023584906,-0.013623978,-0.009950249
