"Code","Name","LA_code","LA_name","All","X0to15","X16to29","X30to44","X45to64","X65plus"
"E01030852","Tandridge 012A","E07000215","Tandridge",-0.002919708,0.033240997,-0.010714286,-0.018567639,0.001709402,-0.019911504
