"Code","Name","LA_code","LA_name","All","X0to15","X16to29","X30to44","X45to64","X65plus"
"E01030827","Tandridge 009D","E07000215","Tandridge",-0.040745052,-0.026086957,-0.027237354,-0.089552239,-0.04670913,-0.021220159
