"Code","Name","LA_code","LA_name","All","X0to15","X16to29","X30to44","X45to64","X65plus"
"E01030824","Tandridge 009A","E07000215","Tandridge",0,0.012886598,-0.031674208,0.012232416,-0.002724796,-0.003378378
