"Code","Name","LA_code","LA_name","All","X0to15","X16to29","X30to44","X45to64","X65plus"
"E01030825","Tandridge 009B","E07000215","Tandridge",0,-0.030973451,0.012269939,0.043478261,-0.011363636,0.002906977
