"Code","Name","LA_code","LA_name","All","X0to15","X16to29","X30to44","X45to64","X65plus"
"E01030818","Tandridge 011C","E07000215","Tandridge",0.009764036,-0.012931034,0.019354839,0.032258065,0.009090909,0.006779661
