"Code","Name","LA_code","LA_name","All","X0to15","X16to29","X30to44","X45to64","X65plus"
"E01030837","Tandridge 006D","E07000215","Tandridge",0.009120521,0.026755853,-0.009478673,-0.003484321,0.028089888,-0.002617801
