"Code","Name","LA_code","LA_name","All","X0to15","X16to29","X30to44","X45to64","X65plus"
"E01030847","Tandridge 005B","E07000215","Tandridge",0.01811806,0.023474178,0.034615385,-0.02,0.029411765,0.015625
