"Code","Name","LA_code","LA_name","All","X0to15","X16to29","X30to44","X45to64","X65plus"
"E01030826","Tandridge 009C","E07000215","Tandridge",0.004716981,0.042168675,-0.008064516,0.011627907,0.00248139,-0.037037037
