"Code","Name","LA_code","LA_name","All","X0to15","X16to29","X30to44","X45to64","X65plus"
"E01030838","Tandridge 006E","E07000215","Tandridge",0.010769231,-0.010869565,0.034246575,0.061674009,0.018229167,-0.033707865
