"Code","Name","LA_code","LA_name","All","X0to15","X16to29","X30to44","X45to64","X65plus"
"E01030820","Tandridge 005A","E07000215","Tandridge",0.006225241,0,-0.004545455,0.024096386,0.024714829,-0.014989293
