"Code","Name","LA_code","LA_name","All","X0to15","X16to29","X30to44","X45to64","X65plus"
"E01030833","Tandridge 010C","E07000215","Tandridge",0.010496851,-0.004,0.035294118,0.051792829,-0.020648968,0.009546539
