"Code","Name","LA_code","LA_name","All","X0to15","X16to29","X30to44","X45to64","X65plus"
"E01030853","Tandridge 012B","E07000215","Tandridge",0.011877828,0.028213166,-0.012295082,-0.003154574,0.028169014,0.00511509
