"Code","Name","LA_code","LA_name","All","X0to15","X16to29","X30to44","X45to64","X65plus"
"E01030812","Tandridge 008A","E07000215","Tandridge",-0.005524862,0.003401361,-0.026515152,0.018939394,0.00591716,-0.036666667
