"Code","Name","LA_code","LA_name","All","X0to15","X16to29","X30to44","X45to64","X65plus"
"E01030839","Tandridge 006F","E07000215","Tandridge",0.015968064,-0.019354839,0.048387097,-0.018604651,0.026726058,0.037900875
