"Code","Name","LA_code","LA_name","All","X0to15","X16to29","X30to44","X45to64","X65plus"
"E01030816","Tandridge 011A","E07000215","Tandridge",-0.090742996,-0.105633803,-0.078431373,-0.147410359,-0.064761905,-0.084656085
