"Code","Name","LA_code","LA_name","All","X0to15","X16to29","X30to44","X45to64","X65plus"
"E01030835","Tandridge 010E","E07000215","Tandridge",-0.009771987,-0.049342105,0.036144578,-0.046052632,0.004524887,0.018808777
