"Code","Name","LA_code","LA_name","All","X0to15","X16to29","X30to44","X45to64","X65plus"
"E01030840","Tandridge 007A","E07000215","Tandridge",0.004884857,0.012578616,0.005347594,-0.015503876,-0.010582011,0.034246575
