"Code","Name","LA_code","LA_name","All","X0to15","X16to29","X30to44","X45to64","X65plus"
"E01029319","Taunton Deane 002E","E07000190","Taunton Deane",-0.006973501,-0.013513514,-0.004016064,-0.024242424,0.007075472,0
