"Code","Name","LA_code","LA_name","All","X0to15","X16to29","X30to44","X45to64","X65plus"
"E01029304","Taunton Deane 004C","E07000190","Taunton Deane",0.005921053,-0.033112583,0.048582996,0.033962264,-0.00973236,0.006779661
