"Code","Name","LA_code","LA_name","All","X0to15","X16to29","X30to44","X45to64","X65plus"
"E01029285","Taunton Deane 007A","E07000190","Taunton Deane",0.01337937,0.016483516,0.025337838,0.011345219,-0.004115226,0.019379845
