"Code","Name","LA_code","LA_name","All","X0to15","X16to29","X30to44","X45to64","X65plus"
"E01029281","Taunton Deane 009B","E07000190","Taunton Deane",0.022685469,-0.01509434,0.062240664,0.033670034,0.021786492,0.016260163
