"Code","Name","LA_code","LA_name","All","X0to15","X16to29","X30to44","X45to64","X65plus"
"E01029300","Taunton Deane 007F","E07000190","Taunton Deane",0.024008351,-0.020408163,0.014117647,0.007042254,0.044303797,0.092741935
