"Code","Name","LA_code","LA_name","All","X0to15","X16to29","X30to44","X45to64","X65plus"
"E01029298","Taunton Deane 004B","E07000190","Taunton Deane",-0.018132975,-0.018461538,0.036144578,0.003344482,-0.052341598,-0.04743083
