"Code","Name","LA_code","LA_name","All","X0to15","X16to29","X30to44","X45to64","X65plus"
"E01029265","Taunton Deane 011C","E07000190","Taunton Deane",0.024012393,-0.011560694,0.040816327,0.035971223,0.019230769,0.033653846
