"Code","Name","LA_code","LA_name","All","X0to15","X16to29","X30to44","X45to64","X65plus"
"E01029279","Taunton Deane 005E","E07000190","Taunton Deane",0.002081888,0.027777778,-0.031847134,-0.010638298,-0.016842105,0.029810298
