"Code","Name","LA_code","LA_name","All","X0to15","X16to29","X30to44","X45to64","X65plus"
"E01029294","Taunton Deane 006C","E07000190","Taunton Deane",0.013053348,-0.042780749,0.030769231,-0.005050505,0.019569472,0.104072398
