"Code","Name","LA_code","LA_name","All","X0to15","X16to29","X30to44","X45to64","X65plus"
"E01029264","Taunton Deane 011B","E07000190","Taunton Deane",-0.024653313,0.046511628,0.008403361,-0.054945055,-0.063829787,-0.022167488
