"Code","Name","LA_code","LA_name","All","X0to15","X16to29","X30to44","X45to64","X65plus"
"E01029316","Taunton Deane 012E","E07000190","Taunton Deane",-0.009947338,0.029787234,-0.103448276,-0.043307087,0.013015184,0.003597122
