"Code","Name","LA_code","LA_name","All","X0to15","X16to29","X30to44","X45to64","X65plus"
"E01029288","Taunton Deane 007C","E07000190","Taunton Deane",0.022433719,-0.01984127,0.036231884,0.03030303,0.032786885,0.024291498
