"Code","Name","LA_code","LA_name","All","X0to15","X16to29","X30to44","X45to64","X65plus"
"E01029266","Taunton Deane 010A","E07000190","Taunton Deane",-0.014124294,-0.03125,0.002898551,0.01754386,-0.044217687,-0.010471204
