"Code","Name","LA_code","LA_name","All","X0to15","X16to29","X30to44","X45to64","X65plus"
"E01029290","Taunton Deane 002C","E07000190","Taunton Deane",0.018615041,0.027272727,0.03,0.037414966,0.054794521,-0.068181818
