"Code","Name","LA_code","LA_name","All","X0to15","X16to29","X30to44","X45to64","X65plus"
"E01032651","Taunton Deane 008E","E07000190","Taunton Deane",0.017465293,0.010452962,0.007109005,0.006756757,0.017369727,0.078431373
