"Code","Name","LA_code","LA_name","All","X0to15","X16to29","X30to44","X45to64","X65plus"
"E01029291","Taunton Deane 006B","E07000190","Taunton Deane",0.007614213,-0.01509434,0.066666667,-0.029126214,0.004761905,0.016025641
