"Code","Name","LA_code","LA_name","All","X0to15","X16to29","X30to44","X45to64","X65plus"
"E01020251","Teignbridge 011C","E07000045","Teignbridge",-0.00137457,-0.012711864,-0.018604651,0.00862069,-0.002207506,0.012539185
