"Code","Name","LA_code","LA_name","All","X0to15","X16to29","X30to44","X45to64","X65plus"
"E01020238","Teignbridge 019C","E07000045","Teignbridge",-0.005577689,-0.035242291,0,0.011049724,-0.013927577,0.011019284
