"Code","Name","LA_code","LA_name","All","X0to15","X16to29","X30to44","X45to64","X65plus"
"E01020201","Teignbridge 011B","E07000045","Teignbridge",0.009228741,0,0.033707865,0.031007752,0.006578947,0.005856515
