"Code","Name","LA_code","LA_name","All","X0to15","X16to29","X30to44","X45to64","X65plus"
"E01020207","Teignbridge 013C","E07000045","Teignbridge",0.021677663,0.035502959,0.029850746,0.002222222,0.007984032,0.039513678
