"Code","Name","LA_code","LA_name","All","X0to15","X16to29","X30to44","X45to64","X65plus"
"E01020245","Teignbridge 002E","E07000045","Teignbridge",-0.004410838,-0.016736402,0.013071895,0.008695652,0,-0.016786571
