"Code","Name","LA_code","LA_name","All","X0to15","X16to29","X30to44","X45to64","X65plus"
"E01020202","Teignbridge 007A","E07000045","Teignbridge",-0.007726269,-0.018450185,0.012345679,-0.057416268,-0.010869565,0.008450704
