"Code","Name","LA_code","LA_name","All","X0to15","X16to29","X30to44","X45to64","X65plus"
"E01020273","Teignbridge 003D","E07000045","Teignbridge",0.017241379,0.008695652,0.068493151,-0.034653465,0.018348624,0.029100529
