"Code","Name","LA_code","LA_name","All","X0to15","X16to29","X30to44","X45to64","X65plus"
"E01020194","Teignbridge 013B","E07000045","Teignbridge",0.020639148,-0.065068493,0.019704433,0.041044776,0.023758099,0.086956522
