"Code","Name","LA_code","LA_name","All","X0to15","X16to29","X30to44","X45to64","X65plus"
"E01020239","Teignbridge 019D","E07000045","Teignbridge",-0.004705882,0.048648649,-0.07518797,-0.055172414,-0.017721519,0.023980815
