"Code","Name","LA_code","LA_name","All","X0to15","X16to29","X30to44","X45to64","X65plus"
"E01020231","Teignbridge 005C","E07000045","Teignbridge",0.0066313,-0.034934498,0.004761905,0.005076142,0.039170507,-0.002283105
