"Code","Name","LA_code","LA_name","All","X0to15","X16to29","X30to44","X45to64","X65plus"
"E01020255","Teignbridge 009E","E07000045","Teignbridge",-0.006153846,0.015075377,-0.012987013,-0.043269231,-0.002645503,0.002770083
