"Code","Name","LA_code","LA_name","All","X0to15","X16to29","X30to44","X45to64","X65plus"
"E01020232","Teignbridge 005D","E07000045","Teignbridge",-0.024289406,-0.075688073,0,-0.025210084,0.003929273,-0.020408163
