"Code","Name","LA_code","LA_name","All","X0to15","X16to29","X30to44","X45to64","X65plus"
"E01020260","Teignbridge 011D","E07000045","Teignbridge",-0.017282011,-0.017751479,-0.084210526,-0.068376068,-0.002710027,-0.003824092
