"Code","Name","LA_code","LA_name","All","X0to15","X16to29","X30to44","X45to64","X65plus"
"E01020196","Teignbridge 017B","E07000045","Teignbridge",0.002901915,0.044117647,0.024291498,0.004016064,-0.013565891,-0.01594533
