"Code","Name","LA_code","LA_name","All","X0to15","X16to29","X30to44","X45to64","X65plus"
"E01020223","Teignbridge 004F","E07000045","Teignbridge",0.015011547,0.044776119,0.023255814,0,-0.001805054,0.024096386
