"Code","Name","LA_code","LA_name","All","X0to15","X16to29","X30to44","X45to64","X65plus"
"E01020244","Teignbridge 002D","E07000045","Teignbridge",-0.009985735,0.03030303,-0.030674847,-0.042016807,-0.022113022,0.008264463
