"Code","Name","LA_code","LA_name","All","X0to15","X16to29","X30to44","X45to64","X65plus"
"E01020221","Teignbridge 004D","E07000045","Teignbridge",-0.015061861,-0.009146341,-0.008097166,-0.006309148,-0.015652174,-0.030612245
