"Code","Name","LA_code","LA_name","All","X0to15","X16to29","X30to44","X45to64","X65plus"
"E01020241","Teignbridge 002B","E07000045","Teignbridge",-0.027164686,-0.03630363,-0.097902098,0.01010101,-0.005617978,-0.025936599
