"Code","Name","LA_code","LA_name","All","X0to15","X16to29","X30to44","X45to64","X65plus"
"E01014159","Telford and Wrekin 022A","E06000020","Telford and Wrekin",0.008032129,0.03271028,0.058139535,0.0456621,-0.016574586,-0.039568345
