"Code","Name","LA_code","LA_name","All","X0to15","X16to29","X30to44","X45to64","X65plus"
"E01014206","Telford and Wrekin 008B","E06000020","Telford and Wrekin",0.027615063,0.025974026,0.060301508,0.019138756,-0.003076923,0.051948052
