"Code","Name","LA_code","LA_name","All","X0to15","X16to29","X30to44","X45to64","X65plus"
"E01014156","Telford and Wrekin 016C","E06000020","Telford and Wrekin",0.007931472,0.017201835,0.028831563,0.007050529,-0.006568144,-0.068322981
