"Code","Name","LA_code","LA_name","All","X0to15","X16to29","X30to44","X45to64","X65plus"
"E01014117","Telford and Wrekin 023C","E06000020","Telford and Wrekin",-0.007575758,0.048611111,-0.005882353,-0.060606061,0.032786885,-0.050531915
