"Code","Name","LA_code","LA_name","All","X0to15","X16to29","X30to44","X45to64","X65plus"
"E01014203","Telford and Wrekin 010E","E06000020","Telford and Wrekin",0.01232166,0.003891051,-0.053097345,0.014423077,0.006024096,0.067988669
