"Code","Name","LA_code","LA_name","All","X0to15","X16to29","X30to44","X45to64","X65plus"
"E01014141","Telford and Wrekin 009C","E06000020","Telford and Wrekin",0.002613999,-0.013620885,0.003708282,0.031354983,-0.001529052,-0.04368932
