"Code","Name","LA_code","LA_name","All","X0to15","X16to29","X30to44","X45to64","X65plus"
"E01014144","Telford and Wrekin 012C","E06000020","Telford and Wrekin",-0.016139879,-0.02247191,0.013574661,-0.013274336,0.021428571,-0.076487252
