"Code","Name","LA_code","LA_name","All","X0to15","X16to29","X30to44","X45to64","X65plus"
"E01014165","Telford and Wrekin 017D","E06000020","Telford and Wrekin",0.013583441,-0.002816901,0.037037037,0.038997214,-0.024456522,0.035928144
