"Code","Name","LA_code","LA_name","All","X0to15","X16to29","X30to44","X45to64","X65plus"
"E01014166","Telford and Wrekin 017E","E06000020","Telford and Wrekin",0.013071895,0.006557377,0.018939394,-0.010273973,0.026966292,0.017857143
