"Code","Name","LA_code","LA_name","All","X0to15","X16to29","X30to44","X45to64","X65plus"
"E01014157","Telford and Wrekin 016D","E06000020","Telford and Wrekin",-0.004771643,-0.030716724,0.023166023,-0.00619195,-0.006741573,0.006802721
