"Code","Name","LA_code","LA_name","All","X0to15","X16to29","X30to44","X45to64","X65plus"
"E01014150","Telford and Wrekin 014A","E06000020","Telford and Wrekin",0.00987045,-0.04743083,0.024,0.022435897,0.013333333,0.028469751
