"Code","Name","LA_code","LA_name","All","X0to15","X16to29","X30to44","X45to64","X65plus"
"E01014189","Telford and Wrekin 006E","E06000020","Telford and Wrekin",-0.006891799,0.02919708,-0.028673835,0.025641026,-0.026829268,-0.027906977
