"Code","Name","LA_code","LA_name","All","X0to15","X16to29","X30to44","X45to64","X65plus"
"E01014125","Telford and Wrekin 005A","E06000020","Telford and Wrekin",-0.009389671,-0.012307692,0.019920319,0.009677419,-0.002544529,-0.080188679
