"Code","Name","LA_code","LA_name","All","X0to15","X16to29","X30to44","X45to64","X65plus"
"E01014178","Telford and Wrekin 003D","E06000020","Telford and Wrekin",0.002842524,-0.047058824,0.00814664,0.052147239,-0.026143791,0.010498688
