"Code","Name","LA_code","LA_name","All","X0to15","X16to29","X30to44","X45to64","X65plus"
"E01014131","Telford and Wrekin 002B","E06000020","Telford and Wrekin",-0.010169492,-0.04368932,0.002824859,-0.055813953,-0.033268102,0.030054645
