"Code","Name","LA_code","LA_name","All","X0to15","X16to29","X30to44","X45to64","X65plus"
"E01014102","Telford and Wrekin 007A","E06000020","Telford and Wrekin",0.011267606,-0.034161491,0.051792829,0.024475524,0.016207455,0.003344482
