"Code","Name","LA_code","LA_name","All","X0to15","X16to29","X30to44","X45to64","X65plus"
"E01014177","Telford and Wrekin 003C","E06000020","Telford and Wrekin",0.008637874,0.044176707,0.027237354,-0.016460905,0.002617801,-0.005347594
