"Code","Name","LA_code","LA_name","All","X0to15","X16to29","X30to44","X45to64","X65plus"
"E01014163","Telford and Wrekin 017B","E06000020","Telford and Wrekin",0.008032129,0.004608295,-0.003571429,0.003623188,-0.01910828,0.084210526
