"Code","Name","LA_code","LA_name","All","X0to15","X16to29","X30to44","X45to64","X65plus"
"E01014198","Telford and Wrekin 021B","E06000020","Telford and Wrekin",0.01525553,0.019230769,-0.02892562,0.022556391,0.064777328,-0.021428571
