"Code","Name","LA_code","LA_name","All","X0to15","X16to29","X30to44","X45to64","X65plus"
"E01014149","Telford and Wrekin 010C","E06000020","Telford and Wrekin",-0.018627451,-0.036144578,0.014814815,-0.046632124,-0.035714286,0.031578947
