"Code","Name","LA_code","LA_name","All","X0to15","X16to29","X30to44","X45to64","X65plus"
"E01014160","Telford and Wrekin 022B","E06000020","Telford and Wrekin",0.010292953,0.043956044,-0.004901961,-0.040229885,0.002197802,0.048387097
