"Code","Name","LA_code","LA_name","All","X0to15","X16to29","X30to44","X45to64","X65plus"
"E01014184","Telford and Wrekin 015D","E06000020","Telford and Wrekin",0.00577034,-0.00280112,-0.013114754,0.013404826,0.013921114,0.014981273
