"Code","Name","LA_code","LA_name","All","X0to15","X16to29","X30to44","X45to64","X65plus"
"E01014200","Telford and Wrekin 021D","E06000020","Telford and Wrekin",0.008689356,0.037444934,-0.037162162,-0.011764706,0.056603774,-0.054054054
