"Code","Name","LA_code","LA_name","All","X0to15","X16to29","X30to44","X45to64","X65plus"
"E01014147","Telford and Wrekin 016B","E06000020","Telford and Wrekin",-0.033218427,-0.026385224,-0.040336134,-0.022248244,-0.051983584,-0.019762846
