"Code","Name","LA_code","LA_name","All","X0to15","X16to29","X30to44","X45to64","X65plus"
"E01014134","Telford and Wrekin 012B","E06000020","Telford and Wrekin",-0.014032496,-0.005780347,-0.032679739,0.005376344,-0.013192612,-0.019438445
