"Code","Name","LA_code","LA_name","All","X0to15","X16to29","X30to44","X45to64","X65plus"
"E01014126","Telford and Wrekin 005B","E06000020","Telford and Wrekin",0.091405184,0.073954984,0.097777778,0.185606061,0.116809117,-0.003174603
