"Code","Name","LA_code","LA_name","All","X0to15","X16to29","X30to44","X45to64","X65plus"
"E01014194","Telford and Wrekin 018D","E06000020","Telford and Wrekin",-0.001928021,-0.013192612,0.007380074,-0.008746356,0.002695418,0.010416667
