"Code","Name","LA_code","LA_name","All","X0to15","X16to29","X30to44","X45to64","X65plus"
"E01014207","Telford and Wrekin 008C","E06000020","Telford and Wrekin",0.025704809,0.004504505,-0.022321429,0.037558685,0.027777778,0.080717489
