"Code","Name","LA_code","LA_name","All","X0to15","X16to29","X30to44","X45to64","X65plus"
"E01014179","Telford and Wrekin 006C","E06000020","Telford and Wrekin",-0.012313105,-0.00617284,-0.064102564,-0.053691275,-0.014044944,0.031847134
