"Code","Name","LA_code","LA_name","All","X0to15","X16to29","X30to44","X45to64","X65plus"
"E01014153","Telford and Wrekin 014D","E06000020","Telford and Wrekin",-0.000557103,0.021052632,0.010416667,0.017804154,0.01369863,-0.061497326
