"Code","Name","LA_code","LA_name","All","X0to15","X16to29","X30to44","X45to64","X65plus"
"E01014110","Telford and Wrekin 020E","E06000020","Telford and Wrekin",-0.002326934,0.007079646,-0.011655012,-0.033846154,0.009868421,0.052083333
