"Code","Name","LA_code","LA_name","All","X0to15","X16to29","X30to44","X45to64","X65plus"
"E01014188","Telford and Wrekin 013D","E06000020","Telford and Wrekin",-0.004008016,-0.034220532,-0.003571429,0.019480519,0.015384615,-0.03125
