"Code","Name","LA_code","LA_name","All","X0to15","X16to29","X30to44","X45to64","X65plus"
"E01014130","Telford and Wrekin 006B","E06000020","Telford and Wrekin",0.000729395,-0.013824885,-0.003875969,0.01826484,-0.019753086,0.033088235
