"Code","Name","LA_code","LA_name","All","X0to15","X16to29","X30to44","X45to64","X65plus"
"E01021994","Tendring 008B","E07000076","Tendring",-0.006113537,0,-0.023255814,-0.077777778,-0.006802721,0.006666667
