"Code","Name","LA_code","LA_name","All","X0to15","X16to29","X30to44","X45to64","X65plus"
"E01021993","Tendring 009C","E07000076","Tendring",0.007609669,-0.032258065,0.059288538,0.020477816,0.016467066,-0.003241491
