"Code","Name","LA_code","LA_name","All","X0to15","X16to29","X30to44","X45to64","X65plus"
"E01022014","Tendring 003C","E07000076","Tendring",-0.003695492,0.05907173,-0.017045455,-0.023809524,0.013333333,-0.045070423
