"Code","Name","LA_code","LA_name","All","X0to15","X16to29","X30to44","X45to64","X65plus"
"E01022023","Tendring 015A","E07000076","Tendring",-0.036136662,-0.072289157,0.036900369,-0.0456621,-0.111111111,0.047457627
