"Code","Name","LA_code","LA_name","All","X0to15","X16to29","X30to44","X45to64","X65plus"
"E01022030","Tendring 015C","E07000076","Tendring",-0.0117866,-0.014652015,0.036363636,0.014285714,-0.004889976,-0.048
