"Code","Name","LA_code","LA_name","All","X0to15","X16to29","X30to44","X45to64","X65plus"
"E01022007","Tendring 002D","E07000076","Tendring",0.033688939,0.0430839,0.038327526,-0.00887574,0.016431925,0.089965398
