"Code","Name","LA_code","LA_name","All","X0to15","X16to29","X30to44","X45to64","X65plus"
"E01022036","Tendring 017C","E07000076","Tendring",0.03407155,0.044198895,0.016853933,0.090909091,0.037617555,0.013736264
