"Code","Name","LA_code","LA_name","All","X0to15","X16to29","X30to44","X45to64","X65plus"
"E01021970","Tendring 016A","E07000076","Tendring",0,-0.045918367,0.017361111,0.036666667,-0.004987531,0.011049724
