"Code","Name","LA_code","LA_name","All","X0to15","X16to29","X30to44","X45to64","X65plus"
"E01022050","Tendring 014E","E07000076","Tendring",-0.028878822,-0.112403101,0.042654028,-0.032679739,-0.002409639,-0.034293553
