"Code","Name","LA_code","LA_name","All","X0to15","X16to29","X30to44","X45to64","X65plus"
"E01022000","Tendring 002A","E07000076","Tendring",0.06105919,0.121495327,0.029739777,0.072992701,0.026829268,0.060422961
