"Code","Name","LA_code","LA_name","All","X0to15","X16to29","X30to44","X45to64","X65plus"
"E01022047","Tendring 018E","E07000076","Tendring",0.000738552,-0.04519774,0.018404908,0.051612903,0.014563107,-0.017897092
