"Code","Name","LA_code","LA_name","All","X0to15","X16to29","X30to44","X45to64","X65plus"
"E01022033","Tendring 012B","E07000076","Tendring",0.012960437,0.031496063,-0.01010101,0.05982906,0.010443864,0.006756757
