"Code","Name","LA_code","LA_name","All","X0to15","X16to29","X30to44","X45to64","X65plus"
"E01022006","Tendring 002C","E07000076","Tendring",0.017210682,-0.027431421,0.020477816,0.048,0.028423773,0.031073446
