"Code","Name","LA_code","LA_name","All","X0to15","X16to29","X30to44","X45to64","X65plus"
"E01022001","Tendring 001D","E07000076","Tendring",0.006043956,0.011299435,0.016853933,0.028125,-0.01826484,0
