"Code","Name","LA_code","LA_name","All","X0to15","X16to29","X30to44","X45to64","X65plus"
"E01022041","Tendring 010D","E07000076","Tendring",0.029911625,0.035353535,0,0.044303797,0.035911602,0.030195382
