"Code","Name","LA_code","LA_name","All","X0to15","X16to29","X30to44","X45to64","X65plus"
"E01021995","Tendring 008C","E07000076","Tendring",0.010608204,-0.014778325,0.055555556,0.075,-0.014285714,0.005385996
