"Code","Name","LA_code","LA_name","All","X0to15","X16to29","X30to44","X45to64","X65plus"
"E01021997","Tendring 001A","E07000076","Tendring",0.003579098,0,-0.007017544,0.024271845,0.012376238,-0.013100437
