"Code","Name","LA_code","LA_name","All","X0to15","X16to29","X30to44","X45to64","X65plus"
"E01021968","Tendring 017A","E07000076","Tendring",0.015616586,0.015486726,0.018041237,0.029605263,-0.006578947,0.035019455
