"Code","Name","LA_code","LA_name","All","X0to15","X16to29","X30to44","X45to64","X65plus"
"E01022043","Tendring 014B","E07000076","Tendring",0.002544529,-0.00967118,0,0.032934132,-0.01369863,0.025974026
