"Code","Name","LA_code","LA_name","All","X0to15","X16to29","X30to44","X45to64","X65plus"
"E01021976","Tendring 013B","E07000076","Tendring",-0.003257329,-0.093632959,0.008196721,0.022321429,0.031168831,0.002409639
