"Code","Name","LA_code","LA_name","All","X0to15","X16to29","X30to44","X45to64","X65plus"
"E01022012","Tendring 008H","E07000076","Tendring",0.014336918,0.131455399,-0.051813472,-0.03164557,0.015418502,0.00855615
