"Code","Name","LA_code","LA_name","All","X0to15","X16to29","X30to44","X45to64","X65plus"
"E01022018","Tendring 007E","E07000076","Tendring",0.003908795,-0.028688525,0.041666667,-0.02617801,-0.002277904,0.024340771
