"Code","Name","LA_code","LA_name","All","X0to15","X16to29","X30to44","X45to64","X65plus"
"E01021977","Tendring 013C","E07000076","Tendring",0.004680851,0.001904762,0.02244389,0.049853372,-0.015267176,-0.01431127
