"Code","Name","LA_code","LA_name","All","X0to15","X16to29","X30to44","X45to64","X65plus"
"E01022025","Tendring 016B","E07000076","Tendring",-0.000539665,-0.078512397,0.014619883,0.007407407,0.030927835,-0.007782101
