"Code","Name","LA_code","LA_name","All","X0to15","X16to29","X30to44","X45to64","X65plus"
"E01021996","Tendring 008D","E07000076","Tendring",0.021148036,0.016042781,0.007194245,-0.047058824,0.055921053,0.028625954
