"Code","Name","LA_code","LA_name","All","X0to15","X16to29","X30to44","X45to64","X65plus"
"E01022056","Tendring 006E","E07000076","Tendring",0.014593909,0.016129032,0.056074766,0.004385965,0.008547009,0.004784689
