"Code","Name","LA_code","LA_name","All","X0to15","X16to29","X30to44","X45to64","X65plus"
"E01023155","Test Valley 003A","E07000093","Test Valley",0.023502011,0.038565022,0.032727273,0.016155089,0.011839709,0.017897092
