"Code","Name","LA_code","LA_name","All","X0to15","X16to29","X30to44","X45to64","X65plus"
"E01023165","Test Valley 001A","E07000093","Test Valley",0.011241218,0.042735043,0.011070111,-0.009803922,0.005405405,0.010706638
