"Code","Name","LA_code","LA_name","All","X0to15","X16to29","X30to44","X45to64","X65plus"
"E01023182","Test Valley 001D","E07000093","Test Valley",0.003671971,-0.021806854,0.028985507,0.025641026,0.007619048,-0.035
