"Code","Name","LA_code","LA_name","All","X0to15","X16to29","X30to44","X45to64","X65plus"
"E01023157","Test Valley 002D","E07000093","Test Valley",0.014803849,0.018518519,0.030172414,-0.01509434,0.011049724,0.041666667
