"Code","Name","LA_code","LA_name","All","X0to15","X16to29","X30to44","X45to64","X65plus"
"E01023201","Test Valley 003B","E07000093","Test Valley",0.006393181,-0.011225444,0.012738854,0.020910209,0.023399015,-0.018518519
