"Code","Name","LA_code","LA_name","All","X0to15","X16to29","X30to44","X45to64","X65plus"
"E01023170","Test Valley 015A","E07000093","Test Valley",0.010215054,0.017699115,0.049822064,-0.003355705,-0.017241379,0.021428571
