"Code","Name","LA_code","LA_name","All","X0to15","X16to29","X30to44","X45to64","X65plus"
"E01023188","Test Valley 006B","E07000093","Test Valley",-0.016079632,-0.00913242,0.017316017,-0.032258065,-0.025229358,-0.024630542
