"Code","Name","LA_code","LA_name","All","X0to15","X16to29","X30to44","X45to64","X65plus"
"E01023156","Test Valley 002C","E07000093","Test Valley",0.005517241,-0.010964912,0.030716724,0.00952381,0.025270758,-0.055045872
