"Code","Name","LA_code","LA_name","All","X0to15","X16to29","X30to44","X45to64","X65plus"
"E01023219","Test Valley 003E","E07000093","Test Valley",-0.042981867,-0.133587786,-0.0041841,-0.041474654,-0.002212389,-0.056426332
