"Code","Name","LA_code","LA_name","All","X0to15","X16to29","X30to44","X45to64","X65plus"
"E01023211","Test Valley 014B","E07000093","Test Valley",0.009713701,-0.005300353,-0.026923077,0.019646365,0.017578125,0.091743119
