"Code","Name","LA_code","LA_name","All","X0to15","X16to29","X30to44","X45to64","X65plus"
"E01023164","Test Valley 013C","E07000093","Test Valley",-0.019670051,-0.025104603,-0.032967033,-0.02688172,-0.01980198,-0.00862069
