"Code","Name","LA_code","LA_name","All","X0to15","X16to29","X30to44","X45to64","X65plus"
"E01023206","Test Valley 011D","E07000093","Test Valley",0.009049774,0.00625,0.023668639,0.120300752,-0.003095975,-0.03125
