"Code","Name","LA_code","LA_name","All","X0to15","X16to29","X30to44","X45to64","X65plus"
"E01023194","Test Valley 012E","E07000093","Test Valley",0.00137931,-0.053191489,0.047058824,-0.015873016,-0.002564103,0.015594542
