"Code","Name","LA_code","LA_name","All","X0to15","X16to29","X30to44","X45to64","X65plus"
"E01023150","Test Valley 011A","E07000093","Test Valley",-0.017369727,-0.041493776,0.00462963,0.049382716,-0.019438445,-0.048997773
