"Code","Name","LA_code","LA_name","All","X0to15","X16to29","X30to44","X45to64","X65plus"
"E01023160","Test Valley 008A","E07000093","Test Valley",0.020311442,-0.018248175,0.065934066,0.017241379,0.018223235,0.029411765
