"Code","Name","LA_code","LA_name","All","X0to15","X16to29","X30to44","X45to64","X65plus"
"E01023177","Test Valley 009C","E07000093","Test Valley",-0.033768573,-0.044705882,-0.032128514,-0.054662379,-0.04867872,0.007736944
