"Code","Name","LA_code","LA_name","All","X0to15","X16to29","X30to44","X45to64","X65plus"
"E01023176","Test Valley 010C","E07000093","Test Valley",0.005232178,-0.008695652,0.006535948,0.055762082,-0.006896552,-0.00678733
