"Code","Name","LA_code","LA_name","All","X0to15","X16to29","X30to44","X45to64","X65plus"
"E01022462","Tewkesbury 002G","E07000083","Tewkesbury",0.003800217,-0.04,-0.037634409,-0.053097345,0.019448947,0.039115646
