"Code","Name","LA_code","LA_name","All","X0to15","X16to29","X30to44","X45to64","X65plus"
"E01022465","Tewkesbury 003D","E07000083","Tewkesbury",-0.01596424,-0.081272085,0.033333333,-0.042857143,-0.007751938,0.014742015
