"Code","Name","LA_code","LA_name","All","X0to15","X16to29","X30to44","X45to64","X65plus"
"E01022445","Tewkesbury 004C","E07000083","Tewkesbury",-0.021060276,-0.06372549,-0.057692308,-0.021052632,-0.011210762,0.005249344
