"Code","Name","LA_code","LA_name","All","X0to15","X16to29","X30to44","X45to64","X65plus"
"E01022466","Tewkesbury 003E","E07000083","Tewkesbury",0.014333493,-0.03892944,0.101522843,0.066298343,0.005474453,-0.00173913
