"Code","Name","LA_code","LA_name","All","X0to15","X16to29","X30to44","X45to64","X65plus"
"E01022440","Tewkesbury 006A","E07000083","Tewkesbury",0.007629108,0.024734982,0.004115226,0.035598706,0,-0.018518519
