"Code","Name","LA_code","LA_name","All","X0to15","X16to29","X30to44","X45to64","X65plus"
"E01022452","Tewkesbury 001D","E07000083","Tewkesbury",-0.009071877,-0.024822695,-0.028225806,-0.003194888,0.004761905,0
