"Code","Name","LA_code","LA_name","All","X0to15","X16to29","X30to44","X45to64","X65plus"
"E01022422","Tewkesbury 009B","E07000083","Tewkesbury",0.008510638,-0.001848429,-0.00234192,0.034205231,0.009803922,-0.003663004
