"Code","Name","LA_code","LA_name","All","X0to15","X16to29","X30to44","X45to64","X65plus"
"E01022429","Tewkesbury 007E","E07000083","Tewkesbury",-0.035443038,-0.058823529,-0.017316017,-0.03030303,-0.015021459,-0.063694268
