"Code","Name","LA_code","LA_name","All","X0to15","X16to29","X30to44","X45to64","X65plus"
"E01022453","Tewkesbury 004D","E07000083","Tewkesbury",-0.012060302,-0.049868766,-0.004149378,-0.029304029,-0.015817223,0.024714829
