"Code","Name","LA_code","LA_name","All","X0to15","X16to29","X30to44","X45to64","X65plus"
"E01032938","Tewkesbury 001F","E07000083","Tewkesbury",-0.136792453,-0.190769231,-0.148409894,-0.209195402,-0.093596059,0.004048583
