"Code","Name","LA_code","LA_name","All","X0to15","X16to29","X30to44","X45to64","X65plus"
"E01022434","Tewkesbury 004A","E07000083","Tewkesbury",-0.001390821,0.022099448,0.015306122,-0.03164557,-0.007656968,0.001587302
