"Code","Name","LA_code","LA_name","All","X0to15","X16to29","X30to44","X45to64","X65plus"
"E01032939","Tewkesbury 001G","E07000083","Tewkesbury",0.031870114,0.028645833,-0.006968641,0.06443299,0.009259259,0.087209302
