"Code","Name","LA_code","LA_name","All","X0to15","X16to29","X30to44","X45to64","X65plus"
"E01024644","Thanet 009C","E07000114","Thanet",0.053463855,0.052238806,0.068376068,0,0.011820331,0.095149254
