"Code","Name","LA_code","LA_name","All","X0to15","X16to29","X30to44","X45to64","X65plus"
"E01024709","Thanet 012E","E07000114","Thanet",0.004319654,0.078817734,0,-0.024539877,0.002457002,-0.014373717
