"Code","Name","LA_code","LA_name","All","X0to15","X16to29","X30to44","X45to64","X65plus"
"E01024673","Thanet 005B","E07000114","Thanet",-0.00945495,-0.003076923,-0.030188679,-0.007220217,-0.014056225,0.002309469
