"Code","Name","LA_code","LA_name","All","X0to15","X16to29","X30to44","X45to64","X65plus"
"E01024689","Thanet 011C","E07000114","Thanet",-0.009700889,-0.015706806,-0.005681818,0.031088083,-0.009090909,-0.031700288
