"Code","Name","LA_code","LA_name","All","X0to15","X16to29","X30to44","X45to64","X65plus"
"E01024654","Thanet 002B","E07000114","Thanet",-0.005750799,-0.054794521,0.083916084,0,0.002369668,-0.01650165
