"Code","Name","LA_code","LA_name","All","X0to15","X16to29","X30to44","X45to64","X65plus"
"E01024713","Thanet 007B","E07000114","Thanet",-0.01121705,-0.00243309,-0.039370079,0.009146341,-0.014527845,-0.015915119
