"Code","Name","LA_code","LA_name","All","X0to15","X16to29","X30to44","X45to64","X65plus"
"E01024639","Thanet 008D","E07000114","Thanet",0.004268293,0.037234043,-0.005181347,0.005050505,0.008163265,-0.007005254
