"Code","Name","LA_code","LA_name","All","X0to15","X16to29","X30to44","X45to64","X65plus"
"E01024662","Thanet 006C","E07000114","Thanet",0.010869565,-0.038461538,0,0.025210084,0.067204301,-0.002369668
