"Code","Name","LA_code","LA_name","All","X0to15","X16to29","X30to44","X45to64","X65plus"
"E01024664","Thanet 004B","E07000114","Thanet",-0.026420079,-0.072674419,-0.007782101,-0.055555556,-0.007125891,0.022522523
