"Code","Name","LA_code","LA_name","All","X0to15","X16to29","X30to44","X45to64","X65plus"
"E01024636","Thanet 008A","E07000114","Thanet",0.005157056,0.076142132,-0.035928144,-0.014492754,-0.015974441,0.016025641
