"Code","Name","LA_code","LA_name","All","X0to15","X16to29","X30to44","X45to64","X65plus"
"E01024656","Thanet 002D","E07000114","Thanet",-0.01497006,-0.066666667,-0.06374502,0.005208333,-0.005859375,0.011538462
