"Code","Name","LA_code","LA_name","All","X0to15","X16to29","X30to44","X45to64","X65plus"
"E01024685","Thanet 013D","E07000114","Thanet",0.041575492,0.033333333,0.065972222,0.051369863,0.026052104,0.043701799
