"Code","Name","LA_code","LA_name","All","X0to15","X16to29","X30to44","X45to64","X65plus"
"E01024648","Thanet 016B","E07000114","Thanet",0.000671141,0,-0.028806584,0.003846154,-0.002487562,0.024390244
