"Code","Name","LA_code","LA_name","All","X0to15","X16to29","X30to44","X45to64","X65plus"
"E01024716","Thanet 007E","E07000114","Thanet",0.010501193,0.026190476,0.025862069,-0.017391304,0,0.019512195
