"Code","Name","LA_code","LA_name","All","X0to15","X16to29","X30to44","X45to64","X65plus"
"E01024703","Thanet 014C","E07000114","Thanet",-0.003372681,-0.031578947,0.108247423,0,-0.026548673,-0.006726457
