"Code","Name","LA_code","LA_name","All","X0to15","X16to29","X30to44","X45to64","X65plus"
"E01024649","Thanet 016C","E07000114","Thanet",-0.010863661,-0.003058104,0.03125,0.008695652,0,-0.091690544
