"Code","Name","LA_code","LA_name","All","X0to15","X16to29","X30to44","X45to64","X65plus"
"E01024678","Thanet 001E","E07000114","Thanet",0.001364256,0.03164557,0.007722008,0,-0.014736842,-0.030927835
