"Code","Name","LA_code","LA_name","All","X0to15","X16to29","X30to44","X45to64","X65plus"
"W01001090","The Vale of Glamorgan 006E","W06000014","The Vale of Glamorgan",0.015277778,0.037037037,-0.022099448,0.012605042,0.004597701,0.035135135
