"Code","Name","LA_code","LA_name","All","X0to15","X16to29","X30to44","X45to64","X65plus"
"W01001123","The Vale of Glamorgan 005B","W06000014","The Vale of Glamorgan",0.01010101,-0.004975124,0.033018868,0.006944444,0.011520737,0.006681514
