"Code","Name","LA_code","LA_name","All","X0to15","X16to29","X30to44","X45to64","X65plus"
"W01001087","The Vale of Glamorgan 006B","W06000014","The Vale of Glamorgan",0.018087855,0.024489796,0.070422535,0.034334764,0.002439024,-0.004474273
