"Code","Name","LA_code","LA_name","All","X0to15","X16to29","X30to44","X45to64","X65plus"
"W01001079","The Vale of Glamorgan 012E","W06000014","The Vale of Glamorgan",0.021464646,-0.007874016,0.066889632,0.016216216,0.017595308,0.025906736
