"Code","Name","LA_code","LA_name","All","X0to15","X16to29","X30to44","X45to64","X65plus"
"W01001096","The Vale of Glamorgan 007E","W06000014","The Vale of Glamorgan",-0.008339651,-0.057268722,0.033333333,-0.015686275,-0.012121212,0.012232416
