"Code","Name","LA_code","LA_name","All","X0to15","X16to29","X30to44","X45to64","X65plus"
"W01001094","The Vale of Glamorgan 007C","W06000014","The Vale of Glamorgan",0.08582996,0.163701068,0.081712062,0.121495327,0.01242236,0.055900621
