"Code","Name","LA_code","LA_name","All","X0to15","X16to29","X30to44","X45to64","X65plus"
"W01001132","The Vale of Glamorgan 008D","W06000014","The Vale of Glamorgan",0.011005136,0.012711864,-0.005025126,0.021551724,0.023419204,-0.007434944
