"Code","Name","LA_code","LA_name","All","X0to15","X16to29","X30to44","X45to64","X65plus"
"W01001111","The Vale of Glamorgan 011E","W06000014","The Vale of Glamorgan",0.009333333,0.031948882,-0.007380074,0.019011407,0.005263158,-0.003663004
