"Code","Name","LA_code","LA_name","All","X0to15","X16to29","X30to44","X45to64","X65plus"
"W01001098","The Vale of Glamorgan 010B","W06000014","The Vale of Glamorgan",0.007434944,0.035502959,0.025,0.013157895,-0.003225806,-0.006153846
