"Code","Name","LA_code","LA_name","All","X0to15","X16to29","X30to44","X45to64","X65plus"
"W01001092","The Vale of Glamorgan 007B","W06000014","The Vale of Glamorgan",-0.016998543,-0.028953229,-0.005376344,-0.002463054,-0.023529412,-0.02173913
