"Code","Name","LA_code","LA_name","All","X0to15","X16to29","X30to44","X45to64","X65plus"
"W01001133","The Vale of Glamorgan 008E","W06000014","The Vale of Glamorgan",0.025641026,0.068535826,0.064777328,0.046242775,-0.010135135,0.010954617
