"Code","Name","LA_code","LA_name","All","X0to15","X16to29","X30to44","X45to64","X65plus"
"W01001068","The Vale of Glamorgan 009B","W06000014","The Vale of Glamorgan",0.031268095,0.037837838,0.029585799,0.059895833,0.03539823,-0.049180328
