"Code","Name","LA_code","LA_name","All","X0to15","X16to29","X30to44","X45to64","X65plus"
"W01001076","The Vale of Glamorgan 004B","W06000014","The Vale of Glamorgan",-0.000662252,0.061919505,-0.030651341,0.014124294,-0.03968254,-0.015463918
