"Code","Name","LA_code","LA_name","All","X0to15","X16to29","X30to44","X45to64","X65plus"
"W01001126","The Vale of Glamorgan 005E","W06000014","The Vale of Glamorgan",0.006252605,-0.00867052,0.034274194,0.013029316,0.014634146,-0.048780488
