"Code","Name","LA_code","LA_name","All","X0to15","X16to29","X30to44","X45to64","X65plus"
"W01001121","The Vale of Glamorgan 014E","W06000014","The Vale of Glamorgan",-0.006626905,0.048507463,0.024875622,0.013392857,-0.028824834,-0.049315068
