"Code","Name","LA_code","LA_name","All","X0to15","X16to29","X30to44","X45to64","X65plus"
"W01001082","The Vale of Glamorgan 002A","W06000014","The Vale of Glamorgan",-0.001239926,-0.053278689,-0.027210884,0.053333333,-0.00255102,0.00661157
