"Code","Name","LA_code","LA_name","All","X0to15","X16to29","X30to44","X45to64","X65plus"
"W01001066","The Vale of Glamorgan 015D","W06000014","The Vale of Glamorgan",-0.01663586,-0.051204819,-0.036900369,-0.045045045,0.009411765,0.041984733
