"Code","Name","LA_code","LA_name","All","X0to15","X16to29","X30to44","X45to64","X65plus"
"W01001088","The Vale of Glamorgan 006C","W06000014","The Vale of Glamorgan",-0.017139796,-0.009433962,-0.046428571,0.011811024,-0.022044088,-0.015503876
