"Code","Name","LA_code","LA_name","All","X0to15","X16to29","X30to44","X45to64","X65plus"
"W01001100","The Vale of Glamorgan 010C","W06000014","The Vale of Glamorgan",0.017647059,-0.013513514,0.015544041,0.03125,0.007434944,0.045325779
