"Code","Name","LA_code","LA_name","All","X0to15","X16to29","X30to44","X45to64","X65plus"
"W01001072","The Vale of Glamorgan 009E","W06000014","The Vale of Glamorgan",-0.04473161,-0.102009274,-0.036900369,-0.067292645,-0.005903188,-0.002915452
