"Code","Name","LA_code","LA_name","All","X0to15","X16to29","X30to44","X45to64","X65plus"
"W01001130","The Vale of Glamorgan 005F","W06000014","The Vale of Glamorgan",0.015760441,0.018248175,0.076923077,0.036885246,-0.01312336,-0.004672897
