"Code","Name","LA_code","LA_name","All","X0to15","X16to29","X30to44","X45to64","X65plus"
"E01023807","Three Rivers 001D","E07000102","Three Rivers",0.014360313,0.015444015,-0.007751938,0.054298643,0.016666667,0
