"Code","Name","LA_code","LA_name","All","X0to15","X16to29","X30to44","X45to64","X65plus"
"E01023806","Three Rivers 012A","E07000102","Three Rivers",0.054861731,0.079365079,0.058823529,0.03646833,0.071684588,0
