"Code","Name","LA_code","LA_name","All","X0to15","X16to29","X30to44","X45to64","X65plus"
"E01023820","Three Rivers 006B","E07000102","Three Rivers",0.01120239,0.019455253,0.098837209,-0.009302326,-0.007751938,-0.006493506
