"Code","Name","LA_code","LA_name","All","X0to15","X16to29","X30to44","X45to64","X65plus"
"E01023843","Three Rivers 012C","E07000102","Three Rivers",-0.015158693,0.010548523,-0.030487805,-0.003690037,-0.028629857,-0.039568345
