"Code","Name","LA_code","LA_name","All","X0to15","X16to29","X30to44","X45to64","X65plus"
"E01023848","Three Rivers 007B","E07000102","Three Rivers",0,-0.016359918,-0.03030303,0.015345269,0.007352941,0.028225806
