"Code","Name","LA_code","LA_name","All","X0to15","X16to29","X30to44","X45to64","X65plus"
"E01023824","Three Rivers 003B","E07000102","Three Rivers",0.007048872,0.015909091,0.025362319,-0.020833333,0.016891892,-0.002293578
