"Code","Name","LA_code","LA_name","All","X0to15","X16to29","X30to44","X45to64","X65plus"
"E01023838","Three Rivers 009D","E07000102","Three Rivers",-0.014503817,-0.037414966,-0.04245283,0.025830258,-0.014619883,-0.005235602
