"Code","Name","LA_code","LA_name","All","X0to15","X16to29","X30to44","X45to64","X65plus"
"E01023822","Three Rivers 006D","E07000102","Three Rivers",-0.013494318,-0.042345277,0.005405405,0.019762846,0.002564103,-0.047619048
