"Code","Name","LA_code","LA_name","All","X0to15","X16to29","X30to44","X45to64","X65plus"
"E01015997","Thurrock 001D","E06000034","Thurrock",-0.005120702,-0.051643192,0.029535865,0.050691244,0.004914005,-0.054607509
