"Code","Name","LA_code","LA_name","All","X0to15","X16to29","X30to44","X45to64","X65plus"
"E01015996","Thurrock 009F","E06000034","Thurrock",0.001257862,-0.021621622,-0.018518519,0.006472492,0.031331593,0.003875969
