"Code","Name","LA_code","LA_name","All","X0to15","X16to29","X30to44","X45to64","X65plus"
"E01015968","Thurrock 014C","E06000034","Thurrock",-0.074391989,-0.12195122,-0.117073171,-0.069444444,-0.057934509,-0.026717557
