"Code","Name","LA_code","LA_name","All","X0to15","X16to29","X30to44","X45to64","X65plus"
"E01033612","Thurrock 020D","E06000034","Thurrock",0.036971831,-0.006479482,0.08988764,0.047244094,0.018421053,0.127906977
