"Code","Name","LA_code","LA_name","All","X0to15","X16to29","X30to44","X45to64","X65plus"
"E01016008","Thurrock 018F","E06000034","Thurrock",-0.041533546,-0.056994819,-0.046428571,-0.038348083,-0.070559611,0.080536913
