"Code","Name","LA_code","LA_name","All","X0to15","X16to29","X30to44","X45to64","X65plus"
"E01015922","Thurrock 008A","E06000034","Thurrock",0.019521411,0.05026455,0.012048193,0.032467532,0.004728132,-0.013043478
