"Code","Name","LA_code","LA_name","All","X0to15","X16to29","X30to44","X45to64","X65plus"
"E01015972","Thurrock 006C","E06000034","Thurrock",0.003810561,-0.012135922,-0.0125,0.013297872,0.002155172,0.037735849
