"Code","Name","LA_code","LA_name","All","X0to15","X16to29","X30to44","X45to64","X65plus"
"E01016004","Thurrock 018B","E06000034","Thurrock",0.015954416,0.047619048,-0.030534351,0.016,0.002680965,0.020746888
