"Code","Name","LA_code","LA_name","All","X0to15","X16to29","X30to44","X45to64","X65plus"
"E01015960","Thurrock 014A","E06000034","Thurrock",0.077142857,0.161572052,0.139534884,0.096330275,0.051522248,-0.006430868
