"Code","Name","LA_code","LA_name","All","X0to15","X16to29","X30to44","X45to64","X65plus"
"E01015932","Thurrock 006A","E06000034","Thurrock",-0.000560852,0.039893617,0.024242424,0,-0.004310345,-0.089430894
