"Code","Name","LA_code","LA_name","All","X0to15","X16to29","X30to44","X45to64","X65plus"
"E01015957","Thurrock 009A","E06000034","Thurrock",0.036259542,0.035502959,0.089361702,0.018518519,0.005025126,0.057761733
