"Code","Name","LA_code","LA_name","All","X0to15","X16to29","X30to44","X45to64","X65plus"
"E01015927","Thurrock 007A","E06000034","Thurrock",0.008350731,0.030769231,0.005882353,0.002331002,-0.009389671,0.004975124
