"Code","Name","LA_code","LA_name","All","X0to15","X16to29","X30to44","X45to64","X65plus"
"E01015963","Thurrock 010A","E06000034","Thurrock",0.022275259,0.011695906,0.061611374,-0.008032129,0.058394161,-0.016574586
