"Code","Name","LA_code","LA_name","All","X0to15","X16to29","X30to44","X45to64","X65plus"
"E01033614","Thurrock 020E","E06000034","Thurrock",-0.023498695,-0.02,0,-0.017274472,-0.047311828,-0.030927835
