"Code","Name","LA_code","LA_name","All","X0to15","X16to29","X30to44","X45to64","X65plus"
"E01016003","Thurrock 018A","E06000034","Thurrock",0.006906077,-0.011257036,0.036407767,0.014056225,-0.004115226,0.004115226
