"Code","Name","LA_code","LA_name","All","X0to15","X16to29","X30to44","X45to64","X65plus"
"E01015961","Thurrock 016D","E06000034","Thurrock",0.024574669,-0.020134228,0.011450382,0.043062201,0.03,0.057416268
