"Code","Name","LA_code","LA_name","All","X0to15","X16to29","X30to44","X45to64","X65plus"
"E01015926","Thurrock 008E","E06000034","Thurrock",-0.016766467,-0.005988024,-0.00729927,0.002906977,-0.044444444,-0.022364217
