"Code","Name","LA_code","LA_name","All","X0to15","X16to29","X30to44","X45to64","X65plus"
"E01015995","Thurrock 009E","E06000034","Thurrock",0.021911138,0.070588235,0.06147541,0.063670412,0.00203666,-0.038860104
