"Code","Name","LA_code","LA_name","All","X0to15","X16to29","X30to44","X45to64","X65plus"
"E01015930","Thurrock 007D","E06000034","Thurrock",0.043501903,0.03125,0.082352941,0.038636364,0.026128266,0.052631579
