"Code","Name","LA_code","LA_name","All","X0to15","X16to29","X30to44","X45to64","X65plus"
"E01015987","Thurrock 002C","E06000034","Thurrock",-0.015509103,-0.010452962,-0.027681661,-0.059440559,-0.011049724,0.034749035
