"Code","Name","LA_code","LA_name","All","X0to15","X16to29","X30to44","X45to64","X65plus"
"E01015947","Thurrock 013A","E06000034","Thurrock",0.019515478,0.029891304,0.058823529,0.020710059,-0.021978022,0.015748031
