"Code","Name","LA_code","LA_name","All","X0to15","X16to29","X30to44","X45to64","X65plus"
"E01015921","Thurrock 015A","E06000034","Thurrock",-0.051140834,-0.07751938,-0.060344828,-0.089918256,0.026936027,-0.051282051
