"Code","Name","LA_code","LA_name","All","X0to15","X16to29","X30to44","X45to64","X65plus"
"E01015952","Thurrock 017B","E06000034","Thurrock",0.012861736,0.00149925,0.022680412,-0.00140647,0.03307393,0.036036036
