"Code","Name","LA_code","LA_name","All","X0to15","X16to29","X30to44","X45to64","X65plus"
"E01015965","Thurrock 010C","E06000034","Thurrock",-0.002707093,-0.015831135,-0.037453184,-0.017142857,0.002079002,0.043243243
