"Code","Name","LA_code","LA_name","All","X0to15","X16to29","X30to44","X45to64","X65plus"
"E01015982","Thurrock 019A","E06000034","Thurrock",-0.014958863,-0.021917808,0.021327014,-0.015348288,0.010398614,-0.265306122
