"Code","Name","LA_code","LA_name","All","X0to15","X16to29","X30to44","X45to64","X65plus"
"E01024786","Tonbridge and Malling 006F","E07000115","Tonbridge and Malling",0.014570966,0.046632124,0.007782101,-0.009836066,0.017475728,0.002564103
