"Code","Name","LA_code","LA_name","All","X0to15","X16to29","X30to44","X45to64","X65plus"
"E01024742","Tonbridge and Malling 014B","E07000115","Tonbridge and Malling",-0.013318535,-0.043981481,0.014814815,-0.011695906,-0.00814664,-0.003745318
