"Code","Name","LA_code","LA_name","All","X0to15","X16to29","X30to44","X45to64","X65plus"
"E01024730","Tonbridge and Malling 009A","E07000115","Tonbridge and Malling",0.036862745,0.163366337,0.15483871,0.108108108,-0.017142857,-0.062663185
