"Code","Name","LA_code","LA_name","All","X0to15","X16to29","X30to44","X45to64","X65plus"
"E01024722","Tonbridge and Malling 001D","E07000115","Tonbridge and Malling",0.024458421,0.030716724,0.023923445,0.010416667,0.026960784,0.030042918
