"Code","Name","LA_code","LA_name","All","X0to15","X16to29","X30to44","X45to64","X65plus"
"E01032825","Tonbridge and Malling 007E","E07000115","Tonbridge and Malling",-0.051485149,-0.035452323,-0.027607362,-0.053385417,-0.076923077,-0.101265823
