"Code","Name","LA_code","LA_name","All","X0to15","X16to29","X30to44","X45to64","X65plus"
"E01032829","Tonbridge and Malling 014F","E07000115","Tonbridge and Malling",0.050179211,0.111111111,0.02919708,0.070833333,0.022522523,0.034161491
