"Code","Name","LA_code","LA_name","All","X0to15","X16to29","X30to44","X45to64","X65plus"
"E01024728","Tonbridge and Malling 001F","E07000115","Tonbridge and Malling",-0.018086348,-0.018691589,0.008403361,-0.00619195,-0.034623218,-0.023460411
