"Code","Name","LA_code","LA_name","All","X0to15","X16to29","X30to44","X45to64","X65plus"
"E01024754","Tonbridge and Malling 010D","E07000115","Tonbridge and Malling",-0.004029937,-0.020408163,-0.010471204,0.037800687,-0.022018349,0.012578616
