"Code","Name","LA_code","LA_name","All","X0to15","X16to29","X30to44","X45to64","X65plus"
"E01024744","Tonbridge and Malling 008B","E07000115","Tonbridge and Malling",-0.004911591,-0.008403361,0.014388489,0.018726592,-0.028315946,0.006479482
