"Code","Name","LA_code","LA_name","All","X0to15","X16to29","X30to44","X45to64","X65plus"
"E01024782","Tonbridge and Malling 003G","E07000115","Tonbridge and Malling",-0.010483871,-0.013761468,-0.015384615,0.021008403,0.030927835,-0.119402985
