"Code","Name","LA_code","LA_name","All","X0to15","X16to29","X30to44","X45to64","X65plus"
"E01024732","Tonbridge and Malling 012A","E07000115","Tonbridge and Malling",-0.014144272,0.020120724,-0.013029316,0.012919897,-0.012562814,-0.142222222
