"Code","Name","LA_code","LA_name","All","X0to15","X16to29","X30to44","X45to64","X65plus"
"E01024717","Tonbridge and Malling 005A","E07000115","Tonbridge and Malling",0.020118343,0.044776119,0.00390625,0.021551724,0.034090909,0.002024291
