"Code","Name","LA_code","LA_name","All","X0to15","X16to29","X30to44","X45to64","X65plus"
"E01024779","Tonbridge and Malling 013D","E07000115","Tonbridge and Malling",0.023153252,0.048275862,0.018918919,0.02617801,0.032989691,-0.017421603
