"Code","Name","LA_code","LA_name","All","X0to15","X16to29","X30to44","X45to64","X65plus"
"E01015251","Torbay 003C","E06000027","Torbay",-0.002502085,0.020725389,0.004926108,0.035714286,0,-0.053030303
