"Code","Name","LA_code","LA_name","All","X0to15","X16to29","X30to44","X45to64","X65plus"
"E01015232","Torbay 014C","E06000027","Torbay",-0.001126126,0.098039216,-0.025723473,0.046692607,-0.016977929,-0.02360515
