"Code","Name","LA_code","LA_name","All","X0to15","X16to29","X30to44","X45to64","X65plus"
"E01015234","Torbay 014E","E06000027","Torbay",0.025354213,0.021582734,0.064935065,-0.012820513,0.020050125,0.040201005
