"Code","Name","LA_code","LA_name","All","X0to15","X16to29","X30to44","X45to64","X65plus"
"E01015196","Torbay 013G","E06000027","Torbay",0.005090498,0,0.003184713,0.01183432,0,0.020833333
