"Code","Name","LA_code","LA_name","All","X0to15","X16to29","X30to44","X45to64","X65plus"
"E01015245","Torbay 018B","E06000027","Torbay",-0.013667426,-0.058510638,0.029411765,0.058394161,-0.008,-0.03803132
