"Code","Name","LA_code","LA_name","All","X0to15","X16to29","X30to44","X45to64","X65plus"
"E01015208","Torbay 019F","E06000027","Torbay",0.008130081,0.005524862,0.044444444,-0.063380282,0.019469027,0.005148005
