"Code","Name","LA_code","LA_name","All","X0to15","X16to29","X30to44","X45to64","X65plus"
"E01015244","Torbay 018A","E06000027","Torbay",0.006364922,0.035353535,0.022222222,0.025477707,0.002309469,-0.015695067
