"Code","Name","LA_code","LA_name","All","X0to15","X16to29","X30to44","X45to64","X65plus"
"E01015220","Torbay 015B","E06000027","Torbay",0.030905077,0.0375,0.041666667,0.053691275,0.019823789,0.028037383
