"Code","Name","LA_code","LA_name","All","X0to15","X16to29","X30to44","X45to64","X65plus"
"E01015209","Torbay 019A","E06000027","Torbay",0.016642547,0.04245283,0.077348066,0.014492754,-0.012437811,0.005263158
