"Code","Name","LA_code","LA_name","All","X0to15","X16to29","X30to44","X45to64","X65plus"
"E01015233","Torbay 014D","E06000027","Torbay",0.014347202,0.009615385,0.025316456,0.033018868,0.044386423,-0.033898305
