"Code","Name","LA_code","LA_name","All","X0to15","X16to29","X30to44","X45to64","X65plus"
"E01015257","Torbay 004A","E06000027","Torbay",0.003055768,-0.018656716,0,0.008849558,0.014409222,0.00913242
