"Code","Name","LA_code","LA_name","All","X0to15","X16to29","X30to44","X45to64","X65plus"
"E01015230","Torbay 011F","E06000027","Torbay",-0.009915014,0.005952381,0.015151515,0.006024096,0.04851752,-0.062608696
