"Code","Name","LA_code","LA_name","All","X0to15","X16to29","X30to44","X45to64","X65plus"
"E01015269","Torbay 010C","E06000027","Torbay",0.010685104,0.096774194,0.023255814,0,0.008333333,-0.010526316
