"Code","Name","LA_code","LA_name","All","X0to15","X16to29","X30to44","X45to64","X65plus"
"E01015229","Torbay 014A","E06000027","Torbay",0.005563282,0.010752688,0.058139535,-0.061111111,-0.025,0.02962963
