"Code","Name","LA_code","LA_name","All","X0to15","X16to29","X30to44","X45to64","X65plus"
"E01015192","Torbay 013C","E06000027","Torbay",0.008392511,-0.010582011,0.015564202,0.023809524,0.01703163,0
