"Code","Name","LA_code","LA_name","All","X0to15","X16to29","X30to44","X45to64","X65plus"
"E01015213","Torbay 019D","E06000027","Torbay",0.048135593,0.110091743,0.052401747,0.056818182,0.039119804,-0.032520325
