"Code","Name","LA_code","LA_name","All","X0to15","X16to29","X30to44","X45to64","X65plus"
"E01015225","Torbay 011B","E06000027","Torbay",-0.009259259,-0.016806723,-0.018348624,-0.01369863,-0.002272727,-0.005037783
