"Code","Name","LA_code","LA_name","All","X0to15","X16to29","X30to44","X45to64","X65plus"
"E01015239","Torbay 002D","E06000027","Torbay",-0.036012862,-0.016393443,-0.035714286,0.005681818,-0.017073171,-0.066343042
