"Code","Name","LA_code","LA_name","All","X0to15","X16to29","X30to44","X45to64","X65plus"
"E01015259","Torbay 004C","E06000027","Torbay",0.018491124,0.032258065,0.020325203,0.007575758,-0.005277045,0.065359477
