"Code","Name","LA_code","LA_name","All","X0to15","X16to29","X30to44","X45to64","X65plus"
"E01015238","Torbay 002C","E06000027","Torbay",-0.009193777,-0.067857143,-0.009174312,0.009259259,-0.024930748,0.044247788
