"Code","Name","LA_code","LA_name","All","X0to15","X16to29","X30to44","X45to64","X65plus"
"E01015187","Torbay 017E","E06000027","Torbay",-0.012256669,-0.006711409,-0.133333333,-0.037878788,0,0.008375209
