"Code","Name","LA_code","LA_name","All","X0to15","X16to29","X30to44","X45to64","X65plus"
"E01015198","Torbay 016B","E06000027","Torbay",0.034700315,0.066666667,0.047619048,0.036585366,0.002053388,0.048211509
