"Code","Name","LA_code","LA_name","All","X0to15","X16to29","X30to44","X45to64","X65plus"
"E01015207","Torbay 019E","E06000027","Torbay",0.013027295,0.00877193,0.004424779,-0.013333333,0.017241379,0.046428571
