"Code","Name","LA_code","LA_name","All","X0to15","X16to29","X30to44","X45to64","X65plus"
"E01015211","Torbay 019G","E06000027","Torbay",0.001994681,0.00952381,-0.005405405,0.065891473,-0.010638298,-0.032432432
