"Code","Name","LA_code","LA_name","All","X0to15","X16to29","X30to44","X45to64","X65plus"
"E01015253","Torbay 003E","E06000027","Torbay",0.006696429,0.011655012,0.020895522,-0.01511335,0.022522523,-0.021390374
