"Code","Name","LA_code","LA_name","All","X0to15","X16to29","X30to44","X45to64","X65plus"
"W01001536","Torfaen 009C","W06000020","Torfaen",-0.008038585,-0.019607843,-0.026217228,0.020408163,0.021505376,-0.054421769
