"Code","Name","LA_code","LA_name","All","X0to15","X16to29","X30to44","X45to64","X65plus"
"W01001534","Torfaen 012C","W06000020","Torfaen",-0.009377093,0.018939394,-0.008547009,-0.027559055,0.00968523,-0.042682927
