"Code","Name","LA_code","LA_name","All","X0to15","X16to29","X30to44","X45to64","X65plus"
"W01001494","Torfaen 008B","W06000020","Torfaen",0.022297297,0.008130081,0.028985507,-0.004854369,0.038834951,0.024449878
