"Code","Name","LA_code","LA_name","All","X0to15","X16to29","X30to44","X45to64","X65plus"
"W01001540","Torfaen 004E","W06000020","Torfaen",0.005063291,0.078534031,0.018099548,-0.035175879,0.015957447,-0.060606061
