"Code","Name","LA_code","LA_name","All","X0to15","X16to29","X30to44","X45to64","X65plus"
"W01001486","Torfaen 002E","W06000020","Torfaen",-0.030638853,-0.010869565,-0.043636364,-0.021201413,-0.047505938,-0.021505376
