"Code","Name","LA_code","LA_name","All","X0to15","X16to29","X30to44","X45to64","X65plus"
"W01001495","Torfaen 008C","W06000020","Torfaen",-0.000565931,0.044534413,0.052173913,-0.042372881,0.00204499,-0.026548673
