"Code","Name","LA_code","LA_name","All","X0to15","X16to29","X30to44","X45to64","X65plus"
"W01001535","Torfaen 012D","W06000020","Torfaen",-0.013910355,-0.016129032,0,-0.004587156,-0.034825871,0
