"Code","Name","LA_code","LA_name","All","X0to15","X16to29","X30to44","X45to64","X65plus"
"W01001497","Torfaen 011A","W06000020","Torfaen",-0.020194986,-0.015151515,-0.029411765,-0.04048583,-0.041666667,0.022082019
