"Code","Name","LA_code","LA_name","All","X0to15","X16to29","X30to44","X45to64","X65plus"
"W01001487","Torfaen 001A","W06000020","Torfaen",-0.014375,-0.060200669,-0.013888889,-0.027559055,0.011574074,0.003058104
