"Code","Name","LA_code","LA_name","All","X0to15","X16to29","X30to44","X45to64","X65plus"
"W01001484","Torfaen 002C","W06000020","Torfaen",-0.019163763,-0.03785489,-0.016194332,-0.045138889,0.001908397,-0.014450867
