"Code","Name","LA_code","LA_name","All","X0to15","X16to29","X30to44","X45to64","X65plus"
"W01001522","Torfaen 007D","W06000020","Torfaen",0.008489994,-0.021428571,0.019417476,-0.012448133,0.014613779,0.029411765
