"Code","Name","LA_code","LA_name","All","X0to15","X16to29","X30to44","X45to64","X65plus"
"W01001514","Torfaen 006A","W06000020","Torfaen",-0.035149385,-0.006097561,-0.046783626,-0.032786885,-0.050595238,-0.028169014
