"Code","Name","LA_code","LA_name","All","X0to15","X16to29","X30to44","X45to64","X65plus"
"W01001488","Torfaen 001B","W06000020","Torfaen",0.005572755,0.019886364,0.018292683,0,-0.01242236,0
