"Code","Name","LA_code","LA_name","All","X0to15","X16to29","X30to44","X45to64","X65plus"
"W01001492","Torfaen 012A","W06000020","Torfaen",-0.0028,0,-0.01216545,0.015801354,-0.001449275,-0.017278618
