"Code","Name","LA_code","LA_name","All","X0to15","X16to29","X30to44","X45to64","X65plus"
"E01020285","Torridge 004F","E07000046","Torridge",-0.003355705,0.006329114,0.011933174,-0.002518892,0.004,-0.054054054
