"Code","Name","LA_code","LA_name","All","X0to15","X16to29","X30to44","X45to64","X65plus"
"E01020308","Torridge 007C","E07000046","Torridge",-0.012547736,-0.011857708,-0.029411765,-0.003861004,-0.009538951,-0.013215859
