"Code","Name","LA_code","LA_name","All","X0to15","X16to29","X30to44","X45to64","X65plus"
"E01020290","Torridge 009C","E07000046","Torridge",0.006300115,0.034782609,-0.092485549,0.0375,0.011214953,0.007042254
