"Code","Name","LA_code","LA_name","All","X0to15","X16to29","X30to44","X45to64","X65plus"
"E01020279","Torridge 004C","E07000046","Torridge",-0.01504788,-0.021276596,-0.032380952,0,-0.011544012,-0.010799136
