"Code","Name","LA_code","LA_name","All","X0to15","X16to29","X30to44","X45to64","X65plus"
"E01020282","Torridge 003C","E07000046","Torridge",-0.010461538,-0.009868421,-0.01980198,-0.022222222,0.015873016,-0.026490066
