"Code","Name","LA_code","LA_name","All","X0to15","X16to29","X30to44","X45to64","X65plus"
"E01020284","Torridge 004E","E07000046","Torridge",0.003954523,0.020689655,0.008426966,0.032163743,-0.001760563,-0.043478261
