"Code","Name","LA_code","LA_name","All","X0to15","X16to29","X30to44","X45to64","X65plus"
"E01020307","Torridge 006D","E07000046","Torridge",-0.020612485,-0.053672316,-0.031358885,0.007434944,-0.01216545,-0.01061008
