"Code","Name","LA_code","LA_name","All","X0to15","X16to29","X30to44","X45to64","X65plus"
"E01020300","Torridge 002B","E07000046","Torridge",0.106382979,0.015075377,0.014925373,0.077294686,0.089820359,0.187004754
