"Code","Name","LA_code","LA_name","All","X0to15","X16to29","X30to44","X45to64","X65plus"
"E01004250","Tower Hamlets 020D","E09000030","Tower Hamlets",-0.01860119,-0.016029593,-0.015533981,-0.027818448,-0.048262548,0.093167702
