"Code","Name","LA_code","LA_name","All","X0to15","X16to29","X30to44","X45to64","X65plus"
"E01004297","Tower Hamlets 027C","E09000030","Tower Hamlets",0.006454816,0.053435115,-0.006993007,0.004149378,-0.013392857,0.032894737
