"Code","Name","LA_code","LA_name","All","X0to15","X16to29","X30to44","X45to64","X65plus"
"E01004226","Tower Hamlets 001D","E09000030","Tower Hamlets",0.002964845,0.006482982,0.001766784,0.013452915,-0.002666667,-0.044776119
