"Code","Name","LA_code","LA_name","All","X0to15","X16to29","X30to44","X45to64","X65plus"
"E01004302","Tower Hamlets 025C","E09000030","Tower Hamlets",0.124260355,0.146341463,0.084507042,0.107644306,0.130584192,0.378787879
