"Code","Name","LA_code","LA_name","All","X0to15","X16to29","X30to44","X45to64","X65plus"
"E01004238","Tower Hamlets 008D","E09000030","Tower Hamlets",-0.013903518,0.004694836,-0.02364395,-0.011889862,-0.018108652,-0.060402685
