"Code","Name","LA_code","LA_name","All","X0to15","X16to29","X30to44","X45to64","X65plus"
"E01004258","Tower Hamlets 023D","E09000030","Tower Hamlets",0.003148615,0.05785124,0.003389831,0.025369979,-0.03874092,-0.036363636
