"Code","Name","LA_code","LA_name","All","X0to15","X16to29","X30to44","X45to64","X65plus"
"E01004305","Tower Hamlets 022D","E09000030","Tower Hamlets",0.003237743,-0.032755299,-0.001785714,0.01598579,-0.028571429,0.12195122
