"Code","Name","LA_code","LA_name","All","X0to15","X16to29","X30to44","X45to64","X65plus"
"E01004203","Tower Hamlets 005C","E09000030","Tower Hamlets",-0.027890467,-0.002564103,-0.011784512,-0.029459902,-0.015686275,-0.204918033
