"Code","Name","LA_code","LA_name","All","X0to15","X16to29","X30to44","X45to64","X65plus"
"E01004295","Tower Hamlets 026C","E09000030","Tower Hamlets",-0.003120125,0.008196721,0.005291005,-0.003546099,-0.041152263,-0.0078125
