"Code","Name","LA_code","LA_name","All","X0to15","X16to29","X30to44","X45to64","X65plus"
"E01004317","Tower Hamlets 009D","E09000030","Tower Hamlets",-0.05209914,-0.173192771,-0.029126214,-0.020714286,-0.031111111,-0.089108911
