"Code","Name","LA_code","LA_name","All","X0to15","X16to29","X30to44","X45to64","X65plus"
"E01004312","Tower Hamlets 009A","E09000030","Tower Hamlets",-0.054087277,-0.044871795,-0.063882064,-0.042889391,-0.031746032,-0.126666667
