"Code","Name","LA_code","LA_name","All","X0to15","X16to29","X30to44","X45to64","X65plus"
"E01032785","Tower Hamlets 010E","E09000030","Tower Hamlets",-0.041066892,-0.100154083,0.002227171,-0.017653167,-0.059760956,-0.02
