"Code","Name","LA_code","LA_name","All","X0to15","X16to29","X30to44","X45to64","X65plus"
"E01004269","Tower Hamlets 014A","E09000030","Tower Hamlets",-0.003223207,-0.019097222,-0.024930748,0,0.014005602,0.102564103
