"Code","Name","LA_code","LA_name","All","X0to15","X16to29","X30to44","X45to64","X65plus"
"E01004271","Tower Hamlets 014C","E09000030","Tower Hamlets",-0.006358382,-0.009689922,0.007444169,-0.02832244,0.02811245,-0.029126214
