"Code","Name","LA_code","LA_name","All","X0to15","X16to29","X30to44","X45to64","X65plus"
"E01004229","Tower Hamlets 004C","E09000030","Tower Hamlets",0.001201923,-0.011695906,-0.002164502,-0.015873016,0.025806452,0.055045872
