"Code","Name","LA_code","LA_name","All","X0to15","X16to29","X30to44","X45to64","X65plus"
"E01004231","Tower Hamlets 004D","E09000030","Tower Hamlets",-0.04491018,-0.014736842,-0.051383399,-0.027675277,-0.085106383,-0.092105263
