"Code","Name","LA_code","LA_name","All","X0to15","X16to29","X30to44","X45to64","X65plus"
"E01004239","Tower Hamlets 008E","E09000030","Tower Hamlets",-0.04130809,-0.055684455,-0.044155844,-0.004914005,-0.041916168,-0.080645161
