"Code","Name","LA_code","LA_name","All","X0to15","X16to29","X30to44","X45to64","X65plus"
"E01004201","Tower Hamlets 002D","E09000030","Tower Hamlets",0.005800464,0.040229885,-0.021479714,0.029411765,-0.020710059,-0.013986014
