"Code","Name","LA_code","LA_name","All","X0to15","X16to29","X30to44","X45to64","X65plus"
"E01004223","Tower Hamlets 001B","E09000030","Tower Hamlets",-0.008336807,0.035785288,-0.048832272,0,-0.003802281,-0.044982699
