"Code","Name","LA_code","LA_name","All","X0to15","X16to29","X30to44","X45to64","X65plus"
"E01004241","Tower Hamlets 012B","E09000030","Tower Hamlets",-0.016783974,-0.037567084,-0.019900498,-0.004056795,-0.030821918,0.089108911
