"Code","Name","LA_code","LA_name","All","X0to15","X16to29","X30to44","X45to64","X65plus"
"E01032765","Tower Hamlets 004F","E09000030","Tower Hamlets",-0.039305768,0.016393443,-0.066450567,-0.038785835,-0.029069767,-0.08
