"Code","Name","LA_code","LA_name","All","X0to15","X16to29","X30to44","X45to64","X65plus"
"E01004285","Tower Hamlets 019B","E09000030","Tower Hamlets",-0.010652463,0.00660066,-0.053691275,-0.003565062,0.029023747,-0.045045045
