"Code","Name","LA_code","LA_name","All","X0to15","X16to29","X30to44","X45to64","X65plus"
"E01004268","Tower Hamlets 012E","E09000030","Tower Hamlets",0.007680492,0.024691358,-0.025793651,0,0.023054755,0.094339623
