"Code","Name","LA_code","LA_name","All","X0to15","X16to29","X30to44","X45to64","X65plus"
"E01004245","Tower Hamlets 018A","E09000030","Tower Hamlets",-0.01623985,-0.031120332,-0.018779343,-0.021212121,-0.006802721,0.086956522
