"Code","Name","LA_code","LA_name","All","X0to15","X16to29","X30to44","X45to64","X65plus"
"E01004261","Tower Hamlets 010A","E09000030","Tower Hamlets",-0.008288288,-0.002631579,-0.01645857,-0.008746356,0.027624309,0.04587156
