"Code","Name","LA_code","LA_name","All","X0to15","X16to29","X30to44","X45to64","X65plus"
"E01004306","Tower Hamlets 015A","E09000030","Tower Hamlets",-0.260249554,0.003521127,-0.18027735,-0.377358491,-0.441037736,-0.006896552
