"Code","Name","LA_code","LA_name","All","X0to15","X16to29","X30to44","X45to64","X65plus"
"E01004308","Tower Hamlets 015C","E09000030","Tower Hamlets",0.01138647,0.032258065,-0.007075472,-0.015873016,-0.008510638,0.175438596
