"Code","Name","LA_code","LA_name","All","X0to15","X16to29","X30to44","X45to64","X65plus"
"E01032771","Tower Hamlets 033B","E09000030","Tower Hamlets",0.025839793,-0.023178808,0.009708738,-0.001639344,0.134328358,0.739130435
