"Code","Name","LA_code","LA_name","All","X0to15","X16to29","X30to44","X45to64","X65plus"
"E01004256","Tower Hamlets 024C","E09000030","Tower Hamlets",-0.018125324,-0.01417004,-0.006818182,-0.025291829,0.01650165,-0.094444444
