"Code","Name","LA_code","LA_name","All","X0to15","X16to29","X30to44","X45to64","X65plus"
"E01004251","Tower Hamlets 023A","E09000030","Tower Hamlets",0.005508475,0.011217949,-0.009416196,-0.006060606,0.015957447,0.053254438
