"Code","Name","LA_code","LA_name","All","X0to15","X16to29","X30to44","X45to64","X65plus"
"E01004289","Tower Hamlets 016C","E09000030","Tower Hamlets",-0.002872188,-0.020304569,-0.004285714,-0.008639309,-0.014204545,0.077777778
