"Code","Name","LA_code","LA_name","All","X0to15","X16to29","X30to44","X45to64","X65plus"
"E01004244","Tower Hamlets 020B","E09000030","Tower Hamlets",-0.011489174,0.007104796,-0.045098039,-0.006,0.002267574,-0.020080321
