"Code","Name","LA_code","LA_name","All","X0to15","X16to29","X30to44","X45to64","X65plus"
"E01004273","Tower Hamlets 014E","E09000030","Tower Hamlets",0.023041475,0.064220183,-0.001470588,0.017432647,0.015306122,0.028776978
