"Code","Name","LA_code","LA_name","All","X0to15","X16to29","X30to44","X45to64","X65plus"
"E01004270","Tower Hamlets 014B","E09000030","Tower Hamlets",-0.001795332,0.01686747,-0.017730496,0.001213592,0.015873016,0.019417476
