"Code","Name","LA_code","LA_name","All","X0to15","X16to29","X30to44","X45to64","X65plus"
"E01004209","Tower Hamlets 011B","E09000030","Tower Hamlets",-0.01340861,-0.010178117,-0.051771117,-0.010416667,0.014018692,0.084745763
