"Code","Name","LA_code","LA_name","All","X0to15","X16to29","X30to44","X45to64","X65plus"
"E01004235","Tower Hamlets 008A","E09000030","Tower Hamlets",-0.002177068,0.03021978,-0.011029412,-0.009852217,-0.056034483,0.057692308
