"Code","Name","LA_code","LA_name","All","X0to15","X16to29","X30to44","X45to64","X65plus"
"E01004200","Tower Hamlets 005A","E09000030","Tower Hamlets",-0.051892552,0.038251366,-0.053191489,-0.063314711,-0.056818182,-0.154761905
