"Code","Name","LA_code","LA_name","All","X0to15","X16to29","X30to44","X45to64","X65plus"
"E01032770","Tower Hamlets 032B","E09000030","Tower Hamlets",0.000644745,0.048780488,0,0.001968504,0.005813953,-0.163043478
