"Code","Name","LA_code","LA_name","All","X0to15","X16to29","X30to44","X45to64","X65plus"
"E01004242","Tower Hamlets 012C","E09000030","Tower Hamlets",-0.016688062,-0.011705686,-0.023223082,-0.024442847,0.003656307,0.008403361
