"Code","Name","LA_code","LA_name","All","X0to15","X16to29","X30to44","X45to64","X65plus"
"E01006111","Trafford 001C","E08000009","Trafford",0.010238908,-0.024482109,0,0.006944444,0.030812325,0.161904762
