"Code","Name","LA_code","LA_name","All","X0to15","X16to29","X30to44","X45to64","X65plus"
"E01006115","Trafford 004C","E08000009","Trafford",-0.011808577,0.003125,-0.003472222,-0.011428571,0.035128806,-0.133928571
