"Code","Name","LA_code","LA_name","All","X0to15","X16to29","X30to44","X45to64","X65plus"
"E01006165","Trafford 012E","E08000009","Trafford",0.021572387,0.056410256,0.01025641,0.011041009,0.0472103,-0.048543689
