"Code","Name","LA_code","LA_name","All","X0to15","X16to29","X30to44","X45to64","X65plus"
"E01006193","Trafford 024D","E08000009","Trafford",-0.013986014,-0.031518625,-0.023121387,-0.015337423,0.021791768,-0.03525641
