"Code","Name","LA_code","LA_name","All","X0to15","X16to29","X30to44","X45to64","X65plus"
"E01006138","Trafford 028E","E08000009","Trafford",0.009625668,0.012135922,0.022727273,0.026315789,0.007009346,-0.005859375
