"Code","Name","LA_code","LA_name","All","X0to15","X16to29","X30to44","X45to64","X65plus"
"E01006172","Trafford 016E","E08000009","Trafford",-0.010582011,-0.037037037,-0.049079755,0.023364486,-0.020408163,0.014150943
