"Code","Name","LA_code","LA_name","All","X0to15","X16to29","X30to44","X45to64","X65plus"
"E01006135","Trafford 028B","E08000009","Trafford",0.001694915,0.005509642,0.03626943,-0.024193548,-0.006578947,0.005882353
