"Code","Name","LA_code","LA_name","All","X0to15","X16to29","X30to44","X45to64","X65plus"
"E01006182","Trafford 006D","E08000009","Trafford",0.067123288,0.097826087,0.1015625,0.111111111,0.022271715,0.033898305
