"Code","Name","LA_code","LA_name","All","X0to15","X16to29","X30to44","X45to64","X65plus"
"E01006149","Trafford 012B","E08000009","Trafford",0.000619579,0.032069971,-0.005494505,0.01897019,-0.020050125,-0.024922118
