"Code","Name","LA_code","LA_name","All","X0to15","X16to29","X30to44","X45to64","X65plus"
"E01006084","Trafford 026B","E08000009","Trafford",-0.018466704,-0.01369863,-0.058823529,0.010452962,-0.014362657,-0.031690141
