"Code","Name","LA_code","LA_name","All","X0to15","X16to29","X30to44","X45to64","X65plus"
"E01006085","Trafford 027D","E08000009","Trafford",0.030456853,0.057803468,0.041322314,-0.006644518,0.022624434,0.040983607
