"Code","Name","LA_code","LA_name","All","X0to15","X16to29","X30to44","X45to64","X65plus"
"E01006175","Trafford 018C","E08000009","Trafford",-0.007159905,0.034391534,-0.003496503,-0.036474164,-0.007894737,-0.02970297
