"Code","Name","LA_code","LA_name","All","X0to15","X16to29","X30to44","X45to64","X65plus"
"E01006169","Trafford 013B","E08000009","Trafford",-0.012931034,-0.068403909,-0.005025126,0.006557377,0.002173913,-0.005665722
