"Code","Name","LA_code","LA_name","All","X0to15","X16to29","X30to44","X45to64","X65plus"
"E01006190","Trafford 021B","E08000009","Trafford",-0.00680658,0.024930748,0,-0.012048193,-0.010040161,-0.032345013
