"Code","Name","LA_code","LA_name","All","X0to15","X16to29","X30to44","X45to64","X65plus"
"E01006096","Trafford 020C","E08000009","Trafford",-0.005464481,0,-0.057971014,0.002770083,0.004576659,0
