"Code","Name","LA_code","LA_name","All","X0to15","X16to29","X30to44","X45to64","X65plus"
"E01006163","Trafford 015E","E08000009","Trafford",0.027689031,0.005102041,0.006644518,0.025862069,0.028169014,0.117318436
