"Code","Name","LA_code","LA_name","All","X0to15","X16to29","X30to44","X45to64","X65plus"
"E01006208","Trafford 022D","E08000009","Trafford",0.021834061,0.017857143,0.03125,-0.003448276,0.054054054,0
