"Code","Name","LA_code","LA_name","All","X0to15","X16to29","X30to44","X45to64","X65plus"
"E01006076","Trafford 025C","E08000009","Trafford",-0.00170068,0.00754717,0.048648649,0,-0.01002004,-0.01590106
