"Code","Name","LA_code","LA_name","All","X0to15","X16to29","X30to44","X45to64","X65plus"
"E01006180","Trafford 011D","E08000009","Trafford",-0.015447992,-0.026954178,0.00952381,-0.008116883,0.029082774,-0.160621762
