"Code","Name","LA_code","LA_name","All","X0to15","X16to29","X30to44","X45to64","X65plus"
"E01006081","Trafford 027B","E08000009","Trafford",-0.017655367,-0.075539568,-0.049689441,-0.011764706,-0.004454343,0.022346369
