"Code","Name","LA_code","LA_name","All","X0to15","X16to29","X30to44","X45to64","X65plus"
"E01006128","Trafford 005D","E08000009","Trafford",0.004589788,-0.019662921,-0.004950495,0.018276762,0.00210084,0.024539877
