"Code","Name","LA_code","LA_name","All","X0to15","X16to29","X30to44","X45to64","X65plus"
"E01006104","Trafford 017A","E08000009","Trafford",-0.075849515,-0.145962733,-0.072,-0.129707113,-0.035864979,-0.033057851
