"Code","Name","LA_code","LA_name","All","X0to15","X16to29","X30to44","X45to64","X65plus"
"E01006134","Trafford 028A","E08000009","Trafford",0.015013055,-0.027272727,0.014084507,0.055555556,0.018828452,0.028753994
