"Code","Name","LA_code","LA_name","All","X0to15","X16to29","X30to44","X45to64","X65plus"
"E01006133","Trafford 010C","E08000009","Trafford",-0.029431438,-0.023809524,0.008333333,-0.025316456,-0.044397463,-0.028571429
