"Code","Name","LA_code","LA_name","All","X0to15","X16to29","X30to44","X45to64","X65plus"
"E01006173","Trafford 018B","E08000009","Trafford",-0.005344021,-0.019607843,-0.04,0,0.014634146,-0.003436426
