"Code","Name","LA_code","LA_name","All","X0to15","X16to29","X30to44","X45to64","X65plus"
"E01006136","Trafford 028C","E08000009","Trafford",-0.002439024,-0.01396648,-0.010309278,0.048780488,-0.031602709,0.012531328
