"Code","Name","LA_code","LA_name","All","X0to15","X16to29","X30to44","X45to64","X65plus"
"E01006119","Trafford 002D","E08000009","Trafford",0.017532874,-0.013937282,0.054545455,0.006896552,0.022132797,0.02310231
