"Code","Name","LA_code","LA_name","All","X0to15","X16to29","X30to44","X45to64","X65plus"
"E01006160","Trafford 015B","E08000009","Trafford",-0.01840796,-0.047619048,-0.003649635,0.006896552,-0.018223235,-0.042288557
