"Code","Name","LA_code","LA_name","All","X0to15","X16to29","X30to44","X45to64","X65plus"
"E01006118","Trafford 002C","E08000009","Trafford",-0.019749835,-0.035335689,0.02283105,-0.02189781,-0.02184466,-0.03021148
