"Code","Name","LA_code","LA_name","All","X0to15","X16to29","X30to44","X45to64","X65plus"
"E01006155","Trafford 006A","E08000009","Trafford",-0.019362898,-0.036144578,-0.053941909,-0.002659574,-0.04028436,0.052173913
