"Code","Name","LA_code","LA_name","All","X0to15","X16to29","X30to44","X45to64","X65plus"
"E01006112","Trafford 001D","E08000009","Trafford",-0.004774536,0.005576208,-0.015789474,0.017721519,-0.007228916,-0.063694268
