"Code","Name","LA_code","LA_name","All","X0to15","X16to29","X30to44","X45to64","X65plus"
"E01006139","Trafford 026D","E08000009","Trafford",0.025268817,0.043196544,0.044247788,0.010683761,0.032786885,-0.007246377
