"Code","Name","LA_code","LA_name","All","X0to15","X16to29","X30to44","X45to64","X65plus"
"E01006090","Trafford 020A","E08000009","Trafford",0.002727273,0.041450777,-0.012698413,-0.017730496,-0.012750455,0.028497409
