"Code","Name","LA_code","LA_name","All","X0to15","X16to29","X30to44","X45to64","X65plus"
"E01006192","Trafford 023C","E08000009","Trafford",-0.012064343,-0.014760148,0.005050505,-0.025641026,-0.034965035,0.016666667
