"Code","Name","LA_code","LA_name","All","X0to15","X16to29","X30to44","X45to64","X65plus"
"E01006162","Trafford 015D","E08000009","Trafford",0.005865103,-0.00867052,0.012931034,0.004854369,0.029535865,-0.024896266
