"Code","Name","LA_code","LA_name","All","X0to15","X16to29","X30to44","X45to64","X65plus"
"E01006101","Trafford 021A","E08000009","Trafford",-0.003257329,-0.032544379,0.042944785,0.015686275,-0.026315789,0.028070175
