"Code","Name","LA_code","LA_name","All","X0to15","X16to29","X30to44","X45to64","X65plus"
"E01006164","Trafford 014C","E08000009","Trafford",-0.00661157,0.029891304,-0.035353535,-0.02020202,-0.008196721,-0.010958904
