"Code","Name","LA_code","LA_name","All","X0to15","X16to29","X30to44","X45to64","X65plus"
"E01006203","Trafford 010E","E08000009","Trafford",0.013768116,0.008695652,0.052884615,0.004807692,0.028017241,-0.02962963
