"Code","Name","LA_code","LA_name","All","X0to15","X16to29","X30to44","X45to64","X65plus"
"E01006210","Trafford 021E","E08000009","Trafford",0.003533569,0,-0.047337278,0.047745358,-0.026694045,0.03180212
