"Code","Name","LA_code","LA_name","All","X0to15","X16to29","X30to44","X45to64","X65plus"
"E01006177","Trafford 018E","E08000009","Trafford",-0.004624277,0.019323671,0,0.010050251,-0.028571429,-0.041666667
