"Code","Name","LA_code","LA_name","All","X0to15","X16to29","X30to44","X45to64","X65plus"
"E01006185","Trafford 001E","E08000009","Trafford",-0.01584507,-0.031319911,-0.006482982,-0.033333333,0.01010101,0
