"Code","Name","LA_code","LA_name","All","X0to15","X16to29","X30to44","X45to64","X65plus"
"E01006140","Trafford 026E","E08000009","Trafford",0.004491859,-0.002070393,0.047619048,-0.007915567,-0.012048193,0.038793103
