"Code","Name","LA_code","LA_name","All","X0to15","X16to29","X30to44","X45to64","X65plus"
"E01006108","Trafford 017E","E08000009","Trafford",0.013279446,0.053406998,0,0.03988604,-0.029177719,-0.082568807
