"Code","Name","LA_code","LA_name","All","X0to15","X16to29","X30to44","X45to64","X65plus"
"E01006093","Trafford 023A","E08000009","Trafford",0.030381383,-0.026627219,0.041450777,0.058282209,0.038554217,0.047272727
