"Code","Name","LA_code","LA_name","All","X0to15","X16to29","X30to44","X45to64","X65plus"
"E01024845","Tunbridge Wells 003C","E07000116","Tunbridge Wells",0.010362694,0.025362319,-0.014634146,0.017316017,-0.005263158,0.030888031
