"Code","Name","LA_code","LA_name","All","X0to15","X16to29","X30to44","X45to64","X65plus"
"E01024854","Tunbridge Wells 006E","E07000116","Tunbridge Wells",0.007125891,0.038251366,0.031818182,-0.007575758,-0.012170385,-0.002932551
