"Code","Name","LA_code","LA_name","All","X0to15","X16to29","X30to44","X45to64","X65plus"
"E01024806","Tunbridge Wells 011E","E07000116","Tunbridge Wells",-0.006455399,-0.01734104,-0.003610108,-0.028880866,0.013513514,-0.01048951
