"Code","Name","LA_code","LA_name","All","X0to15","X16to29","X30to44","X45to64","X65plus"
"E01024832","Tunbridge Wells 009D","E07000116","Tunbridge Wells",0.004496908,0.012755102,0.030651341,-0.006185567,0,-0.009345794
