"Code","Name","LA_code","LA_name","All","X0to15","X16to29","X30to44","X45to64","X65plus"
"E01024851","Tunbridge Wells 006B","E07000116","Tunbridge Wells",0.026285714,0.072423398,0.032432432,-0.010948905,0.026565465,0.007407407
