"Code","Name","LA_code","LA_name","All","X0to15","X16to29","X30to44","X45to64","X65plus"
"E01024849","Tunbridge Wells 002D","E07000116","Tunbridge Wells",-0.026378897,-0.02,-0.042918455,-0.015923567,-0.021645022,-0.038834951
