"Code","Name","LA_code","LA_name","All","X0to15","X16to29","X30to44","X45to64","X65plus"
"E01024853","Tunbridge Wells 006D","E07000116","Tunbridge Wells",0.057622174,0.062240664,0,0.088888889,0.051980198,0.070866142
