"Code","Name","LA_code","LA_name","All","X0to15","X16to29","X30to44","X45to64","X65plus"
"E01024789","Tunbridge Wells 014A","E07000116","Tunbridge Wells",0.026119403,0.021558872,0.031553398,0.069105691,0.007440476,0.03131524
