"Code","Name","LA_code","LA_name","All","X0to15","X16to29","X30to44","X45to64","X65plus"
"E01024827","Tunbridge Wells 004D","E07000116","Tunbridge Wells",0.012202954,0.009404389,-0.010869565,0.039877301,0.010025063,0.003039514
