"Code","Name","LA_code","LA_name","All","X0to15","X16to29","X30to44","X45to64","X65plus"
"E01024808","Tunbridge Wells 014C","E07000116","Tunbridge Wells",-0.026143791,0.008928571,-0.037383178,-0.084745763,-0.037117904,0.007894737
