"Code","Name","LA_code","LA_name","All","X0to15","X16to29","X30to44","X45to64","X65plus"
"E01024812","Tunbridge Wells 001C","E07000116","Tunbridge Wells",-0.085188028,-0.148760331,-0.067039106,-0.091346154,-0.073298429,-0.054794521
