"Code","Name","LA_code","LA_name","All","X0to15","X16to29","X30to44","X45to64","X65plus"
"E01024829","Tunbridge Wells 006A","E07000116","Tunbridge Wells",-0.040756054,-0.014619883,-0.014705882,-0.036516854,-0.054229935,-0.06969697
