"Code","Name","LA_code","LA_name","All","X0to15","X16to29","X30to44","X45to64","X65plus"
"E01024797","Tunbridge Wells 012A","E07000116","Tunbridge Wells",0.00240096,0.012765957,-0.037914692,0.003703704,0.017057569,0
