"Code","Name","LA_code","LA_name","All","X0to15","X16to29","X30to44","X45to64","X65plus"
"E01024842","Tunbridge Wells 005C","E07000116","Tunbridge Wells",0.009858287,-0.073015873,0.036697248,0.037162162,-0.00456621,0.061797753
