"Code","Name","LA_code","LA_name","All","X0to15","X16to29","X30to44","X45to64","X65plus"
"E01024824","Tunbridge Wells 009C","E07000116","Tunbridge Wells",0.027388535,0.013513514,0.006493506,0.04375,0.036855037,0.02507837
