"Code","Name","LA_code","LA_name","All","X0to15","X16to29","X30to44","X45to64","X65plus"
"E01024846","Tunbridge Wells 002C","E07000116","Tunbridge Wells",0.029643073,0.005449591,0.011363636,0.023391813,0.038374718,0.080168776
