"Code","Name","LA_code","LA_name","All","X0to15","X16to29","X30to44","X45to64","X65plus"
"E01024792","Tunbridge Wells 011A","E07000116","Tunbridge Wells",-0.019141231,-0.008571429,-0.024291498,-0.048951049,0.01300813,-0.050574713
