"Code","Name","LA_code","LA_name","All","X0to15","X16to29","X30to44","X45to64","X65plus"
"E01024810","Tunbridge Wells 014E","E07000116","Tunbridge Wells",-0.072824156,-0.109947644,-0.115702479,-0.087719298,-0.010968921,-0.093103448
