"Code","Name","LA_code","LA_name","All","X0to15","X16to29","X30to44","X45to64","X65plus"
"E01022077","Uttlesford 001C","E07000077","Uttlesford",-0.021857923,-0.02640264,-0.021276596,-0.014925373,-0.016885553,-0.032467532
