"Code","Name","LA_code","LA_name","All","X0to15","X16to29","X30to44","X45to64","X65plus"
"E01022061","Uttlesford 003A","E07000077","Uttlesford",0.003117207,0.006825939,0.120481928,0.004608295,-0.009784736,-0.03117506
