"Code","Name","LA_code","LA_name","All","X0to15","X16to29","X30to44","X45to64","X65plus"
"E01022071","Uttlesford 003B","E07000077","Uttlesford",-0.020384391,-0.042857143,-0.04040404,0.024390244,-0.017077799,-0.028169014
