"Code","Name","LA_code","LA_name","All","X0to15","X16to29","X30to44","X45to64","X65plus"
"E01022091","Uttlesford 006C","E07000077","Uttlesford",-0.003291278,0.016509434,-0.022357724,-0.001203369,-0.006550218,-0.01431127
