"Code","Name","LA_code","LA_name","All","X0to15","X16to29","X30to44","X45to64","X65plus"
"E01022075","Uttlesford 001B","E07000077","Uttlesford",0.02248394,0.012690355,0.057522124,0.039711191,0.02443609,0
