"Code","Name","LA_code","LA_name","All","X0to15","X16to29","X30to44","X45to64","X65plus"
"E01022073","Uttlesford 003D","E07000077","Uttlesford",0.02165088,0.052631579,0.014084507,0.039473684,0.00660793,0.014084507
