"Code","Name","LA_code","LA_name","All","X0to15","X16to29","X30to44","X45to64","X65plus"
"E01022059","Uttlesford 009A","E07000077","Uttlesford",0,0.010989011,0.046082949,0.044444444,-0.015473888,-0.049418605
