"Code","Name","LA_code","LA_name","All","X0to15","X16to29","X30to44","X45to64","X65plus"
"E01022074","Uttlesford 002A","E07000077","Uttlesford",0.021949645,0.037790698,-0.008438819,-0.006557377,0.026570048,0.0562249
