"Code","Name","LA_code","LA_name","All","X0to15","X16to29","X30to44","X45to64","X65plus"
"E01022078","Uttlesford 002C","E07000077","Uttlesford",0.015706806,-0.013937282,0.033755274,-0.020338983,0.044117647,0.026578073
