"Code","Name","LA_code","LA_name","All","X0to15","X16to29","X30to44","X45to64","X65plus"
"E01022090","Uttlesford 006B","E07000077","Uttlesford",-0.002636783,-0.015686275,-0.01242236,0.018731988,-0.009333333,0.011695906
