"Code","Name","LA_code","LA_name","All","X0to15","X16to29","X30to44","X45to64","X65plus"
"E01022085","Uttlesford 005E","E07000077","Uttlesford",0,0,0.026785714,-0.026066351,0.002159827,0.019704433
