"Code","Name","LA_code","LA_name","All","X0to15","X16to29","X30to44","X45to64","X65plus"
"E01022086","Uttlesford 006A","E07000077","Uttlesford",0.05458221,0.113095238,0.018939394,0.071895425,0.069478908,-0.068571429
