"Code","Name","LA_code","LA_name","All","X0to15","X16to29","X30to44","X45to64","X65plus"
"E01022064","Uttlesford 008B","E07000077","Uttlesford",-0.007527504,-0.063545151,0.010526316,-0.028846154,0.00862069,0.011111111
