"Code","Name","LA_code","LA_name","All","X0to15","X16to29","X30to44","X45to64","X65plus"
"E01028695","Vale of White Horse 005C","E07000180","Vale of White Horse",0,-0.020338983,-0.027149321,0.006802721,0.005181347,0.019230769
