"Code","Name","LA_code","LA_name","All","X0to15","X16to29","X30to44","X45to64","X65plus"
"E01028712","Vale of White Horse 015A","E07000180","Vale of White Horse",0.007966261,0.046831956,0.028806584,0.023569024,-0.019461078,-0.001776199
