"Code","Name","LA_code","LA_name","All","X0to15","X16to29","X30to44","X45to64","X65plus"
"E01028708","Vale of White Horse 001A","E07000180","Vale of White Horse",-0.011677282,-0.025735294,0.009404389,-0.00286533,-0.017821782,-0.018223235
