"Code","Name","LA_code","LA_name","All","X0to15","X16to29","X30to44","X45to64","X65plus"
"E01028728","Vale of White Horse 015C","E07000180","Vale of White Horse",-0.020185029,-0.01793722,0.028169014,-0.052132701,-0.021943574,-0.020408163
