"Code","Name","LA_code","LA_name","All","X0to15","X16to29","X30to44","X45to64","X65plus"
"E01028718","Vale of White Horse 009C","E07000180","Vale of White Horse",-0.0325,-0.052924791,-0.007407407,-0.06547619,0.009708738,-0.058295964
