"Code","Name","LA_code","LA_name","All","X0to15","X16to29","X30to44","X45to64","X65plus"
"E01028692","Vale of White Horse 008C","E07000180","Vale of White Horse",-0.028187919,-0.022556391,0.006872852,-0.04379562,-0.01994302,-0.091428571
