"Code","Name","LA_code","LA_name","All","X0to15","X16to29","X30to44","X45to64","X65plus"
"E01028693","Vale of White Horse 004A","E07000180","Vale of White Horse",0.001270648,-0.003344482,0.030456853,0.017730496,-0.001960784,-0.024475524
