"Code","Name","LA_code","LA_name","All","X0to15","X16to29","X30to44","X45to64","X65plus"
"E01028713","Vale of White Horse 016E","E07000180","Vale of White Horse",-0.007051016,0.028103044,-0.007407407,-0.032786885,-0.014527845,-0.005747126
