"Code","Name","LA_code","LA_name","All","X0to15","X16to29","X30to44","X45to64","X65plus"
"E01028755","Vale of White Horse 014A","E07000180","Vale of White Horse",0.005291005,0.01910828,-0.004255319,-0.011111111,0.020325203,-0.007692308
