"Code","Name","LA_code","LA_name","All","X0to15","X16to29","X30to44","X45to64","X65plus"
"E01028748","Vale of White Horse 016D","E07000180","Vale of White Horse",0.018828452,0.002272727,-0.004878049,-0.007853403,0.099616858,0.02739726
