"Code","Name","LA_code","LA_name","All","X0to15","X16to29","X30to44","X45to64","X65plus"
"E01028697","Vale of White Horse 006C","E07000180","Vale of White Horse",0.008843967,0.055016181,0.018248175,0.002849003,-0.007653061,-0.023346304
