"Code","Name","LA_code","LA_name","All","X0to15","X16to29","X30to44","X45to64","X65plus"
"E01028735","Vale of White Horse 002C","E07000180","Vale of White Horse",0.005229518,0.025236593,-0.028806584,0.01650165,0.006355932,0
