"Code","Name","LA_code","LA_name","All","X0to15","X16to29","X30to44","X45to64","X65plus"
"E01028715","Vale of White Horse 016F","E07000180","Vale of White Horse",-0.047297297,-0.02016129,-0.152073733,-0.058091286,-0.052995392,0.014705882
