"Code","Name","LA_code","LA_name","All","X0to15","X16to29","X30to44","X45to64","X65plus"
"E01028733","Vale of White Horse 002A","E07000180","Vale of White Horse",-0.007272727,0.042735043,0.046666667,-0.050228311,-0.004819277,-0.039215686
