"Code","Name","LA_code","LA_name","All","X0to15","X16to29","X30to44","X45to64","X65plus"
"E01028717","Vale of White Horse 009B","E07000180","Vale of White Horse",0.008119925,0.024390244,0.007272727,0.012269939,-0.016018307,0.025236593
