"Code","Name","LA_code","LA_name","All","X0to15","X16to29","X30to44","X45to64","X65plus"
"E01028720","Vale of White Horse 016G","E07000180","Vale of White Horse",-0.050732807,-0.036319613,0.003067485,-0.002824859,0.006476684,-0.157035176
