"Code","Name","LA_code","LA_name","All","X0to15","X16to29","X30to44","X45to64","X65plus"
"E01028743","Vale of White Horse 003C","E07000180","Vale of White Horse",-0.002946376,0.015625,-0.002109705,0.061728395,0.003067485,-0.076655052
