"Code","Name","LA_code","LA_name","All","X0to15","X16to29","X30to44","X45to64","X65plus"
"E01011872","Wakefield 045D","E08000036","Wakefield",0.013870542,0.037617555,-0.030418251,0.0433213,0.004926108,0.012048193
