"Code","Name","LA_code","LA_name","All","X0to15","X16to29","X30to44","X45to64","X65plus"
"E01011740","Wakefield 001A","E08000036","Wakefield",0.000646412,-0.038560411,0.016611296,0.011673152,0.013297872,0.013392857
