"Code","Name","LA_code","LA_name","All","X0to15","X16to29","X30to44","X45to64","X65plus"
"E01011859","Wakefield 043A","E08000036","Wakefield",0.02259887,-0.039647577,0.012096774,0.069892473,0.008108108,0.057142857
