"Code","Name","LA_code","LA_name","All","X0to15","X16to29","X30to44","X45to64","X65plus"
"E01011946","Wakefield 038D","E08000036","Wakefield",-0.015120275,-0.027522936,-0.067708333,0,0,-0.007672634
