"Code","Name","LA_code","LA_name","All","X0to15","X16to29","X30to44","X45to64","X65plus"
"E01011747","Wakefield 003C","E08000036","Wakefield",-0.009439528,-0.0225,0.074675325,-0.012195122,0.004728132,-0.118644068
