"Code","Name","LA_code","LA_name","All","X0to15","X16to29","X30to44","X45to64","X65plus"
"E01011817","Wakefield 024E","E08000036","Wakefield",0.012995452,0.022857143,-0.033333333,0.013071895,0.007481297,0.066037736
