"Code","Name","LA_code","LA_name","All","X0to15","X16to29","X30to44","X45to64","X65plus"
"E01011821","Wakefield 013D","E08000036","Wakefield",0.021116139,0.047120419,0.016853933,0.021276596,-0.01,0.046583851
