"Code","Name","LA_code","LA_name","All","X0to15","X16to29","X30to44","X45to64","X65plus"
"E01011789","Wakefield 039B","E08000036","Wakefield",0.03930131,0.06271777,0.02166065,0.004672897,0.020467836,0.086614173
