"Code","Name","LA_code","LA_name","All","X0to15","X16to29","X30to44","X45to64","X65plus"
"E01011909","Wakefield 020A","E08000036","Wakefield",0.01987225,0,0.010638298,0.026022305,0.032994924,0.018126888
