"Code","Name","LA_code","LA_name","All","X0to15","X16to29","X30to44","X45to64","X65plus"
"E01011750","Wakefield 003D","E08000036","Wakefield",-0.004334365,-0.017467249,-0.007117438,-0.017964072,0.005617978,0.037634409
