"Code","Name","LA_code","LA_name","All","X0to15","X16to29","X30to44","X45to64","X65plus"
"E01011815","Wakefield 016C","E08000036","Wakefield",-0.021316614,-0.055384615,-0.032407407,-0.004347826,0.004040404,-0.030395137
