"Code","Name","LA_code","LA_name","All","X0to15","X16to29","X30to44","X45to64","X65plus"
"E01011862","Wakefield 044C","E08000036","Wakefield",-0.010067114,-0.037296037,-0.013513514,-0.002985075,0.018735363,-0.016611296
