"Code","Name","LA_code","LA_name","All","X0to15","X16to29","X30to44","X45to64","X65plus"
"E01011898","Wakefield 030A","E08000036","Wakefield",-0.013486177,0.026431718,0.011049724,-0.016216216,-0.016,-0.120805369
