"Code","Name","LA_code","LA_name","All","X0to15","X16to29","X30to44","X45to64","X65plus"
"E01011934","Wakefield 037A","E08000036","Wakefield",0.02318094,0.094827586,0.009803922,0.054263566,-0.016917293,0.021406728
