"Code","Name","LA_code","LA_name","All","X0to15","X16to29","X30to44","X45to64","X65plus"
"E01011866","Wakefield 045B","E08000036","Wakefield",-0.000619579,0.012121212,0.003759398,-0.017985612,0.018779343,-0.02866242
