"Code","Name","LA_code","LA_name","All","X0to15","X16to29","X30to44","X45to64","X65plus"
"E01011863","Wakefield 044D","E08000036","Wakefield",-0.017004578,-0.031007752,-0.055749129,0.035087719,-0.021621622,0
