"Code","Name","LA_code","LA_name","All","X0to15","X16to29","X30to44","X45to64","X65plus"
"E01011930","Wakefield 036B","E08000036","Wakefield",-0.006134969,-0.077205882,0,0.006666667,0.00750469,0.01650165
