"Code","Name","LA_code","LA_name","All","X0to15","X16to29","X30to44","X45to64","X65plus"
"E01011778","Wakefield 024D","E08000036","Wakefield",-0.016656385,0.00990099,-0.007518797,-0.049853372,-0.004618938,-0.032374101
