"Code","Name","LA_code","LA_name","All","X0to15","X16to29","X30to44","X45to64","X65plus"
"E01011933","Wakefield 036C","E08000036","Wakefield",-0.011143695,-0.017391304,0.019685039,-0.02359882,-0.032608696,0.016286645
