"Code","Name","LA_code","LA_name","All","X0to15","X16to29","X30to44","X45to64","X65plus"
"E01011917","Wakefield 030D","E08000036","Wakefield",0.010244735,0.025906736,0.017811705,0.032608696,-0.016949153,-0.048780488
