"Code","Name","LA_code","LA_name","All","X0to15","X16to29","X30to44","X45to64","X65plus"
"E01011782","Wakefield 027D","E08000036","Wakefield",0.013860014,0.025751073,0.038461538,-0.013274336,-0.004366812,0.034591195
