"Code","Name","LA_code","LA_name","All","X0to15","X16to29","X30to44","X45to64","X65plus"
"E01011905","Wakefield 028C","E08000036","Wakefield",0.015364917,0.047826087,0.009345794,0.008403361,0.024896266,-0.007537688
