"Code","Name","LA_code","LA_name","All","X0to15","X16to29","X30to44","X45to64","X65plus"
"E01011885","Wakefield 014A","E08000036","Wakefield",0.005792904,-0.08,0.041420118,0.039106145,0.006593407,0.007009346
