"Code","Name","LA_code","LA_name","All","X0to15","X16to29","X30to44","X45to64","X65plus"
"E01011783","Wakefield 027E","E08000036","Wakefield",-0.020652898,-0.041666667,0.006289308,-0.016949153,0,-0.071146245
