"Code","Name","LA_code","LA_name","All","X0to15","X16to29","X30to44","X45to64","X65plus"
"E01011919","Wakefield 022C","E08000036","Wakefield",0.018123667,0.005420054,0.038348083,0.02004008,0.013015184,0.014423077
