"Code","Name","LA_code","LA_name","All","X0to15","X16to29","X30to44","X45to64","X65plus"
"E01011751","Wakefield 005C","E08000036","Wakefield",0.005368098,-0.014150943,0.057591623,0,-0.002188184,0
