"Code","Name","LA_code","LA_name","All","X0to15","X16to29","X30to44","X45to64","X65plus"
"E01011846","Wakefield 023B","E08000036","Wakefield",-0.03898051,-0.023923445,-0.086486486,-0.013636364,-0.034313725,-0.044871795
