"Code","Name","LA_code","LA_name","All","X0to15","X16to29","X30to44","X45to64","X65plus"
"E01011938","Wakefield 035D","E08000036","Wakefield",0.020327499,-0.024896266,0.044117647,0.046831956,0.026737968,-0.018796992
