"Code","Name","LA_code","LA_name","All","X0to15","X16to29","X30to44","X45to64","X65plus"
"E01011944","Wakefield 030E","E08000036","Wakefield",-0.000697837,-0.012121212,-0.048611111,0,0.003246753,0.115107914
