"Code","Name","LA_code","LA_name","All","X0to15","X16to29","X30to44","X45to64","X65plus"
"E01011754","Wakefield 003E","E08000036","Wakefield",-0.001890359,0.017804154,-0.06557377,0.043307087,-0.026252983,0.021021021
