"Code","Name","LA_code","LA_name","All","X0to15","X16to29","X30to44","X45to64","X65plus"
"E01011903","Wakefield 028B","E08000036","Wakefield",-0.025579536,-0.134328358,-0.058536585,0.067039106,-0.025445293,-0.011764706
