"Code","Name","LA_code","LA_name","All","X0to15","X16to29","X30to44","X45to64","X65plus"
"E01011857","Wakefield 034F","E08000036","Wakefield",0.012135922,0.012987013,0.005847953,0.005405405,-0.003642987,0.033203125
