"Code","Name","LA_code","LA_name","All","X0to15","X16to29","X30to44","X45to64","X65plus"
"E01011845","Wakefield 023A","E08000036","Wakefield",-0.030695771,0.005319149,0,-0.051546392,-0.02739726,-0.047904192
