"Code","Name","LA_code","LA_name","All","X0to15","X16to29","X30to44","X45to64","X65plus"
"E01011841","Wakefield 015D","E08000036","Wakefield",-0.008777853,0.02259887,-0.051181102,0.008333333,-0.009174312,-0.005347594
