"Code","Name","LA_code","LA_name","All","X0to15","X16to29","X30to44","X45to64","X65plus"
"E01011874","Wakefield 009A","E08000036","Wakefield",-0.001289491,0,0.038461538,-0.012552301,-0.027833002,0.019337017
