"Code","Name","LA_code","LA_name","All","X0to15","X16to29","X30to44","X45to64","X65plus"
"E01011764","Wakefield 004E","E08000036","Wakefield",0.013880507,-0.003676471,0.00617284,0.064327485,-0.002518892,0.00310559
