"Code","Name","LA_code","LA_name","All","X0to15","X16to29","X30to44","X45to64","X65plus"
"E01011912","Wakefield 017B","E08000036","Wakefield",-0.002329645,-0.023255814,0.008,-0.012987013,-0.011204482,0.045045045
