"Code","Name","LA_code","LA_name","All","X0to15","X16to29","X30to44","X45to64","X65plus"
"E01011761","Wakefield 004C","E08000036","Wakefield",-0.057971014,-0.057926829,-0.071264368,-0.083333333,-0.050200803,-0.027431421
