"Code","Name","LA_code","LA_name","All","X0to15","X16to29","X30to44","X45to64","X65plus"
"E01011767","Wakefield 034A","E08000036","Wakefield",0.002254791,0.037453184,-0.017467249,0.008368201,0.010380623,-0.021691974
