"Code","Name","LA_code","LA_name","All","X0to15","X16to29","X30to44","X45to64","X65plus"
"E01011745","Wakefield 001D","E08000036","Wakefield",-0.031737194,-0.011605416,-0.008333333,-0.050147493,-0.029649596,-0.09569378
