"Code","Name","LA_code","LA_name","All","X0to15","X16to29","X30to44","X45to64","X65plus"
"E01011843","Wakefield 012D","E08000036","Wakefield",-0.026642984,-0.009324009,-0.027027027,-0.02259887,-0.048951049,-0.02293578
