"Code","Name","LA_code","LA_name","All","X0to15","X16to29","X30to44","X45to64","X65plus"
"E01011838","Wakefield 015C","E08000036","Wakefield",-0.00304878,-0.020134228,0.014457831,-0.01627907,-0.007707129,0.016339869
