"Code","Name","LA_code","LA_name","All","X0to15","X16to29","X30to44","X45to64","X65plus"
"E01011867","Wakefield 042E","E08000036","Wakefield",0.007058824,0.022988506,0.003067485,-0.025889968,0.025114155,0
