"Code","Name","LA_code","LA_name","All","X0to15","X16to29","X30to44","X45to64","X65plus"
"E01011854","Wakefield 041A","E08000036","Wakefield",0.024096386,-0.06031746,0.030534351,0.017985612,0.05,0.14379085
