"Code","Name","LA_code","LA_name","All","X0to15","X16to29","X30to44","X45to64","X65plus"
"E01011803","Wakefield 011A","E08000036","Wakefield",-0.003422313,0.038961039,-0.029315961,-0.023255814,0.005249344,-0.019323671
