"Code","Name","LA_code","LA_name","All","X0to15","X16to29","X30to44","X45to64","X65plus"
"E01011908","Wakefield 030C","E08000036","Wakefield",-0.00125523,-0.008080808,0.003868472,-0.026315789,0.003690037,0.045112782
