"Code","Name","LA_code","LA_name","All","X0to15","X16to29","X30to44","X45to64","X65plus"
"E01011809","Wakefield 011D","E08000036","Wakefield",0.002766252,-0.010050251,0.040609137,0.025531915,-0.025263158,0.011764706
