"Code","Name","LA_code","LA_name","All","X0to15","X16to29","X30to44","X45to64","X65plus"
"E01011848","Wakefield 023D","E08000036","Wakefield",-0.023174157,-0.086419753,-0.041666667,-0.035714286,-0.012345679,0.013761468
