"Code","Name","LA_code","LA_name","All","X0to15","X16to29","X30to44","X45to64","X65plus"
"E01011822","Wakefield 016F","E08000036","Wakefield",-0.004787962,-0.03,0.007272727,-0.014184397,0,0.018099548
