"Code","Name","LA_code","LA_name","All","X0to15","X16to29","X30to44","X45to64","X65plus"
"E01011797","Wakefield 031A","E08000036","Wakefield",0.021867612,0.050167224,0.004132231,0.051194539,-0.008230453,0.02688172
