"Code","Name","LA_code","LA_name","All","X0to15","X16to29","X30to44","X45to64","X65plus"
"E01011893","Wakefield 008C","E08000036","Wakefield",0.00398142,0.01980198,-0.027906977,-0.0041841,0.023060797,-0.005347594
