"Code","Name","LA_code","LA_name","All","X0to15","X16to29","X30to44","X45to64","X65plus"
"E01011811","Wakefield 011E","E08000036","Wakefield",-0.007054674,-0.00896861,-0.01038961,-0.010600707,0.016438356,-0.031531532
