"Code","Name","LA_code","LA_name","All","X0to15","X16to29","X30to44","X45to64","X65plus"
"E01011800","Wakefield 029F","E08000036","Wakefield",0.032338308,0.04676259,0.075268817,0.040229885,0.012903226,0.01510574
