"Code","Name","LA_code","LA_name","All","X0to15","X16to29","X30to44","X45to64","X65plus"
"E01011801","Wakefield 031C","E08000036","Wakefield",0.015564202,0.036923077,0.048780488,-0.002932551,-0.015909091,0.043290043
