"Code","Name","LA_code","LA_name","All","X0to15","X16to29","X30to44","X45to64","X65plus"
"E01011913","Wakefield 017C","E08000036","Wakefield",0.008282717,0.037037037,0.021686747,-0.009411765,0.018237082,-0.057142857
