"Code","Name","LA_code","LA_name","All","X0to15","X16to29","X30to44","X45to64","X65plus"
"E01011856","Wakefield 041C","E08000036","Wakefield",0.020935101,-0.003610108,-0.019417476,0.036144578,0.033175355,0.043010753
