"Code","Name","LA_code","LA_name","All","X0to15","X16to29","X30to44","X45to64","X65plus"
"E01011877","Wakefield 006B","E08000036","Wakefield",-0.003360215,-0.00913242,0.028776978,0,-0.036781609,0.017730496
