"Code","Name","LA_code","LA_name","All","X0to15","X16to29","X30to44","X45to64","X65plus"
"E01011923","Wakefield 019B","E08000036","Wakefield",0.002406739,0,0.009933775,0.028089888,-0.004246285,-0.024137931
