"Code","Name","LA_code","LA_name","All","X0to15","X16to29","X30to44","X45to64","X65plus"
"E01011749","Wakefield 005B","E08000036","Wakefield",0.044444444,0.053932584,0.043650794,0.013182674,0.031948882,0.132478632
