"Code","Name","LA_code","LA_name","All","X0to15","X16to29","X30to44","X45to64","X65plus"
"E01011787","Wakefield 042A","E08000036","Wakefield",-0.024852071,0.023622047,-0.065693431,0.003649635,-0.081395349,0.029569892
