"Code","Name","LA_code","LA_name","All","X0to15","X16to29","X30to44","X45to64","X65plus"
"E01010319","Walsall 010A","E08000030","Walsall",-0.015930485,-0.008888889,0.007905138,-0.056,-0.013129103,-0.010204082
