"Code","Name","LA_code","LA_name","All","X0to15","X16to29","X30to44","X45to64","X65plus"
"E01010317","Walsall 024A","E08000030","Walsall",0.001282051,-0.010204082,0.013824885,-0.034482759,0.006315789,0.010660981
