"Code","Name","LA_code","LA_name","All","X0to15","X16to29","X30to44","X45to64","X65plus"
"E01010368","Walsall 030A","E08000030","Walsall",-0.020771513,-0.050847458,0.001724138,-0.002183406,-0.01750547,-0.092485549
