"Code","Name","LA_code","LA_name","All","X0to15","X16to29","X30to44","X45to64","X65plus"
"E01010305","Walsall 002C","E08000030","Walsall",-0.004313444,0.019480519,0.017777778,0.018099548,-0.038674033,-0.021818182
