"Code","Name","LA_code","LA_name","All","X0to15","X16to29","X30to44","X45to64","X65plus"
"E01010313","Walsall 038C","E08000030","Walsall",-0.003699137,0,0.018796992,0.057228916,-0.008746356,-0.104651163
