"Code","Name","LA_code","LA_name","All","X0to15","X16to29","X30to44","X45to64","X65plus"
"E01010339","Walsall 037D","E08000030","Walsall",0.005649718,0,0,0.00887574,0.011049724,0.008230453
