"Code","Name","LA_code","LA_name","All","X0to15","X16to29","X30to44","X45to64","X65plus"
"E01010336","Walsall 034A","E08000030","Walsall",-0.005098789,0.015831135,-0.008379888,-0.030959752,0.023255814,-0.038461538
