"Code","Name","LA_code","LA_name","All","X0to15","X16to29","X30to44","X45to64","X65plus"
"E01010298","Walsall 009C","E08000030","Walsall",0.008726003,-0.04368932,0.033653846,-0.064864865,0.029673591,0.066666667
