"Code","Name","LA_code","LA_name","All","X0to15","X16to29","X30to44","X45to64","X65plus"
"E01010378","Walsall 019A","E08000030","Walsall",0.002475248,0.057692308,-0.045,0.045454545,0.00955414,-0.048148148
