"Code","Name","LA_code","LA_name","All","X0to15","X16to29","X30to44","X45to64","X65plus"
"E01010350","Walsall 003D","E08000030","Walsall",0.006206897,0.051660517,0.033175355,-0.032846715,-0.030837004,0.045833333
