"Code","Name","LA_code","LA_name","All","X0to15","X16to29","X30to44","X45to64","X65plus"
"E01010304","Walsall 002B","E08000030","Walsall",0.014766686,-0.017182131,0.041493776,0.021052632,0.017412935,0.014767932
