"Code","Name","LA_code","LA_name","All","X0to15","X16to29","X30to44","X45to64","X65plus"
"E01010375","Walsall 018E","E08000030","Walsall",0.012561687,0.006289308,0.005725191,-0.003338898,0.041666667,0.072727273
