"Code","Name","LA_code","LA_name","All","X0to15","X16to29","X30to44","X45to64","X65plus"
"E01010407","Walsall 025D","E08000030","Walsall",-0.001758499,-0.032786885,-0.003257329,0.017006803,0.004524887,0.01010101
