"Code","Name","LA_code","LA_name","All","X0to15","X16to29","X30to44","X45to64","X65plus"
"E01010401","Walsall 025A","E08000030","Walsall",-0.013080445,0.014662757,-0.067340067,0.02962963,0.002832861,-0.052238806
