"Code","Name","LA_code","LA_name","All","X0to15","X16to29","X30to44","X45to64","X65plus"
"E01010272","Walsall 017B","E08000030","Walsall",0.060815047,0.087533156,0.040247678,0.038461538,0.069705094,0.061904762
