"Code","Name","LA_code","LA_name","All","X0to15","X16to29","X30to44","X45to64","X65plus"
"E01010354","Walsall 010D","E08000030","Walsall",0.00066357,-0.008032129,-0.004273504,-0.017621145,-0.017811705,0.037128713
