"Code","Name","LA_code","LA_name","All","X0to15","X16to29","X30to44","X45to64","X65plus"
"E01010384","Walsall 032A","E08000030","Walsall",0.0028715,-0.004255319,-0.004761905,0.070247934,-0.038567493,0.008746356
