"Code","Name","LA_code","LA_name","All","X0to15","X16to29","X30to44","X45to64","X65plus"
"E01010270","Walsall 026B","E08000030","Walsall",-0.020786517,-0.030805687,-0.038961039,-0.008196721,-0.002331002,-0.031372549
