"Code","Name","LA_code","LA_name","All","X0to15","X16to29","X30to44","X45to64","X65plus"
"E01010271","Walsall 017A","E08000030","Walsall",0.004658385,0.021868787,0.018691589,-0.014814815,0.013921114,-0.060606061
