"Code","Name","LA_code","LA_name","All","X0to15","X16to29","X30to44","X45to64","X65plus"
"E01010333","Walsall 035C","E08000030","Walsall",-0.006622517,-0.006968641,0,-0.011029412,-0.015053763,0.002487562
