"Code","Name","LA_code","LA_name","All","X0to15","X16to29","X30to44","X45to64","X65plus"
"E01010341","Walsall 034C","E08000030","Walsall",0.017754868,0.033398821,0.016393443,0.042713568,0.007142857,-0.056994819
