"Code","Name","LA_code","LA_name","All","X0to15","X16to29","X30to44","X45to64","X65plus"
"E01010258","Walsall 023A","E08000030","Walsall",-0.008913649,-0.037735849,0.008849558,-0.006079027,-0.005208333,0.011278195
