"Code","Name","LA_code","LA_name","All","X0to15","X16to29","X30to44","X45to64","X65plus"
"E01010308","Walsall 002D","E08000030","Walsall",0.01903467,0.062992126,0.003891051,0.012,0.002469136,0.02295082
