"Code","Name","LA_code","LA_name","All","X0to15","X16to29","X30to44","X45to64","X65plus"
"E01010369","Walsall 024D","E08000030","Walsall",-0.081052632,-0.07591623,-0.050228311,-0.073660714,-0.12195122,-0.09009009
