"Code","Name","LA_code","LA_name","All","X0to15","X16to29","X30to44","X45to64","X65plus"
"E01010257","Walsall 007E","E08000030","Walsall",0.001672241,0.022222222,0.059701493,-0.005524862,-0.04375,0.01312336
