"Code","Name","LA_code","LA_name","All","X0to15","X16to29","X30to44","X45to64","X65plus"
"E01010357","Walsall 039D","E08000030","Walsall",0.002962336,0.024640657,0.013774105,0.027322404,-0.034482759,-0.014527845
