"Code","Name","LA_code","LA_name","All","X0to15","X16to29","X30to44","X45to64","X65plus"
"E01010318","Walsall 024B","E08000030","Walsall",-0.001980198,-0.024291498,0.012903226,-0.006968641,0.019230769,-0.02745098
