"Code","Name","LA_code","LA_name","All","X0to15","X16to29","X30to44","X45to64","X65plus"
"E01010325","Walsall 024C","E08000030","Walsall",0.001563314,0.015345269,0.005602241,-0.010230179,0.008230453,-0.017006803
