"Code","Name","LA_code","LA_name","All","X0to15","X16to29","X30to44","X45to64","X65plus"
"E01010265","Walsall 033D","E08000030","Walsall",-0.037153323,-0.071553229,-0.009638554,-0.03902439,-0.021621622,-0.013986014
