"Code","Name","LA_code","LA_name","All","X0to15","X16to29","X30to44","X45to64","X65plus"
"E01010310","Walsall 038A","E08000030","Walsall",0.000553403,0.013333333,-0.01744186,0.013888889,0,-0.017316017
