"Code","Name","LA_code","LA_name","All","X0to15","X16to29","X30to44","X45to64","X65plus"
"E01010360","Walsall 039G","E08000030","Walsall",0.01285521,0.052,0.045833333,0.023166023,-0.015151515,-0.015015015
