"Code","Name","LA_code","LA_name","All","X0to15","X16to29","X30to44","X45to64","X65plus"
"E01010320","Walsall 016A","E08000030","Walsall",-0.018991965,0.0078125,-0.018604651,-0.059090909,-0.01055409,-0.023411371
