"Code","Name","LA_code","LA_name","All","X0to15","X16to29","X30to44","X45to64","X65plus"
"E01010379","Walsall 019B","E08000030","Walsall",0.037617555,-0.024096386,0.091549296,0.051612903,0.044776119,0.03163017
