"Code","Name","LA_code","LA_name","All","X0to15","X16to29","X30to44","X45to64","X65plus"
"E01010393","Walsall 014A","E08000030","Walsall",0.010869565,0.05907173,0.016194332,0.036363636,-0.055696203,0.032171582
