"Code","Name","LA_code","LA_name","All","X0to15","X16to29","X30to44","X45to64","X65plus"
"E01010405","Walsall 027B","E08000030","Walsall",0.007155635,-0.002932551,-0.061889251,0.026809651,0.020930233,0.057522124
