"Code","Name","LA_code","LA_name","All","X0to15","X16to29","X30to44","X45to64","X65plus"
"E01010296","Walsall 008C","E08000030","Walsall",-0.028651293,-0.009049774,-0.096654275,0.02811245,-0.026369168,-0.035175879
