"Code","Name","LA_code","LA_name","All","X0to15","X16to29","X30to44","X45to64","X65plus"
"E01010386","Walsall 028B","E08000030","Walsall",0.002422774,0,-0.009950249,-0.026217228,0.018181818,0.010714286
