"Code","Name","LA_code","LA_name","All","X0to15","X16to29","X30to44","X45to64","X65plus"
"E01010402","Walsall 027A","E08000030","Walsall",0.000568182,0.030985915,0.023333333,-0.023195876,-0.012578616,-0.008333333
