"Code","Name","LA_code","LA_name","All","X0to15","X16to29","X30to44","X45to64","X65plus"
"E01010297","Walsall 008D","E08000030","Walsall",-0.012863913,-0.011299435,-0.0456621,0.04,-0.017578125,-0.012690355
