"Code","Name","LA_code","LA_name","All","X0to15","X16to29","X30to44","X45to64","X65plus"
"E01010373","Walsall 030E","E08000030","Walsall",-0.002655337,0.009584665,0.008237232,-0.016806723,-0.015837104,-0.007067138
