"Code","Name","LA_code","LA_name","All","X0to15","X16to29","X30to44","X45to64","X65plus"
"E01010364","Walsall 031B","E08000030","Walsall",-0.015676029,-0.036613272,-0.012738854,0.008982036,0.010344828,-0.064102564
