"Code","Name","LA_code","LA_name","All","X0to15","X16to29","X30to44","X45to64","X65plus"
"E01010264","Walsall 033C","E08000030","Walsall",0.02248394,0.021321962,0.050314465,0,0.011600928,0.038869258
