"Code","Name","LA_code","LA_name","All","X0to15","X16to29","X30to44","X45to64","X65plus"
"E01010302","Walsall 002A","E08000030","Walsall",-0.025396825,-0.043343653,-0.036101083,0.033057851,-0.018867925,-0.051779935
