"Code","Name","LA_code","LA_name","All","X0to15","X16to29","X30to44","X45to64","X65plus"
"E01010363","Walsall 026D","E08000030","Walsall",-0.006543967,-0.023972603,0.009771987,-0.003502627,-0.026859504,0.036458333
