"Code","Name","LA_code","LA_name","All","X0to15","X16to29","X30to44","X45to64","X65plus"
"E01010307","Walsall 001D","E08000030","Walsall",0.031908832,0.038461538,0.062730627,0.025062657,0.081799591,-0.107758621
