"Code","Name","LA_code","LA_name","All","X0to15","X16to29","X30to44","X45to64","X65plus"
"E01010381","Walsall 020D","E08000030","Walsall",0.005874674,0.009287926,-0.013333333,0.010714286,0.023560209,-0.008097166
