"Code","Name","LA_code","LA_name","All","X0to15","X16to29","X30to44","X45to64","X65plus"
"E01010403","Walsall 025B","E08000030","Walsall",0.028227914,0.033333333,0.040506329,0.033557047,0.021377672,-0.011764706
