"Code","Name","LA_code","LA_name","All","X0to15","X16to29","X30to44","X45to64","X65plus"
"E01004338","Waltham Forest 027C","E09000031","Waltham Forest",-0.023617821,0.017123288,-0.026717557,-0.018484288,-0.032258065,-0.084848485
