"Code","Name","LA_code","LA_name","All","X0to15","X16to29","X30to44","X45to64","X65plus"
"E01004377","Waltham Forest 010C","E09000031","Waltham Forest",-0.021855011,-0.024719101,0.003584229,-0.04400978,0.005847953,-0.069565217
