"Code","Name","LA_code","LA_name","All","X0to15","X16to29","X30to44","X45to64","X65plus"
"E01004410","Waltham Forest 013B","E09000031","Waltham Forest",-0.00166021,0.026737968,-0.011278195,0.02970297,-0.02688172,-0.051724138
