"Code","Name","LA_code","LA_name","All","X0to15","X16to29","X30to44","X45to64","X65plus"
"E01004446","Waltham Forest 017E","E09000031","Waltham Forest",-0.000496032,-0.015779093,-0.022160665,0.019713262,-0.016509434,0.06626506
