"Code","Name","LA_code","LA_name","All","X0to15","X16to29","X30to44","X45to64","X65plus"
"E01004415","Waltham Forest 004D","E09000031","Waltham Forest",-0.01183432,0.011869436,0.006779661,0.012307692,-0.020179372,-0.073170732
