"Code","Name","LA_code","LA_name","All","X0to15","X16to29","X30to44","X45to64","X65plus"
"E01004461","Waltham Forest 014E","E09000031","Waltham Forest",0.026556378,0.074725275,-0.002352941,-0.002702703,0.014705882,0.114427861
