"Code","Name","LA_code","LA_name","All","X0to15","X16to29","X30to44","X45to64","X65plus"
"E01004394","Waltham Forest 017B","E09000031","Waltham Forest",-0.020191286,-0.012820513,-0.058333333,-0.014732965,-0.03712297,0.075949367
