"Code","Name","LA_code","LA_name","All","X0to15","X16to29","X30to44","X45to64","X65plus"
"E01004399","Waltham Forest 009B","E09000031","Waltham Forest",-0.003368894,0.002008032,0.010840108,-0.017291066,0.024630542,-0.093167702
