"Code","Name","LA_code","LA_name","All","X0to15","X16to29","X30to44","X45to64","X65plus"
"E01004382","Waltham Forest 008C","E09000031","Waltham Forest",-0.029581994,-0.085470085,0,-0.017006803,-0.025210084,0.055555556
