"Code","Name","LA_code","LA_name","All","X0to15","X16to29","X30to44","X45to64","X65plus"
"E01004419","Waltham Forest 008E","E09000031","Waltham Forest",0.006124722,-0.023622047,-0.014760148,0.00804829,0.041666667,0.009302326
