"Code","Name","LA_code","LA_name","All","X0to15","X16to29","X30to44","X45to64","X65plus"
"E01004405","Waltham Forest 020B","E09000031","Waltham Forest",0.040729483,0.007518797,0.100334448,0.054112554,-0.008522727,0.090225564
