"Code","Name","LA_code","LA_name","All","X0to15","X16to29","X30to44","X45to64","X65plus"
"E01004402","Waltham Forest 009D","E09000031","Waltham Forest",-0.009745533,-0.002257336,-0.019230769,-0.013513514,-0.022573363,0.024390244
