"Code","Name","LA_code","LA_name","All","X0to15","X16to29","X30to44","X45to64","X65plus"
"E01004427","Waltham Forest 022E","E09000031","Waltham Forest",-0.015510949,-0.006472492,-0.018018018,-0.018741633,0.010152284,-0.14
