"Code","Name","LA_code","LA_name","All","X0to15","X16to29","X30to44","X45to64","X65plus"
"E01004359","Waltham Forest 002E","E09000031","Waltham Forest",0.013411079,0.024922118,-0.018691589,0.033962264,-0.018621974,0.081180812
