"Code","Name","LA_code","LA_name","All","X0to15","X16to29","X30to44","X45to64","X65plus"
"E01004379","Waltham Forest 007A","E09000031","Waltham Forest",0.007201646,0.011286682,0.021220159,0.014736842,0.017467249,-0.073298429
