"Code","Name","LA_code","LA_name","All","X0to15","X16to29","X30to44","X45to64","X65plus"
"E01004367","Waltham Forest 019D","E09000031","Waltham Forest",-0.008715863,-0.002915452,-0.036312849,-0.038793103,0.035532995,0.018518519
