"Code","Name","LA_code","LA_name","All","X0to15","X16to29","X30to44","X45to64","X65plus"
"E01004449","Waltham Forest 018E","E09000031","Waltham Forest",-0.000537924,-0.006396588,-0.028947368,-0.016746411,0.044386423,0.014354067
