"Code","Name","LA_code","LA_name","All","X0to15","X16to29","X30to44","X45to64","X65plus"
"E01004426","Waltham Forest 022D","E09000031","Waltham Forest",-0.03707684,-0.062034739,-0.038860104,-0.051612903,0.004987531,-0.033980583
