"Code","Name","LA_code","LA_name","All","X0to15","X16to29","X30to44","X45to64","X65plus"
"E01004430","Waltham Forest 026D","E09000031","Waltham Forest",-0.005790646,-0.015831135,0.003273322,-0.029850746,-0.008152174,0.106666667
