"Code","Name","LA_code","LA_name","All","X0to15","X16to29","X30to44","X45to64","X65plus"
"E01004425","Waltham Forest 022C","E09000031","Waltham Forest",0.001427212,0.017953321,0.003215434,-0.016783217,0.058823529,-0.18018018
