"Code","Name","LA_code","LA_name","All","X0to15","X16to29","X30to44","X45to64","X65plus"
"E01004386","Waltham Forest 003C","E09000031","Waltham Forest",-0.025758443,0.021875,-0.039285714,-0.037671233,-0.007905138,-0.074498567
