"Code","Name","LA_code","LA_name","All","X0to15","X16to29","X30to44","X45to64","X65plus"
"E01004450","Waltham Forest 006A","E09000031","Waltham Forest",0.001729107,0.068767908,-0.010380623,-0.038690476,-0.006329114,-0.006968641
