"Code","Name","LA_code","LA_name","All","X0to15","X16to29","X30to44","X45to64","X65plus"
"E01004424","Waltham Forest 022B","E09000031","Waltham Forest",0.000545852,-0.01048218,0,-0.001976285,0.030054645,-0.030534351
