"Code","Name","LA_code","LA_name","All","X0to15","X16to29","X30to44","X45to64","X65plus"
"E01004381","Waltham Forest 007C","E09000031","Waltham Forest",-0.01910828,-0.069721116,-0.048484848,-0.012474012,0.02661597,0.01980198
