"Code","Name","LA_code","LA_name","All","X0to15","X16to29","X30to44","X45to64","X65plus"
"E01004456","Waltham Forest 006E","E09000031","Waltham Forest",0.012077295,0.082914573,-0.01369863,-0.026923077,-0.02826087,0.069364162
