"Code","Name","LA_code","LA_name","All","X0to15","X16to29","X30to44","X45to64","X65plus"
"E01004460","Waltham Forest 011D","E09000031","Waltham Forest",-0.014973262,-0.03030303,-0.006153846,-0.041071429,0.055696203,-0.067010309
