"Code","Name","LA_code","LA_name","All","X0to15","X16to29","X30to44","X45to64","X65plus"
"E01004436","Waltham Forest 021B","E09000031","Waltham Forest",0.078125,0.080645161,0.062656642,0.095505618,0.081578947,0.047337278
