"Code","Name","LA_code","LA_name","All","X0to15","X16to29","X30to44","X45to64","X65plus"
"E01004343","Waltham Forest 008A","E09000031","Waltham Forest",-0.025694809,-0.055288462,-0.006079027,-0.030444965,-0.011952191,-0.021459227
