"Code","Name","LA_code","LA_name","All","X0to15","X16to29","X30to44","X45to64","X65plus"
"E01004350","Waltham Forest 001B","E09000031","Waltham Forest",-0.008385744,-0.034375,-0.030188679,-0.012461059,0.002631579,0.009646302
