"Code","Name","LA_code","LA_name","All","X0to15","X16to29","X30to44","X45to64","X65plus"
"E01004366","Waltham Forest 019C","E09000031","Waltham Forest",0.00748503,0.002531646,-0.017977528,0.023622047,0.015037594,0.015564202
