"Code","Name","LA_code","LA_name","All","X0to15","X16to29","X30to44","X45to64","X65plus"
"E01004407","Waltham Forest 013A","E09000031","Waltham Forest",0.09156845,0.09653092,0.055806938,0.071287129,0.153571429,0.231578947
