"Code","Name","LA_code","LA_name","All","X0to15","X16to29","X30to44","X45to64","X65plus"
"E01004347","Waltham Forest 011C","E09000031","Waltham Forest",0.01364064,0.029644269,0.00974026,0.005891016,0.017391304,-0.005780347
