"Code","Name","LA_code","LA_name","All","X0to15","X16to29","X30to44","X45to64","X65plus"
"E01004432","Waltham Forest 023D","E09000031","Waltham Forest",0.009885536,0.021367521,-0.002890173,0.018707483,0.014409222,-0.034682081
