"Code","Name","LA_code","LA_name","All","X0to15","X16to29","X30to44","X45to64","X65plus"
"E01004393","Waltham Forest 014B","E09000031","Waltham Forest",-0.02516269,-0.087939698,-0.024539877,-0.011131725,0.011976048,-0.00456621
