"Code","Name","LA_code","LA_name","All","X0to15","X16to29","X30to44","X45to64","X65plus"
"E01004466","Waltham Forest 015C","E09000031","Waltham Forest",-0.02994012,-0.038356164,-0.008298755,-0.050485437,-0.042929293,0.058823529
