"Code","Name","LA_code","LA_name","All","X0to15","X16to29","X30to44","X45to64","X65plus"
"E01004444","Waltham Forest 017D","E09000031","Waltham Forest",0.012076354,0.001647446,-0.015065913,-0.005449591,0.034482759,0.138728324
