"Code","Name","LA_code","LA_name","All","X0to15","X16to29","X30to44","X45to64","X65plus"
"E01004418","Waltham Forest 008D","E09000031","Waltham Forest",0.001142204,-0.043478261,-0.006779661,0.026737968,-0.015837104,0.072289157
