"Code","Name","LA_code","LA_name","All","X0to15","X16to29","X30to44","X45to64","X65plus"
"E01004411","Waltham Forest 016D","E09000031","Waltham Forest",-0.01489118,-0.023333333,-0.017369727,-0.003539823,0.011627907,-0.104477612
