"Code","Name","LA_code","LA_name","All","X0to15","X16to29","X30to44","X45to64","X65plus"
"E01004380","Waltham Forest 007B","E09000031","Waltham Forest",-0.004993758,0.008595989,0.012048193,-0.0625,0.004494382,0.022421525
