"Code","Name","LA_code","LA_name","All","X0to15","X16to29","X30to44","X45to64","X65plus"
"E01004486","Wandsworth 026F","E09000032","Wandsworth",-0.002159827,0.034285714,0.027093596,0.006726457,-0.027522936,-0.118055556
