"Code","Name","LA_code","LA_name","All","X0to15","X16to29","X30to44","X45to64","X65plus"
"E01033099","Wandsworth 004E","E09000032","Wandsworth",0.005028736,-0.061538462,0.044736842,0.030241935,-0.017699115,-0.094736842
