"Code","Name","LA_code","LA_name","All","X0to15","X16to29","X30to44","X45to64","X65plus"
"E01004482","Wandsworth 030A","E09000032","Wandsworth",0.046854083,0.053571429,0.062176166,0.055187638,0.003831418,0.047058824
