"Code","Name","LA_code","LA_name","All","X0to15","X16to29","X30to44","X45to64","X65plus"
"E01004587","Wandsworth 009D","E09000032","Wandsworth",0.020975354,0.03539823,0.04784689,0.013293944,-0.005763689,0.007936508
