"Code","Name","LA_code","LA_name","All","X0to15","X16to29","X30to44","X45to64","X65plus"
"E01004607","Wandsworth 006D","E09000032","Wandsworth",0.023931624,0.002688172,0.107806691,0.012072435,0.0125,0.004608295
