"Code","Name","LA_code","LA_name","All","X0to15","X16to29","X30to44","X45to64","X65plus"
"E01004556","Wandsworth 009B","E09000032","Wandsworth",0.025857223,0.039848197,0.010152284,0.016835017,0.047904192,-0.023622047
