"Code","Name","LA_code","LA_name","All","X0to15","X16to29","X30to44","X45to64","X65plus"
"E01033093","Wandsworth 010F","E09000032","Wandsworth",0.026811898,0.01744186,0,0.02832244,0.033149171,0.06763285
