"Code","Name","LA_code","LA_name","All","X0to15","X16to29","X30to44","X45to64","X65plus"
"E01004580","Wandsworth 004C","E09000032","Wandsworth",0.02281746,0.027491409,0.051903114,0.024193548,0.018575851,-0.06372549
