"Code","Name","LA_code","LA_name","All","X0to15","X16to29","X30to44","X45to64","X65plus"
"E01004510","Wandsworth 012B","E09000032","Wandsworth",0.030769231,-0.028880866,0.044859813,0.013349515,0.024242424,0.254385965
