"Code","Name","LA_code","LA_name","All","X0to15","X16to29","X30to44","X45to64","X65plus"
"E01004509","Wandsworth 010A","E09000032","Wandsworth",0.039277652,0.107296137,0.04778157,0.028017241,0.036923077,-0.027972028
