"Code","Name","LA_code","LA_name","All","X0to15","X16to29","X30to44","X45to64","X65plus"
"E01004530","Wandsworth 035F","E09000032","Wandsworth",0.010526316,-0.026936027,0.032608696,0.003344482,0.04519774,-0.015957447
