"Code","Name","LA_code","LA_name","All","X0to15","X16to29","X30to44","X45to64","X65plus"
"E01004538","Wandsworth 007C","E09000032","Wandsworth",0.01,-0.030150754,0.029821074,0.0265625,0.028089888,-0.044334975
