"Code","Name","LA_code","LA_name","All","X0to15","X16to29","X30to44","X45to64","X65plus"
"E01004643","Wandsworth 016C","E09000032","Wandsworth",0.018208661,0.042606516,0.037037037,0.025510204,-0.02764977,0.012875536
