"Code","Name","LA_code","LA_name","All","X0to15","X16to29","X30to44","X45to64","X65plus"
"E01004511","Wandsworth 010B","E09000032","Wandsworth",-0.011299435,-0.039370079,0.005347594,0.006745363,-0.041666667,-0.027777778
