"Code","Name","LA_code","LA_name","All","X0to15","X16to29","X30to44","X45to64","X65plus"
"E01004553","Wandsworth 015A","E09000032","Wandsworth",0.012035011,-0.026058632,0.051724138,0.025316456,0.020527859,-0.107438017
