"Code","Name","LA_code","LA_name","All","X0to15","X16to29","X30to44","X45to64","X65plus"
"E01004629","Wandsworth 020F","E09000032","Wandsworth",-0.000606428,-0.026706231,0.042145594,0.00511509,0,-0.020080321
