"Code","Name","LA_code","LA_name","All","X0to15","X16to29","X30to44","X45to64","X65plus"
"E01004590","Wandsworth 005B","E09000032","Wandsworth",0.027287319,-0.006329114,0.04379562,0.026970954,0.014218009,0.067226891
