"Code","Name","LA_code","LA_name","All","X0to15","X16to29","X30to44","X45to64","X65plus"
"E01004520","Wandsworth 036D","E09000032","Wandsworth",0.009232955,0.033846154,0.047619048,0.021472393,-0.046979866,-0.03030303
