"Code","Name","LA_code","LA_name","All","X0to15","X16to29","X30to44","X45to64","X65plus"
"E01004605","Wandsworth 006B","E09000032","Wandsworth",0.016787913,0.053097345,0.053097345,0.018796992,-0.011764706,-0.018867925
