"Code","Name","LA_code","LA_name","All","X0to15","X16to29","X30to44","X45to64","X65plus"
"E01004498","Wandsworth 031D","E09000032","Wandsworth",0.022106632,-0.013651877,0.007575758,0.041055718,-0.014634146,0.117021277
