"Code","Name","LA_code","LA_name","All","X0to15","X16to29","X30to44","X45to64","X65plus"
"E01004598","Wandsworth 025D","E09000032","Wandsworth",0.027630805,0.038732394,0.024475524,0.02252816,0.069672131,-0.068181818
