"Code","Name","LA_code","LA_name","All","X0to15","X16to29","X30to44","X45to64","X65plus"
"E01004507","Wandsworth 014E","E09000032","Wandsworth",0.063684211,0.097165992,0.087837838,0.068493151,0,0.042780749
