"Code","Name","LA_code","LA_name","All","X0to15","X16to29","X30to44","X45to64","X65plus"
"E01004566","Wandsworth 001B","E09000032","Wandsworth",0.006195787,-0.037209302,0.04109589,0,-0.017191977,0.044776119
