"Code","Name","LA_code","LA_name","All","X0to15","X16to29","X30to44","X45to64","X65plus"
"E01004569","Wandsworth 023A","E09000032","Wandsworth",0.141433318,0.004683841,0.470383275,0.071588367,0.002518892,-0.026717557
