"Code","Name","LA_code","LA_name","All","X0to15","X16to29","X30to44","X45to64","X65plus"
"E01004612","Wandsworth 032C","E09000032","Wandsworth",0.007869249,0.025316456,0.01511335,0.034246575,-0.054140127,0.005347594
