"Code","Name","LA_code","LA_name","All","X0to15","X16to29","X30to44","X45to64","X65plus"
"E01004567","Wandsworth 002E","E09000032","Wandsworth",0.033898305,0.018549747,0.020295203,0.043010753,0.028436019,0.13559322
