"Code","Name","LA_code","LA_name","All","X0to15","X16to29","X30to44","X45to64","X65plus"
"E01004483","Wandsworth 026D","E09000032","Wandsworth",0.009905894,-0.041297935,0.036585366,0.01369863,-0.017241379,0.105263158
