"Code","Name","LA_code","LA_name","All","X0to15","X16to29","X30to44","X45to64","X65plus"
"E01004480","Wandsworth 026C","E09000032","Wandsworth",0.022805017,-0.045081967,0.021505376,0.040185471,0.038461538,0.048780488
