"Code","Name","LA_code","LA_name","All","X0to15","X16to29","X30to44","X45to64","X65plus"
"E01004591","Wandsworth 005C","E09000032","Wandsworth",0.019371728,0,0.041984733,0.01026393,0.040372671,-0.029239766
