"Code","Name","LA_code","LA_name","All","X0to15","X16to29","X30to44","X45to64","X65plus"
"E01004500","Wandsworth 014A","E09000032","Wandsworth",0.026483051,0.108571429,0.012793177,0.032653061,0.036290323,-0.030651341
