"Code","Name","LA_code","LA_name","All","X0to15","X16to29","X30to44","X45to64","X65plus"
"E01004506","Wandsworth 011A","E09000032","Wandsworth",0.034060671,-0.007575758,0.064676617,0.062409289,-0.010452962,0
