"Code","Name","LA_code","LA_name","All","X0to15","X16to29","X30to44","X45to64","X65plus"
"E01004523","Wandsworth 036E","E09000032","Wandsworth",0.01856018,0.035714286,0.055374593,0.030805687,0.011389522,-0.051094891
