"Code","Name","LA_code","LA_name","All","X0to15","X16to29","X30to44","X45to64","X65plus"
"E01004546","Wandsworth 027C","E09000032","Wandsworth",0.022353715,0.007326007,0.05511811,0.024714829,0.020920502,-0.068627451
