"Code","Name","LA_code","LA_name","All","X0to15","X16to29","X30to44","X45to64","X65plus"
"E01004639","Wandsworth 011C","E09000032","Wandsworth",0.010836845,0.022140221,0.04109589,0.030864198,-0.033639144,-0.033018868
