"Code","Name","LA_code","LA_name","All","X0to15","X16to29","X30to44","X45to64","X65plus"
"E01004537","Wandsworth 007B","E09000032","Wandsworth",0.017222222,0.002994012,0.020224719,0.036637931,0.010638298,0
