"Code","Name","LA_code","LA_name","All","X0to15","X16to29","X30to44","X45to64","X65plus"
"E01033132","Wandsworth 002H","E09000032","Wandsworth",0.069029851,-0.015267176,0.147058824,0.098984772,0.035,-0.133333333
