"Code","Name","LA_code","LA_name","All","X0to15","X16to29","X30to44","X45to64","X65plus"
"E01004542","Wandsworth 021D","E09000032","Wandsworth",0.020343293,0.002849003,0.05204461,0.016666667,0.028125,0
