"Code","Name","LA_code","LA_name","All","X0to15","X16to29","X30to44","X45to64","X65plus"
"E01004575","Wandsworth 013C","E09000032","Wandsworth",0.008746356,-0.044444444,0.035608309,0.031862745,0.010169492,0.002777778
