"Code","Name","LA_code","LA_name","All","X0to15","X16to29","X30to44","X45to64","X65plus"
"E01004532","Wandsworth 032A","E09000032","Wandsworth",0.008032129,0.010869565,0.0625,0.021857923,0.003802281,-0.133333333
