"Code","Name","LA_code","LA_name","All","X0to15","X16to29","X30to44","X45to64","X65plus"
"E01004514","Wandsworth 012C","E09000032","Wandsworth",0.01346046,0.004098361,0.034188034,0.019893899,-0.010380623,-0.006896552
