"Code","Name","LA_code","LA_name","All","X0to15","X16to29","X30to44","X45to64","X65plus"
"E01004526","Wandsworth 035B","E09000032","Wandsworth",0.007029877,-0.017985612,0.03902439,0.025914634,-0.045977011,-0.039215686
