"Code","Name","LA_code","LA_name","All","X0to15","X16to29","X30to44","X45to64","X65plus"
"E01004592","Wandsworth 005D","E09000032","Wandsworth",-0.004046243,-0.051181102,0.04057971,0.009041591,-0.054945055,0.03271028
