"Code","Name","LA_code","LA_name","All","X0to15","X16to29","X30to44","X45to64","X65plus"
"E01004554","Wandsworth 009A","E09000032","Wandsworth",0.016772701,0.028497409,0.041044776,0.007788162,0.016447368,-0.023255814
