"Code","Name","LA_code","LA_name","All","X0to15","X16to29","X30to44","X45to64","X65plus"
"E01004536","Wandsworth 008B","E09000032","Wandsworth",0.033483054,0.066869301,0.035343035,0.019178082,-0.005934718,0.153846154
