"Code","Name","LA_code","LA_name","All","X0to15","X16to29","X30to44","X45to64","X65plus"
"E01004571","Wandsworth 023C","E09000032","Wandsworth",0.02606383,-0.010471204,0.040339703,0.03358209,0.018867925,0.057803468
