"Code","Name","LA_code","LA_name","All","X0to15","X16to29","X30to44","X45to64","X65plus"
"E01004502","Wandsworth 020B","E09000032","Wandsworth",0.006870706,0.00990099,0.057251908,0.010845987,0.004962779,-0.081395349
