"Code","Name","LA_code","LA_name","All","X0to15","X16to29","X30to44","X45to64","X65plus"
"E01004581","Wandsworth 004D","E09000032","Wandsworth",0.018487395,-0.037914692,0.023404255,0.029795158,0.042071197,0.003875969
