"Code","Name","LA_code","LA_name","All","X0to15","X16to29","X30to44","X45to64","X65plus"
"E01004608","Wandsworth 006E","E09000032","Wandsworth",0.024698795,-0.045454545,0.016759777,0.05313093,0.030769231,0.038461538
