"Code","Name","LA_code","LA_name","All","X0to15","X16to29","X30to44","X45to64","X65plus"
"E01004543","Wandsworth 027A","E09000032","Wandsworth",0.041843542,0.046296296,0.042979943,0.021413276,0.055415617,0.0625
