"Code","Name","LA_code","LA_name","All","X0to15","X16to29","X30to44","X45to64","X65plus"
"E01004558","Wandsworth 015C","E09000032","Wandsworth",0.028773073,0.005940594,0.044534413,0.017828201,0.018229167,0.235955056
