"Code","Name","LA_code","LA_name","All","X0to15","X16to29","X30to44","X45to64","X65plus"
"E01004501","Wandsworth 014B","E09000032","Wandsworth",0.001299545,-0.016064257,0.039087948,-0.010204082,-0.019607843,0.026737968
