"Code","Name","LA_code","LA_name","All","X0to15","X16to29","X30to44","X45to64","X65plus"
"E01004559","Wandsworth 015D","E09000032","Wandsworth",-0.011363636,-0.034482759,0.027777778,-0.026066351,-0.016759777,0.085106383
