"Code","Name","LA_code","LA_name","All","X0to15","X16to29","X30to44","X45to64","X65plus"
"E01004557","Wandsworth 015B","E09000032","Wandsworth",0.02237927,-0.002604167,0.044776119,0.031141869,0.035369775,-0.012738854
