"Code","Name","LA_code","LA_name","All","X0to15","X16to29","X30to44","X45to64","X65plus"
"E01004528","Wandsworth 035D","E09000032","Wandsworth",0.004004577,-0.004987531,0.033898305,0.026315789,-0.013888889,-0.0625
