"Code","Name","LA_code","LA_name","All","X0to15","X16to29","X30to44","X45to64","X65plus"
"E01004496","Wandsworth 024B","E09000032","Wandsworth",0.048954615,0.042253521,0.061965812,0.044228695,0.048387097,0.047619048
