"Code","Name","LA_code","LA_name","All","X0to15","X16to29","X30to44","X45to64","X65plus"
"E01004539","Wandsworth 003A","E09000032","Wandsworth",0.008312958,-0.022429907,0.02676399,0.022132797,0.00660793,0.027027027
