"Code","Name","LA_code","LA_name","All","X0to15","X16to29","X30to44","X45to64","X65plus"
"E01004479","Wandsworth 017C","E09000032","Wandsworth",0.017110266,0.024316109,0.036923077,0.01,0.007936508,0
