"Code","Name","LA_code","LA_name","All","X0to15","X16to29","X30to44","X45to64","X65plus"
"E01012469","Warrington 003C","E06000007","Warrington",0.00128123,0.0078125,-0.038610039,0.047619048,0.002386635,-0.011299435
