"Code","Name","LA_code","LA_name","All","X0to15","X16to29","X30to44","X45to64","X65plus"
"E01012476","Warrington 001C","E06000007","Warrington",0.010491803,0.009009009,0.038461538,0.059090909,-0.008032129,-0.00795756
