"Code","Name","LA_code","LA_name","All","X0to15","X16to29","X30to44","X45to64","X65plus"
"E01012482","Warrington 011B","E06000007","Warrington",0.011450382,0.029304029,0.007722008,0.016611296,-0.023738872,0.027363184
