"Code","Name","LA_code","LA_name","All","X0to15","X16to29","X30to44","X45to64","X65plus"
"E01012568","Warrington 009D","E06000007","Warrington",0.029935675,0.048571429,0.046728972,0.02955665,0.007185629,-0.036842105
