"Code","Name","LA_code","LA_name","All","X0to15","X16to29","X30to44","X45to64","X65plus"
"E01012509","Warrington 018D","E06000007","Warrington",0.026789838,0.17254902,0.014577259,0.046568627,-0.007054674,-0.010135135
