"Code","Name","LA_code","LA_name","All","X0to15","X16to29","X30to44","X45to64","X65plus"
"E01012470","Warrington 003D","E06000007","Warrington",-0.043621399,-0.082304527,-0.056701031,-0.045454545,-0.02,-0.023255814
