"Code","Name","LA_code","LA_name","All","X0to15","X16to29","X30to44","X45to64","X65plus"
"E01012496","Warrington 016B","E06000007","Warrington",0.031723143,0.066666667,0.072916667,0.038461538,0.016587678,-0.003184713
