"Code","Name","LA_code","LA_name","All","X0to15","X16to29","X30to44","X45to64","X65plus"
"E01012554","Warrington 002D","E06000007","Warrington",-0.009466866,0.048859935,-0.067164179,0.003278689,-0.020437956,-0.00678733
