"Code","Name","LA_code","LA_name","All","X0to15","X16to29","X30to44","X45to64","X65plus"
"E01012461","Warrington 005B","E06000007","Warrington",-0.02835249,-0.034334764,-0.06043956,-0.037735849,-0.024175824,0.004484305
