"Code","Name","LA_code","LA_name","All","X0to15","X16to29","X30to44","X45to64","X65plus"
"E01012494","Warrington 015D","E06000007","Warrington",0.01416613,0.014492754,0.044843049,-0.025157233,0.036190476,-0.014218009
