"Code","Name","LA_code","LA_name","All","X0to15","X16to29","X30to44","X45to64","X65plus"
"E01012537","Warrington 006D","E06000007","Warrington",-0.00330251,0.044378698,-0.027118644,0,0.005277045,-0.064220183
