"Code","Name","LA_code","LA_name","All","X0to15","X16to29","X30to44","X45to64","X65plus"
"E01012528","Warrington 019B","E06000007","Warrington",0.00252738,-0.006369427,-0.052238806,0.025316456,-0.027777778,0.038647343
