"Code","Name","LA_code","LA_name","All","X0to15","X16to29","X30to44","X45to64","X65plus"
"E01012479","Warrington 017A","E06000007","Warrington",0.021765417,0.015625,0.061728395,-0.015706806,0.024752475,0.03125
