"Code","Name","LA_code","LA_name","All","X0to15","X16to29","X30to44","X45to64","X65plus"
"E01012559","Warrington 023E","E06000007","Warrington",-0.0234375,-0.032786885,0.00591716,-0.052631579,-0.015873016,-0.016901408
