"Code","Name","LA_code","LA_name","All","X0to15","X16to29","X30to44","X45to64","X65plus"
"E01012503","Warrington 024D","E06000007","Warrington",0.00691085,0.018115942,-0.014925373,0.022641509,0.004115226,0
