"Code","Name","LA_code","LA_name","All","X0to15","X16to29","X30to44","X45to64","X65plus"
"E01012567","Warrington 009C","E06000007","Warrington",0.00378174,-0.032418953,0.031152648,0.035608309,0.018779343,-0.091503268
