"Code","Name","LA_code","LA_name","All","X0to15","X16to29","X30to44","X45to64","X65plus"
"E01012530","Warrington 019D","E06000007","Warrington",0.008626887,0.038461538,0.045226131,-0.018099548,0.022522523,-0.034482759
