"Code","Name","LA_code","LA_name","All","X0to15","X16to29","X30to44","X45to64","X65plus"
"E01012544","Warrington 007F","E06000007","Warrington",0.00658376,-0.007968127,-0.012578616,0.031818182,0.01061008,0.005555556
