"Code","Name","LA_code","LA_name","All","X0to15","X16to29","X30to44","X45to64","X65plus"
"E01012556","Warrington 014E","E06000007","Warrington",0.011220196,0.011049724,0,0.01,0.006726457,0.021791768
