"Code","Name","LA_code","LA_name","All","X0to15","X16to29","X30to44","X45to64","X65plus"
"E01012500","Warrington 015E","E06000007","Warrington",0.003649635,0.03626943,0.037837838,0,-0.020460358,-0.002475248
