"Code","Name","LA_code","LA_name","All","X0to15","X16to29","X30to44","X45to64","X65plus"
"E01012545","Warrington 008E","E06000007","Warrington",0.068236715,0.099056604,0.069343066,0.093085106,0.028248588,0.030701754
