"Code","Name","LA_code","LA_name","All","X0to15","X16to29","X30to44","X45to64","X65plus"
"E01012480","Warrington 017B","E06000007","Warrington",0.013058764,-0.009803922,0.016548463,0.014842301,0.011655012,0.030612245
