"Code","Name","LA_code","LA_name","All","X0to15","X16to29","X30to44","X45to64","X65plus"
"E01033303","Warrington 017G","E06000007","Warrington",0.044368601,0.043010753,0.038834951,0.068259386,0.016393443,0.057142857
