"Code","Name","LA_code","LA_name","All","X0to15","X16to29","X30to44","X45to64","X65plus"
"E01012517","Warrington 021E","E06000007","Warrington",-0.031303602,-0.060550459,-0.030534351,-0.054393305,-0.020028612,0.022988506
