"Code","Name","LA_code","LA_name","All","X0to15","X16to29","X30to44","X45to64","X65plus"
"E01012519","Warrington 021G","E06000007","Warrington",-0.018646409,-0.012244898,0.023391813,-0.04379562,-0.016949153,-0.026086957
