"Code","Name","LA_code","LA_name","All","X0to15","X16to29","X30to44","X45to64","X65plus"
"E01012569","Warrington 010E","E06000007","Warrington",-0.059379926,-0.089775561,-0.045138889,-0.111374408,-0.026642984,-0.008733624
