"Code","Name","LA_code","LA_name","All","X0to15","X16to29","X30to44","X45to64","X65plus"
"E01012486","Warrington 022B","E06000007","Warrington",0.009433962,-0.013888889,-0.061728395,0.023809524,0,0.070707071
