"Code","Name","LA_code","LA_name","All","X0to15","X16to29","X30to44","X45to64","X65plus"
"E01012473","Warrington 002A","E06000007","Warrington",0.005401756,-0.022304833,-0.022058824,0.039215686,0.007371007,0.012903226
