"Code","Name","LA_code","LA_name","All","X0to15","X16to29","X30to44","X45to64","X65plus"
"E01012492","Warrington 015B","E06000007","Warrington",-0.010623229,-0.053398058,0.048484848,-0.005649718,-0.008830022,-0.01703163
