"Code","Name","LA_code","LA_name","All","X0to15","X16to29","X30to44","X45to64","X65plus"
"E01012506","Warrington 020C","E06000007","Warrington",0.017983301,-0.013368984,0.036789298,0.020408163,0.015544041,0.058064516
