"Code","Name","LA_code","LA_name","All","X0to15","X16to29","X30to44","X45to64","X65plus"
"E01012526","Warrington 006A","E06000007","Warrington",0.001098901,-0.040462428,0.007936508,0.029484029,0.033994334,-0.024539877
