"Code","Name","LA_code","LA_name","All","X0to15","X16to29","X30to44","X45to64","X65plus"
"E01012466","Warrington 005D","E06000007","Warrington",0.009655172,0.022222222,-0.013468013,0.012307692,0.019774011,0
