"Code","Name","LA_code","LA_name","All","X0to15","X16to29","X30to44","X45to64","X65plus"
"E01012515","Warrington 021C","E06000007","Warrington",-0.006277464,-0.028213166,-0.056497175,0.013745704,0.014388489,-0.002570694
