"Code","Name","LA_code","LA_name","All","X0to15","X16to29","X30to44","X45to64","X65plus"
"E01012502","Warrington 024C","E06000007","Warrington",0.008615385,0.013422819,0,0.06640625,-0.007029877,-0.009615385
