"Code","Name","LA_code","LA_name","All","X0to15","X16to29","X30to44","X45to64","X65plus"
"E01012463","Warrington 004C","E06000007","Warrington",0.01480111,0,0.037735849,0.008403361,-0.002645503,0.031746032
