"Code","Name","LA_code","LA_name","All","X0to15","X16to29","X30to44","X45to64","X65plus"
"E01012533","Warrington 008C","E06000007","Warrington",-0.012751678,0.00245098,0.014285714,-0.054054054,0.006451613,-0.079754601
