"Code","Name","LA_code","LA_name","All","X0to15","X16to29","X30to44","X45to64","X65plus"
"E01033302","Warrington 018G","E06000007","Warrington",0.016364699,-0.016949153,0.012376238,0.045548654,0.024615385,-0.006896552
