"Code","Name","LA_code","LA_name","All","X0to15","X16to29","X30to44","X45to64","X65plus"
"E01012551","Warrington 014A","E06000007","Warrington",-0.007777058,-0.003378378,-0.01369863,-0.02892562,-0.026974952,0.048689139
