"Code","Name","LA_code","LA_name","All","X0to15","X16to29","X30to44","X45to64","X65plus"
"E01012490","Warrington 022E","E06000007","Warrington",-0.00571837,-0.058252427,0.064102564,0.039772727,-0.002304147,-0.028103044
