"Code","Name","LA_code","LA_name","All","X0to15","X16to29","X30to44","X45to64","X65plus"
"E01012522","Warrington 008B","E06000007","Warrington",-0.005784526,0.003921569,0.02690583,0.007462687,-0.038961039,-0.007936508
