"Code","Name","LA_code","LA_name","All","X0to15","X16to29","X30to44","X45to64","X65plus"
"E01012451","Warrington 023B","E06000007","Warrington",0.018125,-0.033846154,0.014705882,-0.046875,0.018604651,0.126182965
