"Code","Name","LA_code","LA_name","All","X0to15","X16to29","X30to44","X45to64","X65plus"
"E01012487","Warrington 022C","E06000007","Warrington",0.025998732,0.033444816,0.066326531,0.016129032,0.020833333,0.010273973
