"Code","Name","LA_code","LA_name","All","X0to15","X16to29","X30to44","X45to64","X65plus"
"E01012560","Warrington 023F","E06000007","Warrington",0.003396739,0.019607843,0.042682927,-0.011320755,0.002583979,-0.017142857
