"Code","Name","LA_code","LA_name","All","X0to15","X16to29","X30to44","X45to64","X65plus"
"E01033300","Warrington 018F","E06000007","Warrington",0.012934519,0.019736842,0.019498607,-0.004950495,-0.02283105,0.126213592
