"Code","Name","LA_code","LA_name","All","X0to15","X16to29","X30to44","X45to64","X65plus"
"E01012546","Warrington 008F","E06000007","Warrington",-0.023672055,-0.003838772,-0.052117264,-0.066339066,0.011428571,0
