"Code","Name","LA_code","LA_name","All","X0to15","X16to29","X30to44","X45to64","X65plus"
"E01012543","Warrington 007E","E06000007","Warrington",0.077480087,0.226993865,0.024475524,0.16,0.089709763,-0.008498584
