"Code","Name","LA_code","LA_name","All","X0to15","X16to29","X30to44","X45to64","X65plus"
"E01012467","Warrington 003A","E06000007","Warrington",-0.001620746,0,-0.046511628,0.014285714,-0.002923977,0.00610998
