"Code","Name","LA_code","LA_name","All","X0to15","X16to29","X30to44","X45to64","X65plus"
"E01012505","Warrington 020B","E06000007","Warrington",0,0.031128405,-0.003861004,-0.022653722,0.005249344,-0.009345794
