"Code","Name","LA_code","LA_name","All","X0to15","X16to29","X30to44","X45to64","X65plus"
"E01012538","Warrington 007A","E06000007","Warrington",0.004408523,-0.054878049,-0.013574661,-0.013157895,0.01242236,0.056603774
