"Code","Name","LA_code","LA_name","All","X0to15","X16to29","X30to44","X45to64","X65plus"
"E01012468","Warrington 003B","E06000007","Warrington",-0.00595002,0.008602151,-0.046070461,0.002145923,-0.015564202,0.02
