"Code","Name","LA_code","LA_name","All","X0to15","X16to29","X30to44","X45to64","X65plus"
"E01012564","Warrington 010B","E06000007","Warrington",0.001467351,0.031914894,0.01025641,-0.064257028,0.014198783,0.012605042
