"Code","Name","LA_code","LA_name","All","X0to15","X16to29","X30to44","X45to64","X65plus"
"E01031289","Warwick 007G","E07000222","Warwick",-0.013227513,0.015822785,-0.075471698,-0.023809524,-0.00462963,0
