"Code","Name","LA_code","LA_name","All","X0to15","X16to29","X30to44","X45to64","X65plus"
"E01031319","Warwick 012E","E07000222","Warwick",0.005762179,-0.002739726,-0.021428571,0.017241379,0.017241379,0.005952381
