"Code","Name","LA_code","LA_name","All","X0to15","X16to29","X30to44","X45to64","X65plus"
"E01031273","Warwick 006A","E07000222","Warwick",-0.020319303,0.0625,-0.081818182,-0.043478261,-0.029649596,0.03875969
