"Code","Name","LA_code","LA_name","All","X0to15","X16to29","X30to44","X45to64","X65plus"
"E01033255","Warwick 011H","E07000222","Warwick",-0.095081967,-0.105263158,-0.070422535,-0.139573071,-0.081850534,-0.017391304
