"Code","Name","LA_code","LA_name","All","X0to15","X16to29","X30to44","X45to64","X65plus"
"E01031282","Warwick 004B","E07000222","Warwick",-0.024342105,-0.042553191,-0.087628866,-0.027906977,-0.014141414,0.007874016
