"Code","Name","LA_code","LA_name","All","X0to15","X16to29","X30to44","X45to64","X65plus"
"E01031284","Warwick 004D","E07000222","Warwick",0.023897059,0.005617978,0.05,0.025641026,0.008108108,0.045774648
