"Code","Name","LA_code","LA_name","All","X0to15","X16to29","X30to44","X45to64","X65plus"
"E01031307","Warwick 003E","E07000222","Warwick",-0.013788099,0.010309278,-0.052980132,0,-0.007281553,-0.022573363
