"Code","Name","LA_code","LA_name","All","X0to15","X16to29","X30to44","X45to64","X65plus"
"E01031279","Warwick 005C","E07000222","Warwick",-0.076682316,-0.089005236,-0.096774194,-0.085858586,-0.066465257,-0.069124424
