"Code","Name","LA_code","LA_name","All","X0to15","X16to29","X30to44","X45to64","X65plus"
"E01033253","Warwick 007H","E07000222","Warwick",-0.030285381,0.060869565,-0.066666667,-0.015544041,0.008695652,0.015267176
