"Code","Name","LA_code","LA_name","All","X0to15","X16to29","X30to44","X45to64","X65plus"
"E01031325","Warwick 011E","E07000222","Warwick",0.048523207,0.064189189,-0.015873016,0.055555556,0.057291667,0.077272727
