"Code","Name","LA_code","LA_name","All","X0to15","X16to29","X30to44","X45to64","X65plus"
"E01033256","Warwick 007I","E07000222","Warwick",-0.035818713,-0.0125,-0.071428571,0.003546099,-0.004115226,-0.034285714
