"Code","Name","LA_code","LA_name","All","X0to15","X16to29","X30to44","X45to64","X65plus"
"E01031285","Warwick 007C","E07000222","Warwick",-0.003649635,0.044354839,-0.044247788,-0.010025063,0.003891051,0.005181347
