"Code","Name","LA_code","LA_name","All","X0to15","X16to29","X30to44","X45to64","X65plus"
"E01031303","Warwick 003A","E07000222","Warwick",0.04284727,0.071129707,-0.009478673,0.054852321,0.080604534,0.005509642
