"Code","Name","LA_code","LA_name","All","X0to15","X16to29","X30to44","X45to64","X65plus"
"E01031335","Warwick 010E","E07000222","Warwick",-0.029145078,-0.033816425,-0.06122449,-0.036211699,-0.034267913,0.161016949
