"Code","Name","LA_code","LA_name","All","X0to15","X16to29","X30to44","X45to64","X65plus"
"E01031277","Warwick 005A","E07000222","Warwick",0.059805285,0.100358423,0.167597765,0.03187251,0.024725275,0.030136986
