"Code","Name","LA_code","LA_name","All","X0to15","X16to29","X30to44","X45to64","X65plus"
"E01031263","Warwick 013C","E07000222","Warwick",-0.027210884,0.042857143,-0.062982005,-0.020253165,0.003773585,-0.00862069
