"Code","Name","LA_code","LA_name","All","X0to15","X16to29","X30to44","X45to64","X65plus"
"E01031321","Warwick 011A","E07000222","Warwick",-0.02556158,-0.023952096,-0.052419355,-0.04964539,0.009646302,-0.00862069
