"Code","Name","LA_code","LA_name","All","X0to15","X16to29","X30to44","X45to64","X65plus"
"E01031327","Warwick 015A","E07000222","Warwick",-0.004560261,-0.023255814,-0.023489933,0.018382353,0.01511335,-0.014981273
