"Code","Name","LA_code","LA_name","All","X0to15","X16to29","X30to44","X45to64","X65plus"
"E01031291","Warwick 009B","E07000222","Warwick",-0.011255924,0.163934426,-0.064162754,-0.011049724,0.01910828,0
