"Code","Name","LA_code","LA_name","All","X0to15","X16to29","X30to44","X45to64","X65plus"
"E01031261","Warwick 013A","E07000222","Warwick",-0.027950311,0.014204545,-0.063492063,-0.005934718,-0.018181818,-0.01910828
