"Code","Name","LA_code","LA_name","All","X0to15","X16to29","X30to44","X45to64","X65plus"
"E01031269","Warwick 014E","E07000222","Warwick",-0.011445783,-0.010869565,-0.028037383,-0.030100334,-0.016161616,0.018617021
