"Code","Name","LA_code","LA_name","All","X0to15","X16to29","X30to44","X45to64","X65plus"
"E01031315","Warwick 012A","E07000222","Warwick",0.035146846,0.054435484,0.030812325,0.06323185,0.020373514,-0.019230769
