"Code","Name","LA_code","LA_name","All","X0to15","X16to29","X30to44","X45to64","X65plus"
"E01031324","Warwick 011D","E07000222","Warwick",-0.011921793,-0.013761468,-0.041214751,-0.001915709,-0.007905138,0.005128205
