"Code","Name","LA_code","LA_name","All","X0to15","X16to29","X30to44","X45to64","X65plus"
"E01031306","Warwick 003D","E07000222","Warwick",-0.019217082,0.011494253,-0.061320755,-0.051282051,-0.005076142,-0.009868421
