"Code","Name","LA_code","LA_name","All","X0to15","X16to29","X30to44","X45to64","X65plus"
"E01031288","Warwick 007F","E07000222","Warwick",-0.016675931,0.044067797,-0.102189781,-0.009345794,-0.004705882,-0.020661157
