"Code","Name","LA_code","LA_name","All","X0to15","X16to29","X30to44","X45to64","X65plus"
"E01031320","Warwick 012F","E07000222","Warwick",-0.011401744,-0.021505376,-0.048951049,0.006779661,0.023076923,-0.033195021
