"Code","Name","LA_code","LA_name","All","X0to15","X16to29","X30to44","X45to64","X65plus"
"E01031293","Warwick 009D","E07000222","Warwick",-0.021701885,-0.017006803,-0.065420561,-0.026246719,-0.015957447,0.040441176
