"Code","Name","LA_code","LA_name","All","X0to15","X16to29","X30to44","X45to64","X65plus"
"E01031328","Warwick 015B","E07000222","Warwick",-0.005441607,0.004357298,-0.028132992,0.001821494,-0.01590106,0.009433962
