"Code","Name","LA_code","LA_name","All","X0to15","X16to29","X30to44","X45to64","X65plus"
"E01031260","Warwick 014B","E07000222","Warwick",-0.015025042,-0.02617801,-0.031914894,-0.015544041,-0.011299435,0
