"Code","Name","LA_code","LA_name","All","X0to15","X16to29","X30to44","X45to64","X65plus"
"E01031333","Warwick 010C","E07000222","Warwick",0.019771863,0.032258065,0.009049774,0.043613707,0,0.004484305
