"Code","Name","LA_code","LA_name","All","X0to15","X16to29","X30to44","X45to64","X65plus"
"E01031330","Warwick 015D","E07000222","Warwick",-0.002042206,0.014760148,0.023255814,0.011111111,0,-0.053571429
