"Code","Name","LA_code","LA_name","All","X0to15","X16to29","X30to44","X45to64","X65plus"
"E01031316","Warwick 012B","E07000222","Warwick",-0.028571429,-0.031531532,-0.068965517,-0.007604563,-0.037333333,-0.013574661
