"Code","Name","LA_code","LA_name","All","X0to15","X16to29","X30to44","X45to64","X65plus"
"E01031276","Warwick 006D","E07000222","Warwick",-0.005291005,0.052447552,-0.06918239,-0.024647887,0.019559902,-0.009302326
