"Code","Name","LA_code","LA_name","All","X0to15","X16to29","X30to44","X45to64","X65plus"
"E01023857","Watford 006C","E07000103","Watford",0.005220418,0.033333333,0.011080332,-0.010204082,0.012658228,-0.064102564
