"Code","Name","LA_code","LA_name","All","X0to15","X16to29","X30to44","X45to64","X65plus"
"E01023863","Watford 011A","E07000103","Watford",-0.021914648,-0.032171582,0.009063444,0.004255319,-0.052238806,-0.063291139
