"Code","Name","LA_code","LA_name","All","X0to15","X16to29","X30to44","X45to64","X65plus"
"E01023882","Watford 012A","E07000103","Watford",-0.000636132,0.022641509,-0.017621145,0.030508475,-0.01010101,-0.024137931
