"Code","Name","LA_code","LA_name","All","X0to15","X16to29","X30to44","X45to64","X65plus"
"E01023907","Watford 001D","E07000103","Watford",0.025353774,0.097791798,-0.007117438,0.033591731,0.022277228,-0.026058632
