"Code","Name","LA_code","LA_name","All","X0to15","X16to29","X30to44","X45to64","X65plus"
"E01023902","Watford 010D","E07000103","Watford",-0.006336406,0.019230769,-0.002739726,-0.014767932,-0.025974026,0
