"Code","Name","LA_code","LA_name","All","X0to15","X16to29","X30to44","X45to64","X65plus"
"E01023874","Watford 003B","E07000103","Watford",-0.027882442,-0.083333333,-0.016666667,0.004,-0.028846154,0
