"Code","Name","LA_code","LA_name","All","X0to15","X16to29","X30to44","X45to64","X65plus"
"E01023872","Watford 004E","E07000103","Watford",-0.006904488,0.010695187,-0.007604563,-0.035629454,-0.00210084,0.009803922
