"Code","Name","LA_code","LA_name","All","X0to15","X16to29","X30to44","X45to64","X65plus"
"E01023894","Watford 002E","E07000103","Watford",0.011585807,0.040740741,-0.00877193,0.014134276,-0.018134715,0.046728972
