"Code","Name","LA_code","LA_name","All","X0to15","X16to29","X30to44","X45to64","X65plus"
"E01023861","Watford 009C","E07000103","Watford",-0.009973404,0.030737705,-0.022058824,-0.003232759,-0.055776892,0.01459854
