"Code","Name","LA_code","LA_name","All","X0to15","X16to29","X30to44","X45to64","X65plus"
"E01023901","Watford 010C","E07000103","Watford",-0.007951356,-0.02617801,-0.030812325,0.004477612,0.026699029,-0.03968254
