"Code","Name","LA_code","LA_name","All","X0to15","X16to29","X30to44","X45to64","X65plus"
"E01023893","Watford 002D","E07000103","Watford",-0.012015292,-0.022922636,-0.031578947,-0.006116208,-0.012605042,0.007614213
