"Code","Name","LA_code","LA_name","All","X0to15","X16to29","X30to44","X45to64","X65plus"
"E01023905","Watford 001B","E07000103","Watford",0.03108305,0.015021459,0.052631579,0.03515625,0.02016129,0.045801527
