"Code","Name","LA_code","LA_name","All","X0to15","X16to29","X30to44","X45to64","X65plus"
"E01023887","Watford 008B","E07000103","Watford",0.019713262,0.047021944,0,0,0.024793388,0.014962594
