"Code","Name","LA_code","LA_name","All","X0to15","X16to29","X30to44","X45to64","X65plus"
"E01023871","Watford 004D","E07000103","Watford",0.004181601,0,-0.01650165,0.025341131,-0.01119403,0.011173184
