"Code","Name","LA_code","LA_name","All","X0to15","X16to29","X30to44","X45to64","X65plus"
"E01023865","Watford 011C","E07000103","Watford",0.010483401,-0.002277904,0,0.011764706,0.019607843,0.042424242
