"Code","Name","LA_code","LA_name","All","X0to15","X16to29","X30to44","X45to64","X65plus"
"E01030277","Waveney 002C","E07000206","Waveney",-0.003361345,-0.030534351,-0.028037383,0.005154639,0.024390244,0.008583691
