"Code","Name","LA_code","LA_name","All","X0to15","X16to29","X30to44","X45to64","X65plus"
"E01030259","Waveney 001D","E07000206","Waveney",0.013169447,0.018181818,0.015873016,0.025641026,0,0.017605634
