"Code","Name","LA_code","LA_name","All","X0to15","X16to29","X30to44","X45to64","X65plus"
"E01030290","Waveney 005E","E07000206","Waveney",-0.011865524,0.045454545,0.023255814,0.066985646,-0.042857143,-0.058823529
