"Code","Name","LA_code","LA_name","All","X0to15","X16to29","X30to44","X45to64","X65plus"
"E01030229","Waveney 015A","E07000206","Waveney",0.021850302,0.03164557,0.04845815,0.015564202,0.018867925,0.013595166
