"Code","Name","LA_code","LA_name","All","X0to15","X16to29","X30to44","X45to64","X65plus"
"E01030272","Waveney 012E","E07000206","Waveney",-0.001412429,-0.125,0.051094891,0.056962025,-0.042394015,0.02739726
