"Code","Name","LA_code","LA_name","All","X0to15","X16to29","X30to44","X45to64","X65plus"
"E01030248","Waveney 004B","E07000206","Waveney",0.014934661,0.010810811,0.029761905,0.017123288,-0.00257732,0.027149321
