"Code","Name","LA_code","LA_name","All","X0to15","X16to29","X30to44","X45to64","X65plus"
"E01030906","Waverley 009C","E07000216","Waverley",0.015116279,-0.008152174,-0.018181818,0.00990099,0.033596838,0.040247678
