"Code","Name","LA_code","LA_name","All","X0to15","X16to29","X30to44","X45to64","X65plus"
"E01030873","Waverley 013D","E07000216","Waverley",0.009831461,0.068493151,0.034825871,-0.044117647,0.024943311,-0.027855153
