"Code","Name","LA_code","LA_name","All","X0to15","X16to29","X30to44","X45to64","X65plus"
"E01030871","Waverley 013B","E07000216","Waverley",0.021399653,0.045698925,0.012820513,0.062305296,0.004618938,-0.013550136
