"Code","Name","LA_code","LA_name","All","X0to15","X16to29","X30to44","X45to64","X65plus"
"E01030943","Waverley 012E","E07000216","Waverley",-0.002349256,-0.023648649,-0.006369427,-0.023166023,0.07183908,-0.064516129
