"Code","Name","LA_code","LA_name","All","X0to15","X16to29","X30to44","X45to64","X65plus"
"E01030877","Waverley 011A","E07000216","Waverley",-0.002680965,0.055248619,0,0.047619048,-0.021341463,-0.036312849
