"Code","Name","LA_code","LA_name","All","X0to15","X16to29","X30to44","X45to64","X65plus"
"E01030274","Waveney 008B","E07000206","Waveney",0.010160881,0.14379085,-0.031413613,-0.008849558,0.006849315,-0.011574074
