"Code","Name","LA_code","LA_name","All","X0to15","X16to29","X30to44","X45to64","X65plus"
"E01030918","Waverley 007C","E07000216","Waverley",0.00758214,-0.022123894,0.036697248,0.01119403,0.016233766,0.007246377
