"Code","Name","LA_code","LA_name","All","X0to15","X16to29","X30to44","X45to64","X65plus"
"E01030881","Waverley 004A","E07000216","Waverley",0.044460127,0.088328076,0.0625,0.005714286,0.04964539,0.00877193
