"Code","Name","LA_code","LA_name","All","X0to15","X16to29","X30to44","X45to64","X65plus"
"E01030862","Waverley 015A","E07000216","Waverley",-0.032821599,-0.065384615,-0.038888889,-0.071969697,-0.034068136,-0.002915452
