"Code","Name","LA_code","LA_name","All","X0to15","X16to29","X30to44","X45to64","X65plus"
"E01030295","Waveney 014D","E07000206","Waveney",0,-0.003154574,0,0.050909091,-0.004037685,-0.016155089
