"Code","Name","LA_code","LA_name","All","X0to15","X16to29","X30to44","X45to64","X65plus"
"E01030273","Waveney 012F","E07000206","Waveney",0.015603799,0.041666667,0.053435115,0,0.028350515,-0.001490313
