"Code","Name","LA_code","LA_name","All","X0to15","X16to29","X30to44","X45to64","X65plus"
"E01030266","Waveney 003A","E07000206","Waveney",0.005028284,0.00754717,0.009049774,-0.003787879,0.011655012,0
