"Code","Name","LA_code","LA_name","All","X0to15","X16to29","X30to44","X45to64","X65plus"
"E01030262","Waveney 002B","E07000206","Waveney",0.017227878,0.058823529,0.035714286,0.034334764,0.03875969,-0.055555556
