"Code","Name","LA_code","LA_name","All","X0to15","X16to29","X30to44","X45to64","X65plus"
"E01030247","Waveney 007A","E07000206","Waveney",0.005497862,0.016339869,0.003134796,0.012944984,-0.025641026,0.028753994
