"Code","Name","LA_code","LA_name","All","X0to15","X16to29","X30to44","X45to64","X65plus"
"E01030261","Waveney 002A","E07000206","Waveney",0.015221707,-0.019283747,0.0390625,0.006944444,0.002645503,0.075221239
