"Code","Name","LA_code","LA_name","All","X0to15","X16to29","X30to44","X45to64","X65plus"
"E01030933","Waverley 016D","E07000216","Waverley",0.016685206,-0.020725389,0.071005917,0.026392962,0.029850746,0.006928406
