"Code","Name","LA_code","LA_name","All","X0to15","X16to29","X30to44","X45to64","X65plus"
"E01030938","Waverley 011D","E07000216","Waverley",0.005904059,-0.021276596,0.042168675,0.018604651,0.044077135,-0.037234043
