"Code","Name","LA_code","LA_name","All","X0to15","X16to29","X30to44","X45to64","X65plus"
"E01030899","Waverley 002C","E07000216","Waverley",-0.016362492,0.017605634,-0.022727273,-0.003952569,-0.03909465,-0.017948718
