"Code","Name","LA_code","LA_name","All","X0to15","X16to29","X30to44","X45to64","X65plus"
"E01030941","Waverley 012C","E07000216","Waverley",-0.010056568,0.00591716,0.050505051,-0.04,-0.018518519,-0.053511706
