"Code","Name","LA_code","LA_name","All","X0to15","X16to29","X30to44","X45to64","X65plus"
"E01030280","Waveney 003E","E07000206","Waveney",0.031496063,0.042056075,-0.007633588,0.035714286,0.03626943,0.031914894
