"Code","Name","LA_code","LA_name","All","X0to15","X16to29","X30to44","X45to64","X65plus"
"E01030925","Waverley 010E","E07000216","Waverley",0.00060241,-0.007712082,0.044776119,0.003144654,-0.010245902,0.006042296
