"Code","Name","LA_code","LA_name","All","X0to15","X16to29","X30to44","X45to64","X65plus"
"E01030254","Waveney 007B","E07000206","Waveney",-0.0066313,0,0.024024024,-0.0078125,-0.031830239,-0.020618557
