"Code","Name","LA_code","LA_name","All","X0to15","X16to29","X30to44","X45to64","X65plus"
"E01030917","Waverley 007B","E07000216","Waverley",0.012017167,0.038135593,-0.038216561,0.048632219,-0.020477816,0.006666667
