"Code","Name","LA_code","LA_name","All","X0to15","X16to29","X30to44","X45to64","X65plus"
"E01030234","Waveney 009A","E07000206","Waveney",-0.039119804,-0.0591133,-0.034591195,-0.010928962,-0.03307888,-0.078431373
