"Code","Name","LA_code","LA_name","All","X0to15","X16to29","X30to44","X45to64","X65plus"
"E01030913","Waverley 005C","E07000216","Waverley",-0.000847458,-0.020408163,0.071823204,0.02739726,-0.035947712,-0.017467249
