"Code","Name","LA_code","LA_name","All","X0to15","X16to29","X30to44","X45to64","X65plus"
"E01032626","Waverley 018F","E07000216","Waverley",0.001232286,-0.034220532,0.017647059,0.048689139,-0.007228916,-0.003937008
