"Code","Name","LA_code","LA_name","All","X0to15","X16to29","X30to44","X45to64","X65plus"
"E01030890","Waverley 001A","E07000216","Waverley",-0.003221649,-0.025396825,0.004761905,0.010169492,-0.010917031,0.01459854
