"Code","Name","LA_code","LA_name","All","X0to15","X16to29","X30to44","X45to64","X65plus"
"E01030939","Waverley 011E","E07000216","Waverley",0.014059754,-0.043859649,0.043165468,0.067039106,0.008310249,0.021645022
