"Code","Name","LA_code","LA_name","All","X0to15","X16to29","X30to44","X45to64","X65plus"
"E01030285","Waveney 013D","E07000206","Waveney",0.033753375,0.01179941,0.088353414,0.047445255,0.00807537,0.048622366
