"Code","Name","LA_code","LA_name","All","X0to15","X16to29","X30to44","X45to64","X65plus"
"E01030904","Waverley 001D","E07000216","Waverley",0.015804598,0.01793722,0.094972067,-0.009756098,0.034285714,-0.020689655
