"Code","Name","LA_code","LA_name","All","X0to15","X16to29","X30to44","X45to64","X65plus"
"E01030268","Waveney 006C","E07000206","Waveney",0.033175355,0.009345794,0.011976048,0.054945055,0.016483516,0.064896755
