"Code","Name","LA_code","LA_name","All","X0to15","X16to29","X30to44","X45to64","X65plus"
"E01030239","Waveney 012A","E07000206","Waveney",0.0160401,0.017130621,-0.00802139,0.007194245,0.015503876,0.07239819
