"Code","Name","LA_code","LA_name","All","X0to15","X16to29","X30to44","X45to64","X65plus"
"E01030251","Waveney 012B","E07000206","Waveney",0.01702685,0.039215686,-0.024752475,0.062146893,0.007968127,0.018099548
