"Code","Name","LA_code","LA_name","All","X0to15","X16to29","X30to44","X45to64","X65plus"
"E01030872","Waverley 013C","E07000216","Waverley",-0.010262258,-0.058064516,0.034632035,0.010344828,-0.023809524,0
