"Code","Name","LA_code","LA_name","All","X0to15","X16to29","X30to44","X45to64","X65plus"
"E01030227","Waveney 010D","E07000206","Waveney",0,0.014836795,0.004524887,0.016064257,0.025352113,-0.055393586
