"Code","Name","LA_code","LA_name","All","X0to15","X16to29","X30to44","X45to64","X65plus"
"E01030252","Waveney 012C","E07000206","Waveney",0.01233118,0.004524887,-0.027027027,0.018957346,0.004618938,0.029096478
