"Code","Name","LA_code","LA_name","All","X0to15","X16to29","X30to44","X45to64","X65plus"
"E01030893","Waverley 003D","E07000216","Waverley",-0.000512033,0.013986014,0.029900332,0.006726457,-0.032,-0.010830325
