"Code","Name","LA_code","LA_name","All","X0to15","X16to29","X30to44","X45to64","X65plus"
"E01030886","Waverley 003C","E07000216","Waverley",0.028830313,0.018018018,-0.04,0.016304348,0.033333333,0.090534979
