"Code","Name","LA_code","LA_name","All","X0to15","X16to29","X30to44","X45to64","X65plus"
"E01030225","Waveney 010C","E07000206","Waveney",-0.015069319,-0.052,0.02970297,0.031914894,-0.007371007,-0.064748201
