"Code","Name","LA_code","LA_name","All","X0to15","X16to29","X30to44","X45to64","X65plus"
"E01030908","Waverley 018A","E07000216","Waverley",0.024449878,0.016129032,0.055555556,0.035087719,0.044692737,-0.022038567
