"Code","Name","LA_code","LA_name","All","X0to15","X16to29","X30to44","X45to64","X65plus"
"E01030246","Waveney 004A","E07000206","Waveney",-0.004040404,0.011976048,0.007272727,-0.023178808,0.008403361,-0.036866359
