"Code","Name","LA_code","LA_name","All","X0to15","X16to29","X30to44","X45to64","X65plus"
"E01030286","Waveney 011B","E07000206","Waveney",0.011722272,0.039634146,0.025925926,0.015873016,-0.0066313,0.010889292
