"Code","Name","LA_code","LA_name","All","X0to15","X16to29","X30to44","X45to64","X65plus"
"E01030891","Waverley 002A","E07000216","Waverley",-0.004898959,-0.039755352,-0.029069767,0.010204082,-0.002083333,0.022222222
