"Code","Name","LA_code","LA_name","All","X0to15","X16to29","X30to44","X45to64","X65plus"
"E01030236","Waveney 009B","E07000206","Waveney",-0.032705649,-0.012886598,-0.055737705,0.005763689,-0.064646465,-0.028985507
