"Code","Name","LA_code","LA_name","All","X0to15","X16to29","X30to44","X45to64","X65plus"
"E01021210","Wealden 020E","E07000065","Wealden",0.051963746,0.035532995,0.053658537,0.093645485,0.055666004,0.019685039
