"Code","Name","LA_code","LA_name","All","X0to15","X16to29","X30to44","X45to64","X65plus"
"E01021155","Wealden 006E","E07000065","Wealden",-0.008045052,0.020408163,-0.004950495,0.02166065,-0.038781163,-0.037974684
