"Code","Name","LA_code","LA_name","All","X0to15","X16to29","X30to44","X45to64","X65plus"
"E01021174","Wealden 015A","E07000065","Wealden",-0.00106383,0,0.028571429,-0.012383901,-0.005769231,-0.004705882
