"Code","Name","LA_code","LA_name","All","X0to15","X16to29","X30to44","X45to64","X65plus"
"E01021194","Wealden 010E","E07000065","Wealden",0.030778165,0.039772727,0.003690037,0.023890785,0.023060797,0.060790274
