"Code","Name","LA_code","LA_name","All","X0to15","X16to29","X30to44","X45to64","X65plus"
"E01021188","Wealden 014A","E07000065","Wealden",0.027898867,-0.031446541,0.032786885,0.065217391,0.053789731,0.006269592
