"Code","Name","LA_code","LA_name","All","X0to15","X16to29","X30to44","X45to64","X65plus"
"E01021166","Wealden 018C","E07000065","Wealden",0.005806163,-0.023715415,-0.005181347,0.02690583,0.001375516,0.015421115
