"Code","Name","LA_code","LA_name","All","X0to15","X16to29","X30to44","X45to64","X65plus"
"E01021162","Wealden 004D","E07000065","Wealden",0.021441334,-0.008510638,0.060913706,0.02955665,0.011857708,0.026022305
