"Code","Name","LA_code","LA_name","All","X0to15","X16to29","X30to44","X45to64","X65plus"
"E01021149","Wealden 011A","E07000065","Wealden",-0.040661613,-0.066666667,-0.012658228,-0.028708134,-0.039387309,-0.045563549
