"Code","Name","LA_code","LA_name","All","X0to15","X16to29","X30to44","X45to64","X65plus"
"E01021182","Wealden 016C","E07000065","Wealden",0.002636783,-0.00862069,-0.019323671,0.004484305,0.024213075,-0.002262443
