"Code","Name","LA_code","LA_name","All","X0to15","X16to29","X30to44","X45to64","X65plus"
"E01021163","Wealden 007A","E07000065","Wealden",-0.015198927,-0.032258065,0.008032129,-0.025454545,-0.012080537,-0.014354067
