"Code","Name","LA_code","LA_name","All","X0to15","X16to29","X30to44","X45to64","X65plus"
"E01021216","Wealden 019E","E07000065","Wealden",-0.007537688,0.011111111,-0.038461538,0.03125,-0.03626943,0.00887574
