"Code","Name","LA_code","LA_name","All","X0to15","X16to29","X30to44","X45to64","X65plus"
"E01021206","Wealden 020A","E07000065","Wealden",-0.002682763,0.034682081,-0.02688172,-0.012345679,0,-0.006060606
