"Code","Name","LA_code","LA_name","All","X0to15","X16to29","X30to44","X45to64","X65plus"
"E01021160","Wealden 004B","E07000065","Wealden",-0.025116822,0.078947368,-0.03271028,0,-0.047727273,-0.046583851
