"Code","Name","LA_code","LA_name","All","X0to15","X16to29","X30to44","X45to64","X65plus"
"E01021225","Wealden 009E","E07000065","Wealden",-0.011053316,0.013937282,0.014925373,-0.017985612,-0.045238095,0
