"Code","Name","LA_code","LA_name","All","X0to15","X16to29","X30to44","X45to64","X65plus"
"E01021199","Wealden 014C","E07000065","Wealden",-0.016542597,-0.057971014,-0.031578947,-0.008403361,-0.013667426,-0.004784689
