"Code","Name","LA_code","LA_name","All","X0to15","X16to29","X30to44","X45to64","X65plus"
"E01021186","Wealden 001D","E07000065","Wealden",-0.007806401,0.018181818,-0.02994012,0.039772727,-0.01703163,-0.029315961
