"Code","Name","LA_code","LA_name","All","X0to15","X16to29","X30to44","X45to64","X65plus"
"E01021235","Wealden 021D","E07000065","Wealden",-0.018382353,-0.014814815,-0.022727273,-0.034246575,-0.002610966,-0.024822695
