"Code","Name","LA_code","LA_name","All","X0to15","X16to29","X30to44","X45to64","X65plus"
"E01021144","Wealden 008A","E07000065","Wealden",0.020844468,-0.002840909,0.0625,0.053639847,0.029411765,-0.008810573
