"Code","Name","LA_code","LA_name","All","X0to15","X16to29","X30to44","X45to64","X65plus"
"E01021150","Wealden 010A","E07000065","Wealden",-0.006044905,0.017751479,-0.044117647,-0.041666667,-0.026109661,0.036809816
