"Code","Name","LA_code","LA_name","All","X0to15","X16to29","X30to44","X45to64","X65plus"
"E01021153","Wealden 006C","E07000065","Wealden",0.003517588,0.002808989,0.037931034,0.005141388,0.005119454,-0.027100271
