"Code","Name","LA_code","LA_name","All","X0to15","X16to29","X30to44","X45to64","X65plus"
"E01021146","Wealden 013A","E07000065","Wealden",0.008760403,-0.002262443,0.03180212,0.00591716,0,0.018796992
