"Code","Name","LA_code","LA_name","All","X0to15","X16to29","X30to44","X45to64","X65plus"
"E01027349","Wellingborough 006A","E07000156","Wellingborough",0.001350743,0.020942408,-0.008802817,-0.002114165,0.005725191,-0.00729927
