"Code","Name","LA_code","LA_name","All","X0to15","X16to29","X30to44","X45to64","X65plus"
"E01027325","Wellingborough 009D","E07000156","Wellingborough",-0.027511962,-0.011627907,-0.075949367,-0.032467532,-0.002169197,-0.040372671
