"Code","Name","LA_code","LA_name","All","X0to15","X16to29","X30to44","X45to64","X65plus"
"E01027336","Wellingborough 010B","E07000156","Wellingborough",0.021956088,0.112903226,0.005263158,-0.011494253,0.030444965,-0.015915119
