"Code","Name","LA_code","LA_name","All","X0to15","X16to29","X30to44","X45to64","X65plus"
"E01027316","Wellingborough 004D","E07000156","Wellingborough",-0.02244116,-0.002409639,-0.02484472,-0.019438445,-0.037735849,-0.03515625
