"Code","Name","LA_code","LA_name","All","X0to15","X16to29","X30to44","X45to64","X65plus"
"E01027328","Wellingborough 001C","E07000156","Wellingborough",-0.000763942,0,0.071428571,0.029166667,-0.034482759,-0.026936027
