"Code","Name","LA_code","LA_name","All","X0to15","X16to29","X30to44","X45to64","X65plus"
"E01027343","Wellingborough 003A","E07000156","Wellingborough",0.002150538,-0.01984127,-0.016853933,-0.024390244,0.040100251,0.003125
