"Code","Name","LA_code","LA_name","All","X0to15","X16to29","X30to44","X45to64","X65plus"
"E01027331","Wellingborough 002B","E07000156","Wellingborough",0.000706714,-0.017045455,-0.037037037,0.026415094,0.030821918,0
