"Code","Name","LA_code","LA_name","All","X0to15","X16to29","X30to44","X45to64","X65plus"
"E01027324","Wellingborough 009C","E07000156","Wellingborough",0.010452962,0.079096045,0.00862069,0.131386861,-0.007894737,-0.053254438
