"Code","Name","LA_code","LA_name","All","X0to15","X16to29","X30to44","X45to64","X65plus"
"E01027344","Wellingborough 003B","E07000156","Wellingborough",0.013986014,0.046728972,0.027777778,-0.00990099,-0.004395604,0.023746702
