"Code","Name","LA_code","LA_name","All","X0to15","X16to29","X30to44","X45to64","X65plus"
"E01023956","Welwyn Hatfield 007C","E07000104","Welwyn Hatfield",-0.030737705,0.002717391,-0.047457627,-0.035714286,-0.027700831,-0.096153846
