"Code","Name","LA_code","LA_name","All","X0to15","X16to29","X30to44","X45to64","X65plus"
"E01023908","Welwyn Hatfield 015A","E07000104","Welwyn Hatfield",-0.000644745,-0.052434457,-0.014760148,-0.008368201,0.008510638,0.049342105
