"Code","Name","LA_code","LA_name","All","X0to15","X16to29","X30to44","X45to64","X65plus"
"E01023914","Welwyn Hatfield 004C","E07000104","Welwyn Hatfield",-0.027334852,-0.040372671,-0.046979866,-0.043189369,-0.014861996,-0.002747253
