"Code","Name","LA_code","LA_name","All","X0to15","X16to29","X30to44","X45to64","X65plus"
"E01023968","Welwyn Hatfield 002B","E07000104","Welwyn Hatfield",-0.017450683,-0.081521739,0,-0.083333333,0.037128713,-0.023498695
