"Code","Name","LA_code","LA_name","All","X0to15","X16to29","X30to44","X45to64","X65plus"
"E01023952","Welwyn Hatfield 005C","E07000104","Welwyn Hatfield",-0.017765043,-0.010989011,-0.037593985,-0.009779951,0,-0.041666667
