"Code","Name","LA_code","LA_name","All","X0to15","X16to29","X30to44","X45to64","X65plus"
"E01023947","Welwyn Hatfield 016A","E07000104","Welwyn Hatfield",-0.011296076,-0.013468013,-0.031620553,-0.036630037,0.004098361,0.002695418
