"Code","Name","LA_code","LA_name","All","X0to15","X16to29","X30to44","X45to64","X65plus"
"E01023960","Welwyn Hatfield 003B","E07000104","Welwyn Hatfield",-0.004759072,0.016348774,-0.012820513,-0.023121387,-0.009345794,0.003267974
