"Code","Name","LA_code","LA_name","All","X0to15","X16to29","X30to44","X45to64","X65plus"
"E01023944","Welwyn Hatfield 008B","E07000104","Welwyn Hatfield",-0.022628372,-0.042471042,-0.002544529,-0.035906643,-0.003809524,-0.02295082
