"Code","Name","LA_code","LA_name","All","X0to15","X16to29","X30to44","X45to64","X65plus"
"E01023939","Welwyn Hatfield 009A","E07000104","Welwyn Hatfield",-0.005223881,0.023622047,0.047169811,-0.025641026,-0.015151515,-0.038709677
