"Code","Name","LA_code","LA_name","All","X0to15","X16to29","X30to44","X45to64","X65plus"
"E01023921","Welwyn Hatfield 012B","E07000104","Welwyn Hatfield",0.002002403,0.059952038,0.002055498,-0.02915952,-0.008571429,-0.011494253
