"Code","Name","LA_code","LA_name","All","X0to15","X16to29","X30to44","X45to64","X65plus"
"E01023916","Welwyn Hatfield 006A","E07000104","Welwyn Hatfield",-0.00990099,-0.014742015,0.006514658,-0.025445293,-0.004454343,-0.007633588
