"Code","Name","LA_code","LA_name","All","X0to15","X16to29","X30to44","X45to64","X65plus"
"E01023957","Welwyn Hatfield 007D","E07000104","Welwyn Hatfield",-0.011801242,-0.007389163,-0.002857143,-0.030612245,-0.008356546,0
