"Code","Name","LA_code","LA_name","All","X0to15","X16to29","X30to44","X45to64","X65plus"
"E01023946","Welwyn Hatfield 008D","E07000104","Welwyn Hatfield",-0.001203369,0.057926829,-0.051903114,-0.020942408,-0.018058691,0.045454545
