"Code","Name","LA_code","LA_name","All","X0to15","X16to29","X30to44","X45to64","X65plus"
"E01023937","Welwyn Hatfield 013E","E07000104","Welwyn Hatfield",-0.004885993,0.018518519,-0.007554297,-0.059090909,0.063636364,-0.027624309
