"Code","Name","LA_code","LA_name","All","X0to15","X16to29","X30to44","X45to64","X65plus"
"E01023959","Welwyn Hatfield 003A","E07000104","Welwyn Hatfield",0.012362637,-0.014760148,0.035294118,-0.015957447,0.012170385,0.038922156
