"Code","Name","LA_code","LA_name","All","X0to15","X16to29","X30to44","X45to64","X65plus"
"E01023945","Welwyn Hatfield 008C","E07000104","Welwyn Hatfield",-0.001803969,-0.005586592,-0.008333333,0.013550136,-0.01843318,0.015267176
