"Code","Name","LA_code","LA_name","All","X0to15","X16to29","X30to44","X45to64","X65plus"
"E01023950","Welwyn Hatfield 005A","E07000104","Welwyn Hatfield",-0.000635324,0.051470588,0.011811024,0.009933775,-0.02189781,-0.045454545
