"Code","Name","LA_code","LA_name","All","X0to15","X16to29","X30to44","X45to64","X65plus"
"E01023918","Welwyn Hatfield 006C","E07000104","Welwyn Hatfield",-0.00569653,-0.024291498,-0.008510638,-0.014367816,0.034825871,-0.017167382
