"Code","Name","LA_code","LA_name","All","X0to15","X16to29","X30to44","X45to64","X65plus"
"E01023951","Welwyn Hatfield 005B","E07000104","Welwyn Hatfield",-0.016801854,-0.021943574,-0.012383901,-0.011594203,-0.017057569,-0.022222222
