"Code","Name","LA_code","LA_name","All","X0to15","X16to29","X30to44","X45to64","X65plus"
"E01023943","Welwyn Hatfield 008A","E07000104","Welwyn Hatfield",0.001854141,0.029490617,0.011583012,-0.012121212,0.006756757,-0.047169811
