"Code","Name","LA_code","LA_name","All","X0to15","X16to29","X30to44","X45to64","X65plus"
"E01033308","Welwyn Hatfield 010E","E07000104","Welwyn Hatfield",-0.015838926,-0.040160643,-0.016816143,-0.046843177,0.028248588,0.106060606
