"Code","Name","LA_code","LA_name","All","X0to15","X16to29","X30to44","X45to64","X65plus"
"E01023940","Welwyn Hatfield 009B","E07000104","Welwyn Hatfield",0.059660646,0.083732057,0.031034483,0.075757576,0.08411215,-0.003389831
