"Code","Name","LA_code","LA_name","All","X0to15","X16to29","X30to44","X45to64","X65plus"
"E01023942","Welwyn Hatfield 009D","E07000104","Welwyn Hatfield",0.008705114,0.024340771,0.01572327,0.021582734,0.007025761,-0.071038251
