"Code","Name","LA_code","LA_name","All","X0to15","X16to29","X30to44","X45to64","X65plus"
"E01032635","West Somerset 003G","E07000191","West Somerset",-0.012999071,-0.044226044,0.013377926,-0.007692308,0.023608769,-0.043697479
