"Code","Name","LA_code","LA_name","All","X0to15","X16to29","X30to44","X45to64","X65plus"
"E01004750","Westminster 023E","E09000033","Westminster",-0.119047619,-0.248756219,-0.135446686,-0.147217235,-0.096629213,-0.008823529
