"Code","Name","LA_code","LA_name","All","X0to15","X16to29","X30to44","X45to64","X65plus"
"E01028820","West Oxfordshire 009B","E07000181","West Oxfordshire",-0.000728332,-0.018315018,-0.013888889,0.003154574,-0.03960396,0.134969325
