"Code","Name","LA_code","LA_name","All","X0to15","X16to29","X30to44","X45to64","X65plus"
"E01016267","West Berkshire 015A","E06000037","West Berkshire",0.038542397,0.027972028,0.033149171,0.032921811,0.027210884,0.076086957
