"Code","Name","LA_code","LA_name","All","X0to15","X16to29","X30to44","X45to64","X65plus"
"E01004668","Westminster 023D","E09000033","Westminster",-0.031269543,-0.020771513,-0.087878788,-0.04735376,-0.008797654,0.025862069
