"Code","Name","LA_code","LA_name","All","X0to15","X16to29","X30to44","X45to64","X65plus"
"E01020517","West Dorset 007B","E07000052","West Dorset",-0.021077283,-0.041025641,-0.036363636,-0.033519553,-0.015065913,-0.012539185
