"Code","Name","LA_code","LA_name","All","X0to15","X16to29","X30to44","X45to64","X65plus"
"E01016260","West Berkshire 006B","E06000037","West Berkshire",0.028621495,0.074074074,0.037593985,0.014440433,0.005905512,0.023738872
