"Code","Name","LA_code","LA_name","All","X0to15","X16to29","X30to44","X45to64","X65plus"
"E01026405","West Lindsey 010D","E07000142","West Lindsey",-0.00284495,0.007782101,-0.076023392,0.037037037,-0.007159905,0.005830904
