"Code","Name","LA_code","LA_name","All","X0to15","X16to29","X30to44","X45to64","X65plus"
"E01004720","Westminster 004C","E09000033","Westminster",-0.024304021,-0.01171875,-0.038186158,-0.016096579,-0.021400778,-0.043613707
