"Code","Name","LA_code","LA_name","All","X0to15","X16to29","X30to44","X45to64","X65plus"
"E01016326","West Berkshire 018D","E06000037","West Berkshire",0.000744048,-0.064393939,-0.044117647,0.052941176,0.027459954,0.008902077
