"Code","Name","LA_code","LA_name","All","X0to15","X16to29","X30to44","X45to64","X65plus"
"E01025520","West Lancashire 010E","E07000127","West Lancashire",0.020950846,0.004291845,0.018587361,0.033175355,-0.031746032,0.107981221
