"Code","Name","LA_code","LA_name","All","X0to15","X16to29","X30to44","X45to64","X65plus"
"E01016322","West Berkshire 021F","E06000037","West Berkshire",0.001445087,0.045296167,0.011049724,0.017167382,-0.01285347,-0.040816327
