"Code","Name","LA_code","LA_name","All","X0to15","X16to29","X30to44","X45to64","X65plus"
"E01020507","West Dorset 007A","E07000052","West Dorset",0.006282723,-0.008849558,0.054054054,0,-0.00317965,0.010973937
