"Code","Name","LA_code","LA_name","All","X0to15","X16to29","X30to44","X45to64","X65plus"
"E01004689","Westminster 019C","E09000033","Westminster",-0.013149656,-0.031818182,-0.035643564,0.033240997,-0.011019284,-0.027027027
