"Code","Name","LA_code","LA_name","All","X0to15","X16to29","X30to44","X45to64","X65plus"
"E01020332","West Devon 005A","E07000047","West Devon",-0.00505618,0.024793388,0.017421603,0,-0.005758157,-0.037117904
