"Code","Name","LA_code","LA_name","All","X0to15","X16to29","X30to44","X45to64","X65plus"
"E01029335","West Somerset 004B","E07000191","West Somerset",-0.002890173,0.007874016,0.008695652,0.079545455,-0.039800995,0.013071895
