"Code","Name","LA_code","LA_name","All","X0to15","X16to29","X30to44","X45to64","X65plus"
"E01020520","West Dorset 010C","E07000052","West Dorset",0.016083916,0.008230453,0.040268456,0.030172414,0.004842615,0.015267176
