"Code","Name","LA_code","LA_name","All","X0to15","X16to29","X30to44","X45to64","X65plus"
"E01025477","West Lancashire 012E","E07000127","West Lancashire",0.001638002,0.026431718,0,0.010050251,-0.002808989,-0.018939394
