"Code","Name","LA_code","LA_name","All","X0to15","X16to29","X30to44","X45to64","X65plus"
"E01029343","West Somerset 004E","E07000191","West Somerset",-0.018753781,-0.031496063,-0.005681818,-0.03286385,-0.040816327,0.005272408
