"Code","Name","LA_code","LA_name","All","X0to15","X16to29","X30to44","X45to64","X65plus"
"E01016330","West Berkshire 016A","E06000037","West Berkshire",-0.008777853,-0.018315018,0,-0.04491018,0.023640662,-0.012711864
