"Code","Name","LA_code","LA_name","All","X0to15","X16to29","X30to44","X45to64","X65plus"
"E01004659","Westminster 008A","E09000033","Westminster",-0.015099854,0.010810811,-0.05601318,-0.002971768,-0.022535211,0.0472103
