"Code","Name","LA_code","LA_name","All","X0to15","X16to29","X30to44","X45to64","X65plus"
"E01026373","West Lindsey 011E","E07000142","West Lindsey",0.000475511,-0.027624309,0.0625,-0.003225806,0.007507508,-0.012939002
