"Code","Name","LA_code","LA_name","All","X0to15","X16to29","X30to44","X45to64","X65plus"
"E01020329","West Devon 002C","E07000047","West Devon",0.015852885,-0.02283105,0.031746032,0.010638298,0.023762376,0.021008403
