"Code","Name","LA_code","LA_name","All","X0to15","X16to29","X30to44","X45to64","X65plus"
"E01026397","West Lindsey 009B","E07000142","West Lindsey",-0.024980484,-0.057220708,-0.009433962,-0.035885167,0.005773672,-0.050590219
