"Code","Name","LA_code","LA_name","All","X0to15","X16to29","X30to44","X45to64","X65plus"
"E01004755","Westminster 010B","E09000033","Westminster",-0.02745553,0.003731343,-0.042826552,-0.026378897,-0.034904014,-0.0625
