"Code","Name","LA_code","LA_name","All","X0to15","X16to29","X30to44","X45to64","X65plus"
"E01004666","Westminster 023B","E09000033","Westminster",-0.056349874,-0.034682081,-0.092896175,-0.068345324,-0.056047198,-0.027777778
