"Code","Name","LA_code","LA_name","All","X0to15","X16to29","X30to44","X45to64","X65plus"
"E01033604","Westminster 009J","E09000033","Westminster",-0.005738881,-0.084033613,-0.004098361,-0.013215859,0.054285714,0
