"Code","Name","LA_code","LA_name","All","X0to15","X16to29","X30to44","X45to64","X65plus"
"E01016257","West Berkshire 003B","E06000037","West Berkshire",0.013571429,0.019292605,-0.03164557,-0.060747664,0.052980132,0.026515152
