"Code","Name","LA_code","LA_name","All","X0to15","X16to29","X30to44","X45to64","X65plus"
"E01025534","West Lancashire 015A","E07000127","West Lancashire",0.041737169,0.039473684,0.007692308,0.059440559,0.052427184,0.039215686
