"Code","Name","LA_code","LA_name","All","X0to15","X16to29","X30to44","X45to64","X65plus"
"E01020519","West Dorset 010B","E07000052","West Dorset",0.014755959,0.023121387,0.040816327,-0.010067114,-0.008264463,0.038560411
