"Code","Name","LA_code","LA_name","All","X0to15","X16to29","X30to44","X45to64","X65plus"
"E01016261","West Berkshire 005B","E06000037","West Berkshire",0.022068096,-0.023952096,0.015748031,0.039525692,0.039930556,0.035502959
