"Code","Name","LA_code","LA_name","All","X0to15","X16to29","X30to44","X45to64","X65plus"
"E01032645","West Dorset 009I","E07000052","West Dorset",0.026604069,0.07751938,-0.026595745,0.120253165,0.00660066,0.016
