"Code","Name","LA_code","LA_name","All","X0to15","X16to29","X30to44","X45to64","X65plus"
"E01025506","West Lancashire 008C","E07000127","West Lancashire",-0.016186141,-0.054744526,-0.019455253,0.004115226,0.007751938,-0.032258065
