"Code","Name","LA_code","LA_name","All","X0to15","X16to29","X30to44","X45to64","X65plus"
"E01033593","Westminster 015F","E09000033","Westminster",-0.011370815,0.077441077,-0.07300885,-0.027573529,-0.01826484,0.154929577
