"Code","Name","LA_code","LA_name","All","X0to15","X16to29","X30to44","X45to64","X65plus"
"E01004756","Westminster 006E","E09000033","Westminster",-0.030194473,0.002857143,-0.047619048,-0.02890933,-0.021148036,-0.10619469
