"Code","Name","LA_code","LA_name","All","X0to15","X16to29","X30to44","X45to64","X65plus"
"E01004736","Westminster 018C","E09000033","Westminster",-0.025423729,0.107142857,-0.028761062,-0.046948357,-0.023575639,-0.044280443
