"Code","Name","LA_code","LA_name","All","X0to15","X16to29","X30to44","X45to64","X65plus"
"E01025473","West Lancashire 012B","E07000127","West Lancashire",0.0206995,0.034313725,-0.015306122,0.01734104,0.018469657,0.033407572
