"Code","Name","LA_code","LA_name","All","X0to15","X16to29","X30to44","X45to64","X65plus"
"E01016279","West Berkshire 013A","E06000037","West Berkshire",0.020332717,0.015217391,0.047169811,0.022413793,0.017167382,-0.017094017
