"Code","Name","LA_code","LA_name","All","X0to15","X16to29","X30to44","X45to64","X65plus"
"E01032513","Westminster 010G","E09000033","Westminster",-0.028062971,-0.012195122,-0.032,-0.048913043,-0.037151703,0.005208333
