"Code","Name","LA_code","LA_name","All","X0to15","X16to29","X30to44","X45to64","X65plus"
"E01016350","West Berkshire 005D","E06000037","West Berkshire",-0.002614379,-0.027586207,0.0456621,-0.0041841,-0.025,0.01754386
