"Code","Name","LA_code","LA_name","All","X0to15","X16to29","X30to44","X45to64","X65plus"
"E01028793","West Oxfordshire 007C","E07000181","West Oxfordshire",-0.004787552,-0.017910448,-0.039800995,-0.029520295,0.013806706,0.019607843
