"Code","Name","LA_code","LA_name","All","X0to15","X16to29","X30to44","X45to64","X65plus"
"E01028775","West Oxfordshire 014D","E07000181","West Oxfordshire",0.005380477,-0.020618557,0.05952381,0.050691244,-0.006651885,-0.025830258
