"Code","Name","LA_code","LA_name","All","X0to15","X16to29","X30to44","X45to64","X65plus"
"E01026387","West Lindsey 001C","E07000142","West Lindsey",0.017463933,0.031400966,0.051546392,0.02739726,-0.004132231,0.020134228
