"Code","Name","LA_code","LA_name","All","X0to15","X16to29","X30to44","X45to64","X65plus"
"E01028774","West Oxfordshire 014C","E07000181","West Oxfordshire",0.005988024,0.033613445,0.000766871,-0.00129199,-0.011627907,0.078014184
