"Code","Name","LA_code","LA_name","All","X0to15","X16to29","X30to44","X45to64","X65plus"
"E01020512","West Dorset 012A","E07000052","West Dorset",0.007136061,0.024221453,-0.024509804,0.007633588,0.002915452,0.013615734
