"Code","Name","LA_code","LA_name","All","X0to15","X16to29","X30to44","X45to64","X65plus"
"E01026403","West Lindsey 002D","E07000142","West Lindsey",0.013372957,0.058823529,0.029069767,-0.021276596,0.037578288,-0.04
