"Code","Name","LA_code","LA_name","All","X0to15","X16to29","X30to44","X45to64","X65plus"
"E01016283","West Berkshire 007C","E06000037","West Berkshire",0.012820513,-0.033138402,0.0302267,0.095959596,0,0.034161491
