"Code","Name","LA_code","LA_name","All","X0to15","X16to29","X30to44","X45to64","X65plus"
"E01025508","West Lancashire 002B","E07000127","West Lancashire",0.05077574,-0.030042918,0.067357513,0.082901554,0.023474178,0.107238606
