"Code","Name","LA_code","LA_name","All","X0to15","X16to29","X30to44","X45to64","X65plus"
"E01020326","West Devon 001D","E07000047","West Devon",0.012487992,-0.019283747,0.06614786,-0.008498584,0.022328549,0.010373444
