"Code","Name","LA_code","LA_name","All","X0to15","X16to29","X30to44","X45to64","X65plus"
"E01026411","West Lindsey 005D","E07000142","West Lindsey",-0.004040404,-0.011173184,0.035714286,-0.008547009,-0.004694836,-0.01650165
