"Code","Name","LA_code","LA_name","All","X0to15","X16to29","X30to44","X45to64","X65plus"
"E01004657","Westminster 012A","E09000033","Westminster",-0.025534442,-0.037815126,-0.016528926,-0.052380952,-0.019607843,0.046082949
