"Code","Name","LA_code","LA_name","All","X0to15","X16to29","X30to44","X45to64","X65plus"
"E01004725","Westminster 003B","E09000033","Westminster",-0.02303263,-0.023026316,-0.04519774,-0.033994334,-0.008571429,0.00990099
