"Code","Name","LA_code","LA_name","All","X0to15","X16to29","X30to44","X45to64","X65plus"
"E01004665","Westminster 024A","E09000033","Westminster",-0.011527378,-0.007352941,-0.037940379,-0.042253521,-0.020565553,0.093457944
