"Code","Name","LA_code","LA_name","All","X0to15","X16to29","X30to44","X45to64","X65plus"
"E01016288","West Berkshire 001D","E06000037","West Berkshire",0.022793688,0.048338369,0.029850746,0.051470588,0.016245487,-0.016997167
