"Code","Name","LA_code","LA_name","All","X0to15","X16to29","X30to44","X45to64","X65plus"
"E01020500","West Dorset 006C","E07000052","West Dorset",0.008049536,0.02970297,0.069444444,0.004545455,0.013972056,-0.033613445
