"Code","Name","LA_code","LA_name","All","X0to15","X16to29","X30to44","X45to64","X65plus"
"E01004712","Westminster 008C","E09000033","Westminster",-0.032490975,0.032407407,-0.064695009,-0.052810903,-0.039893617,0.050228311
