"Code","Name","LA_code","LA_name","All","X0to15","X16to29","X30to44","X45to64","X65plus"
"E01026410","West Lindsey 007D","E07000142","West Lindsey",-0.013764213,0.048611111,-0.113207547,0.032051282,-0.022222222,-0.008368201
