"Code","Name","LA_code","LA_name","All","X0to15","X16to29","X30to44","X45to64","X65plus"
"E01025493","West Lancashire 014A","E07000127","West Lancashire",0.004787552,0,0.004739336,-0.03257329,0.040462428,0.01754386
