"Code","Name","LA_code","LA_name","All","X0to15","X16to29","X30to44","X45to64","X65plus"
"E01020317","West Devon 006A","E07000047","West Devon",-0.02626123,-0.042105263,-0.100719424,0.034013605,-0.02811245,-0.014799154
