"Code","Name","LA_code","LA_name","All","X0to15","X16to29","X30to44","X45to64","X65plus"
"E01020529","West Dorset 004C","E07000052","West Dorset",0,0.003236246,-0.035087719,0.033088235,0.014965986,-0.020900322
