"Code","Name","LA_code","LA_name","All","X0to15","X16to29","X30to44","X45to64","X65plus"
"E01004737","Westminster 024C","E09000033","Westminster",-0.019876628,0.008403361,-0.027173913,-0.011461318,-0.029925187,-0.034843206
