"Code","Name","LA_code","LA_name","All","X0to15","X16to29","X30to44","X45to64","X65plus"
"E01028787","West Oxfordshire 011C","E07000181","West Oxfordshire",0.006656805,-0.011583012,-0.03626943,0.03902439,0.027173913,0.003058104
