"Code","Name","LA_code","LA_name","All","X0to15","X16to29","X30to44","X45to64","X65plus"
"E01026415","West Lindsey 003E","E07000142","West Lindsey",-0.013487476,0.010695187,-0.032467532,-0.028571429,-0.006116208,-0.02173913
