"Code","Name","LA_code","LA_name","All","X0to15","X16to29","X30to44","X45to64","X65plus"
"E01032636","West Somerset 001F","E07000191","West Somerset",0.045529347,0,0.04109589,0.094650206,0.076305221,0.021848739
