"Code","Name","LA_code","LA_name","All","X0to15","X16to29","X30to44","X45to64","X65plus"
"E01020499","West Dorset 006B","E07000052","West Dorset",-0.006392045,-0.017605634,-0.042918455,0.004255319,0.005037783,0.011583012
