"Code","Name","LA_code","LA_name","All","X0to15","X16to29","X30to44","X45to64","X65plus"
"E01020335","West Devon 005D","E07000047","West Devon",0.001212856,-0.026666667,-0.011494253,0.083333333,0.023758099,-0.024232633
