"Code","Name","LA_code","LA_name","All","X0to15","X16to29","X30to44","X45to64","X65plus"
"E01004719","Westminster 004B","E09000033","Westminster",-0.018948366,-0.005988024,-0.019774011,-0.031835206,-0.021276596,-0.009756098
