"Code","Name","LA_code","LA_name","All","X0to15","X16to29","X30to44","X45to64","X65plus"
"E01025475","West Lancashire 012C","E07000127","West Lancashire",-0.002094972,0.081967213,-0.052884615,0.029239766,-0.00462963,-0.02283105
