"Code","Name","LA_code","LA_name","All","X0to15","X16to29","X30to44","X45to64","X65plus"
"E01020340","West Devon 004D","E07000047","West Devon",0.014226437,0.007117438,0.050761421,-0.004149378,0.023255814,0
