"Code","Name","LA_code","LA_name","All","X0to15","X16to29","X30to44","X45to64","X65plus"
"E01004662","Westminster 012D","E09000033","Westminster",-0.048039216,-0.098113208,-0.057251908,-0.034321373,-0.026960784,-0.044554455
