"Code","Name","LA_code","LA_name","All","X0to15","X16to29","X30to44","X45to64","X65plus"
"E01016342","West Berkshire 014D","E06000037","West Berkshire",0.014659686,-0.005076142,0.03021148,0.013513514,0.031539889,-0.014851485
