"Code","Name","LA_code","LA_name","All","X0to15","X16to29","X30to44","X45to64","X65plus"
"E01020337","West Devon 005F","E07000047","West Devon",0.029348604,0.029090909,0.029962547,0.093264249,0.012618297,0.008695652
