"Code","Name","LA_code","LA_name","All","X0to15","X16to29","X30to44","X45to64","X65plus"
"E01016287","West Berkshire 001C","E06000037","West Berkshire",0.019566737,-0.009771987,0,0.01532567,0.002164502,0.113043478
