"Code","Name","LA_code","LA_name","All","X0to15","X16to29","X30to44","X45to64","X65plus"
"E01016263","West Berkshire 007A","E06000037","West Berkshire",0.020189534,0.015948963,0.036923077,0.01659751,0.019877676,0.017699115
