"Code","Name","LA_code","LA_name","All","X0to15","X16to29","X30to44","X45to64","X65plus"
"E01026408","West Lindsey 002F","E07000142","West Lindsey",-0.014577259,-0.015625,-0.053571429,-0.032085561,-0.016706444,0.012315271
