"Code","Name","LA_code","LA_name","All","X0to15","X16to29","X30to44","X45to64","X65plus"
"E01016299","West Berkshire 010D","E06000037","West Berkshire",0.033980583,0.007092199,0.043902439,0.048442907,0.038659794,0.032374101
