"Code","Name","LA_code","LA_name","All","X0to15","X16to29","X30to44","X45to64","X65plus"
"E01004729","Westminster 003E","E09000033","Westminster",-0.016967707,0.003787879,-0.054237288,-0.045673077,0.042183623,-0.031180401
