"Code","Name","LA_code","LA_name","All","X0to15","X16to29","X30to44","X45to64","X65plus"
"E01026369","West Lindsey 011B","E07000142","West Lindsey",0.004528302,0.016666667,0.005882353,-0.028846154,-0.014204545,0.031325301
