"Code","Name","LA_code","LA_name","All","X0to15","X16to29","X30to44","X45to64","X65plus"
"E01004735","Westminster 018B","E09000033","Westminster",-0.02108678,-0.054545455,-0.021276596,-0.010380623,-0.037475345,0.026666667
