"Code","Name","LA_code","LA_name","All","X0to15","X16to29","X30to44","X45to64","X65plus"
"E01004670","Westminster 009A","E09000033","Westminster",-0.022719789,-0.03125,-0.034129693,-0.007233273,-0.024883359,-0.007092199
