"Code","Name","LA_code","LA_name","All","X0to15","X16to29","X30to44","X45to64","X65plus"
"E01016306","West Berkshire 002D","E06000037","West Berkshire",0.00075188,0.014760148,0.005714286,-0.029661017,0,0.011363636
