"Code","Name","LA_code","LA_name","All","X0to15","X16to29","X30to44","X45to64","X65plus"
"E01020537","West Dorset 011B","E07000052","West Dorset",0.02209414,-0.003412969,0.037383178,0.051383399,0.021671827,0.014059754
