"Code","Name","LA_code","LA_name","All","X0to15","X16to29","X30to44","X45to64","X65plus"
"E01026376","West Lindsey 006C","E07000142","West Lindsey",0.044307347,0.060273973,0.048632219,0.015267176,0.022727273,0.069767442
