"Code","Name","LA_code","LA_name","All","X0to15","X16to29","X30to44","X45to64","X65plus"
"E01004660","Westminster 008B","E09000033","Westminster",-0.012587413,0.068111455,-0.059961315,-0.023847377,-0.009501188,0.003921569
