"Code","Name","LA_code","LA_name","All","X0to15","X16to29","X30to44","X45to64","X65plus"
"E01004702","Westminster 009E","E09000033","Westminster",-0.023296245,-0.038277512,-0.048571429,-0.014705882,-0.007911392,0.016393443
