"Code","Name","LA_code","LA_name","All","X0to15","X16to29","X30to44","X45to64","X65plus"
"E01016274","West Berkshire 008B","E06000037","West Berkshire",0.017319277,-0.004132231,0.035,0.063636364,-0.004750594,0.020408163
