"Code","Name","LA_code","LA_name","All","X0to15","X16to29","X30to44","X45to64","X65plus"
"E01016329","West Berkshire 014A","E06000037","West Berkshire",0.001438849,-0.011320755,0.004878049,0.01497006,-0.004329004,0.008064516
