"Code","Name","LA_code","LA_name","All","X0to15","X16to29","X30to44","X45to64","X65plus"
"E01028765","West Oxfordshire 015B","E07000181","West Oxfordshire",0.00253936,-0.002994012,0.047808765,0.02507837,0.010434783,-0.040816327
