"Code","Name","LA_code","LA_name","All","X0to15","X16to29","X30to44","X45to64","X65plus"
"E01025538","West Lancashire 005D","E07000127","West Lancashire",0.031797534,0.100917431,-0.005076142,0.034653465,0.026156942,0.018735363
