"Code","Name","LA_code","LA_name","All","X0to15","X16to29","X30to44","X45to64","X65plus"
"E01020528","West Dorset 009E","E07000052","West Dorset",-0.007662835,-0.002277904,-0.016085791,-0.014388489,0.018867925,-0.035123967
