"Code","Name","LA_code","LA_name","All","X0to15","X16to29","X30to44","X45to64","X65plus"
"E01029327","West Somerset 004A","E07000191","West Somerset",0.007067138,-0.007042254,0.018867925,0.014150943,0.013138686,0.001560062
