"Code","Name","LA_code","LA_name","All","X0to15","X16to29","X30to44","X45to64","X65plus"
"E01033603","Westminster 009I","E09000033","Westminster",-0.058743169,-0.058823529,-0.070460705,-0.082352941,-0.01369863,-0.076271186
