"Code","Name","LA_code","LA_name","All","X0to15","X16to29","X30to44","X45to64","X65plus"
"E01020505","West Dorset 011A","E07000052","West Dorset",-0.005364807,-0.025547445,0,-0.017857143,0.017515924,-0.017667845
