"Code","Name","LA_code","LA_name","All","X0to15","X16to29","X30to44","X45to64","X65plus"
"E01025500","West Lancashire 007D","E07000127","West Lancashire",0.011480363,0.070967742,-0.014830508,0.006097561,0.018237082,0.014953271
