"Code","Name","LA_code","LA_name","All","X0to15","X16to29","X30to44","X45to64","X65plus"
"E01028786","West Oxfordshire 011B","E07000181","West Oxfordshire",0.003157064,-0.020618557,-0.0125,0.013333333,-0.007653061,0.029649596
