"Code","Name","LA_code","LA_name","All","X0to15","X16to29","X30to44","X45to64","X65plus"
"E01004761","Westminster 018D","E09000033","Westminster",-0.007870143,0.155,-0.076923077,-0.034615385,-0.005952381,-0.002932551
