"Code","Name","LA_code","LA_name","All","X0to15","X16to29","X30to44","X45to64","X65plus"
"E01025532","West Lancashire 001E","E07000127","West Lancashire",-0.0116204,0.015748031,-0.017777778,0.036866359,-0.047930283,-0.010152284
