"Code","Name","LA_code","LA_name","All","X0to15","X16to29","X30to44","X45to64","X65plus"
"E01033600","Westminster 007F","E09000033","Westminster",-0.032907992,0.013333333,-0.110091743,-0.034545455,-0.01529052,-0.023668639
