"Code","Name","LA_code","LA_name","All","X0to15","X16to29","X30to44","X45to64","X65plus"
"E01032642","West Dorset 001H","E07000052","West Dorset",-0.006794055,-0.010928962,-0.093093093,0.06097561,-0.001785714,0.005882353
