"Code","Name","LA_code","LA_name","All","X0to15","X16to29","X30to44","X45to64","X65plus"
"E01025492","West Lancashire 013A","E07000127","West Lancashire",0.009111617,-0.026923077,0.040160643,0,0.047222222,-0.035874439
