"Code","Name","LA_code","LA_name","All","X0to15","X16to29","X30to44","X45to64","X65plus"
"E01025531","West Lancashire 002E","E07000127","West Lancashire",0.004295533,0,0.006944444,-0.063694268,0.026190476,0.009463722
