"Code","Name","LA_code","LA_name","All","X0to15","X16to29","X30to44","X45to64","X65plus"
"E01016341","West Berkshire 014C","E06000037","West Berkshire",0.007885305,0.01459854,0.031818182,0.014184397,-0.01703163,0.014423077
