"Code","Name","LA_code","LA_name","All","X0to15","X16to29","X30to44","X45to64","X65plus"
"E01028819","West Oxfordshire 010F","E07000181","West Oxfordshire",0.014698163,-0.022408964,0.050179211,-0.006079027,0.023157895,0.027956989
