"Code","Name","LA_code","LA_name","All","X0to15","X16to29","X30to44","X45to64","X65plus"
"E01028821","West Oxfordshire 009C","E07000181","West Oxfordshire",0.032808399,0.07073955,0.031468531,0.028871391,0.002570694,0.044585987
