"Code","Name","LA_code","LA_name","All","X0to15","X16to29","X30to44","X45to64","X65plus"
"E01004692","Westminster 019F","E09000033","Westminster",-0.00914435,-0.004672897,-0.074688797,0,0.007853403,0.007490637
