"Code","Name","LA_code","LA_name","All","X0to15","X16to29","X30to44","X45to64","X65plus"
"E01016298","West Berkshire 010C","E06000037","West Berkshire",-0.003327787,-0.023952096,0.025974026,0.043010753,-0.018918919,-0.015384615
