"Code","Name","LA_code","LA_name","All","X0to15","X16to29","X30to44","X45to64","X65plus"
"E01020342","West Devon 006D","E07000047","West Devon",-0.007662835,-0.02739726,0.004608295,0.02991453,0.003952569,-0.044164038
