"Code","Name","LA_code","LA_name","All","X0to15","X16to29","X30to44","X45to64","X65plus"
"E01016343","West Berkshire 014E","E06000037","West Berkshire",0.014705882,0.004901961,0.00862069,0.015306122,0.004255319,0.039877301
