"Code","Name","LA_code","LA_name","All","X0to15","X16to29","X30to44","X45to64","X65plus"
"E01025474","West Lancashire 003A","E07000127","West Lancashire",-0.000805802,-0.009174312,0.00591716,0.045977011,-0.012531328,-0.010676157
