"Code","Name","LA_code","LA_name","All","X0to15","X16to29","X30to44","X45to64","X65plus"
"E01028798","West Oxfordshire 003C","E07000181","West Oxfordshire",-0.003777148,0.036082474,0.004672897,-0.023529412,0.015025042,-0.041594454
