"Code","Name","LA_code","LA_name","All","X0to15","X16to29","X30to44","X45to64","X65plus"
"E01004726","Westminster 003C","E09000033","Westminster",-0.037055583,-0.005934718,-0.057228916,-0.042780749,-0.027088036,-0.052469136
