"Code","Name","LA_code","LA_name","All","X0to15","X16to29","X30to44","X45to64","X65plus"
"E01025521","West Lancashire 010F","E07000127","West Lancashire",0,0.008888889,-0.043352601,0.006116208,0.015463918,0.013392857
