"Code","Name","LA_code","LA_name","All","X0to15","X16to29","X30to44","X45to64","X65plus"
"E01004667","Westminster 023C","E09000033","Westminster",-0.014705882,-0.00591716,-0.032142857,-0.042279412,0.01980198,-0.003703704
