"Code","Name","LA_code","LA_name","All","X0to15","X16to29","X30to44","X45to64","X65plus"
"E01004650","Westminster 002C","E09000033","Westminster",-0.003286771,0.016161616,-0.007894737,-0.029769959,0.021194605,-0.006644518
