"Code","Name","LA_code","LA_name","All","X0to15","X16to29","X30to44","X45to64","X65plus"
"E01020502","West Dorset 008A","E07000052","West Dorset",-0.009953162,-0.038869258,0,0.041825095,-0.015873016,-0.021686747
