"Code","Name","LA_code","LA_name","All","X0to15","X16to29","X30to44","X45to64","X65plus"
"E01028777","West Oxfordshire 005A","E07000181","West Oxfordshire",-0.011828935,-0.005747126,-0.009090909,-0.016574586,-0.017804154,-0.006734007
