"Code","Name","LA_code","LA_name","All","X0to15","X16to29","X30to44","X45to64","X65plus"
"E01020510","West Dorset 004B","E07000052","West Dorset",-0.013446215,-0.052147239,0.008928571,0.014234875,-0.023489933,-0.003442341
