"Code","Name","LA_code","LA_name","All","X0to15","X16to29","X30to44","X45to64","X65plus"
"E01028800","West Oxfordshire 011D","E07000181","West Oxfordshire",-0.014126394,-0.007220217,0.010695187,-0.027932961,0.004464286,-0.062992126
