"Code","Name","LA_code","LA_name","All","X0to15","X16to29","X30to44","X45to64","X65plus"
"E01016313","West Berkshire 003C","E06000037","West Berkshire",0.040680024,0.048295455,0.053475936,0.043478261,0.056053812,0.002941176
