"Code","Name","LA_code","LA_name","All","X0to15","X16to29","X30to44","X45to64","X65plus"
"E01004754","Westminster 010A","E09000033","Westminster",-0.020920502,-0.033632287,-0.023323615,-0.040302267,-0.012285012,0.012539185
