"Code","Name","LA_code","LA_name","All","X0to15","X16to29","X30to44","X45to64","X65plus"
"E01026386","West Lindsey 005B","E07000142","West Lindsey",-0.025084746,-0.092105263,-0.023529412,0.004081633,-0.015053763,0.014563107
