"Code","Name","LA_code","LA_name","All","X0to15","X16to29","X30to44","X45to64","X65plus"
"E01028796","West Oxfordshire 002B","E07000181","West Oxfordshire",0.090780142,0.02919708,-0.003717472,-0.014778325,0.026548673,0.353846154
