"Code","Name","LA_code","LA_name","All","X0to15","X16to29","X30to44","X45to64","X65plus"
"E01016301","West Berkshire 018B","E06000037","West Berkshire",0.002441406,-0.017191977,0.063063063,0.007117438,-0.007072136,0
