"Code","Name","LA_code","LA_name","All","X0to15","X16to29","X30to44","X45to64","X65plus"
"E01033601","Westminster 009G","E09000033","Westminster",-0.020058997,-0.028795812,-0.040247678,-0.04787234,-0.016853933,0.054263566
