"Code","Name","LA_code","LA_name","All","X0to15","X16to29","X30to44","X45to64","X65plus"
"E01026388","West Lindsey 007A","E07000142","West Lindsey",-0.002335357,0.018656716,-0.004237288,-0.019011407,-0.004213483,-0.001510574
