"Code","Name","LA_code","LA_name","All","X0to15","X16to29","X30to44","X45to64","X65plus"
"E01016332","West Berkshire 016C","E06000037","West Berkshire",0.040686586,0.032490975,0.069651741,0.065743945,0.020057307,0.032822757
