"Code","Name","LA_code","LA_name","All","X0to15","X16to29","X30to44","X45to64","X65plus"
"E01004749","Westminster 022B","E09000033","Westminster",0.079577465,0.255868545,0.036939314,0.061843641,0.050541516,0.032653061
