"Code","Name","LA_code","LA_name","All","X0to15","X16to29","X30to44","X45to64","X65plus"
"E01020496","West Dorset 003C","E07000052","West Dorset",-0.010869565,-0.069767442,0.041420118,0.050847458,-0.012345679,-0.02173913
