"Code","Name","LA_code","LA_name","All","X0to15","X16to29","X30to44","X45to64","X65plus"
"E01016294","West Berkshire 020A","E06000037","West Berkshire",0.010673783,0.02661597,0.097142857,0.002659574,-0.021377672,0
