"Code","Name","LA_code","LA_name","All","X0to15","X16to29","X30to44","X45to64","X65plus"
"E01025526","West Lancashire 011D","E07000127","West Lancashire",-0.032380952,-0.073469388,-0.038194444,-0.08045977,-0.006928406,0.005747126
