"Code","Name","LA_code","LA_name","All","X0to15","X16to29","X30to44","X45to64","X65plus"
"E01020523","West Dorset 010D","E07000052","West Dorset",0.008,0.012711864,-0.005649718,0.021857923,0.029748284,-0.041474654
