"Code","Name","LA_code","LA_name","All","X0to15","X16to29","X30to44","X45to64","X65plus"
"E01020543","West Dorset 001B","E07000052","West Dorset",-0.01340861,0.035087719,-0.032653061,-0.008163265,-0.018575851,-0.040752351
