"Code","Name","LA_code","LA_name","All","X0to15","X16to29","X30to44","X45to64","X65plus"
"E01025529","West Lancashire 013D","E07000127","West Lancashire",0.043044619,0.026548673,0.022792023,0.056650246,0.100502513,-0.003355705
