"Code","Name","LA_code","LA_name","All","X0to15","X16to29","X30to44","X45to64","X65plus"
"E01004746","Westminster 021D","E09000033","Westminster",-0.024852071,-0.071428571,-0.01459854,-0.033492823,-0.052631579,0.076335878
