"Code","Name","LA_code","LA_name","All","X0to15","X16to29","X30to44","X45to64","X65plus"
"E01016300","West Berkshire 018A","E06000037","West Berkshire",0.003322259,0.00625,0.005376344,0.022140221,0.0125,-0.027439024
