"Code","Name","LA_code","LA_name","All","X0to15","X16to29","X30to44","X45to64","X65plus"
"E01004687","Westminster 019A","E09000033","Westminster",-0.022650057,-0.019607843,-0.057591623,-0.027431421,-0.018808777,-0.003558719
