"Code","Name","LA_code","LA_name","All","X0to15","X16to29","X30to44","X45to64","X65plus"
"E01020318","West Devon 003A","E07000047","West Devon",0.034670292,0.088669951,0.02027027,0.075757576,0.034722222,0
