"Code","Name","LA_code","LA_name","All","X0to15","X16to29","X30to44","X45to64","X65plus"
"E01026412","West Lindsey 008B","E07000142","West Lindsey",0.054021609,0.075987842,0.061403509,0.057471264,0.029227557,0.059620596
