"Code","Name","LA_code","LA_name","All","X0to15","X16to29","X30to44","X45to64","X65plus"
"E01016254","West Berkshire 011A","E06000037","West Berkshire",0.023965142,0.056768559,0.064935065,0.070093458,-0.006564551,-0.00619195
