"Code","Name","LA_code","LA_name","All","X0to15","X16to29","X30to44","X45to64","X65plus"
"E01032951","West Oxfordshire 013G","E07000181","West Oxfordshire",-0.013381369,-0.042035398,-0.028384279,-0.012962963,-0.002840909,0.09929078
