"Code","Name","LA_code","LA_name","All","X0to15","X16to29","X30to44","X45to64","X65plus"
"E01004732","Westminster 020B","E09000033","Westminster",0.039804042,0.012875536,-0.015873016,0.113402062,0.055335968,-0.023622047
