"Code","Name","LA_code","LA_name","All","X0to15","X16to29","X30to44","X45to64","X65plus"
"E01033594","Westminster 015G","E09000033","Westminster",-0.062942565,-0.124183007,-0.057627119,-0.079027356,-0.031034483,-0.044117647
