"Code","Name","LA_code","LA_name","All","X0to15","X16to29","X30to44","X45to64","X65plus"
"E01020557","Weymouth and Portland 002A","E07000053","Weymouth and Portland",-0.009096422,-0.068027211,0.079136691,-0.068181818,0.004291845,-0.011764706
