"Code","Name","LA_code","LA_name","All","X0to15","X16to29","X30to44","X45to64","X65plus"
"E01020561","Weymouth and Portland 002E","E07000053","Weymouth and Portland",0.010432968,-0.002906977,-0.010830325,0.005813953,-0.013043478,0.056910569
