"Code","Name","LA_code","LA_name","All","X0to15","X16to29","X30to44","X45to64","X65plus"
"E01033200","Weymouth and Portland 008E","E07000053","Weymouth and Portland",0.03630363,0.018087855,0.066037736,0.1197411,0.024637681,-0.011990408
