"Code","Name","LA_code","LA_name","All","X0to15","X16to29","X30to44","X45to64","X65plus"
"E01020580","Weymouth and Portland 003E","E07000053","Weymouth and Portland",-0.008368201,-0.009090909,-0.044585987,0.015625,0.020920502,-0.041343669
