"Code","Name","LA_code","LA_name","All","X0to15","X16to29","X30to44","X45to64","X65plus"
"E01006335","Wigan 034E","E08000010","Wigan",0.012820513,-0.010204082,0.009146341,0.028571429,-0.013100437,0.081730769
