"Code","Name","LA_code","LA_name","All","X0to15","X16to29","X30to44","X45to64","X65plus"
"E01006278","Wigan 019A","E08000010","Wigan",0.002951594,-0.039568345,0.012,-0.032786885,0.007025761,0.046082949
