"Code","Name","LA_code","LA_name","All","X0to15","X16to29","X30to44","X45to64","X65plus"
"E01006242","Wigan 023A","E08000010","Wigan",0,-0.011494253,0.015151515,0.006688963,0.004424779,-0.013157895
