"Code","Name","LA_code","LA_name","All","X0to15","X16to29","X30to44","X45to64","X65plus"
"E01006377","Wigan 025D","E08000010","Wigan",0.111467008,0.163865546,0.161290323,0.133828996,0.079522863,0.071856287
