"Code","Name","LA_code","LA_name","All","X0to15","X16to29","X30to44","X45to64","X65plus"
"E01006352","Wigan 015B","E08000010","Wigan",0.015658747,0.046242775,-0.00295858,0.027210884,0.014285714,-0.013029316
