"Code","Name","LA_code","LA_name","All","X0to15","X16to29","X30to44","X45to64","X65plus"
"E01006214","Wigan 026B","E08000010","Wigan",0.011764706,0.020467836,0.041509434,-0.003311258,0.011627907,-0.020833333
