"Code","Name","LA_code","LA_name","All","X0to15","X16to29","X30to44","X45to64","X65plus"
"E01006218","Wigan 024D","E08000010","Wigan",0.013488372,0.046783626,-0.009153318,0.003676471,0.02764977,-0.022522523
