"Code","Name","LA_code","LA_name","All","X0to15","X16to29","X30to44","X45to64","X65plus"
"E01006321","Wigan 003G","E08000010","Wigan",0.001190476,0,0.016528926,-0.025559105,0.005940594,0.00887574
