"Code","Name","LA_code","LA_name","All","X0to15","X16to29","X30to44","X45to64","X65plus"
"E01006306","Wigan 009A","E08000010","Wigan",0.006381621,0.026431718,-0.01843318,-0.002949853,0.021032505,-0.007662835
