"Code","Name","LA_code","LA_name","All","X0to15","X16to29","X30to44","X45to64","X65plus"
"E01006398","Wigan 011D","E08000010","Wigan",-0.029272899,-0.040229885,-0.081521739,-0.00862069,-0.042622951,0.036585366
