"Code","Name","LA_code","LA_name","All","X0to15","X16to29","X30to44","X45to64","X65plus"
"E01006340","Wigan 039B","E08000010","Wigan",0.047149894,0.06271777,0.059633028,0.110671937,-0.031746032,0.099099099
