"Code","Name","LA_code","LA_name","All","X0to15","X16to29","X30to44","X45to64","X65plus"
"E01006356","Wigan 011A","E08000010","Wigan",0.022312373,0.026578073,-0.017605634,0.05015674,0.010526316,0.051282051
