"Code","Name","LA_code","LA_name","All","X0to15","X16to29","X30to44","X45to64","X65plus"
"E01006351","Wigan 010B","E08000010","Wigan",0.019652651,0.003378378,-0.002173913,0.050328228,0.013274336,0.057268722
