"Code","Name","LA_code","LA_name","All","X0to15","X16to29","X30to44","X45to64","X65plus"
"E01006344","Wigan 038D","E08000010","Wigan",0.01514154,0,0.010830325,0.004201681,0.008450704,0.050473186
