"Code","Name","LA_code","LA_name","All","X0to15","X16to29","X30to44","X45to64","X65plus"
"E01006325","Wigan 033C","E08000010","Wigan",-0.001850709,-0.031948882,0.027972028,-0.017793594,0.039915966,-0.056603774
