"Code","Name","LA_code","LA_name","All","X0to15","X16to29","X30to44","X45to64","X65plus"
"E01006397","Wigan 011C","E08000010","Wigan",-0.045734389,-0.118918919,0.048484848,-0.045454545,-0.016556291,-0.083623693
