"Code","Name","LA_code","LA_name","All","X0to15","X16to29","X30to44","X45to64","X65plus"
"E01006255","Wigan 005C","E08000010","Wigan",-0.015799868,-0.023041475,0.004366812,-0.039525692,-0.010799136,-0.014005602
