"Code","Name","LA_code","LA_name","All","X0to15","X16to29","X30to44","X45to64","X65plus"
"E01006336","Wigan 027D","E08000010","Wigan",-0.005827506,0.011111111,-0.039087948,-0.039156627,0.04076087,-0.019305019
