"Code","Name","LA_code","LA_name","All","X0to15","X16to29","X30to44","X45to64","X65plus"
"E01006370","Wigan 006A","E08000010","Wigan",-0.005521472,0,-0.013927577,-0.005235602,-0.017897092,0.028037383
