"Code","Name","LA_code","LA_name","All","X0to15","X16to29","X30to44","X45to64","X65plus"
"E01006279","Wigan 019B","E08000010","Wigan",0.042307692,0.053872054,0,0.053254438,0.053398058,0.036101083
