"Code","Name","LA_code","LA_name","All","X0to15","X16to29","X30to44","X45to64","X65plus"
"E01006266","Wigan 032C","E08000010","Wigan",0.003723008,0.013888889,0.039772727,0.011976048,-0.022113022,0.006681514
