"Code","Name","LA_code","LA_name","All","X0to15","X16to29","X30to44","X45to64","X65plus"
"E01006273","Wigan 013D","E08000010","Wigan",0.00738255,0.045454545,-0.013452915,0.02238806,-0.004889976,-0.009868421
