"Code","Name","LA_code","LA_name","All","X0to15","X16to29","X30to44","X45to64","X65plus"
"E01006374","Wigan 006D","E08000010","Wigan",0.002493766,-0.022304833,-0.023041475,-0.003773585,0.027837259,0.007772021
