"Code","Name","LA_code","LA_name","All","X0to15","X16to29","X30to44","X45to64","X65plus"
"E01006309","Wigan 012C","E08000010","Wigan",-0.006470588,-0.02200489,0.036036036,-0.011235955,-0.0302267,0.009756098
