"Code","Name","LA_code","LA_name","All","X0to15","X16to29","X30to44","X45to64","X65plus"
"E01006389","Wigan 007C","E08000010","Wigan",0.013402829,0.0609319,0.026548673,-0.02238806,0,0.007142857
