"Code","Name","LA_code","LA_name","All","X0to15","X16to29","X30to44","X45to64","X65plus"
"E01006355","Wigan 014C","E08000010","Wigan",0.03342246,0.055555556,0.018450185,0.046594982,0.056994819,-0.017241379
