"Code","Name","LA_code","LA_name","All","X0to15","X16to29","X30to44","X45to64","X65plus"
"E01006393","Wigan 021A","E08000010","Wigan",-0.035666218,-0.021097046,-0.032110092,-0.051987768,-0.002427184,-0.078767123
