"Code","Name","LA_code","LA_name","All","X0to15","X16to29","X30to44","X45to64","X65plus"
"E01006276","Wigan 013E","E08000010","Wigan",-0.027338744,-0.00965251,-0.050574713,0.00422833,-0.045669291,-0.035714286
