"Code","Name","LA_code","LA_name","All","X0to15","X16to29","X30to44","X45to64","X65plus"
"E01006316","Wigan 001B","E08000010","Wigan",-0.016763378,-0.020491803,-0.043478261,-0.003861004,-0.003976143,-0.025396825
