"Code","Name","LA_code","LA_name","All","X0to15","X16to29","X30to44","X45to64","X65plus"
"E01006228","Wigan 038B","E08000010","Wigan",0.046728972,0.095367847,0.022580645,0.049132948,0.035294118,0.022727273
