"Code","Name","LA_code","LA_name","All","X0to15","X16to29","X30to44","X45to64","X65plus"
"E01006292","Wigan 022C","E08000010","Wigan",0.034754098,0.084388186,0.067961165,0.004329004,0.021186441,0.021108179
