"Code","Name","LA_code","LA_name","All","X0to15","X16to29","X30to44","X45to64","X65plus"
"E01006304","Wigan 040C","E08000010","Wigan",0.00199071,-0.020689655,0,0.015151515,0.025316456,-0.014534884
