"Code","Name","LA_code","LA_name","All","X0to15","X16to29","X30to44","X45to64","X65plus"
"E01006357","Wigan 010C","E08000010","Wigan",0.032631579,0.065099458,0.044817927,0.038011696,-0.029255319,0.029411765
