"Code","Name","LA_code","LA_name","All","X0to15","X16to29","X30to44","X45to64","X65plus"
"E01006263","Wigan 032B","E08000010","Wigan",0.046843177,0.122994652,0.037433155,0.124352332,0.011086475,0.021978022
