"Code","Name","LA_code","LA_name","All","X0to15","X16to29","X30to44","X45to64","X65plus"
"E01006229","Wigan 002A","E08000010","Wigan",0.007617729,0.044444444,0.005988024,0,0.002544529,0.002040816
