"Code","Name","LA_code","LA_name","All","X0to15","X16to29","X30to44","X45to64","X65plus"
"E01006349","Wigan 015A","E08000010","Wigan",0.014461703,0.044843049,0,0.021321962,0.011061947,0.008695652
