"Code","Name","LA_code","LA_name","All","X0to15","X16to29","X30to44","X45to64","X65plus"
"E01006371","Wigan 008D","E08000010","Wigan",0.009302326,0.010989011,0.0125,0.009966777,-0.004366812,0.030042918
