"Code","Name","LA_code","LA_name","All","X0to15","X16to29","X30to44","X45to64","X65plus"
"E01006343","Wigan 039C","E08000010","Wigan",-0.001724138,0.031428571,-0.034220532,0.031152648,0.019927536,-0.102362205
