"Code","Name","LA_code","LA_name","All","X0to15","X16to29","X30to44","X45to64","X65plus"
"E01006287","Wigan 017D","E08000010","Wigan",0.008591065,0,0.024242424,-0.056994819,0.010752688,0.052419355
