"Code","Name","LA_code","LA_name","All","X0to15","X16to29","X30to44","X45to64","X65plus"
"E01006354","Wigan 014B","E08000010","Wigan",-0.036500944,-0.019011407,-0.009966777,-0.103806228,-0.05,0
