"Code","Name","LA_code","LA_name","All","X0to15","X16to29","X30to44","X45to64","X65plus"
"E01006231","Wigan 004A","E08000010","Wigan",-0.010989011,-0.024154589,0.004784689,-0.01826484,-0.007920792,-0.012658228
