"Code","Name","LA_code","LA_name","All","X0to15","X16to29","X30to44","X45to64","X65plus"
"E01006233","Wigan 002C","E08000010","Wigan",0.006968641,0.026315789,0.024691358,0,-0.019646365,0.029069767
