"Code","Name","LA_code","LA_name","All","X0to15","X16to29","X30to44","X45to64","X65plus"
"E01006337","Wigan 027E","E08000010","Wigan",0.030605456,0.031620553,0.026086957,0.051903114,0.010964912,0.043636364
