"Code","Name","LA_code","LA_name","All","X0to15","X16to29","X30to44","X45to64","X65plus"
"E01006399","Wigan 011E","E08000010","Wigan",0.023316062,0.081481481,0.075539568,0,-0.002444988,-0.021428571
