"Code","Name","LA_code","LA_name","All","X0to15","X16to29","X30to44","X45to64","X65plus"
"E01006268","Wigan 032E","E08000010","Wigan",0.0107163,-0.008379888,-0.012232416,0.005602241,0.033112583,0.032374101
