"Code","Name","LA_code","LA_name","All","X0to15","X16to29","X30to44","X45to64","X65plus"
"E01006296","Wigan 037A","E08000010","Wigan",0.029879212,0,0.013071895,0.04375,0.021582734,0.111111111
