"Code","Name","LA_code","LA_name","All","X0to15","X16to29","X30to44","X45to64","X65plus"
"E01006402","Wigan 021F","E08000010","Wigan",0.000867303,0.005154639,-0.008064516,0.035714286,0.005970149,-0.026315789
