"Code","Name","LA_code","LA_name","All","X0to15","X16to29","X30to44","X45to64","X65plus"
"E01006379","Wigan 029C","E08000010","Wigan",-0.003364738,0.018726592,-0.056179775,-0.02166065,0.005089059,0.010781671
