"Code","Name","LA_code","LA_name","All","X0to15","X16to29","X30to44","X45to64","X65plus"
"E01006323","Wigan 033A","E08000010","Wigan",0.005372733,0.003278689,-0.034965035,-0.007067138,0.042328042,0.012658228
