"Code","Name","LA_code","LA_name","All","X0to15","X16to29","X30to44","X45to64","X65plus"
"E01006265","Wigan 036E","E08000010","Wigan",-0.002074689,-0.011111111,-0.032388664,-0.015625,0.002610966,0.037931034
