"Code","Name","LA_code","LA_name","All","X0to15","X16to29","X30to44","X45to64","X65plus"
"E01006252","Wigan 034C","E08000010","Wigan",-0.012916383,-0.014851485,0.008333333,-0.021008403,-0.004819277,-0.029255319
