"Code","Name","LA_code","LA_name","All","X0to15","X16to29","X30to44","X45to64","X65plus"
"E01006254","Wigan 005B","E08000010","Wigan",-0.003080715,-0.006802721,0.016447368,0.022364217,-0.026162791,-0.022624434
