"Code","Name","LA_code","LA_name","All","X0to15","X16to29","X30to44","X45to64","X65plus"
"E01006212","Wigan 026A","E08000010","Wigan",0.055474453,0.122727273,0.097560976,0.139737991,-0.028205128,0.024539877
