"Code","Name","LA_code","LA_name","All","X0to15","X16to29","X30to44","X45to64","X65plus"
"E01006395","Wigan 021C","E08000010","Wigan",0.012327232,0.020217729,-0.009756098,0.006069803,0.009446694,0.058035714
