"Code","Name","LA_code","LA_name","All","X0to15","X16to29","X30to44","X45to64","X65plus"
"E01006364","Wigan 018C","E08000010","Wigan",0.085492228,0.17287234,0.027777778,0.183333333,0.053435115,-0.00867052
