"Code","Name","LA_code","LA_name","All","X0to15","X16to29","X30to44","X45to64","X65plus"
"E01006270","Wigan 016A","E08000010","Wigan",0.006325111,0.042471042,-0.022222222,0.016528926,0.026829268,-0.024719101
