"Code","Name","LA_code","LA_name","All","X0to15","X16to29","X30to44","X45to64","X65plus"
"E01006259","Wigan 003A","E08000010","Wigan",-0.01552795,-0.110599078,-0.015306122,0.009302326,0.012224939,0
