"Code","Name","LA_code","LA_name","All","X0to15","X16to29","X30to44","X45to64","X65plus"
"E01006333","Wigan 030B","E08000010","Wigan",0.013874066,0.005571031,0.023316062,0.016018307,0.002141328,0.031111111
