"Code","Name","LA_code","LA_name","All","X0to15","X16to29","X30to44","X45to64","X65plus"
"E01006358","Wigan 014D","E08000010","Wigan",-0.00867052,0.040816327,-0.057228916,-0.026966292,0.012345679,-0.021377672
