"Code","Name","LA_code","LA_name","All","X0to15","X16to29","X30to44","X45to64","X65plus"
"E01006264","Wigan 036D","E08000010","Wigan",-0.014481707,-0.047169811,0.048484848,-0.020512821,-0.040767386,0.012383901
