"Code","Name","LA_code","LA_name","All","X0to15","X16to29","X30to44","X45to64","X65plus"
"E01006249","Wigan 031B","E08000010","Wigan",-0.003123048,0,0.037593985,0.01048951,0,-0.071428571
