"Code","Name","LA_code","LA_name","All","X0to15","X16to29","X30to44","X45to64","X65plus"
"E01006327","Wigan 033E","E08000010","Wigan",0.012552301,0.005277045,0,0.039344262,-0.00802139,0.037453184
