"Code","Name","LA_code","LA_name","All","X0to15","X16to29","X30to44","X45to64","X65plus"
"E01006363","Wigan 018B","E08000010","Wigan",-0.024081115,-0.096153846,-0.06741573,-0.030456853,0.011235955,-0.009090909
