"Code","Name","LA_code","LA_name","All","X0to15","X16to29","X30to44","X45to64","X65plus"
"E01006361","Wigan 010E","E08000010","Wigan",-0.001737116,0.004576659,-0.002777778,0.008695652,0.002325581,-0.051612903
