"Code","Name","LA_code","LA_name","All","X0to15","X16to29","X30to44","X45to64","X65plus"
"E01006369","Wigan 008C","E08000010","Wigan",0.006806931,-0.020746888,0.028350515,0.014409222,-0.004914005,0.008583691
