"Code","Name","LA_code","LA_name","All","X0to15","X16to29","X30to44","X45to64","X65plus"
"E01032066","Wiltshire 022B","E06000054","Wiltshire",-0.014536644,0,-0.008888889,-0.022346369,-0.025404157,-0.011363636
