"Code","Name","LA_code","LA_name","All","X0to15","X16to29","X30to44","X45to64","X65plus"
"E01031905","Wiltshire 010A","E06000054","Wiltshire",0.063309353,0.086466165,0.048780488,0.037383178,0.072222222,0.048484848
