"Code","Name","LA_code","LA_name","All","X0to15","X16to29","X30to44","X45to64","X65plus"
"E01031890","Wiltshire 017C","E06000054","Wiltshire",0.014202711,0.055970149,-0.007936508,0.027522936,-0.00212766,0.006423983
