"Code","Name","LA_code","LA_name","All","X0to15","X16to29","X30to44","X45to64","X65plus"
"E01031907","Wiltshire 009A","E06000054","Wiltshire",0.011503698,0.028138528,0.059125964,0,-0.001176471,-0.022801303
