"Code","Name","LA_code","LA_name","All","X0to15","X16to29","X30to44","X45to64","X65plus"
"E01031940","Wiltshire 008B","E06000054","Wiltshire",0.011780105,-0.009029345,-0.034334764,0.02393617,0.001298701,0.061702128
