"Code","Name","LA_code","LA_name","All","X0to15","X16to29","X30to44","X45to64","X65plus"
"E01032696","Wiltshire 045F","E06000054","Wiltshire",0.05003427,-0.004761905,0.032873807,0.124777184,0.055555556,0.034031414
