"Code","Name","LA_code","LA_name","All","X0to15","X16to29","X30to44","X45to64","X65plus"
"E01032100","Wiltshire 032B","E06000054","Wiltshire",-0.008259587,-0.003174603,0.008888889,-0.014367816,-0.031325301,0.007653061
