"Code","Name","LA_code","LA_name","All","X0to15","X16to29","X30to44","X45to64","X65plus"
"E01032115","Wiltshire 040A","E06000054","Wiltshire",0.005373134,-0.003636364,0.012244898,0.033333333,0.006637168,-0.014888337
