"Code","Name","LA_code","LA_name","All","X0to15","X16to29","X30to44","X45to64","X65plus"
"E01032082","Wiltshire 047E","E06000054","Wiltshire",0.023770492,0.005050505,0.033613445,0.020833333,0.03196347,0.021806854
