"Code","Name","LA_code","LA_name","All","X0to15","X16to29","X30to44","X45to64","X65plus"
"E01032692","Wiltshire 025G","E06000054","Wiltshire",-0.099591837,-0.169491525,-0.086021505,-0.111538462,-0.075208914,-0.054347826
