"Code","Name","LA_code","LA_name","All","X0to15","X16to29","X30to44","X45to64","X65plus"
"E01032070","Wiltshire 021D","E06000054","Wiltshire",-0.001944264,-0.03187251,0.032258065,0.023809524,0.006423983,-0.025125628
