"Code","Name","LA_code","LA_name","All","X0to15","X16to29","X30to44","X45to64","X65plus"
"E01032080","Wiltshire 030D","E06000054","Wiltshire",0.051697128,0.076109937,0.076642336,0.058981233,0.023339318,0.029411765
