"Code","Name","LA_code","LA_name","All","X0to15","X16to29","X30to44","X45to64","X65plus"
"E01032022","Wiltshire 058C","E06000054","Wiltshire",0.005642633,0.051546392,0.026315789,-0.025270758,-0.00591716,0
