"Code","Name","LA_code","LA_name","All","X0to15","X16to29","X30to44","X45to64","X65plus"
"E01032040","Wiltshire 054F","E06000054","Wiltshire",0.016323634,0.033088235,0.051136364,0.057377049,-0.019950125,-0.003164557
