"Code","Name","LA_code","LA_name","All","X0to15","X16to29","X30to44","X45to64","X65plus"
"E01031903","Wiltshire 016D","E06000054","Wiltshire",0.000444247,-0.005830904,0.016260163,0.025352113,-0.014267185,0.001865672
