"Code","Name","LA_code","LA_name","All","X0to15","X16to29","X30to44","X45to64","X65plus"
"E01031974","Wiltshire 048A","E06000054","Wiltshire",-0.016773163,0.06741573,0.02739726,0,-0.031578947,-0.059808612
