"Code","Name","LA_code","LA_name","All","X0to15","X16to29","X30to44","X45to64","X65plus"
"E01031848","Wiltshire 028C","E06000054","Wiltshire",-0.000472367,0.039855072,-0.008474576,-0.03892944,0.0125,-0.006329114
