"Code","Name","LA_code","LA_name","All","X0to15","X16to29","X30to44","X45to64","X65plus"
"E01031971","Wiltshire 060B","E06000054","Wiltshire",-0.073923639,-0.1,-0.072847682,-0.060344828,-0.041916168,-0.102189781
