"Code","Name","LA_code","LA_name","All","X0to15","X16to29","X30to44","X45to64","X65plus"
"E01031884","Wiltshire 012E","E06000054","Wiltshire",0.010247137,0.027027027,0.057692308,0.05785124,-0.016863406,-0.010752688
