"Code","Name","LA_code","LA_name","All","X0to15","X16to29","X30to44","X45to64","X65plus"
"E01032025","Wiltshire 053D","E06000054","Wiltshire",-0.01584022,-0.074766355,-0.064039409,0.021097046,-0.013100437,0.020588235
