"Code","Name","LA_code","LA_name","All","X0to15","X16to29","X30to44","X45to64","X65plus"
"E01031953","Wiltshire 018G","E06000054","Wiltshire",0.049394832,0.054755043,0.051162791,0.097953216,0.03125,-0.002227171
