"Code","Name","LA_code","LA_name","All","X0to15","X16to29","X30to44","X45to64","X65plus"
"E01031859","Wiltshire 041A","E06000054","Wiltshire",-0.009535161,-0.021084337,0.004149378,-0.015625,0.008528785,-0.028481013
