"Code","Name","LA_code","LA_name","All","X0to15","X16to29","X30to44","X45to64","X65plus"
"E01031984","Wiltshire 051A","E06000054","Wiltshire",0.006547359,-0.0208,0.075657895,0.032653061,-0.006568144,-0.02661597
