"Code","Name","LA_code","LA_name","All","X0to15","X16to29","X30to44","X45to64","X65plus"
"E01031868","Wiltshire 012B","E06000054","Wiltshire",-0.015211268,0,-0.004464286,-0.018518519,-0.046280992,0.01994302
