"Code","Name","LA_code","LA_name","All","X0to15","X16to29","X30to44","X45to64","X65plus"
"E01031879","Wiltshire 041D","E06000054","Wiltshire",0.01728024,0.010638298,0.012612613,-0.001968504,0.1640625,0.042857143
