"Code","Name","LA_code","LA_name","All","X0to15","X16to29","X30to44","X45to64","X65plus"
"E01032016","Wiltshire 056C","E06000054","Wiltshire",0.017295597,0.060301508,-0.011235955,-0.003984064,-0.012106538,0.077922078
