"Code","Name","LA_code","LA_name","All","X0to15","X16to29","X30to44","X45to64","X65plus"
"E01031983","Wiltshire 052D","E06000054","Wiltshire",-0.007291667,-0.025586354,-0.014705882,-0.008474576,0.004545455,0.025125628
