"Code","Name","LA_code","LA_name","All","X0to15","X16to29","X30to44","X45to64","X65plus"
"E01032020","Wiltshire 053C","E06000054","Wiltshire",0.014256619,0.028,0.025641026,0.04109589,-0.004264392,0.005882353
