"Code","Name","LA_code","LA_name","All","X0to15","X16to29","X30to44","X45to64","X65plus"
"E01031919","Wiltshire 009E","E06000054","Wiltshire",0.017565112,0.027472527,0.069148936,0.068965517,-0.011976048,-0.017804154
