"Code","Name","LA_code","LA_name","All","X0to15","X16to29","X30to44","X45to64","X65plus"
"E01031994","Wiltshire 062D","E06000054","Wiltshire",0.076923077,0.02283105,0.104575163,0.039772727,-0.004662005,0.203608247
