"Code","Name","LA_code","LA_name","All","X0to15","X16to29","X30to44","X45to64","X65plus"
"E01032081","Wiltshire 047D","E06000054","Wiltshire",0.045016077,0.042553191,0.084033613,0.028735632,0.053658537,0.031161473
