"Code","Name","LA_code","LA_name","All","X0to15","X16to29","X30to44","X45to64","X65plus"
"E01031880","Wiltshire 041E","E06000054","Wiltshire",0.015603167,0.021186441,0.013286094,0.023397762,0.025547445,-0.112676056
