"Code","Name","LA_code","LA_name","All","X0to15","X16to29","X30to44","X45to64","X65plus"
"E01032697","Wiltshire 041G","E06000054","Wiltshire",0.046884639,0.089810017,0.052325581,0.004662005,-0.05106383,0.470588235
