"Code","Name","LA_code","LA_name","All","X0to15","X16to29","X30to44","X45to64","X65plus"
"E01032694","Wiltshire 040G","E06000054","Wiltshire",0,-0.022429907,0.03880597,-0.012987013,0.009090909,0.00952381
