"Code","Name","LA_code","LA_name","All","X0to15","X16to29","X30to44","X45to64","X65plus"
"E01031915","Wiltshire 009D","E06000054","Wiltshire",0.013186813,-0.012552301,0.029585799,-0.004016064,0.012468828,0.039087948
