"Code","Name","LA_code","LA_name","All","X0to15","X16to29","X30to44","X45to64","X65plus"
"E01032013","Wiltshire 049A","E06000054","Wiltshire",0.002836879,0.016216216,-0.033962264,0.037037037,0.010043042,-0.018518519
