"Code","Name","LA_code","LA_name","All","X0to15","X16to29","X30to44","X45to64","X65plus"
"E01032053","Wiltshire 037A","E06000054","Wiltshire",0.002130682,-0.011857708,-0.025806452,0.00921659,0.017156863,0.002666667
