"Code","Name","LA_code","LA_name","All","X0to15","X16to29","X30to44","X45to64","X65plus"
"E01032688","Wiltshire 025E","E06000054","Wiltshire",-0.051476154,-0.035369775,-0.071428571,-0.092369478,-0.025210084,-0.051546392
