"Code","Name","LA_code","LA_name","All","X0to15","X16to29","X30to44","X45to64","X65plus"
"E01031973","Wiltshire 062A","E06000054","Wiltshire",-0.000525762,0.026548673,0.036649215,0.003745318,0.010544815,-0.044776119
