"Code","Name","LA_code","LA_name","All","X0to15","X16to29","X30to44","X45to64","X65plus"
"E01032036","Wiltshire 050C","E06000054","Wiltshire",0.006761325,0.064655172,0.06918239,-0.020512821,0.016528926,-0.048899756
