"Code","Name","LA_code","LA_name","All","X0to15","X16to29","X30to44","X45to64","X65plus"
"E01031947","Wiltshire 002B","E06000054","Wiltshire",-0.014059754,-0.054945055,0.028340081,-0.021148036,-0.017283951,0.008333333
