"Code","Name","LA_code","LA_name","All","X0to15","X16to29","X30to44","X45to64","X65plus"
"E01032067","Wiltshire 022C","E06000054","Wiltshire",0.015182885,-0.00921659,0.059139785,0.012605042,0.023136247,0.002386635
