"Code","Name","LA_code","LA_name","All","X0to15","X16to29","X30to44","X45to64","X65plus"
"E01032010","Wiltshire 050A","E06000054","Wiltshire",-0.016433059,0,-0.008928571,-0.031496063,-0.018439716,-0.018181818
