"Code","Name","LA_code","LA_name","All","X0to15","X16to29","X30to44","X45to64","X65plus"
"E01031866","Wiltshire 024A","E06000054","Wiltshire",0.022106632,-0.012295082,0.01242236,0.072463768,0.011214953,0.035805627
