"Code","Name","LA_code","LA_name","All","X0to15","X16to29","X30to44","X45to64","X65plus"
"E01032045","Wiltshire 027A","E06000054","Wiltshire",0.004710633,-0.018726592,-0.052238806,0.069518717,-0.006578947,0.020361991
