"Code","Name","LA_code","LA_name","All","X0to15","X16to29","X30to44","X45to64","X65plus"
"E01031857","Wiltshire 034B","E06000054","Wiltshire",0.006309148,0.003649635,0.061452514,0,0.00750469,-0.016853933
