"Code","Name","LA_code","LA_name","All","X0to15","X16to29","X30to44","X45to64","X65plus"
"E01031869","Wiltshire 024B","E06000054","Wiltshire",-0.018614271,-0.019886364,-0.041044776,-0.031948882,-0.007462687,-0.008602151
