"Code","Name","LA_code","LA_name","All","X0to15","X16to29","X30to44","X45to64","X65plus"
"E01031908","Wiltshire 010C","E06000054","Wiltshire",-0.005431503,0.012779553,0.025723473,-0.024539877,-0.017204301,-0.020661157
