"Code","Name","LA_code","LA_name","All","X0to15","X16to29","X30to44","X45to64","X65plus"
"E01031951","Wiltshire 008D","E06000054","Wiltshire",0.009651076,-0.06,0.093385214,0.05106383,0.013297872,-0.05734767
