"Code","Name","LA_code","LA_name","All","X0to15","X16to29","X30to44","X45to64","X65plus"
"E01031867","Wiltshire 038B","E06000054","Wiltshire",0.001640241,-0.006779661,0.004504505,0.06,0.001506024,-0.043103448
