"Code","Name","LA_code","LA_name","All","X0to15","X16to29","X30to44","X45to64","X65plus"
"E01032085","Wiltshire 031A","E06000054","Wiltshire",-0.027972028,-0.020905923,0.014336918,-0.006006006,-0.017660044,-0.14479638
