"Code","Name","LA_code","LA_name","All","X0to15","X16to29","X30to44","X45to64","X65plus"
"E01031957","Wiltshire 005A","E06000054","Wiltshire",0.003949967,-0.005797101,-0.031847134,0.02745098,-0.025751073,0.060810811
