"Code","Name","LA_code","LA_name","All","X0to15","X16to29","X30to44","X45to64","X65plus"
"E01031858","Wiltshire 034C","E06000054","Wiltshire",0.017111223,0.012690355,0.025316456,0.017391304,0.007079646,0.027295285
