"Code","Name","LA_code","LA_name","All","X0to15","X16to29","X30to44","X45to64","X65plus"
"E01032038","Wiltshire 054D","E06000054","Wiltshire",0.022727273,-0.051136364,0.010869565,0.088082902,0.048913043,0.00610998
