"Code","Name","LA_code","LA_name","All","X0to15","X16to29","X30to44","X45to64","X65plus"
"E01032097","Wiltshire 033B","E06000054","Wiltshire",-0.010911075,0.015503876,0,0.011029412,0.006791171,-0.065957447
