"Code","Name","LA_code","LA_name","All","X0to15","X16to29","X30to44","X45to64","X65plus"
"E01032096","Wiltshire 033A","E06000054","Wiltshire",0,0.033009709,0.008426966,0.01971831,-0.02360515,-0.061068702
