"Code","Name","LA_code","LA_name","All","X0to15","X16to29","X30to44","X45to64","X65plus"
"E01031847","Wiltshire 029B","E06000054","Wiltshire",0.003275109,-0.003012048,0.061111111,0.014336918,-0.00952381,-0.00486618
