"Code","Name","LA_code","LA_name","All","X0to15","X16to29","X30to44","X45to64","X65plus"
"E01032058","Wiltshire 023A","E06000054","Wiltshire",0.028688525,0.007604563,0.044871795,0.007575758,0.041975309,0.037234043
