"Code","Name","LA_code","LA_name","All","X0to15","X16to29","X30to44","X45to64","X65plus"
"E01032102","Wiltshire 032D","E06000054","Wiltshire",0.063938619,0.055214724,0.068965517,0.06012024,0.096408318,0.039215686
