"Code","Name","LA_code","LA_name","All","X0to15","X16to29","X30to44","X45to64","X65plus"
"E01031870","Wiltshire 024C","E06000054","Wiltshire",0.036125654,0.083892617,0.098039216,0.03986711,0.008090615,0.014314928
