"Code","Name","LA_code","LA_name","All","X0to15","X16to29","X30to44","X45to64","X65plus"
"E01031921","Wiltshire 014B","E06000054","Wiltshire",0.015471167,-0.014035088,0.003968254,0.049327354,0.019880716,0.025157233
