"Code","Name","LA_code","LA_name","All","X0to15","X16to29","X30to44","X45to64","X65plus"
"E01031871","Wiltshire 024D","E06000054","Wiltshire",-0.018270402,0.014234875,-0.006369427,-0.004310345,-0.005181347,-0.073791349
