"Code","Name","LA_code","LA_name","All","X0to15","X16to29","X30to44","X45to64","X65plus"
"E01031872","Wiltshire 028D","E06000054","Wiltshire",-0.006622517,-0.023972603,0,0.012605042,-0.020992366,0.01
