"Code","Name","LA_code","LA_name","All","X0to15","X16to29","X30to44","X45to64","X65plus"
"E01031996","Wiltshire 046B","E06000054","Wiltshire",0.00296077,-0.042307692,0.029268293,0.024793388,0.00265252,0.007490637
