"Code","Name","LA_code","LA_name","All","X0to15","X16to29","X30to44","X45to64","X65plus"
"E01032074","Wiltshire 020E","E06000054","Wiltshire",-0.07763259,-0.054216867,-0.121794872,-0.172043011,-0.142857143,0.017777778
