"Code","Name","LA_code","LA_name","All","X0to15","X16to29","X30to44","X45to64","X65plus"
"E01032023","Wiltshire 059D","E06000054","Wiltshire",0.009534492,0.033950617,-0.002747253,0.006514658,-0.018041237,0.03
