"Code","Name","LA_code","LA_name","All","X0to15","X16to29","X30to44","X45to64","X65plus"
"E01031898","Wiltshire 015D","E06000054","Wiltshire",-0.014452474,-0.00886918,0.00273224,-0.010033445,-0.051150895,0
