"Code","Name","LA_code","LA_name","All","X0to15","X16to29","X30to44","X45to64","X65plus"
"E01032044","Wiltshire 021B","E06000054","Wiltshire",0.016296296,-0.015151515,0.0546875,-0.0125,0.022058824,0.024122807
