"Code","Name","LA_code","LA_name","All","X0to15","X16to29","X30to44","X45to64","X65plus"
"E01032042","Wiltshire 060E","E06000054","Wiltshire",0.087240356,0.111111111,0.105820106,0.128099174,0.06445993,0.067885117
