"Code","Name","LA_code","LA_name","All","X0to15","X16to29","X30to44","X45to64","X65plus"
"E01031925","Wiltshire 010E","E06000054","Wiltshire",0.007425743,-0.011070111,0.030612245,-0.004739336,0.01980198,0.004329004
