"Code","Name","LA_code","LA_name","All","X0to15","X16to29","X30to44","X45to64","X65plus"
"E01032030","Wiltshire 061C","E06000054","Wiltshire",0.03903016,0.083018868,0.009433962,0.031746032,0.013565891,0.060538117
