"Code","Name","LA_code","LA_name","All","X0to15","X16to29","X30to44","X45to64","X65plus"
"E01031929","Wiltshire 017D","E06000054","Wiltshire",-0.003779289,0.045248869,-0.014925373,0.004950495,-0.041769042,0.008356546
