"Code","Name","LA_code","LA_name","All","X0to15","X16to29","X30to44","X45to64","X65plus"
"E01032057","Wiltshire 021C","E06000054","Wiltshire",-0.019214703,-0.077669903,-0.009090909,-0.037837838,-0.013513514,0.018404908
