"Code","Name","LA_code","LA_name","All","X0to15","X16to29","X30to44","X45to64","X65plus"
"E01031978","Wiltshire 048E","E06000054","Wiltshire",0.001759531,-0.021052632,0.041509434,0.027548209,-0.005825243,-0.038461538
