"Code","Name","LA_code","LA_name","All","X0to15","X16to29","X30to44","X45to64","X65plus"
"E01031936","Wiltshire 001D","E06000054","Wiltshire",0.013049451,0.013651877,0.015625,0.011811024,0.00973236,0.016339869
