"Code","Name","LA_code","LA_name","All","X0to15","X16to29","X30to44","X45to64","X65plus"
"E01032026","Wiltshire 045D","E06000054","Wiltshire",0.020080321,-0.004975124,0.054054054,0.106145251,0.012345679,-0.007518797
