"Code","Name","LA_code","LA_name","All","X0to15","X16to29","X30to44","X45to64","X65plus"
"E01031901","Wiltshire 016B","E06000054","Wiltshire",0.01955105,0.02189781,0.073891626,0.040322581,-0.016509434,0.012931034
