"Code","Name","LA_code","LA_name","All","X0to15","X16to29","X30to44","X45to64","X65plus"
"E01023269","Winchester 005E","E07000094","Winchester",0.015702109,0.048192771,-0.003826531,0.046920821,-0.006451613,0.029315961
