"Code","Name","LA_code","LA_name","All","X0to15","X16to29","X30to44","X45to64","X65plus"
"E01023260","Winchester 008A","E07000094","Winchester",0.016004742,-0.016233766,0.021223471,0.029411765,0,0.075630252
