"Code","Name","LA_code","LA_name","All","X0to15","X16to29","X30to44","X45to64","X65plus"
"E01023254","Winchester 007B","E07000094","Winchester",0.00619195,0.017910448,0.031976744,0.00804829,-0.015151515,-0.006666667
