"Code","Name","LA_code","LA_name","All","X0to15","X16to29","X30to44","X45to64","X65plus"
"E01023253","Winchester 003D","E07000094","Winchester",0.022665947,0.039893617,0.078947368,0.049608355,-0.024213075,0.00610998
