"Code","Name","LA_code","LA_name","All","X0to15","X16to29","X30to44","X45to64","X65plus"
"E01023234","Winchester 014E","E07000094","Winchester",-0.015485408,-0.009146341,-0.056910569,-0.010273973,-0.019396552,0.008595989
