"Code","Name","LA_code","LA_name","All","X0to15","X16to29","X30to44","X45to64","X65plus"
"E01023222","Winchester 012C","E07000094","Winchester",-0.011882427,0,-0.06557377,-0.010050251,-0.021696252,0.012958963
