"Code","Name","LA_code","LA_name","All","X0to15","X16to29","X30to44","X45to64","X65plus"
"E01023280","Winchester 004D","E07000094","Winchester",-0.004679144,-0.017985612,-0.036082474,0.033613445,0.014962594,-0.023376623
