"Code","Name","LA_code","LA_name","All","X0to15","X16to29","X30to44","X45to64","X65plus"
"E01023258","Winchester 006E","E07000094","Winchester",0.01836394,-0.02027027,0.011210762,0.038062284,0.028328612,0.060377358
