"Code","Name","LA_code","LA_name","All","X0to15","X16to29","X30to44","X45to64","X65plus"
"E01023270","Winchester 005F","E07000094","Winchester",-0.010083037,-0.01980198,-0.04178273,0.009389671,-0.012077295,0.027173913
