"Code","Name","LA_code","LA_name","All","X0to15","X16to29","X30to44","X45to64","X65plus"
"E01023271","Winchester 013B","E07000094","Winchester",0.027205276,0.027624309,0.032051282,0.028409091,0.00255102,0.055194805
