"Code","Name","LA_code","LA_name","All","X0to15","X16to29","X30to44","X45to64","X65plus"
"E01032859","Winchester 013F","E07000094","Winchester",-0.001135074,0.047945205,0.010380623,0.009876543,-0.034042553,-0.0875
