"Code","Name","LA_code","LA_name","All","X0to15","X16to29","X30to44","X45to64","X65plus"
"E01023248","Winchester 003C","E07000094","Winchester",0.027843602,0,0.145985401,0.056390977,0.00877193,0.01659751
