"Code","Name","LA_code","LA_name","All","X0to15","X16to29","X30to44","X45to64","X65plus"
"E01023233","Winchester 014D","E07000094","Winchester",0.022058824,0.034602076,0.005405405,0.045614035,-0.002169197,0.031553398
