"Code","Name","LA_code","LA_name","All","X0to15","X16to29","X30to44","X45to64","X65plus"
"E01023274","Winchester 003E","E07000094","Winchester",0.026766595,0.01607717,0.188976378,0.034482759,-0.051546392,-0.021786492
