"Code","Name","LA_code","LA_name","All","X0to15","X16to29","X30to44","X45to64","X65plus"
"E01023266","Winchester 008D","E07000094","Winchester",0.030494217,0.0433213,0.017326733,0.004926108,0.028985507,0.078066914
