"Code","Name","LA_code","LA_name","All","X0to15","X16to29","X30to44","X45to64","X65plus"
"E01023236","Winchester 002A","E07000094","Winchester",0.016334865,-0.002695418,0.035714286,0.047619048,0.00927357,0.016
