"Code","Name","LA_code","LA_name","All","X0to15","X16to29","X30to44","X45to64","X65plus"
"E01023251","Winchester 006A","E07000094","Winchester",0.018053375,-0.038709677,0.029304029,0.035856574,0.016260163,0.022922636
