"Code","Name","LA_code","LA_name","All","X0to15","X16to29","X30to44","X45to64","X65plus"
"E01023287","Winchester 001B","E07000094","Winchester",0.010812696,0.005145798,-0.01703163,0.020979021,0.014379085,0.02238806
