"Code","Name","LA_code","LA_name","All","X0to15","X16to29","X30to44","X45to64","X65plus"
"E01023261","Winchester 008B","E07000094","Winchester",-0.003738318,-0.036,-0.023131673,0.033057851,0.040935673,-0.028708134
