"Code","Name","LA_code","LA_name","All","X0to15","X16to29","X30to44","X45to64","X65plus"
"E01016578","Windsor and Maidenhead 002E","E06000040","Windsor and Maidenhead",-0.018193632,-0.045977011,0.013245033,-0.022988506,-0.009784736,-0.01971831
