"Code","Name","LA_code","LA_name","All","X0to15","X16to29","X30to44","X45to64","X65plus"
"E01016546","Windsor and Maidenhead 015A","E06000040","Windsor and Maidenhead",0.016403402,0.052631579,0.043478261,0.006382979,-0.011574074,0.016877637
