"Code","Name","LA_code","LA_name","All","X0to15","X16to29","X30to44","X45to64","X65plus"
"E01016535","Windsor and Maidenhead 007A","E06000040","Windsor and Maidenhead",0.023308271,-0.01529052,0.039548023,0.066246057,0.013029316,0.01980198
