"Code","Name","LA_code","LA_name","All","X0to15","X16to29","X30to44","X45to64","X65plus"
"E01016582","Windsor and Maidenhead 001C","E06000040","Windsor and Maidenhead",0.014184397,0.029850746,0.020618557,-0.005167959,-0.002695418,0.053892216
