"Code","Name","LA_code","LA_name","All","X0to15","X16to29","X30to44","X45to64","X65plus"
"E01016555","Windsor and Maidenhead 014D","E06000040","Windsor and Maidenhead",-0.025384102,-0.04601227,0.037037037,0.033613445,-0.007792208,-0.220430108
