"Code","Name","LA_code","LA_name","All","X0to15","X16to29","X30to44","X45to64","X65plus"
"E01016564","Windsor and Maidenhead 011A","E06000040","Windsor and Maidenhead",0.033540373,0.033057851,0.073059361,0.070588235,0.025404157,-0.035294118
