"Code","Name","LA_code","LA_name","All","X0to15","X16to29","X30to44","X45to64","X65plus"
"E01016565","Windsor and Maidenhead 011B","E06000040","Windsor and Maidenhead",0.029510396,0.022727273,0.022857143,0.035087719,0.037296037,0.023668639
