"Code","Name","LA_code","LA_name","All","X0to15","X16to29","X30to44","X45to64","X65plus"
"E01016574","Windsor and Maidenhead 003C","E06000040","Windsor and Maidenhead",0.016260163,-0.006060606,0.043478261,0.003246753,-0.005665722,0.066666667
