"Code","Name","LA_code","LA_name","All","X0to15","X16to29","X30to44","X45to64","X65plus"
"E01016600","Windsor and Maidenhead 001D","E06000040","Windsor and Maidenhead",0.001760563,0.051282051,0.082644628,0.082191781,-0.034120735,-0.058020478
