"Code","Name","LA_code","LA_name","All","X0to15","X16to29","X30to44","X45to64","X65plus"
"E01016558","Windsor and Maidenhead 013D","E06000040","Windsor and Maidenhead",-0.010118044,-0.057565789,0.02425876,-0.004545455,0.014423077,0.046052632
