"Code","Name","LA_code","LA_name","All","X0to15","X16to29","X30to44","X45to64","X65plus"
"E01016527","Windsor and Maidenhead 006B","E06000040","Windsor and Maidenhead",0.005457853,0.037572254,-0.031531532,0.016509434,-0.002325581,-0.013215859
