"Code","Name","LA_code","LA_name","All","X0to15","X16to29","X30to44","X45to64","X65plus"
"E01016563","Windsor and Maidenhead 008E","E06000040","Windsor and Maidenhead",0.013034033,-0.006622517,0.076923077,0.007246377,0.004901961,0.016736402
