"Code","Name","LA_code","LA_name","All","X0to15","X16to29","X30to44","X45to64","X65plus"
"E01016522","Windsor and Maidenhead 017A","E06000040","Windsor and Maidenhead",-0.024189115,-0.038860104,0.045918367,-0.054347826,-0.018003273,-0.034285714
