"Code","Name","LA_code","LA_name","All","X0to15","X16to29","X30to44","X45to64","X65plus"
"E01016548","Windsor and Maidenhead 014A","E06000040","Windsor and Maidenhead",-0.042060988,-0.025477707,0.010830325,-0.033707865,-0.054385965,-0.097972973
