"Code","Name","LA_code","LA_name","All","X0to15","X16to29","X30to44","X45to64","X65plus"
"E01016576","Windsor and Maidenhead 016B","E06000040","Windsor and Maidenhead",0.014994233,0.009646302,0.02173913,0.030487805,0.01026694,0.006024096
