"Code","Name","LA_code","LA_name","All","X0to15","X16to29","X30to44","X45to64","X65plus"
"E01016557","Windsor and Maidenhead 013C","E06000040","Windsor and Maidenhead",0.020186335,-0.002898551,0.007751938,0.034313725,0.02244898,0.030162413
