"Code","Name","LA_code","LA_name","All","X0to15","X16to29","X30to44","X45to64","X65plus"
"E01016606","Windsor and Maidenhead 018D","E06000040","Windsor and Maidenhead",0.010081916,-0.003144654,0.056410256,0.075949367,-0.00742115,-0.026845638
