"Code","Name","LA_code","LA_name","All","X0to15","X16to29","X30to44","X45to64","X65plus"
"E01016594","Windsor and Maidenhead 007E","E06000040","Windsor and Maidenhead",0.020041465,-0.032467532,0.020080321,0.008547009,0.042553191,0.080952381
