"Code","Name","LA_code","LA_name","All","X0to15","X16to29","X30to44","X45to64","X65plus"
"E01016537","Windsor and Maidenhead 007B","E06000040","Windsor and Maidenhead",0.004634994,-0.017316017,0.031141869,0.011037528,-0.00297619,0.016129032
