"Code","Name","LA_code","LA_name","All","X0to15","X16to29","X30to44","X45to64","X65plus"
"E01007205","Wirral 006B","E08000015","Wirral",-0.011096606,0.005747126,-0.041353383,-0.006756757,-0.023255814,0.020833333
