"Code","Name","LA_code","LA_name","All","X0to15","X16to29","X30to44","X45to64","X65plus"
"E01007115","Wirral 031A","E08000015","Wirral",0.014332248,0.020477816,0.004366812,0.012345679,-0.007556675,0.047945205
