"Code","Name","LA_code","LA_name","All","X0to15","X16to29","X30to44","X45to64","X65plus"
"E01007282","Wirral 026E","E08000015","Wirral",0.006333568,0.007843137,0.024096386,-0.044280443,0.031007752,0.00877193
