"Code","Name","LA_code","LA_name","All","X0to15","X16to29","X30to44","X45to64","X65plus"
"E01007163","Wirral 024A","E08000015","Wirral",-0.025844102,-0.059047619,-0.013089005,-0.064587973,-0.02827381,0.059299191
