"Code","Name","LA_code","LA_name","All","X0to15","X16to29","X30to44","X45to64","X65plus"
"E01007297","Wirral 018A","E08000015","Wirral",0.021917808,0.028753994,0.005263158,-0.011952191,0.012084592,0.056
