"Code","Name","LA_code","LA_name","All","X0to15","X16to29","X30to44","X45to64","X65plus"
"E01007122","Wirral 011C","E08000015","Wirral",0.017804154,0.037974684,0.027559055,0.039130435,-0.002932551,-0.014492754
