"Code","Name","LA_code","LA_name","All","X0to15","X16to29","X30to44","X45to64","X65plus"
"E01007193","Wirral 014A","E08000015","Wirral",0.002442002,0.029411765,-0.013888889,0,-0.011135857,0.009823183
