"Code","Name","LA_code","LA_name","All","X0to15","X16to29","X30to44","X45to64","X65plus"
"E01007274","Wirral 008C","E08000015","Wirral",-0.040633609,-0.050445104,-0.010067114,-0.019083969,-0.044198895,-0.093264249
