"Code","Name","LA_code","LA_name","All","X0to15","X16to29","X30to44","X45to64","X65plus"
"E01007215","Wirral 005A","E08000015","Wirral",0.025673137,0.030100334,0.025454545,0.024734982,0.039900249,0.005899705
