"Code","Name","LA_code","LA_name","All","X0to15","X16to29","X30to44","X45to64","X65plus"
"E01007189","Wirral 040D","E08000015","Wirral",-0.005572755,-0.026548673,-0.037267081,-0.023668639,0.004415011,0.008250825
