"Code","Name","LA_code","LA_name","All","X0to15","X16to29","X30to44","X45to64","X65plus"
"E01007249","Wirral 025A","E08000015","Wirral",-0.00650289,-0.03236246,-0.007751938,-0.026515152,0.022222222,0.010362694
