"Code","Name","LA_code","LA_name","All","X0to15","X16to29","X30to44","X45to64","X65plus"
"E01007121","Wirral 011B","E08000015","Wirral",-0.002711864,-0.017647059,0.028673835,-0.006349206,0.007978723,-0.042424242
