"Code","Name","LA_code","LA_name","All","X0to15","X16to29","X30to44","X45to64","X65plus"
"E01007160","Wirral 020B","E08000015","Wirral",0.01734104,0.018181818,0,0.058823529,0.012578616,0.005649718
