"Code","Name","LA_code","LA_name","All","X0to15","X16to29","X30to44","X45to64","X65plus"
"E01007264","Wirral 023C","E08000015","Wirral",0.010286554,-0.052023121,0.047058824,0.005649718,0.009615385,0.023529412
