"Code","Name","LA_code","LA_name","All","X0to15","X16to29","X30to44","X45to64","X65plus"
"E01007293","Wirral 027C","E08000015","Wirral",-0.00203252,-0.059782609,0.003472222,0.011904762,0.01369863,0.049261084
