"Code","Name","LA_code","LA_name","All","X0to15","X16to29","X30to44","X45to64","X65plus"
"E01007306","Wirral 017E","E08000015","Wirral",-0.003103662,-0.040160643,0.004048583,0.003460208,-0.001988072,0.012383901
