"Code","Name","LA_code","LA_name","All","X0to15","X16to29","X30to44","X45to64","X65plus"
"E01007233","Wirral 002C","E08000015","Wirral",-0.002217295,-0.005449591,-0.035714286,0.024024024,0.010683761,-0.01
