"Code","Name","LA_code","LA_name","All","X0to15","X16to29","X30to44","X45to64","X65plus"
"E01007262","Wirral 028C","E08000015","Wirral",0.004716981,0.008583691,-0.013333333,0.016949153,0.014285714,-0.006912442
