"Code","Name","LA_code","LA_name","All","X0to15","X16to29","X30to44","X45to64","X65plus"
"E01007157","Wirral 015C","E08000015","Wirral",-0.021178028,-0.079861111,0.039473684,-0.04290429,-0.01814059,0.011952191
