"Code","Name","LA_code","LA_name","All","X0to15","X16to29","X30to44","X45to64","X65plus"
"E01007173","Wirral 029A","E08000015","Wirral",0.000641437,0.047457627,-0.007905138,0.024691358,-0.011655012,-0.03539823
