"Code","Name","LA_code","LA_name","All","X0to15","X16to29","X30to44","X45to64","X65plus"
"E01007256","Wirral 034C","E08000015","Wirral",-0.002559181,-0.052884615,0,0.005208333,-0.002427184,0.011608624
