"Code","Name","LA_code","LA_name","All","X0to15","X16to29","X30to44","X45to64","X65plus"
"E01007170","Wirral 039D","E08000015","Wirral",0.001850709,0.073913043,0.04784689,0.004255319,0.024017467,-0.073619632
