"Code","Name","LA_code","LA_name","All","X0to15","X16to29","X30to44","X45to64","X65plus"
"E01007222","Wirral 013C","E08000015","Wirral",-0.001246883,-0.02173913,0.008695652,0.003344482,-0.002118644,0.006116208
