"Code","Name","LA_code","LA_name","All","X0to15","X16to29","X30to44","X45to64","X65plus"
"E01007316","Wirral 004F","E08000015","Wirral",-0.050913838,-0.037878788,-0.041474654,-0.05952381,-0.065539112,-0.039877301
