"Code","Name","LA_code","LA_name","All","X0to15","X16to29","X30to44","X45to64","X65plus"
"E01007159","Wirral 015E","E08000015","Wirral",-0.042291221,-0.033557047,-0.008368201,-0.03630363,-0.078358209,-0.028455285
