"Code","Name","LA_code","LA_name","All","X0to15","X16to29","X30to44","X45to64","X65plus"
"E01007136","Wirral 039B","E08000015","Wirral",0.024660912,0,-0.003344482,0.018072289,0.005012531,0.146666667
