"Code","Name","LA_code","LA_name","All","X0to15","X16to29","X30to44","X45to64","X65plus"
"E01007275","Wirral 005E","E08000015","Wirral",-0.021472393,-0.03649635,-0.022727273,0.00955414,-0.023746702,-0.032110092
