"Code","Name","LA_code","LA_name","All","X0to15","X16to29","X30to44","X45to64","X65plus"
"E01007255","Wirral 034B","E08000015","Wirral",-0.003898635,-0.004587156,-0.035714286,0.03271028,-0.013592233,0.008152174
