"Code","Name","LA_code","LA_name","All","X0to15","X16to29","X30to44","X45to64","X65plus"
"E01007221","Wirral 012B","E08000015","Wirral",-0.008916324,-0.029045643,0.03626943,-0.018315018,-0.034802784,0.021875
