"Code","Name","LA_code","LA_name","All","X0to15","X16to29","X30to44","X45to64","X65plus"
"E01007227","Wirral 012D","E08000015","Wirral",-0.025423729,-0.044378698,0.041509434,-0.033962264,-0.056847545,-0.014336918
