"Code","Name","LA_code","LA_name","All","X0to15","X16to29","X30to44","X45to64","X65plus"
"E01007196","Wirral 026A","E08000015","Wirral",0.010559006,0.004166667,0.015228426,0.084507042,-0.026699029,0.010948905
