"Code","Name","LA_code","LA_name","All","X0to15","X16to29","X30to44","X45to64","X65plus"
"E01007223","Wirral 013D","E08000015","Wirral",-0.000694444,-0.047945205,0.024,0.037414966,0.006578947,-0.047297297
