"Code","Name","LA_code","LA_name","All","X0to15","X16to29","X30to44","X45to64","X65plus"
"E01007210","Wirral 006C","E08000015","Wirral",-0.00959596,0.017467249,0.005434783,-0.034285714,-0.004024145,-0.048859935
