"Code","Name","LA_code","LA_name","All","X0to15","X16to29","X30to44","X45to64","X65plus"
"E01007133","Wirral 016E","E08000015","Wirral",0.017918089,0.005050505,0.07253886,-0.08,0.036553525,0.04040404
