"Code","Name","LA_code","LA_name","All","X0to15","X16to29","X30to44","X45to64","X65plus"
"E01007126","Wirral 016A","E08000015","Wirral",0.003937008,0.013377926,-0.011928429,0.028384279,-0.012658228,0.01826484
