"Code","Name","LA_code","LA_name","All","X0to15","X16to29","X30to44","X45to64","X65plus"
"E01007239","Wirral 022C","E08000015","Wirral",-0.009014423,0.023255814,-0.017730496,-0.043701799,0.007042254,-0.01793722
