"Code","Name","LA_code","LA_name","All","X0to15","X16to29","X30to44","X45to64","X65plus"
"E01007276","Wirral 007E","E08000015","Wirral",0.003921569,0.002525253,-0.021551724,-0.013245033,0.016759777,0.033057851
