"Code","Name","LA_code","LA_name","All","X0to15","X16to29","X30to44","X45to64","X65plus"
"E01007290","Wirral 027B","E08000015","Wirral",0.016272966,0.011904762,0.008152174,0.05899705,0.002066116,0.006802721
