"Code","Name","LA_code","LA_name","All","X0to15","X16to29","X30to44","X45to64","X65plus"
"E01007232","Wirral 002B","E08000015","Wirral",0.018421053,0.00877193,0.048034934,0.020242915,0.014403292,0.009090909
