"Code","Name","LA_code","LA_name","All","X0to15","X16to29","X30to44","X45to64","X65plus"
"E01007140","Wirral 036A","E08000015","Wirral",0.027882038,0.0175,0.015197568,0.046620047,0.026052104,0.033653846
