"Code","Name","LA_code","LA_name","All","X0to15","X16to29","X30to44","X45to64","X65plus"
"E01007177","Wirral 029D","E08000015","Wirral",-0.004605263,-0.013605442,0.021097046,-0.017167382,-0.002352941,-0.009063444
