"Code","Name","LA_code","LA_name","All","X0to15","X16to29","X30to44","X45to64","X65plus"
"E01007253","Wirral 030C","E08000015","Wirral",0.035868006,0.054263566,0,0.053846154,0,0.073333333
