"Code","Name","LA_code","LA_name","All","X0to15","X16to29","X30to44","X45to64","X65plus"
"E01007305","Wirral 018E","E08000015","Wirral",0.01656051,0.012145749,0.004310345,-0.016949153,0.024070022,0.037688442
