"Code","Name","LA_code","LA_name","All","X0to15","X16to29","X30to44","X45to64","X65plus"
"E01007250","Wirral 030B","E08000015","Wirral",0.00968523,-0.009756098,-0.01863354,0.097142857,-0.010498688,0.012618297
