"Code","Name","LA_code","LA_name","All","X0to15","X16to29","X30to44","X45to64","X65plus"
"E01007186","Wirral 040A","E08000015","Wirral",-0.016949153,-0.019305019,-0.068965517,-0.046413502,-0.020408163,0.020746888
