"Code","Name","LA_code","LA_name","All","X0to15","X16to29","X30to44","X45to64","X65plus"
"E01007217","Wirral 007D","E08000015","Wirral",0.091293833,0.135483871,0.155893536,0.03968254,0.100456621,0.033962264
