"Code","Name","LA_code","LA_name","All","X0to15","X16to29","X30to44","X45to64","X65plus"
"E01007194","Wirral 014B","E08000015","Wirral",0.006802721,0.031111111,0.031413613,-0.003636364,-0.009009009,0.005970149
