"Code","Name","LA_code","LA_name","All","X0to15","X16to29","X30to44","X45to64","X65plus"
"E01007211","Wirral 004A","E08000015","Wirral",-0.011255411,-0.017045455,-0.040935673,0,0,-0.01119403
