"Code","Name","LA_code","LA_name","All","X0to15","X16to29","X30to44","X45to64","X65plus"
"E01007315","Wirral 003E","E08000015","Wirral",0.020543406,0.047297297,0.016460905,0.065306122,0.018348624,-0.038062284
