"Code","Name","LA_code","LA_name","All","X0to15","X16to29","X30to44","X45to64","X65plus"
"E01007114","Wirral 032D","E08000015","Wirral",-0.00781759,0,-0.031468531,0.03358209,0.007832898,-0.067567568
