"Code","Name","LA_code","LA_name","All","X0to15","X16to29","X30to44","X45to64","X65plus"
"E01007137","Wirral 039C","E08000015","Wirral",0.014705882,0.041666667,-0.008733624,0.009803922,0.002444988,0.027108434
