"Code","Name","LA_code","LA_name","All","X0to15","X16to29","X30to44","X45to64","X65plus"
"E01007143","Wirral 036C","E08000015","Wirral",0.002497502,0.024017467,0.005221932,-0.00845666,-0.004175365,-0.009569378
