"Code","Name","LA_code","LA_name","All","X0to15","X16to29","X30to44","X45to64","X65plus"
"E01007265","Wirral 017C","E08000015","Wirral",0.000730994,0.039145907,0.02970297,0.008403361,-0.007142857,-0.066079295
