"Code","Name","LA_code","LA_name","All","X0to15","X16to29","X30to44","X45to64","X65plus"
"E01007304","Wirral 025E","E08000015","Wirral",0.015191546,-0.005602241,0.036764706,0.043478261,-0.006430868,0.016778523
