"Code","Name","LA_code","LA_name","All","X0to15","X16to29","X30to44","X45to64","X65plus"
"E01007206","Wirral 009B","E08000015","Wirral",0.004264392,0.0075,0.011695906,-0.00234192,0.004310345,0
