"Code","Name","LA_code","LA_name","All","X0to15","X16to29","X30to44","X45to64","X65plus"
"E01007180","Wirral 022A","E08000015","Wirral",0.011031798,0.011627907,0.012658228,0.022988506,0.020325203,-0.017064846
