"Code","Name","LA_code","LA_name","All","X0to15","X16to29","X30to44","X45to64","X65plus"
"E01007145","Wirral 038B","E08000015","Wirral",0,-0.019736842,-0.013513514,0.05511811,-0.002793296,-0.002173913
