"Code","Name","LA_code","LA_name","All","X0to15","X16to29","X30to44","X45to64","X65plus"
"E01007201","Wirral 014D","E08000015","Wirral",0.008241758,0.034482759,0.043715847,0.003802281,0.014861996,-0.04676259
