"Code","Name","LA_code","LA_name","All","X0to15","X16to29","X30to44","X45to64","X65plus"
"E01007200","Wirral 014C","E08000015","Wirral",-0.005861665,-0.071661238,-0.017241379,0.019157088,-0.009157509,0.044444444
