"Code","Name","LA_code","LA_name","All","X0to15","X16to29","X30to44","X45to64","X65plus"
"E01007230","Wirral 001B","E08000015","Wirral",0.01042502,0.03960396,0.03030303,0.014925373,0.004672897,-0.019920319
