"Code","Name","LA_code","LA_name","All","X0to15","X16to29","X30to44","X45to64","X65plus"
"E01016675","Wokingham 001A","E06000041","Wokingham",0.007751938,0.006622517,0.040322581,0.031055901,-0.020134228,0.010067114
