"Code","Name","LA_code","LA_name","All","X0to15","X16to29","X30to44","X45to64","X65plus"
"E01016689","Wokingham 007F","E06000041","Wokingham",0.000696379,0,0.006289308,0.008810573,0.007772021,-0.012019231
