"Code","Name","LA_code","LA_name","All","X0to15","X16to29","X30to44","X45to64","X65plus"
"E01016612","Wokingham 015A","E06000041","Wokingham",-0.007101642,0.024719101,-0.006711409,0.017804154,-0.00990099,-0.063013699
