"Code","Name","LA_code","LA_name","All","X0to15","X16to29","X30to44","X45to64","X65plus"
"E01016707","Wokingham 020C","E06000041","Wokingham",0.018761726,-0.003115265,0.058558559,0.012048193,0.013245033,0.025423729
