"Code","Name","LA_code","LA_name","All","X0to15","X16to29","X30to44","X45to64","X65plus"
"E01030957","Woking 005E","E07000217","Woking",0.033306899,0.033232628,0.095238095,0.037267081,-0.042042042,0.158878505
