"Code","Name","LA_code","LA_name","All","X0to15","X16to29","X30to44","X45to64","X65plus"
"E01016691","Wokingham 017D","E06000041","Wokingham",0.00081103,-0.012244898,0.007462687,-0.005405405,0.002475248,0.011320755
