"Code","Name","LA_code","LA_name","All","X0to15","X16to29","X30to44","X45to64","X65plus"
"E01030946","Woking 001A","E07000217","Woking",0.033236994,0.029411765,0.07486631,0.027272727,0.021276596,0.030172414
