"Code","Name","LA_code","LA_name","All","X0to15","X16to29","X30to44","X45to64","X65plus"
"E01016703","Wokingham 009D","E06000041","Wokingham",0.030745968,0.034482759,0.049618321,0.039130435,0.018181818,0.01650165
