"Code","Name","LA_code","LA_name","All","X0to15","X16to29","X30to44","X45to64","X65plus"
"E01016699","Wokingham 016E","E06000041","Wokingham",0.013563502,-0.014925373,0.021857923,-0.006134969,0.019002375,0.047619048
