"Code","Name","LA_code","LA_name","All","X0to15","X16to29","X30to44","X45to64","X65plus"
"E01016641","Wokingham 018C","E06000041","Wokingham",-0.011212334,-0.057251908,0.041666667,0.010695187,0.006451613,-0.032520325
