"Code","Name","LA_code","LA_name","All","X0to15","X16to29","X30to44","X45to64","X65plus"
"E01030992","Woking 010B","E07000217","Woking",0.015605493,0.024054983,0.089686099,0.018617021,-0.022988506,0.003610108
