"Code","Name","LA_code","LA_name","All","X0to15","X16to29","X30to44","X45to64","X65plus"
"E01016702","Wokingham 009C","E06000041","Wokingham",-0.003078502,-0.015086207,0.01369863,-0.011389522,0.002040816,0.003787879
