"Code","Name","LA_code","LA_name","All","X0to15","X16to29","X30to44","X45to64","X65plus"
"E01016704","Wokingham 009E","E06000041","Wokingham",0.004852014,0.008695652,0.013927577,0.009242144,-0.011312217,0.003861004
