"Code","Name","LA_code","LA_name","All","X0to15","X16to29","X30to44","X45to64","X65plus"
"E01030958","Woking 005F","E07000217","Woking",-0.001430615,-0.026923077,0.021857923,0.008695652,0.028846154,-0.072164948
