"Code","Name","LA_code","LA_name","All","X0to15","X16to29","X30to44","X45to64","X65plus"
"E01016632","Wokingham 016C","E06000041","Wokingham",0.006377551,0.009118541,0.060773481,0.041139241,-0.029227557,-0.011406844
