"Code","Name","LA_code","LA_name","All","X0to15","X16to29","X30to44","X45to64","X65plus"
"E01030983","Woking 004D","E07000217","Woking",0.025980912,-0.013605442,0.078624079,0.032629559,0.043887147,-0.04040404
