"Code","Name","LA_code","LA_name","All","X0to15","X16to29","X30to44","X45to64","X65plus"
"E01030976","Woking 007C","E07000217","Woking",0.012916383,0.010416667,0.081447964,0.012461059,-0.027363184,0.020920502
