"Code","Name","LA_code","LA_name","All","X0to15","X16to29","X30to44","X45to64","X65plus"
"E01016692","Wokingham 002C","E06000041","Wokingham",0.01292517,-0.003472222,0.10483871,0.020895522,-0.019390582,0.019337017
