"Code","Name","LA_code","LA_name","All","X0to15","X16to29","X30to44","X45to64","X65plus"
"E01016639","Wokingham 019E","E06000041","Wokingham",-0.001239926,-0.00867052,-0.005434783,-0.016286645,-0.008097166,0.039007092
