"Code","Name","LA_code","LA_name","All","X0to15","X16to29","X30to44","X45to64","X65plus"
"E01016672","Wokingham 014B","E06000041","Wokingham",-0.00044964,-0.002079002,0.037878788,-0.00886918,0.001672241,-0.01627907
