"Code","Name","LA_code","LA_name","All","X0to15","X16to29","X30to44","X45to64","X65plus"
"E01016626","Wokingham 013A","E06000041","Wokingham",-0.000996512,-0.028776978,0.053872054,0.030828516,-0.013761468,-0.047337278
