"Code","Name","LA_code","LA_name","All","X0to15","X16to29","X30to44","X45to64","X65plus"
"E01016625","Wokingham 016A","E06000041","Wokingham",0.038133182,0.020467836,0.081218274,0.066455696,0.012738854,0.039443155
