"Code","Name","LA_code","LA_name","All","X0to15","X16to29","X30to44","X45to64","X65plus"
"E01030973","Woking 011C","E07000217","Woking",0.026246719,0.037478705,0.058219178,0.024048096,0,0.027607362
