"Code","Name","LA_code","LA_name","All","X0to15","X16to29","X30to44","X45to64","X65plus"
"E01030991","Woking 008D","E07000217","Woking",0.014435042,0.013513514,0.074733096,0.009630819,-0.015503876,0.00862069
