"Code","Name","LA_code","LA_name","All","X0to15","X16to29","X30to44","X45to64","X65plus"
"E01016656","Wokingham 010C","E06000041","Wokingham",0.031982942,0.07037037,-0.040540541,0.038961039,0.031185031,0.028880866
