"Code","Name","LA_code","LA_name","All","X0to15","X16to29","X30to44","X45to64","X65plus"
"E01016693","Wokingham 002D","E06000041","Wokingham",0.045384615,0.019607843,0.09929078,0.064788732,0.046575342,0
