"Code","Name","LA_code","LA_name","All","X0to15","X16to29","X30to44","X45to64","X65plus"
"E01030969","Woking 008B","E07000217","Woking",0.040300546,0.017142857,0.143884892,0.041791045,0.028503563,0.03196347
