"Code","Name","LA_code","LA_name","All","X0to15","X16to29","X30to44","X45to64","X65plus"
"E01030978","Woking 012C","E07000217","Woking",0.008469449,-0.016666667,0.02955665,0.034482759,0.006912442,0
