"Code","Name","LA_code","LA_name","All","X0to15","X16to29","X30to44","X45to64","X65plus"
"E01016623","Wokingham 003B","E06000041","Wokingham",0.001359619,-0.036764706,0.039548023,0.020325203,0.004938272,-0.005390836
