"Code","Name","LA_code","LA_name","All","X0to15","X16to29","X30to44","X45to64","X65plus"
"E01016705","Wokingham 020A","E06000041","Wokingham",-0.003550296,-0.024489796,0.009803922,0,0.027253669,-0.040909091
