"Code","Name","LA_code","LA_name","All","X0to15","X16to29","X30to44","X45to64","X65plus"
"E01030996","Woking 002A","E07000217","Woking",0.015355086,0.01529052,0.042168675,0.008695652,0,0.026455026
