"Code","Name","LA_code","LA_name","All","X0to15","X16to29","X30to44","X45to64","X65plus"
"E01032763","Wokingham 014E","E06000041","Wokingham",0.008211353,-0.020833333,0.01734104,0.014678899,0.02319236,0.009041591
