"Code","Name","LA_code","LA_name","All","X0to15","X16to29","X30to44","X45to64","X65plus"
"E01030971","Woking 011A","E07000217","Woking",0.025993884,0.050997783,0.053763441,0.009876543,0.019120459,-0.003289474
