"Code","Name","LA_code","LA_name","All","X0to15","X16to29","X30to44","X45to64","X65plus"
"E01030967","Woking 003E","E07000217","Woking",-0.022556391,0.033670034,0.043478261,0.006849315,0.014018692,-0.145933014
