"Code","Name","LA_code","LA_name","All","X0to15","X16to29","X30to44","X45to64","X65plus"
"E01030963","Woking 003A","E07000217","Woking",0.019569472,0,0.005649718,0.065656566,0.006880734,0.030660377
