"Code","Name","LA_code","LA_name","All","X0to15","X16to29","X30to44","X45to64","X65plus"
"E01016642","Wokingham 018D","E06000041","Wokingham",0.001709402,0.047445255,0,-0.036,-0.03875969,0.035242291
