"Code","Name","LA_code","LA_name","All","X0to15","X16to29","X30to44","X45to64","X65plus"
"E01016659","Wokingham 004D","E06000041","Wokingham",-0.000702741,-0.007246377,0.004366812,0.003067485,-0.009501188,0.01754386
