"Code","Name","LA_code","LA_name","All","X0to15","X16to29","X30to44","X45to64","X65plus"
"E01030952","Woking 005B","E07000217","Woking",0.030013643,0.020547945,0.058823529,0.009950249,0.063909774,0.012820513
