"Code","Name","LA_code","LA_name","All","X0to15","X16to29","X30to44","X45to64","X65plus"
"E01030993","Woking 008E","E07000217","Woking",0.041792043,0.042553191,0.070146819,0.050091075,-0.00204918,0.021818182
