"Code","Name","LA_code","LA_name","All","X0to15","X16to29","X30to44","X45to64","X65plus"
"E01016666","Wokingham 008E","E06000041","Wokingham",0.017301038,-0.020527859,0.073446328,0.020114943,0.012886598,0.036649215
