"Code","Name","LA_code","LA_name","All","X0to15","X16to29","X30to44","X45to64","X65plus"
"E01030988","Woking 006A","E07000217","Woking",0.027118644,0.005037783,0.071875,0.028462998,-0.00422833,0.051724138
