"Code","Name","LA_code","LA_name","All","X0to15","X16to29","X30to44","X45to64","X65plus"
"E01016637","Wokingham 019C","E06000041","Wokingham",-0.021159154,-0.041237113,-0.040322581,0.014084507,-0.024813896,-0.008928571
