"Code","Name","LA_code","LA_name","All","X0to15","X16to29","X30to44","X45to64","X65plus"
"E01016653","Wokingham 008C","E06000041","Wokingham",0,0.042207792,0.035532995,-0.004484305,-0.028776978,-0.027027027
