"Code","Name","LA_code","LA_name","All","X0to15","X16to29","X30to44","X45to64","X65plus"
"E01030998","Woking 002B","E07000217","Woking",0.002744237,-0.027027027,0.055900621,0.034632035,0.031657356,-0.035714286
