"Code","Name","LA_code","LA_name","All","X0to15","X16to29","X30to44","X45to64","X65plus"
"E01016621","Wokingham 003A","E06000041","Wokingham",0.011184211,0.032448378,0.018691589,0.043624161,-0.023584906,-0.004081633
