"Code","Name","LA_code","LA_name","All","X0to15","X16to29","X30to44","X45to64","X65plus"
"E01010488","Wolverhampton 021B","E08000031","Wolverhampton",0.00216763,0.030973451,0,-0.008658009,0.031413613,-0.036363636
