"Code","Name","LA_code","LA_name","All","X0to15","X16to29","X30to44","X45to64","X65plus"
"E01010453","Wolverhampton 035F","E08000031","Wolverhampton",0.020242915,0.049689441,0.02195122,0.003937008,-0.014117647,0.033898305
