"Code","Name","LA_code","LA_name","All","X0to15","X16to29","X30to44","X45to64","X65plus"
"E01010433","Wolverhampton 035E","E08000031","Wolverhampton",-0.026607539,-0.085959885,0,0.028481013,-0.007692308,-0.055793991
