"Code","Name","LA_code","LA_name","All","X0to15","X16to29","X30to44","X45to64","X65plus"
"E01010471","Wolverhampton 015A","E08000031","Wolverhampton",0.022454308,0.002358491,0.036458333,0.04008016,0.027568922,-0.014354067
