"Code","Name","LA_code","LA_name","All","X0to15","X16to29","X30to44","X45to64","X65plus"
"E01010478","Wolverhampton 011A","E08000031","Wolverhampton",0.014241486,0.037037037,0.005730659,-0.007575758,0.021505376,0
