"Code","Name","LA_code","LA_name","All","X0to15","X16to29","X30to44","X45to64","X65plus"
"E01010497","Wolverhampton 002B","E08000031","Wolverhampton",-0.00165426,0.02247191,-0.053140097,-0.004484305,0,0.030769231
