"Code","Name","LA_code","LA_name","All","X0to15","X16to29","X30to44","X45to64","X65plus"
"E01010513","Wolverhampton 031A","E08000031","Wolverhampton",0.005502063,0.059701493,-0.029069767,-0.004854369,-0.032828283,0.03131524
