"Code","Name","LA_code","LA_name","All","X0to15","X16to29","X30to44","X45to64","X65plus"
"E01010543","Wolverhampton 003D","E08000031","Wolverhampton",-0.00204499,0.012987013,0.02745098,-0.018237082,0.012158055,-0.076923077
