"Code","Name","LA_code","LA_name","All","X0to15","X16to29","X30to44","X45to64","X65plus"
"E01010559","Wolverhampton 005D","E08000031","Wolverhampton",0.025298665,0.004065041,0.031372549,0.004347826,0.041322314,0.03343465
