"Code","Name","LA_code","LA_name","All","X0to15","X16to29","X30to44","X45to64","X65plus"
"E01010460","Wolverhampton 008C","E08000031","Wolverhampton",-0.0702836,0.020325203,-0.017793594,-0.039855072,-0.02991453,-0.253561254
