"Code","Name","LA_code","LA_name","All","X0to15","X16to29","X30to44","X45to64","X65plus"
"E01010491","Wolverhampton 028C","E08000031","Wolverhampton",0.002659574,0.015015015,0.003831418,0,0.021472393,-0.02970297
