"Code","Name","LA_code","LA_name","All","X0to15","X16to29","X30to44","X45to64","X65plus"
"E01010461","Wolverhampton 008D","E08000031","Wolverhampton",-0.011711126,-0.025179856,0.02016129,-0.031746032,0.012987013,-0.047138047
