"Code","Name","LA_code","LA_name","All","X0to15","X16to29","X30to44","X45to64","X65plus"
"E01010557","Wolverhampton 005C","E08000031","Wolverhampton",0.004982206,0.027624309,0.009345794,0.036649215,0.032171582,-0.042600897
