"Code","Name","LA_code","LA_name","All","X0to15","X16to29","X30to44","X45to64","X65plus"
"E01010418","Wolverhampton 022A","E08000031","Wolverhampton",-0.006788866,0.018867925,-0.036900369,-0.033333333,-0.006550218,0.030534351
