"Code","Name","LA_code","LA_name","All","X0to15","X16to29","X30to44","X45to64","X65plus"
"E01010524","Wolverhampton 013C","E08000031","Wolverhampton",0.045772409,0.058823529,0.082191781,0.036363636,-0.005128205,0.088235294
