"Code","Name","LA_code","LA_name","All","X0to15","X16to29","X30to44","X45to64","X65plus"
"E01010438","Wolverhampton 001D","E08000031","Wolverhampton",0.038151137,0.125,0.081339713,0.047169811,0.005347594,-0.005434783
