"Code","Name","LA_code","LA_name","All","X0to15","X16to29","X30to44","X45to64","X65plus"
"E01010528","Wolverhampton 016C","E08000031","Wolverhampton",0.01145213,0.024,0.008496177,-0.004901961,0.036,0.020408163
