"Code","Name","LA_code","LA_name","All","X0to15","X16to29","X30to44","X45to64","X65plus"
"E01010463","Wolverhampton 020A","E08000031","Wolverhampton",-0.021420519,-0.042666667,0.037900875,0,-0.00486618,-0.189655172
