"Code","Name","LA_code","LA_name","All","X0to15","X16to29","X30to44","X45to64","X65plus"
"E01010544","Wolverhampton 009D","E08000031","Wolverhampton",0.014472777,0.00913242,0.044642857,-0.008695652,0.023696682,0.002808989
