"Code","Name","LA_code","LA_name","All","X0to15","X16to29","X30to44","X45to64","X65plus"
"E01010539","Wolverhampton 009A","E08000031","Wolverhampton",-0.005501222,0.002754821,-0.003344482,-0.003076923,-0.011655012,-0.013636364
