"Code","Name","LA_code","LA_name","All","X0to15","X16to29","X30to44","X45to64","X65plus"
"E01010503","Wolverhampton 006D","E08000031","Wolverhampton",0.000764526,0.011278195,-0.004166667,-0.00390625,-0.014204545,0.025773196
