"Code","Name","LA_code","LA_name","All","X0to15","X16to29","X30to44","X45to64","X65plus"
"E01010417","Wolverhampton 023A","E08000031","Wolverhampton",-0.014607425,-0.051282051,0.037800687,0,-0.027624309,-0.022364217
