"Code","Name","LA_code","LA_name","All","X0to15","X16to29","X30to44","X45to64","X65plus"
"E01010449","Wolverhampton 029A","E08000031","Wolverhampton",-0.011832061,-0.007849294,-0.012915129,-0.029827316,-0.007476636,0.014869888
