"Code","Name","LA_code","LA_name","All","X0to15","X16to29","X30to44","X45to64","X65plus"
"E01010437","Wolverhampton 001C","E08000031","Wolverhampton",0.010309278,0.023121387,0.016574586,0.014354067,-0.01055409,0.027027027
