"Code","Name","LA_code","LA_name","All","X0to15","X16to29","X30to44","X45to64","X65plus"
"E01010534","Wolverhampton 034C","E08000031","Wolverhampton",0.019922879,0.03986711,0.034965035,0.034267913,0.010683761,-0.038888889
