"Code","Name","LA_code","LA_name","All","X0to15","X16to29","X30to44","X45to64","X65plus"
"E01010476","Wolverhampton 015E","E08000031","Wolverhampton",0.013340174,0.022321429,0.014204545,-0.006302521,0.01039501,0.046875
