"Code","Name","LA_code","LA_name","All","X0to15","X16to29","X30to44","X45to64","X65plus"
"E01010532","Wolverhampton 034B","E08000031","Wolverhampton",0.001254705,-0.009202454,0.007352941,-0.003003003,0.020833333,-0.014336918
