"Code","Name","LA_code","LA_name","All","X0to15","X16to29","X30to44","X45to64","X65plus"
"E01010540","Wolverhampton 009B","E08000031","Wolverhampton",0.002141328,-0.046391753,0.086092715,-0.005780347,-0.012468828,0.010373444
