"Code","Name","LA_code","LA_name","All","X0to15","X16to29","X30to44","X45to64","X65plus"
"E01010541","Wolverhampton 003C","E08000031","Wolverhampton",0.023411371,0.043589744,0.003891051,0.016339869,0.026315789,0.015
