"Code","Name","LA_code","LA_name","All","X0to15","X16to29","X30to44","X45to64","X65plus"
"E01010502","Wolverhampton 006C","E08000031","Wolverhampton",0.026143791,0.080882353,-0.035714286,0.030418251,0.022277228,0.023364486
