"Code","Name","LA_code","LA_name","All","X0to15","X16to29","X30to44","X45to64","X65plus"
"E01010479","Wolverhampton 011B","E08000031","Wolverhampton",0.006048387,0.021875,0.034749035,-0.007272727,0,-0.022222222
