"Code","Name","LA_code","LA_name","All","X0to15","X16to29","X30to44","X45to64","X65plus"
"E01010490","Wolverhampton 028B","E08000031","Wolverhampton",0.006952491,0.030120482,0.013559322,-0.013157895,0.028368794,-0.030405405
