"Code","Name","LA_code","LA_name","All","X0to15","X16to29","X30to44","X45to64","X65plus"
"E01010549","Wolverhampton 014D","E08000031","Wolverhampton",0.003267974,-0.003636364,-0.021367521,0.006825939,0.034391534,-0.011428571
