"Code","Name","LA_code","LA_name","All","X0to15","X16to29","X30to44","X45to64","X65plus"
"E01010432","Wolverhampton 030C","E08000031","Wolverhampton",0.015312916,-0.004032258,-0.007017544,0.039215686,0.009070295,0.043956044
