"Code","Name","LA_code","LA_name","All","X0to15","X16to29","X30to44","X45to64","X65plus"
"E01010567","Wolverhampton 010E","E08000031","Wolverhampton",0.022864829,-0.006944444,0.017605634,0.035714286,0.053658537,0.003558719
