"Code","Name","LA_code","LA_name","All","X0to15","X16to29","X30to44","X45to64","X65plus"
"E01010523","Wolverhampton 013B","E08000031","Wolverhampton",-0.005467801,-0.060344828,-0.017676768,0.037037037,-0.01459854,0.077844311
