"Code","Name","LA_code","LA_name","All","X0to15","X16to29","X30to44","X45to64","X65plus"
"E01010517","Wolverhampton 031D","E08000031","Wolverhampton",0.009944065,0.033232628,0.026217228,-0.028037383,0.023310023,-0.011494253
