"Code","Name","LA_code","LA_name","All","X0to15","X16to29","X30to44","X45to64","X65plus"
"E01010505","Wolverhampton 021E","E08000031","Wolverhampton",0.00233827,-0.038961039,-0.027027027,0,0.017094017,0.031055901
