"Code","Name","LA_code","LA_name","All","X0to15","X16to29","X30to44","X45to64","X65plus"
"E01010551","Wolverhampton 019C","E08000031","Wolverhampton",0.010513296,-0.013215859,0.023923445,-0.01119403,0.017353579,0.022123894
