"Code","Name","LA_code","LA_name","All","X0to15","X16to29","X30to44","X45to64","X65plus"
"E01010419","Wolverhampton 023B","E08000031","Wolverhampton",0.005102041,0.022727273,0.015037594,0.016891892,-0.002659574,-0.028776978
