"Code","Name","LA_code","LA_name","All","X0to15","X16to29","X30to44","X45to64","X65plus"
"E01010501","Wolverhampton 006B","E08000031","Wolverhampton",-0.000686813,-0.006622517,-0.040650407,0.038461538,0.008264463,-0.011583012
