"Code","Name","LA_code","LA_name","All","X0to15","X16to29","X30to44","X45to64","X65plus"
"E01010566","Wolverhampton 008E","E08000031","Wolverhampton",0.060335196,0.055232558,0.10625,0.126582278,0.053452116,-0.024930748
