"Code","Name","LA_code","LA_name","All","X0to15","X16to29","X30to44","X45to64","X65plus"
"E01010506","Wolverhampton 017A","E08000031","Wolverhampton",0.021466905,0.017621145,0.049868766,0.010917031,0.027842227,-0.022222222
