"Code","Name","LA_code","LA_name","All","X0to15","X16to29","X30to44","X45to64","X65plus"
"E01010445","Wolverhampton 018D","E08000031","Wolverhampton",0.010676157,0.017811705,0.02173913,-0.053380783,0.027607362,0.062015504
