"Code","Name","LA_code","LA_name","All","X0to15","X16to29","X30to44","X45to64","X65plus"
"E01010411","Wolverhampton 033B","E08000031","Wolverhampton",0.013366337,0.00998004,0.002512563,0.002192982,0.010917031,0.072463768
