"Code","Name","LA_code","LA_name","All","X0to15","X16to29","X30to44","X45to64","X65plus"
"E01010507","Wolverhampton 021F","E08000031","Wolverhampton",-0.023907104,-0.081447964,-0.025157233,-0.051948052,-0.025706941,0.019396552
