"Code","Name","LA_code","LA_name","All","X0to15","X16to29","X30to44","X45to64","X65plus"
"E01032316","Worcester 006C","E07000237","Worcester",0.008787346,0.06870229,-0.050314465,0.081081081,-0.003496503,-0.004830918
