"Code","Name","LA_code","LA_name","All","X0to15","X16to29","X30to44","X45to64","X65plus"
"E01032306","Worcester 010B","E07000237","Worcester",0.008819539,0.016339869,0.007604563,-0.009708738,0.027363184,-0.010309278
