"Code","Name","LA_code","LA_name","All","X0to15","X16to29","X30to44","X45to64","X65plus"
"E01032332","Worcester 002D","E07000237","Worcester",-0.018429487,-0.044776119,-0.018867925,-0.020080321,0.022801303,-0.050314465
