"Code","Name","LA_code","LA_name","All","X0to15","X16to29","X30to44","X45to64","X65plus"
"E01032317","Worcester 006D","E07000237","Worcester",0.012872629,0.030612245,0.014662757,-0.005102041,0.008241758,0.015831135
