"Code","Name","LA_code","LA_name","All","X0to15","X16to29","X30to44","X45to64","X65plus"
"E01032321","Worcester 009D","E07000237","Worcester",-0.012105263,-0.05720339,-0.00973236,-0.025280899,0.038834951,0.004016064
