"Code","Name","LA_code","LA_name","All","X0to15","X16to29","X30to44","X45to64","X65plus"
"E01032330","Worcester 003A","E07000237","Worcester",-0.018136851,-0.095477387,0.019157088,0,-0.024464832,0
