"Code","Name","LA_code","LA_name","All","X0to15","X16to29","X30to44","X45to64","X65plus"
"E01032315","Worcester 006B","E07000237","Worcester",0.003263403,-0.021052632,-0.001572327,0.016666667,-0.014705882,0.060606061
