"Code","Name","LA_code","LA_name","All","X0to15","X16to29","X30to44","X45to64","X65plus"
"E01032320","Worcester 009C","E07000237","Worcester",-0.004250797,0.018691589,-0.020057307,-0.026315789,-0.002816901,0.044117647
