"Code","Name","LA_code","LA_name","All","X0to15","X16to29","X30to44","X45to64","X65plus"
"E01032327","Worcester 004C","E07000237","Worcester",0.064927858,0.074766355,0.078787879,0.055813953,0.068126521,0.048387097
