"Code","Name","LA_code","LA_name","All","X0to15","X16to29","X30to44","X45to64","X65plus"
"E01032338","Worcester 008B","E07000237","Worcester",-0.014340344,-0.012958963,-0.00209205,-0.002074689,-0.015594542,-0.08974359
