"Code","Name","LA_code","LA_name","All","X0to15","X16to29","X30to44","X45to64","X65plus"
"E01032286","Worcester 012A","E07000237","Worcester",-0.023266023,-0.01910828,0.007614213,-0.023758099,-0.019120459,-0.06088993
