"Code","Name","LA_code","LA_name","All","X0to15","X16to29","X30to44","X45to64","X65plus"
"E01032309","Worcester 010D","E07000237","Worcester",-0.001244555,-0.02617801,0.025735294,0.003215434,0.01305483,-0.019305019
