"Code","Name","LA_code","LA_name","All","X0to15","X16to29","X30to44","X45to64","X65plus"
"E01032314","Worcester 006A","E07000237","Worcester",-0.016450216,-0.012987013,0.013586957,-0.046979866,-0.048109966,-0.005181347
