"Code","Name","LA_code","LA_name","All","X0to15","X16to29","X30to44","X45to64","X65plus"
"E01032279","Worcester 004A","E07000237","Worcester",0.057971014,0.02238806,0.022026432,0.139917695,0.068403909,0.030456853
