"Code","Name","LA_code","LA_name","All","X0to15","X16to29","X30to44","X45to64","X65plus"
"E01032310","Worcester 005C","E07000237","Worcester",-0.067371202,-0.060402685,-0.056737589,-0.076452599,-0.06097561,-0.091370558
