"Code","Name","LA_code","LA_name","All","X0to15","X16to29","X30to44","X45to64","X65plus"
"E01032319","Worcester 009B","E07000237","Worcester",-0.00059312,-0.066115702,0.021377672,0.013100437,0.037333333,-0.026252983
