"Code","Name","LA_code","LA_name","All","X0to15","X16to29","X30to44","X45to64","X65plus"
"E01032305","Worcester 010A","E07000237","Worcester",0.034504005,0.057553957,0.021671827,0.025862069,0.045783133,0.019305019
