"Code","Name","LA_code","LA_name","All","X0to15","X16to29","X30to44","X45to64","X65plus"
"E01031794","Worthing 003B","E07000229","Worthing",-0.003725782,0.012048193,0.030534351,-0.038043478,-0.011235955,0
