"Code","Name","LA_code","LA_name","All","X0to15","X16to29","X30to44","X45to64","X65plus"
"E01031808","Worthing 011D","E07000229","Worthing",0.000626959,-0.073619632,-0.01320132,0.045454545,0.019230769,-0.021680217
