"Code","Name","LA_code","LA_name","All","X0to15","X16to29","X30to44","X45to64","X65plus"
"E01031796","Worthing 008B","E07000229","Worthing",0.009305211,0.051428571,-0.030716724,0.028871391,0.016666667,-0.071428571
