"Code","Name","LA_code","LA_name","All","X0to15","X16to29","X30to44","X45to64","X65plus"
"E01031799","Worthing 008C","E07000229","Worthing",-0.012295082,-0.007874016,0.030651341,-0.019553073,-0.015873016,-0.04494382
