"Code","Name","LA_code","LA_name","All","X0to15","X16to29","X30to44","X45to64","X65plus"
"E01031838","Worthing 007D","E07000229","Worthing",0.005583127,-0.060714286,0.025510204,0.009868421,0.015317287,0.029333333
