"Code","Name","LA_code","LA_name","All","X0to15","X16to29","X30to44","X45to64","X65plus"
"E01031839","Worthing 002E","E07000229","Worthing",0.010344828,0.056603774,0.04,-0.011695906,0.008421053,-0.03125
