"Code","Name","LA_code","LA_name","All","X0to15","X16to29","X30to44","X45to64","X65plus"
"E01031782","Worthing 007A","E07000229","Worthing",-0.014134276,0.008196721,-0.05625,-0.049792531,0.024663677,-0.026359143
