"Code","Name","LA_code","LA_name","All","X0to15","X16to29","X30to44","X45to64","X65plus"
"E01031819","Worthing 006E","E07000229","Worthing",0.019886364,0.014367816,0.049382716,-0.012618297,0.007462687,0.12244898
