"Code","Name","LA_code","LA_name","All","X0to15","X16to29","X30to44","X45to64","X65plus"
"E01031779","Worthing 009A","E07000229","Worthing",0.003573981,0.015345269,0.044247788,0.022556391,-0.008982036,-0.076923077
