"Code","Name","LA_code","LA_name","All","X0to15","X16to29","X30to44","X45to64","X65plus"
"E01031828","Worthing 001D","E07000229","Worthing",-0.008429119,-0.04,0.1015625,-0.105960265,0.016129032,-0.020361991
