"Code","Name","LA_code","LA_name","All","X0to15","X16to29","X30to44","X45to64","X65plus"
"E01031787","Worthing 011A","E07000229","Worthing",0.032179425,0.025089606,0.070559611,0.013986014,0.033936652,0.020172911
