"Code","Name","LA_code","LA_name","All","X0to15","X16to29","X30to44","X45to64","X65plus"
"E01031788","Worthing 011B","E07000229","Worthing",0.013735047,-0.002169197,0.031100478,0.018587361,-0.025490196,0.066666667
