"Code","Name","LA_code","LA_name","All","X0to15","X16to29","X30to44","X45to64","X65plus"
"E01031823","Worthing 004D","E07000229","Worthing",0.019521411,-0.021084337,0.025906736,0.044534413,0.018036072,0.041009464
