"Code","Name","LA_code","LA_name","All","X0to15","X16to29","X30to44","X45to64","X65plus"
"W01000361","Wrexham 019E","W06000006","Wrexham",-0.003938946,0.002762431,-0.022364217,0.005970149,0.001736111,-0.011235955
