"Code","Name","LA_code","LA_name","All","X0to15","X16to29","X30to44","X45to64","X65plus"
"W01000399","Wrexham 013B","W06000006","Wrexham",0.00541028,0.027777778,-0.046979866,0.01754386,-0.00265252,0.025862069
