"Code","Name","LA_code","LA_name","All","X0to15","X16to29","X30to44","X45to64","X65plus"
"W01000355","Wrexham 017B","W06000006","Wrexham",-0.026221692,-0.064748201,-0.025089606,-0.015822785,0.006912442,-0.045822102
