"Code","Name","LA_code","LA_name","All","X0to15","X16to29","X30to44","X45to64","X65plus"
"W01000371","Wrexham 008B","W06000006","Wrexham",-0.099434115,-0.144144144,-0.067924528,-0.093385214,-0.109324759,-0.082417582
