"Code","Name","LA_code","LA_name","All","X0to15","X16to29","X30to44","X45to64","X65plus"
"W01000369","Wrexham 020F","W06000006","Wrexham",0.00308642,0.036585366,0.02484472,-0.017857143,0.013192612,-0.018867925
