"Code","Name","LA_code","LA_name","All","X0to15","X16to29","X30to44","X45to64","X65plus"
"W01000409","Wrexham 017E","W06000006","Wrexham",0.01149954,0.017830609,0,-0.016393443,0.016216216,0.046263345
