"Code","Name","LA_code","LA_name","All","X0to15","X16to29","X30to44","X45to64","X65plus"
"W01000377","Wrexham 004A","W06000006","Wrexham",-0.011024643,-0.010273973,-0.021276596,-0.04290429,0.020179372,-0.018796992
