"Code","Name","LA_code","LA_name","All","X0to15","X16to29","X30to44","X45to64","X65plus"
"W01000378","Wrexham 004B","W06000006","Wrexham",-0.029957204,-0.016304348,-0.041198502,-0.040441176,-0.025974026,-0.032085561
