"Code","Name","LA_code","LA_name","All","X0to15","X16to29","X30to44","X45to64","X65plus"
"W01001931","Wrexham 012G","W06000006","Wrexham",-0.041953663,-0.053511706,-0.040214477,-0.036319613,-0.013333333,-0.080188679
