"Code","Name","LA_code","LA_name","All","X0to15","X16to29","X30to44","X45to64","X65plus"
"W01000394","Wrexham 016A","W06000006","Wrexham",0.023121387,0.089820359,0.074468085,0.022988506,0.011337868,-0.041493776
