"Code","Name","LA_code","LA_name","All","X0to15","X16to29","X30to44","X45to64","X65plus"
"W01000422","Wrexham 008F","W06000006","Wrexham",0.024307244,-0.00297619,0.020408163,-0.056497175,0.005376344,0.12038835
