"Code","Name","LA_code","LA_name","All","X0to15","X16to29","X30to44","X45to64","X65plus"
"W01000413","Wrexham 010C","W06000006","Wrexham",-0.0138217,0.005870841,-0.06097561,0,-0.00754717,-0.009803922
