"Code","Name","LA_code","LA_name","All","X0to15","X16to29","X30to44","X45to64","X65plus"
"W01000396","Wrexham 020H","W06000006","Wrexham",0.005751849,0.032258065,0,-0.010989011,0.018229167,-0.012779553
