"Code","Name","LA_code","LA_name","All","X0to15","X16to29","X30to44","X45to64","X65plus"
"W01000404","Wrexham 018D","W06000006","Wrexham",-0.019886364,-0.002409639,-0.048076923,-0.025,-0.008403361,-0.027906977
