"Code","Name","LA_code","LA_name","All","X0to15","X16to29","X30to44","X45to64","X65plus"
"W01000391","Wrexham 003D","W06000006","Wrexham",0.019607843,-0.007380074,0.011111111,0.03030303,0.035264484,0.020057307
