"Code","Name","LA_code","LA_name","All","X0to15","X16to29","X30to44","X45to64","X65plus"
"W01000347","Wrexham 006A","W06000006","Wrexham",-0.001030574,0.013931889,-0.03030303,-0.003846154,0.021812081,-0.011450382
