"Code","Name","LA_code","LA_name","All","X0to15","X16to29","X30to44","X45to64","X65plus"
"W01000406","Wrexham 013C","W06000006","Wrexham",-0.000449236,-0.019011407,-0.00802139,-0.019184652,0.039927405,-0.005586592
