"Code","Name","LA_code","LA_name","All","X0to15","X16to29","X30to44","X45to64","X65plus"
"W01000366","Wrexham 014A","W06000006","Wrexham",-0.011904762,0.016233766,-0.026315789,-0.051948052,-0.0275,0.037313433
