"Code","Name","LA_code","LA_name","All","X0to15","X16to29","X30to44","X45to64","X65plus"
"W01000342","Wrexham 009B","W06000006","Wrexham",-0.043715847,-0.011661808,-0.100346021,-0.053291536,-0.033057851,-0.03003003
