"Code","Name","LA_code","LA_name","All","X0to15","X16to29","X30to44","X45to64","X65plus"
"W01000423","Wrexham 012D","W06000006","Wrexham",0.016078607,0.016474465,-0.007042254,0.001798561,0.029598309,0.079096045
