"Code","Name","LA_code","LA_name","All","X0to15","X16to29","X30to44","X45to64","X65plus"
"W01000354","Wrexham 017A","W06000006","Wrexham",-0.011142061,-0.039007092,0.010791367,-0.022292994,0.009960159,-0.023866348
