"Code","Name","LA_code","LA_name","All","X0to15","X16to29","X30to44","X45to64","X65plus"
"W01000387","Wrexham 008D","W06000006","Wrexham",0.010998308,0.054347826,-0.034013605,0.01183432,-0.035190616,0.052785924
