"Code","Name","LA_code","LA_name","All","X0to15","X16to29","X30to44","X45to64","X65plus"
"E01032414","Wychavon 011C","E07000238","Wychavon",0.002089136,-0.027149321,0.012820513,0.033898305,-0.012024048,0.018276762
