"Code","Name","LA_code","LA_name","All","X0to15","X16to29","X30to44","X45to64","X65plus"
"E01032364","Wychavon 005C","E07000238","Wychavon",0.00817757,-0.003623188,-0.004608295,0.033057851,0.004709576,0.014705882
