"Code","Name","LA_code","LA_name","All","X0to15","X16to29","X30to44","X45to64","X65plus"
"E01032403","Wychavon 009D","E07000238","Wychavon",0.046068796,0.11971831,0.05106383,0.142372881,-0.014141414,-0.018808777
