"Code","Name","LA_code","LA_name","All","X0to15","X16to29","X30to44","X45to64","X65plus"
"E01032366","Wychavon 005D","E07000238","Wychavon",0.000598802,0.003816794,0.008547009,-0.019083969,0,0.006355932
