"Code","Name","LA_code","LA_name","All","X0to15","X16to29","X30to44","X45to64","X65plus"
"E01032359","Wychavon 003A","E07000238","Wychavon",-0.02114492,-0.038277512,0.004132231,0.025547445,-0.048611111,-0.025575448
