"Code","Name","LA_code","LA_name","All","X0to15","X16to29","X30to44","X45to64","X65plus"
"E01032396","Wychavon 015D","E07000238","Wychavon",-0.018259282,-0.003021148,0,-0.034375,-0.022680412,-0.032110092
