"Code","Name","LA_code","LA_name","All","X0to15","X16to29","X30to44","X45to64","X65plus"
"E01032388","Wychavon 013E","E07000238","Wychavon",0.005216095,0.040358744,0.072,-0.029535865,-0.010362694,0
