"Code","Name","LA_code","LA_name","All","X0to15","X16to29","X30to44","X45to64","X65plus"
"E01032389","Wychavon 013F","E07000238","Wychavon",-0.031272727,-0.020833333,-0.028846154,0.023255814,-0.033333333,-0.065671642
