"Code","Name","LA_code","LA_name","All","X0to15","X16to29","X30to44","X45to64","X65plus"
"E01032365","Wychavon 004C","E07000238","Wychavon",-0.001173709,-0.022408964,0.011764706,0,0.011990408,-0.005128205
