"Code","Name","LA_code","LA_name","All","X0to15","X16to29","X30to44","X45to64","X65plus"
"E01032402","Wychavon 009C","E07000238","Wychavon",0.008459215,0.022900763,0.003968254,-0.005813953,0.007920792,0.01242236
