"Code","Name","LA_code","LA_name","All","X0to15","X16to29","X30to44","X45to64","X65plus"
"E01032397","Wychavon 017B","E07000238","Wychavon",-0.012623986,-0.019693654,-0.023255814,-0.004338395,0.005628518,-0.028368794
