"Code","Name","LA_code","LA_name","All","X0to15","X16to29","X30to44","X45to64","X65plus"
"E01032373","Wychavon 019D","E07000238","Wychavon",0.008520527,-0.102702703,0.069444444,0.100671141,0.004854369,0.007481297
