"Code","Name","LA_code","LA_name","All","X0to15","X16to29","X30to44","X45to64","X65plus"
"E01032340","Wychavon 013A","E07000238","Wychavon",0.025091799,-0.043189369,-0.004081633,0.135338346,0.004454343,0.045576408
