"Code","Name","LA_code","LA_name","All","X0to15","X16to29","X30to44","X45to64","X65plus"
"E01032406","Wychavon 012B","E07000238","Wychavon",0.006958942,0.080188679,-0.005494505,-0.012987013,-0.005617978,-0.002192982
