"Code","Name","LA_code","LA_name","All","X0to15","X16to29","X30to44","X45to64","X65plus"
"E01032380","Wychavon 016D","E07000238","Wychavon",0.000635324,-0.009049774,0.004608295,0.017391304,-0.004662005,0
