"Code","Name","LA_code","LA_name","All","X0to15","X16to29","X30to44","X45to64","X65plus"
"E01032386","Wychavon 001B","E07000238","Wychavon",0.012711864,0.052173913,-0.057591623,0,0.002336449,0.04610951
