"Code","Name","LA_code","LA_name","All","X0to15","X16to29","X30to44","X45to64","X65plus"
"E01032392","Wychavon 008A","E07000238","Wychavon",-0.024636766,-0.058201058,-0.06122449,0.005464481,0,-0.033398821
