"Code","Name","LA_code","LA_name","All","X0to15","X16to29","X30to44","X45to64","X65plus"
"E01032383","Wychavon 010C","E07000238","Wychavon",-0.005468216,-0.082840237,0.074285714,-0.0390625,-0.008064516,0.004040404
