"Code","Name","LA_code","LA_name","All","X0to15","X16to29","X30to44","X45to64","X65plus"
"E01032351","Wychavon 018A","E07000238","Wychavon",-0.013067828,0.016,-0.019607843,0.032,-0.040983607,-0.006518905
