"Code","Name","LA_code","LA_name","All","X0to15","X16to29","X30to44","X45to64","X65plus"
"E01032378","Wychavon 014C","E07000238","Wychavon",-0.00059453,0.029761905,0.003937008,0.01055409,-0.038961039,-0.00304878
