"Code","Name","LA_code","LA_name","All","X0to15","X16to29","X30to44","X45to64","X65plus"
"E01032390","Wychavon 011A","E07000238","Wychavon",-0.019243986,-0.078066914,0.059782609,-0.004950495,-0.024282561,-0.017291066
