"Code","Name","LA_code","LA_name","All","X0to15","X16to29","X30to44","X45to64","X65plus"
"E01032349","Wychavon 013C","E07000238","Wychavon",0.003115265,-0.025974026,-0.004694836,0.05511811,0.011695906,-0.020304569
