"Code","Name","LA_code","LA_name","All","X0to15","X16to29","X30to44","X45to64","X65plus"
"E01017866","Wycombe 020A","E07000007","Wycombe",0.019746121,0.027149321,0.052980132,0.015873016,-0.023060797,0.057894737
