"Code","Name","LA_code","LA_name","All","X0to15","X16to29","X30to44","X45to64","X65plus"
"E01017852","Wycombe 010C","E07000007","Wycombe",-0.023745691,-0.020979021,-0.022018349,-0.039586919,-0.003846154,-0.04
