"Code","Name","LA_code","LA_name","All","X0to15","X16to29","X30to44","X45to64","X65plus"
"E01017907","Wycombe 013E","E07000007","Wycombe",-0.011864407,-0.002070393,-0.055214724,-0.014669927,0.039325843,-0.051020408
