"Code","Name","LA_code","LA_name","All","X0to15","X16to29","X30to44","X45to64","X65plus"
"E01017891","Wycombe 022C","E07000007","Wycombe",-0.00140647,0.052264808,-0.088235294,0.012605042,-0.022058824,0.002832861
