"Code","Name","LA_code","LA_name","All","X0to15","X16to29","X30to44","X45to64","X65plus"
"E01017892","Wycombe 022D","E07000007","Wycombe",-0.019521411,-0.028169014,-0.053846154,-0.035532995,-0.023655914,0.009070295
