"Code","Name","LA_code","LA_name","All","X0to15","X16to29","X30to44","X45to64","X65plus"
"E01017920","Wycombe 008A","E07000007","Wycombe",-0.071477663,-0.105421687,-0.127358491,-0.116477273,0.005376344,-0.016042781
