"Code","Name","LA_code","LA_name","All","X0to15","X16to29","X30to44","X45to64","X65plus"
"E01017940","Wycombe 009C","E07000007","Wycombe",-0.020107239,-0.01384083,-0.004672897,-0.016393443,-0.031707317,-0.028169014
