"Code","Name","LA_code","LA_name","All","X0to15","X16to29","X30to44","X45to64","X65plus"
"E01017843","Wycombe 017A","E07000007","Wycombe",-0.034615385,-0.070539419,-0.029411765,-0.042635659,-0.041304348,-0.004640371
