"Code","Name","LA_code","LA_name","All","X0to15","X16to29","X30to44","X45to64","X65plus"
"E01017858","Wycombe 006B","E07000007","Wycombe",0.003997716,-0.028720627,0.010989011,0.022774327,0.014388489,-0.049180328
