"Code","Name","LA_code","LA_name","All","X0to15","X16to29","X30to44","X45to64","X65plus"
"E01017905","Wycombe 013C","E07000007","Wycombe",-0.041960947,0,-0.074452555,-0.057838661,-0.036585366,0.018518519
