"Code","Name","LA_code","LA_name","All","X0to15","X16to29","X30to44","X45to64","X65plus"
"E01017889","Wycombe 022A","E07000007","Wycombe",-0.016973126,-0.014705882,0.044692737,-0.026666667,-0.02739726,-0.039130435
