"Code","Name","LA_code","LA_name","All","X0to15","X16to29","X30to44","X45to64","X65plus"
"E01017925","Wycombe 011A","E07000007","Wycombe",-0.009914376,0.006024096,-0.028957529,-0.011824324,0.004878049,-0.024875622
