"Code","Name","LA_code","LA_name","All","X0to15","X16to29","X30to44","X45to64","X65plus"
"E01017911","Wycombe 012A","E07000007","Wycombe",0.040206778,0.070615034,0.002941176,0.01025641,0.021447721,0.130653266
