"Code","Name","LA_code","LA_name","All","X0to15","X16to29","X30to44","X45to64","X65plus"
"E01017926","Wycombe 011B","E07000007","Wycombe",0.019745223,0.01826484,-0.028213166,0.024752475,0.083032491,-0.007575758
