"Code","Name","LA_code","LA_name","All","X0to15","X16to29","X30to44","X45to64","X65plus"
"E01017838","Wycombe 015C","E07000007","Wycombe",-0.007389163,0.028645833,0.002849003,0.002816901,-0.00280112,-0.13559322
