"Code","Name","LA_code","LA_name","All","X0to15","X16to29","X30to44","X45to64","X65plus"
"E01017936","Wycombe 019C","E07000007","Wycombe",-0.052807487,-0.075268817,-0.047904192,-0.070945946,-0.076555024,0.008928571
