"Code","Name","LA_code","LA_name","All","X0to15","X16to29","X30to44","X45to64","X65plus"
"E01017882","Wycombe 024C","E07000007","Wycombe",-0.029268293,-0.01529052,-0.034146341,-0.014184397,-0.022172949,-0.058666667
