"Code","Name","LA_code","LA_name","All","X0to15","X16to29","X30to44","X45to64","X65plus"
"E01017897","Wycombe 023C","E07000007","Wycombe",0.003442341,0.010840108,-0.023364486,-0.015625,0.013333333,0.021472393
