"Code","Name","LA_code","LA_name","All","X0to15","X16to29","X30to44","X45to64","X65plus"
"E01017909","Wycombe 016B","E07000007","Wycombe",-0.008488964,0.020026702,-0.03407155,-0.027431421,-0.015,0.053140097
