"Code","Name","LA_code","LA_name","All","X0to15","X16to29","X30to44","X45to64","X65plus"
"E01017923","Wycombe 008D","E07000007","Wycombe",-0.006072874,-0.013513514,-0.02892562,0.021604938,0.009708738,-0.013986014
