"Code","Name","LA_code","LA_name","All","X0to15","X16to29","X30to44","X45to64","X65plus"
"E01017910","Wycombe 016C","E07000007","Wycombe",0.007333076,0.040358744,0.005524862,-0.022875817,0.028469751,-0.009345794
