"Code","Name","LA_code","LA_name","All","X0to15","X16to29","X30to44","X45to64","X65plus"
"E01017908","Wycombe 016A","E07000007","Wycombe",-0.005289006,-0.001872659,-0.041121495,-0.014025245,0.011945392,0.043010753
