"Code","Name","LA_code","LA_name","All","X0to15","X16to29","X30to44","X45to64","X65plus"
"E01017921","Wycombe 008B","E07000007","Wycombe",0.009315068,0.06557377,-0.029166667,-0.036745407,0.014669927,0.079365079
