"Code","Name","LA_code","LA_name","All","X0to15","X16to29","X30to44","X45to64","X65plus"
"E01017846","Wycombe 021A","E07000007","Wycombe",-0.017705382,-0.022421525,-0.068085106,-0.034220532,-0.005249344,0.022580645
