"Code","Name","LA_code","LA_name","All","X0to15","X16to29","X30to44","X45to64","X65plus"
"E01017844","Wycombe 017B","E07000007","Wycombe",-0.016347238,-0.024615385,0.011857708,-0.012195122,-0.014251781,-0.031319911
