"Code","Name","LA_code","LA_name","All","X0to15","X16to29","X30to44","X45to64","X65plus"
"E01017927","Wycombe 011C","E07000007","Wycombe",0.011904762,0.058441558,0.004201681,-0.017123288,0.011389522,0
