"Code","Name","LA_code","LA_name","All","X0to15","X16to29","X30to44","X45to64","X65plus"
"E01017933","Wycombe 001E","E07000007","Wycombe",-0.012440758,0.003816794,-0.004444444,-0.035087719,-0.011538462,-0.015452539
