"Code","Name","LA_code","LA_name","All","X0to15","X16to29","X30to44","X45to64","X65plus"
"E01032474","Wyre Forest 008A","E07000239","Wyre Forest",-0.037606838,0.013477089,-0.028409091,-0.055187638,-0.063938619,-0.058510638
