"Code","Name","LA_code","LA_name","All","X0to15","X16to29","X30to44","X45to64","X65plus"
"E01032447","Wyre Forest 003D","E07000239","Wyre Forest",-0.017218543,0.01056338,-0.00729927,-0.00872093,-0.005102041,-0.101851852
