"Code","Name","LA_code","LA_name","All","X0to15","X16to29","X30to44","X45to64","X65plus"
"E01025550","Wyre 012A","E07000128","Wyre",0.07,0.123222749,0.101796407,0.077868852,0.069544365,0.030368764
