"Code","Name","LA_code","LA_name","All","X0to15","X16to29","X30to44","X45to64","X65plus"
"E01025577","Wyre 011E","E07000128","Wyre",-0.023923445,-0.037037037,-0.050541516,-0.05204461,-0.019498607,0.034722222
