"Code","Name","LA_code","LA_name","All","X0to15","X16to29","X30to44","X45to64","X65plus"
"E01025587","Wyre 004E","E07000128","Wyre",-0.022886205,0,0.011049724,-0.020512821,-0.035971223,-0.032815199
