"Code","Name","LA_code","LA_name","All","X0to15","X16to29","X30to44","X45to64","X65plus"
"E01025557","Wyre 005A","E07000128","Wyre",0.010939511,-0.003937008,0.032258065,0.012244898,0.020449898,-0.002631579
