"Code","Name","LA_code","LA_name","All","X0to15","X16to29","X30to44","X45to64","X65plus"
"E01025576","Wyre 011D","E07000128","Wyre",0.000438789,0.025495751,-0.010309278,-0.011173184,0.017054264,-0.018987342
