"Code","Name","LA_code","LA_name","All","X0to15","X16to29","X30to44","X45to64","X65plus"
"E01032432","Wyre Forest 001B","E07000239","Wyre Forest",-0.082402235,-0.027210884,-0.059360731,-0.085427136,-0.085271318,-0.141141141
