"Code","Name","LA_code","LA_name","All","X0to15","X16to29","X30to44","X45to64","X65plus"
"E01032473","Wyre Forest 011E","E07000239","Wyre Forest",0.000775795,0,-0.00617284,0.047297297,-0.014778325,0.002638522
