"Code","Name","LA_code","LA_name","All","X0to15","X16to29","X30to44","X45to64","X65plus"
"E01032421","Wyre Forest 010D","E07000239","Wyre Forest",-0.004262575,-0.036458333,0.025974026,0.005263158,0,-0.01171875
