"Code","Name","LA_code","LA_name","All","X0to15","X16to29","X30to44","X45to64","X65plus"
"E01032446","Wyre Forest 003C","E07000239","Wyre Forest",-0.0027894,0.052380952,-0.024875622,-0.059322034,-0.010178117,0.020304569
