"Code","Name","LA_code","LA_name","All","X0to15","X16to29","X30to44","X45to64","X65plus"
"E01032453","Wyre Forest 006C","E07000239","Wyre Forest",0.011945392,0.002617801,0.03514377,0.003257329,0.005037783,0.016713092
