"Code","Name","LA_code","LA_name","All","X0to15","X16to29","X30to44","X45to64","X65plus"
"E01025588","Wyre 004F","E07000128","Wyre",-0.010511563,0.047169811,0.019230769,-0.016393443,-0.040431267,-0.008928571
