"Code","Name","LA_code","LA_name","All","X0to15","X16to29","X30to44","X45to64","X65plus"
"E01025563","Wyre 004A","E07000128","Wyre",0.047661077,-0.008474576,0,-0.06122449,0.005882353,0.126609442
