"Code","Name","LA_code","LA_name","All","X0to15","X16to29","X30to44","X45to64","X65plus"
"E01032475","Wyre Forest 008B","E07000239","Wyre Forest",0.068543452,0.06462585,0.101351351,0.09919571,0.038374718,0.039473684
