"Code","Name","LA_code","LA_name","All","X0to15","X16to29","X30to44","X45to64","X65plus"
"E01025568","Wyre 014B","E07000128","Wyre",-0.02041913,-0.04137931,-0.03968254,-0.014492754,-0.011173184,-0.011857708
