"Code","Name","LA_code","LA_name","All","X0to15","X16to29","X30to44","X45to64","X65plus"
"E01032442","Wyre Forest 002B","E07000239","Wyre Forest",-0.014787431,-0.030769231,-0.011278195,-0.025236593,0,-0.010989011
