"Code","Name","LA_code","LA_name","All","X0to15","X16to29","X30to44","X45to64","X65plus"
"E01032461","Wyre Forest 013B","E07000239","Wyre Forest",-0.008442777,-0.002785515,-0.006079027,-0.022113022,-0.003081664,-0.010309278
