"Code","Name","LA_code","LA_name","All","X0to15","X16to29","X30to44","X45to64","X65plus"
"E01025589","Wyre 004G","E07000128","Wyre",0.001647446,0.014423077,-0.030927835,0.072625698,-0.011111111,-0.014652015
