"Code","Name","LA_code","LA_name","All","X0to15","X16to29","X30to44","X45to64","X65plus"
"E01025572","Wyre 008E","E07000128","Wyre",0.00724113,0.034722222,-0.021428571,0.100917431,0.011185682,-0.014787431
