"Code","Name","LA_code","LA_name","All","X0to15","X16to29","X30to44","X45to64","X65plus"
"E01025556","Wyre 008B","E07000128","Wyre",0.021611002,0.038732394,0.0625,0.021008403,0.012135922,-0.005420054
