"Code","Name","LA_code","LA_name","All","X0to15","X16to29","X30to44","X45to64","X65plus"
"E01032460","Wyre Forest 013A","E07000239","Wyre Forest",0.035314891,0.131914894,-0.008474576,0.086642599,-0.015414258,0.034722222
