"Code","Name","LA_code","LA_name","All","X0to15","X16to29","X30to44","X45to64","X65plus"
"E01032429","Wyre Forest 011C","E07000239","Wyre Forest",0.010512484,-0.042918455,0,0.004807692,0.029478458,0.023483366
