"Code","Name","LA_code","LA_name","All","X0to15","X16to29","X30to44","X45to64","X65plus"
"E01032438","Wyre Forest 003B","E07000239","Wyre Forest",-0.009096816,0.012145749,-0.034883721,-0.003508772,-0.004914005,-0.014619883
