"Code","Name","LA_code","LA_name","All","X0to15","X16to29","X30to44","X45to64","X65plus"
"E01032418","Wyre Forest 010A","E07000239","Wyre Forest",0.012393493,0.015,0.025510204,0,0.019662921,0.003344482
