"Code","Name","LA_code","LA_name","All","X0to15","X16to29","X30to44","X45to64","X65plus"
"E01032466","Wyre Forest 007D","E07000239","Wyre Forest",0.018131102,0.061797753,0.031847134,0.03286385,0.035326087,-0.019305019
