"Code","Name","LA_code","LA_name","All","X0to15","X16to29","X30to44","X45to64","X65plus"
"E01032480","Wyre Forest 005B","E07000239","Wyre Forest",0.003370787,-0.024590164,0.01,0.025316456,-0.018181818,0.025500911
