"Code","Name","LA_code","LA_name","All","X0to15","X16to29","X30to44","X45to64","X65plus"
"E01025582","Wyre 001D","E07000128","Wyre",-0.048286604,-0.0875,-0.026415094,-0.068181818,-0.038888889,-0.025125628
