"Code","Name","LA_code","LA_name","All","X0to15","X16to29","X30to44","X45to64","X65plus"
"E01032444","Wyre Forest 002D","E07000239","Wyre Forest",-0.008077544,-0.021834061,0.005181347,-0.022522523,-0.009174312,0.007490637
