"Code","Name","LA_code","LA_name","All","X0to15","X16to29","X30to44","X45to64","X65plus"
"E01032423","Wyre Forest 014A","E07000239","Wyre Forest",-0.001907184,0.004424779,-0.03902439,0.086294416,-0.006802721,-0.01984127
