"Code","Name","LA_code","LA_name","All","X0to15","X16to29","X30to44","X45to64","X65plus"
"E01032481","Wyre Forest 005C","E07000239","Wyre Forest",-0.0155902,-0.02238806,-0.003984064,-0.004291845,-0.003738318,-0.035363458
