"Code","Name","LA_code","LA_name","All","X0to15","X16to29","X30to44","X45to64","X65plus"
"E01025603","Wyre 010E","E07000128","Wyre",-0.011952191,0,0.049079755,0.005586592,-0.034168565,-0.02166065
