"Code","Name","LA_code","LA_name","All","X0to15","X16to29","X30to44","X45to64","X65plus"
"E01025575","Wyre 005B","E07000128","Wyre",-0.013125,0.032544379,0.012269939,-0.076923077,-0.032745592,-0.003952569
