"Code","Name","LA_code","LA_name","All","X0to15","X16to29","X30to44","X45to64","X65plus"
"E01025566","Wyre 014A","E07000128","Wyre",0.019390582,-0.085889571,-0.011111111,-0.018382353,0.072164948,0.046849758
