"Code","Name","LA_code","LA_name","All","X0to15","X16to29","X30to44","X45to64","X65plus"
"E01013447","York 018E","E06000014","York",0.013487476,0.033426184,-0.026865672,0.012461059,0.005347594,0.071428571
