"Code","Name","LA_code","LA_name","All","X0to15","X16to29","X30to44","X45to64","X65plus"
"E01013375","York 002C","E06000014","York",-0.010526316,-0.040462428,-0.084415584,0,0.007672634,0.006864989
