"Code","Name","LA_code","LA_name","All","X0to15","X16to29","X30to44","X45to64","X65plus"
"E01013392","York 012F","E06000014","York",-0.014108352,-0.003205128,-0.027874564,-0.06746988,-0.001996008,0.050583658
