"Code","Name","LA_code","LA_name","All","X0to15","X16to29","X30to44","X45to64","X65plus"
"E01013368","York 010B","E06000014","York",-0.005273834,-0.011764706,-0.008496177,-0.002298851,-0.033412888,0.083798883
