"Code","Name","LA_code","LA_name","All","X0to15","X16to29","X30to44","X45to64","X65plus"
"E01013412","York 021C","E06000014","York",-0.022823779,-0.003745318,-0.038961039,-0.028862479,-0.023316062,0.011111111
