"Code","Name","LA_code","LA_name","All","X0to15","X16to29","X30to44","X45to64","X65plus"
"E01013439","York 001C","E06000014","York",-0.047523427,-0.030201342,-0.009433962,-0.0875,-0.051823417,-0.053811659
