"Code","Name","LA_code","LA_name","All","X0to15","X16to29","X30to44","X45to64","X65plus"
"E01013398","York 015B","E06000014","York",-0.034773446,-0.092857143,-0.006009615,-0.095394737,-0.010416667,-0.015463918
