"Code","Name","LA_code","LA_name","All","X0to15","X16to29","X30to44","X45to64","X65plus"
"E01013403","York 015F","E06000014","York",-0.018275539,-0.142857143,-0.003831418,-0.040609137,-0.003717472,-0.026086957
