"Code","Name","LA_code","LA_name","All","X0to15","X16to29","X30to44","X45to64","X65plus"
"E01013423","York 024D","E06000014","York",-0.026335591,-0.066115702,-0.131578947,-0.005154639,0.018617021,-0.024813896
