"Code","Name","LA_code","LA_name","All","X0to15","X16to29","X30to44","X45to64","X65plus"
"E01013376","York 002D","E06000014","York",-0.027210884,0.024752475,-0.054421769,-0.022522523,-0.016746411,-0.051975052
