"Code","Name","LA_code","LA_name","All","X0to15","X16to29","X30to44","X45to64","X65plus"
"E01013411","York 005D","E06000014","York",-0.012265978,-0.019047619,-0.04245283,-0.035714286,0.013192612,-0.005725191
