"Code","Name","LA_code","LA_name","All","X0to15","X16to29","X30to44","X45to64","X65plus"
"E01013346","York 007B","E06000014","York",0.007808143,0.012448133,-0.012307692,0.01384083,0.00984252,0.013953488
