"Code","Name","LA_code","LA_name","All","X0to15","X16to29","X30to44","X45to64","X65plus"
"E01013341","York 024B","E06000014","York",0,0.025104603,-0.007518797,-0.041860465,-0.003021148,0.011961722
