"Code","Name","LA_code","LA_name","All","X0to15","X16to29","X30to44","X45to64","X65plus"
"E01013340","York 024A","E06000014","York",-0.000739098,0,-0.030534351,-0.019323671,0.023255814,-0.00990099
