"Code","Name","LA_code","LA_name","All","X0to15","X16to29","X30to44","X45to64","X65plus"
"E01013410","York 004D","E06000014","York",-0.002873563,-0.04526749,-0.007722008,-0.027027027,0.018134715,0.028368794
