"Code","Name","LA_code","LA_name","All","X0to15","X16to29","X30to44","X45to64","X65plus"
"E01013435","York 006E","E06000014","York",-0.012430939,-0.004132231,0.004587156,-0.01532567,-0.01627907,-0.023569024
