"Code","Name","LA_code","LA_name","All","X0to15","X16to29","X30to44","X45to64","X65plus"
"E01013424","York 024E","E06000014","York",-0.003023432,0.02173913,-0.069620253,0.037735849,0.002257336,-0.025
