"Code","Name","LA_code","LA_name","All","X0to15","X16to29","X30to44","X45to64","X65plus"
"E01013338","York 012D","E06000014","York",-0.013394726,-0.004545455,-0.017857143,-0.033530572,-0.008802817,0
