"Code","Name","LA_code","LA_name","All","X0to15","X16to29","X30to44","X45to64","X65plus"
"E01013383","York 010D","E06000014","York",-0.00381971,-0.035087719,-0.014893617,0.012006861,0.029953917,-0.007633588
