"Code","Name","LA_code","LA_name","All","X0to15","X16to29","X30to44","X45to64","X65plus"
"E01013361","York 019B","E06000014","York",-0.009664293,0.012552301,-0.012658228,-0.03307888,-0.034324943,0.080645161
