"Code","Name","LA_code","LA_name","All","X0to15","X16to29","X30to44","X45to64","X65plus"
"E01013402","York 014B","E06000014","York",0,0.011111111,0.003690037,-0.013513514,-0.005763689,0
