"Code","Name","LA_code","LA_name","All","X0to15","X16to29","X30to44","X45to64","X65plus"
"E01013393","York 016A","E06000014","York",-0.025465839,-0.041522491,-0.013812155,-0.020618557,0.005235602,-0.095238095
