"Code","Name","LA_code","LA_name","All","X0to15","X16to29","X30to44","X45to64","X65plus"
"E01013377","York 003D","E06000014","York",-0.021485574,-0.011764706,-0.052356021,-0.007874016,-0.039772727,0.002493766
