"Code","Name","LA_code","LA_name","All","X0to15","X16to29","X30to44","X45to64","X65plus"
"E01013357","York 021A","E06000014","York",-0.047098402,-0.055201699,-0.054421769,-0.109839817,-0.041795666,0.009433962
