"Code","Name","LA_code","LA_name","All","X0to15","X16to29","X30to44","X45to64","X65plus"
"E01013449","York 022F","E06000014","York",-0.014397121,-0.04290429,0.006734007,-0.010830325,-0.012295082,-0.013245033
