"Code","Name","LA_code","LA_name","All","X0to15","X16to29","X30to44","X45to64","X65plus"
"E01013406","York 005B","E06000014","York",0.038058991,0.111445783,0.018248175,0.045751634,0.00610998,0.033088235
