"Code","Name","LA_code","LA_name","All","X0to15","X16to29","X30to44","X45to64","X65plus"
"E01013369","York 013C","E06000014","York",-0.019950125,0.015384615,-0.007451565,-0.010582011,-0.036117381,-0.056603774
