"Code","Name","LA_code","LA_name","All","X0to15","X16to29","X30to44","X45to64","X65plus"
"E01013371","York 003A","E06000014","York",0.005641749,-0.030973451,-0.006134969,0,-0.004291845,0.053892216
