"Code","Name","LA_code","LA_name","All","X0to15","X16to29","X30to44","X45to64","X65plus"
"E01013401","York 015E","E06000014","York",-0.004961411,-0.023622047,-0.010676157,-0.014184397,0.032727273,0.00625
