"Code","Name","LA_code","LA_name","All","X0to15","X16to29","X30to44","X45to64","X65plus"
"E01013343","York 009A","E06000014","York",-0.02851711,-0.117073171,-0.018378378,-0.051470588,-0.032432432,0.071428571
