"Code","Name","LA_code","LA_name","All","X0to15","X16to29","X30to44","X45to64","X65plus"
"E01013345","York 009B","E06000014","York",-0.009060023,-0.059782609,-0.032590051,-0.009876543,-0.008746356,0.083665339
