"Code","Name","LA_code","LA_name","All","X0to15","X16to29","X30to44","X45to64","X65plus"
"E01013446","York 018D","E06000014","York",-0.010416667,0.002762431,-0.014925373,-0.010638298,0.007712082,-0.04887218
