"Code","Name","LA_code","LA_name","All","X0to15","X16to29","X30to44","X45to64","X65plus"
"E01033069","York 013H","E06000014","York",-0.020979021,0.084210526,-0.02189781,-0.041543027,-0.043010753,0
