"Code","Name","LA_code","LA_name","All","X0to15","X16to29","X30to44","X45to64","X65plus"
"E01013418","York 019F","E06000014","York",0.029596977,0.026431718,0.026315789,0.00456621,0.016260163,0.113207547
