"Code","Name","LA_code","LA_name","All","X0to15","X16to29","X30to44","X45to64","X65plus"
"E01013405","York 005A","E06000014","York",-0.025552486,0,-0.013333333,-0.033195021,0.011961722,-0.084699454
