"Code","Name","LA_code","LA_name","All","X0to15","X16to29","X30to44","X45to64","X65plus"
"E01013382","York 010C","E06000014","York",-0.006928406,0.009646302,-0.009950249,-0.015189873,-0.028490028,0.018315018
